gene_symbol,group,n_samples,n_mutations,datasets,samples,max_gt_AF
1110059E24Rik,HF papilloma,1,1,WES,hairfollicle04-c5-t3,0.194
1110059E24Rik,Skin papilloma,1,1,WES,skin04-c4-t2,0.059
1300017J02Rik,Morphologically normal,1,1,WES,hairfollicle05-e5-t3,0.031
1600014C10Rik,HF papilloma,1,1,WES,hairfollicle04-c2-t3,0.033
1700003E16Rik,Morphologically normal,1,1,WES,hairfollicle05-c7-t2,0.115
1700006A11Rik,Morphologically normal,1,1,WES,hairfollicle05-c7-t2,0.249
1700013H16Rik,Morphologically normal,3,2,WES,skin04-c6-t2; skin05-b1-t2; skin05-e5-t2,0.053
1700013H16Rik,HF papilloma,1,1,WES,hairfollicle04-c2-t3,0.024
1700020A23Rik,HF papilloma,1,1,WES,hairfollicle04-c2-t3,0.026
1700029F12Rik,Morphologically normal,1,1,WES,hairfollicle04-c6-t3,0.053
1700057G04Rik,Morphologically normal,1,1,WES,hairfollicle05-e5-t3,0.071
1700057G04Rik,Skin papilloma,1,1,WES,skin04-c4-t2,0.053
1700067K01Rik,Morphologically normal,1,1,WES,hairfollicle05-c7-t2,0.067
1700067P10Rik,HF papilloma,1,1,WES,hairfollicle04-c2-t3,0.024
1700123L14Rik,Morphologically normal,1,1,WES,hairfollicle05-b5-t3,0.064
1810046K07Rik,Morphologically normal,2,2,WES,hairfollicle05-e5-t3; skin05-b1-t2,0.088
1810065E05Rik,Morphologically normal,1,1,WES,hairfollicle05-b5-t3,0.093
2010300C02Rik,Morphologically normal,4,4,WES,hairfollicle03-a3; hairfollicle04-c6-t3; hairfollicle05-c7-t2; hairfollicle05-e5-t3,0.316
2010300C02Rik,Skin papilloma,1,1,WES,skin04-c2-t2,0.03
2210408I21Rik,Morphologically normal,1,1,WES,hairfollicle05-c7-t2,0.125
2300002M23Rik,Morphologically normal,4,3,WES,hairfollicle05-e5-t3; skin04-c6-t2; skin05-b1-t2; skin05-e5-t2,0.042
2300002M23Rik,HF papilloma,1,1,WES,hairfollicle04-c2-t3,0.026
2300002M23Rik,Skin papilloma,1,1,WES,skin04-c2-t2,0.031
2300003K06Rik,Morphologically normal,2,2,TES; WES,hairfollicle05-b5-t3; hairfollicle21-c5-w14,0.13
2300003K06Rik,HF papilloma,1,1,WES,hairfollicle04-c5-t3,0.075
2300003K06Rik,HF SCC,2,2,TES,hairfollicle21-b6-w14; hairfollicle21-b7-w8,0.864
2310003L06Rik,Morphologically normal,1,1,WES,skin05-e5-t2,0.097
2310034C09Rik,Morphologically normal,1,1,WES,skin05-e5-t2,0.018
2310034C09Rik,Skin papilloma,1,1,WES,skin04-c2-t2,0.041
2310050C09Rik,Skin papilloma,1,1,WES,skin04-c5-t2,0.034
2310057N15Rik,Morphologically normal,1,1,WES,skin05-b1-t2,0.025
2310057N15Rik,HF papilloma,1,1,WES,hairfollicle04-c2-t3,0.029
2310057N15Rik,Skin papilloma,2,2,WES,skin04-c2-t2; skin04-c4-t2,0.037
2410004P03Rik,Skin papilloma,1,1,WES,skin04-c5-t2,0.071
2610005L07Rik,Skin papilloma,2,1,WES,skin04-c2-t2; skin04-c5-t2,0.091
2610507B11Rik,Morphologically normal,1,1,WES,hairfollicle04-c6-t3,0.051
2700049A03Rik,Skin papilloma,1,1,WES,skin04-c5-t2,0.091
2700081O15Rik,Morphologically normal,1,1,WES,hairfollicle05-c7-t2,0.115
3425401B19Rik,Morphologically normal,1,1,WES,hairfollicle04-c6-t3,0.083
3425401B19Rik,Skin papilloma,1,1,WES,skin04-c5-t2,0.029
4921507P07Rik,Morphologically normal,1,1,WES,hairfollicle05-e5-t3,0.029
4921517D22Rik,HF papilloma,1,1,WES,hairfollicle04-c2-t3,0.04
4921539E11Rik,HF papilloma,1,1,WES,hairfollicle04-c4-t3,0.064
4930402K13Rik,Morphologically normal,1,1,WES,hairfollicle04-c6-t3,0.074
4930432K21Rik,Morphologically normal,1,1,WES,hairfollicle05-e5-t3,0.023
4930438A08Rik,Morphologically normal,1,1,WES,hairfollicle04-g2-t2,0.333
4930447A16Rik,Morphologically normal,1,1,WES,skin04-c6-t2,0.043
4930452B06Rik,Morphologically normal,1,1,WES,hairfollicle05-b1-t3,0.078
4930503B20Rik,Morphologically normal,1,1,WES,hairfollicle05-c7-t2,0.087
4930516K23Rik,Skin papilloma,1,1,WES,skin04-c4-t2,0.061
4930522H14Rik,HF papilloma,1,1,WES,hairfollicle04-c4-t3,0.051
4930544D05Rik,Morphologically normal,1,1,WES,hairfollicle05-c7-t2,0.125
4930562F07Rik,HF papilloma,1,1,WES,hairfollicle04-c4-t3,0.054
4930578I06Rik,Morphologically normal,1,1,WES,skin04-c6-t2,0.071
4931406B18Rik,Morphologically normal,2,2,WES,hairfollicle05-b1-t3; hairfollicle05-c7-t2,0.1
4932411N23Rik,Morphologically normal,1,1,WES,hairfollicle05-c7-t2,0.119
4932438A13Rik,Morphologically normal,2,3,WES,hairfollicle04-c6-t3; hairfollicle05-e5-t3,0.058
4932438A13Rik,HF papilloma,1,1,WES,hairfollicle03-f6-t2,0.179
4932438A13Rik,Skin papilloma,1,1,WES,skin04-c2-t2,0.059
4933402D24Rik,Morphologically normal,1,1,WES,hairfollicle04-c6-t3,0.04
4933402E13Rik,Morphologically normal,2,2,WES,hairfollicle05-b1-t3; hairfollicle05-e5-t3,0.199
4933402N03Rik,HF papilloma,1,1,WES,hairfollicle04-c2-t3,0.023
4933412E24Rik,Morphologically normal,1,1,WES,hairfollicle05-b5-t3,0.065
4933414I15Rik,Morphologically normal,1,1,WES,hairfollicle05-e5-t3,0.029
4933417A18Rik,Morphologically normal,1,1,WES,hairfollicle03-a3,0.9
5330417C22Rik,Morphologically normal,1,1,WES,hairfollicle05-e5-t3,0.036
5330417C22Rik,HF papilloma,1,1,WES,hairfollicle04-c2-t3,0.043
5430427O19Rik,Morphologically normal,1,1,WES,skin04-c6-t2,0.088
6030458C11Rik,Skin papilloma,1,1,WES,skin04-c5-t2,0.063
6430571L13Rik,Morphologically normal,1,1,WES,hairfollicle05-b5-t3,0.12
6430571L13Rik,Skin papilloma,1,1,WES,skin04-c5-t2,0.1
6430628N08Rik,Morphologically normal,1,1,WES,skin04-c6-t2,0.061
6530413G14Rik,Morphologically normal,1,1,WES,hairfollicle05-b1-t3,0.214
8030462N17Rik,Morphologically normal,1,1,WES,hairfollicle05-c7-t2,0.132
8030474K03Rik,Skin papilloma,1,1,WES,skin04-c5-t2,0.031
9130008F23Rik,Morphologically normal,1,1,WES,skin04-c6-t2,0.034
9130019O22Rik,HF papilloma,1,1,WES,hairfollicle04-c4-t3,0.033
9130230L23Rik,HF papilloma,1,1,WES,hairfollicle04-c5-t3,0.028
9430015G10Rik,Morphologically normal,1,1,WES,hairfollicle05-e5-t3,0.025
9530003J23Rik,Morphologically normal,1,1,WES,hairfollicle05-e5-t3,0.072
9530053A07Rik,Morphologically normal,1,1,WES,hairfollicle05-e5-t3,0.03
9930021J03Rik,Morphologically normal,1,1,WES,hairfollicle04-c6-t3,0.115
A1cf,Morphologically normal,2,2,WES,hairfollicle05-b5-t3; hairfollicle05-e5-t3,0.067
A1cf,HF papilloma,1,1,WES,hairfollicle04-c4-t3,0.047
A2m,Morphologically normal,1,1,WES,hairfollicle05-c7-t2,0.129
A3galt2,Morphologically normal,1,1,WES,skin05-e5-t2,0.058
A530016L24Rik,HF papilloma,1,1,WES,hairfollicle04-c2-t3,0.029
A530032D15Rik,Morphologically normal,3,3,WES,hairfollicle04-c6-t3; hairfollicle05-b1-t3; skin05-b1-t2,0.196
A530064D06Rik,Skin papilloma,1,1,WES,skin04-c5-t2,0.079
AC147806.1,Morphologically normal,1,1,WES,hairfollicle05-b1-t3,0.25
AC167036.1,Morphologically normal,2,2,WES,skin04-c6-t2; skin05-b1-t2,0.048
AC167036.1,HF papilloma,2,1,WES,hairfollicle04-c2-t3; hairfollicle04-c5-t3,0.15
AC167036.1,Skin papilloma,2,2,WES,skin04-c4-t2; skin04-c5-t2,0.059
AU015836,Morphologically normal,1,1,WES,hairfollicle05-b5-t3,0.116
AU040320,Skin papilloma,1,1,WES,skin04-c4-t2,0.1
AV320801,Morphologically normal,1,1,WES,hairfollicle05-b5-t3,0.103
AW551984,Morphologically normal,1,1,WES,hairfollicle04-c6-t3,0.062
AW822073,Morphologically normal,5,3,WES,hairfollicle03-e6; hairfollicle04-g2-t2; hairfollicle05-b1-t3; hairfollicle05-b5-t3; hairfollicle05-c6,0.476
AW822073,HF papilloma,1,1,WES,hairfollicle05-b6-t2,0.363
Aadac,Morphologically normal,1,1,WES,skin04-c6-t2,0.097
Aadacl4fm2,Morphologically normal,1,1,WES,hairfollicle05-c7-t2,0.111
Aadacl4fm5,Skin papilloma,1,2,WES,skin04-c5-t2,0.07
Aak1,Morphologically normal,1,1,WES,hairfollicle04-c6-t3,0.071
Aak1,HF papilloma,1,1,WES,hairfollicle04-c2-t3,0.019
Aard,Morphologically normal,1,1,WES,hairfollicle04-c6-t3,0.07
Aars,Skin papilloma,1,1,WES,skin04-c2-t2,0.026
Aars2,HF papilloma,1,1,WES,hairfollicle04-c2-t3,0.031
Aatk,HF papilloma,1,1,WES,hairfollicle04-c5-t3,0.046
Aatk,Skin papilloma,1,1,WES,skin04-c5-t2,0.077
Abca1,Morphologically normal,1,1,WES,skin05-b5-t2,0.045
Abca1,HF papilloma,2,2,WES,hairfollicle04-c4-t3; hairfollicle04-c5-t3,0.06
Abca13,HF papilloma,1,1,WES,hairfollicle04-c4-t3,0.059
Abca13,Skin papilloma,1,1,WES,skin04-c2-t2,0.032
Abca14,HF papilloma,1,1,WES,hairfollicle04-c5-t3,0.06
Abca15,Morphologically normal,1,1,WES,hairfollicle05-b1-t3,0.125
Abca15,HF papilloma,1,1,WES,hairfollicle04-c2-t3,0.031
Abca16,Morphologically normal,1,1,WES,skin04-c6-t2,0.059
Abca16,HF papilloma,1,1,WES,hairfollicle04-c5-t3,0.067
Abca2,HF papilloma,1,1,WES,hairfollicle04-c4-t3,0.047
Abca3,Morphologically normal,1,1,WES,hairfollicle05-b1-t3,0.089
Abca4,Morphologically normal,1,1,WES,hairfollicle05-e5-t3,0.024
Abca4,HF papilloma,2,3,WES,hairfollicle04-c2-t3; hairfollicle04-c5-t3,0.08
Abca6,Morphologically normal,2,2,WES,hairfollicle05-b1-t3; hairfollicle05-c7-t2,0.13
Abcb11,HF papilloma,1,1,TES,hairfollicle21-f1-w8,0.222
Abcb11,HF SCC,2,2,TES,hairfollicle21-b6-w14; hairfollicle21-c7-w8,0.5
Abcb1a,Morphologically normal,1,1,WES,hairfollicle05-c7-t2,0.103
Abcb1a,HF papilloma,1,1,WES,hairfollicle04-c2-t3,0.034
Abcb1a,HF SCC,2,3,TES,hairfollicle21-c6-w14; hairfollicle21-f6-w19,0.111
Abcb1a,Skin papilloma,1,1,WES,skin04-c5-t2,0.029
Abcb4,Morphologically normal,1,1,WES,skin05-b1-t2,0.067
Abcb4,HF SCC,1,1,TES,hairfollicle21-f6-w19,0.144
Abcb7,Morphologically normal,1,1,WES,hairfollicle04-c6-t3,0.057
Abcc1,Morphologically normal,1,1,WES,skin05-e5-t2,0.037
Abcc2,Morphologically normal,2,4,TES; WES,hairfollicle21-g1-w14; skin04-c6-t2,0.637
Abcc2,HF papilloma,1,1,TES,hairfollicle21-f1-w8,0.25
Abcc2,HF SCC,2,4,TES,hairfollicle21-b6-w14; hairfollicle21-b7-w8,0.828
Abcc3,Morphologically normal,1,1,WES,skin05-e5-t2,0.053
Abcc9,Morphologically normal,1,1,WES,skin05-b1-t2,0.05
Abcc9,HF papilloma,1,1,WES,hairfollicle04-c5-t3,0.042
Abcd2,HF papilloma,1,1,WES,hairfollicle04-c4-t3,0.074
Abcd4,Morphologically normal,1,1,WES,hairfollicle05-e5-t3,0.031
Abcg1,Morphologically normal,1,1,WES,hairfollicle05-b5-t3,0.065
Abcg4,Morphologically normal,1,1,WES,skin04-c6-t2,0.083
Abcg4,HF papilloma,1,1,WES,hairfollicle04-c5-t3,0.026
Abcg8,Morphologically normal,1,1,WES,skin05-b5-t2,0.073
Abhd13,Skin papilloma,1,1,WES,skin04-c5-t2,0.025
Abhd15,Morphologically normal,1,1,WES,hairfollicle05-c7-t2,0.15
Abhd16a,Skin papilloma,1,1,WES,skin04-c4-t2,0.027
Abhd17b,Morphologically normal,1,1,WES,skin05-e5-t2,0.053
Abhd6,Morphologically normal,1,1,WES,hairfollicle05-e5-t3,0.056
Abi3bp,Morphologically normal,1,1,WES,hairfollicle05-c7-t2,0.095
Abl2,HF papilloma,1,1,WES,hairfollicle04-c5-t3,0.057
Abtb1,HF papilloma,1,1,WES,hairfollicle04-c5-t3,0.056
Abtb2,Morphologically normal,1,1,WES,hairfollicle03-a3,0.323
Acaca,Morphologically normal,1,1,WES,hairfollicle05-b5-t3,0.071
Acad10,Skin papilloma,1,1,WES,skin04-c5-t2,0.039
Acad11,Morphologically normal,1,1,WES,skin05-b1-t2,0.067
Acadm,Morphologically normal,1,1,WES,hairfollicle05-b5-t3,0.064
Acadsb,Morphologically normal,2,2,WES,hairfollicle05-e5-t3; skin05-b1-t2,0.037
Acan,Morphologically normal,2,2,WES,hairfollicle05-b5-t3; skin05-e5-t2,0.116
Acap3,Morphologically normal,2,2,WES,hairfollicle05-b1-t3; hairfollicle05-b5-t3,0.231
Acat3,Morphologically normal,1,1,WES,hairfollicle04-c6-t3,0.05
Ace,Morphologically normal,1,1,WES,hairfollicle05-e5-t3,0.022
Ache,Skin papilloma,1,1,WES,skin04-c4-t2,0.077
Acin1,Morphologically normal,1,1,WES,skin04-c6-t2,0.022
Ackr1,Morphologically normal,2,2,WES,hairfollicle05-c7-t2; hairfollicle05-e5-t3,0.096
Acnat1,Morphologically normal,1,1,WES,hairfollicle04-c6-t3,0.044
Acnat1,Skin papilloma,1,1,WES,skin04-c5-t2,0.097
Acnat2,HF papilloma,1,1,WES,hairfollicle04-c2-t3,0.017
Aco1,Morphologically normal,2,2,WES,hairfollicle05-b5-t3; hairfollicle05-e5-t3,0.088
Aco1,HF papilloma,1,1,WES,hairfollicle04-c2-t3,0.022
Acod1,Morphologically normal,2,2,WES,hairfollicle05-c7-t2; skin04-c6-t2,0.055
Acot5,Morphologically normal,1,1,WES,hairfollicle05-e5-t3,0.021
Acot7,Morphologically normal,1,1,WES,hairfollicle05-e5-t3,0.028
Acot7,Skin papilloma,1,1,WES,skin04-c4-t2,0.036
Acot9,HF papilloma,1,1,WES,hairfollicle04-c2-t3,0.053
Acox1,Morphologically normal,1,1,WES,skin05-b5-t2,0.088
Acox2,Morphologically normal,1,1,WES,hairfollicle05-b5-t3,0.079
Acp5,Morphologically normal,1,1,WES,hairfollicle05-c7-t2,0.077
Acp7,Skin papilloma,1,1,WES,skin04-c5-t2,0.043
Acrbp,HF papilloma,1,1,WES,hairfollicle04-c2-t3,0.031
Acsbg1,HF papilloma,1,1,WES,hairfollicle04-c2-t3,0.023
Acsbg1,Skin papilloma,1,1,WES,skin04-c2-t2,0.036
Acsbg2,Morphologically normal,1,1,WES,skin05-e5-t2,0.077
Acsbg3,Morphologically normal,1,1,WES,hairfollicle05-c7-t2,0.148
Acsbg3,Skin papilloma,1,1,WES,skin04-c5-t2,0.048
Acsf2,Morphologically normal,2,2,WES,hairfollicle05-b1-t3; skin05-c7-t2,0.175
Acsm2,HF papilloma,1,1,WES,hairfollicle04-c5-t3,0.024
Acsm3,Morphologically normal,1,2,WES,hairfollicle05-e5-t3,0.041
Acsm5,Morphologically normal,1,1,WES,hairfollicle05-b1-t3,0.09
Acss1,HF papilloma,1,1,WES,hairfollicle04-c2-t3,0.057
Acss3,HF papilloma,1,1,WES,hairfollicle04-c5-t3,0.028
Acss3,Skin papilloma,1,1,WES,skin04-c5-t2,0.04
Acte1,Morphologically normal,1,1,WES,hairfollicle04-c6-t3,0.058
Actl11,Morphologically normal,1,1,WES,hairfollicle05-c7-t2,0.077
Actl11,HF papilloma,1,1,WES,hairfollicle04-c4-t3,0.082
Actn1,Morphologically normal,1,1,WES,hairfollicle05-e5-t3,0.026
Actr1a,Morphologically normal,1,1,WES,hairfollicle05-b1-t3,0.115
Actr1b,Morphologically normal,2,2,WES,hairfollicle05-c7-t2; hairfollicle05-e5-t3,0.143
Actr2,Morphologically normal,1,1,WES,hairfollicle05-c7-t2,0.143
Actr3,Morphologically normal,1,1,WES,hairfollicle04-c6-t3,0.072
Actr5,Morphologically normal,1,2,WES,hairfollicle04-c6-t3,0.105
Actr6,Morphologically normal,2,2,WES,hairfollicle04-c6-t3; hairfollicle05-c7-t2,0.111
Adad1,Morphologically normal,1,1,WES,hairfollicle05-e5-t3,0.042
Adam11,Morphologically normal,1,1,WES,hairfollicle05-e5-t3,0.024
Adam15,Morphologically normal,2,2,WES,hairfollicle05-c7-t2; hairfollicle05-e5-t3,0.136
Adam17,Morphologically normal,1,1,WES,skin04-c6-t2,0.043
Adam19,Morphologically normal,1,1,WES,hairfollicle05-b5-t3,0.085
Adam20,Morphologically normal,1,1,WES,skin04-c6-t2,0.071
Adam20,Skin papilloma,1,1,WES,skin04-c5-t2,0.031
Adam21,Morphologically normal,1,1,WES,hairfollicle05-e5-t3,0.024
Adam23,Morphologically normal,1,1,WES,hairfollicle05-e5-t3,0.034
Adam23,HF papilloma,1,1,WES,hairfollicle04-c5-t3,0.038
Adam26a,HF papilloma,1,2,WES,hairfollicle04-c5-t3,0.058
Adam26b,Morphologically normal,1,1,WES,hairfollicle05-b5-t3,0.111
Adam29,Morphologically normal,1,1,TES,hairfollicle21-g4-w14,0.308
Adam29,HF papilloma,1,1,TES,hairfollicle21-d1-w17,0.406
Adam29,HF SCC,1,1,TES,hairfollicle21-c7-w8,0.294
Adam33,Morphologically normal,1,1,WES,hairfollicle05-c7-t2,0.2
Adam33,Skin papilloma,1,1,WES,skin04-c4-t2,0.056
Adam34,Morphologically normal,1,1,WES,hairfollicle05-b5-t3,0.091
Adam34l,Morphologically normal,1,1,WES,hairfollicle05-e5-t3,0.02
Adam39,Morphologically normal,1,1,WES,hairfollicle04-c6-t3,0.107
Adam5,HF papilloma,1,1,WES,hairfollicle04-c4-t3,0.087
Adam9,Skin papilloma,1,1,WES,skin04-c2-t2,0.033
Adamts15,Morphologically normal,1,1,WES,skin04-c6-t2,0.047
Adamts20,Morphologically normal,1,1,WES,skin04-c6-t2,0.083
Adamts5,Morphologically normal,1,1,WES,skin04-c6-t2,0.053
Adamts7,Morphologically normal,2,2,WES,hairfollicle05-b1-t3; skin04-c6-t2,0.136
Adamts7,Skin papilloma,1,1,WES,skin04-c4-t2,0.071
Adamts8,Morphologically normal,1,1,WES,hairfollicle05-c7-t2,0.125
Adamtsl1,Morphologically normal,1,1,WES,hairfollicle05-e5-t3,0.021
Adamtsl2,Morphologically normal,1,1,WES,hairfollicle05-c7-t2,0.12
Adamtsl3,Skin papilloma,1,1,WES,skin04-c5-t2,0.038
Adamtsl4,Morphologically normal,1,1,WES,hairfollicle05-c7-t2,0.154
Adar,Morphologically normal,1,1,WES,hairfollicle05-c7-t2,0.1
Adarb1,Morphologically normal,1,1,WES,hairfollicle05-e5-t3,0.03
Adat2,Morphologically normal,1,1,WES,hairfollicle05-c7-t2,0.103
Adck5,Morphologically normal,1,1,WES,hairfollicle05-e5-t3,0.022
Adcy10,Morphologically normal,3,3,TES; WES,hairfollicle05-b5-t3; hairfollicle05-c7-t2; hairfollicle21-d1-w8,0.272
Adcy10,HF SCC,3,3,TES,hairfollicle21-e3-w8; hairfollicle21-e4-w14; hairfollicle21-f4-w17,0.385
Adcy2,HF papilloma,1,1,WES,hairfollicle04-c5-t3,0.075
Adcy3,Morphologically normal,1,1,WES,skin04-c6-t2,0.039
Adcy4,Morphologically normal,1,1,WES,hairfollicle05-e5-t3,0.025
Adcy4,Skin papilloma,1,1,WES,skin04-c5-t2,0.052
Adcy6,Morphologically normal,1,1,WES,hairfollicle05-b5-t3,0.063
Adcy6,Skin papilloma,1,1,WES,skin04-c5-t2,0.1
Adcy9,Morphologically normal,1,1,WES,hairfollicle05-b1-t3,0.158
Adcy9,HF papilloma,1,1,WES,hairfollicle04-c5-t3,0.024
Adcyap1r1,Skin papilloma,1,1,WES,skin04-c5-t2,0.063
Add1,Skin papilloma,1,1,WES,skin04-c4-t2,0.091
Add3,Morphologically normal,1,1,WES,skin05-c7-t2,0.033
Adgrb2,Skin papilloma,1,1,WES,skin04-c5-t2,0.088
Adgrb3,Morphologically normal,1,1,WES,hairfollicle05-e5-t3,0.027
Adgrg3,Morphologically normal,1,1,WES,hairfollicle05-c7-t2,0.106
Adgrg4,Morphologically normal,1,1,WES,hairfollicle04-c6-t3,0.106
Adgrg4,HF papilloma,1,2,WES,hairfollicle04-c5-t3,0.05
Adgrg5,HF papilloma,1,1,WES,hairfollicle04-c4-t3,0.11
Adgrg6,Morphologically normal,1,1,WES,hairfollicle05-c7-t2,0.1
Adgrv1,Morphologically normal,2,3,WES,hairfollicle05-b1-t3; skin04-c6-t2,0.167
Adgrv1,Skin papilloma,1,1,WES,skin04-c5-t2,0.067
Adh5,Skin papilloma,1,1,WES,skin04-c4-t2,0.022
Adh6b,Morphologically normal,2,2,WES,hairfollicle05-b5-t3; hairfollicle05-c7-t2,0.111
Adi1,Morphologically normal,1,1,WES,hairfollicle05-e5-t3,0.024
Adipoq,Morphologically normal,1,1,WES,hairfollicle05-c7-t2,0.119
Adipoq,Skin papilloma,1,1,WES,skin04-c5-t2,0.056
Adipor2,Morphologically normal,1,1,WES,hairfollicle05-e5-t3,0.033
Adnp,Morphologically normal,1,1,WES,hairfollicle05-e5-t3,0.036
Adnp,HF papilloma,1,1,WES,hairfollicle04-c5-t3,0.036
Adora2b,Skin papilloma,1,1,WES,skin04-c5-t2,0.036
Adprh,Skin papilloma,1,1,WES,skin04-c2-t2,0.045
Adra1a,Morphologically normal,1,2,WES,hairfollicle05-b5-t3,0.078
Adra1b,HF papilloma,1,1,WES,hairfollicle04-c2-t3,0.026
Adra2a,Morphologically normal,1,1,WES,hairfollicle05-b1-t3,0.128
Adssl1,Morphologically normal,1,1,WES,skin05-e5-t2,0.03
Aebp2,Morphologically normal,1,1,WES,hairfollicle05-b5-t3,0.071
Afap1,Morphologically normal,1,1,WES,skin04-c6-t2,0.063
Afdn,Skin papilloma,1,1,WES,skin04-c5-t2,0.088
Aff3,Morphologically normal,2,2,TES,hairfollicle21-f6-w17; hairfollicle21-f6-w8,0.318
Afg1l,Morphologically normal,2,2,WES,hairfollicle05-c7-t2; hairfollicle05-e5-t3,0.065
Afg3l1,Morphologically normal,2,2,WES,hairfollicle05-b1-t3; skin04-c6-t2,0.143
Aftph,Morphologically normal,1,1,WES,hairfollicle05-c7-t2,0.142
Agbl2,Morphologically normal,1,1,WES,hairfollicle05-c7-t2,0.107
Agbl5,Morphologically normal,1,2,WES,hairfollicle05-b5-t3,0.07
Ager,Morphologically normal,1,1,WES,hairfollicle05-c7-t2,0.069
Agfg1,HF papilloma,1,1,WES,hairfollicle04-c5-t3,0.092
Aggf1,Morphologically normal,3,3,WES,hairfollicle04-c6-t3; hairfollicle05-c7-t2; skin04-c6-t2,0.1
Agmo,Morphologically normal,1,1,WES,skin04-c6-t2,0.1
Agpat5,Morphologically normal,1,1,WES,hairfollicle05-e5-t3,0.029
Agr2,Morphologically normal,1,1,WES,hairfollicle05-b1-t3,0.179
Agrn,Morphologically normal,2,2,WES,hairfollicle04-c6-t3; hairfollicle05-e5-t3,0.055
Agt,Morphologically normal,1,1,WES,skin05-b5-t2,0.091
Agtr1b,Morphologically normal,1,1,WES,hairfollicle05-c7-t2,0.093
Ahctf1,Morphologically normal,1,1,WES,skin05-e5-t2,0.03
Ahdc1,Morphologically normal,1,1,WES,hairfollicle05-c7-t2,0.161
Ahnak,Morphologically normal,2,2,WES,hairfollicle05-b1-t3; hairfollicle05-b5-t3,0.137
Ahnak,HF papilloma,1,1,WES,hairfollicle04-c4-t3,0.06
Ahsa2,Morphologically normal,1,1,WES,hairfollicle03-a3,0.333
Aifm2,Skin papilloma,1,1,WES,skin04-c2-t2,0.094
Aipl1,HF papilloma,1,1,WES,hairfollicle04-c5-t3,0.044
Ajm1,Morphologically normal,1,1,WES,skin04-c6-t2,0.056
Ajuba,Morphologically normal,2,2,TES,hairfollicle21-b5-w17; hairfollicle21-g3-w14,0.336
Ak1,Morphologically normal,1,1,WES,skin05-e5-t2,0.053
Akap12,Morphologically normal,1,1,WES,hairfollicle05-e5-t3,0.032
Akap13,Morphologically normal,1,2,WES,hairfollicle05-c7-t2,0.111
Akap13,HF papilloma,1,1,WES,hairfollicle04-c2-t3,0.053
Akap4,Morphologically normal,1,1,WES,hairfollicle05-c7-t2,0.107
Akap6,Morphologically normal,1,1,WES,hairfollicle04-c6-t3,0.041
Akap9,Morphologically normal,3,3,TES; WES,hairfollicle05-e5-t3; hairfollicle21-g2-w8; skin04-c6-t2,0.338
Akap9,HF papilloma,3,3,TES; WES,hairfollicle04-c5-t3; hairfollicle21-e2-w14; hairfollicle21-f1-w8,0.333
Akap9,HF SCC,3,3,TES,hairfollicle21-b6-w14; hairfollicle21-c7-w8; hairfollicle21-g6-w19,0.307
Akr1b10,Morphologically normal,2,2,WES,hairfollicle05-b1-t3; hairfollicle05-c7-t2,0.167
Akr1b7,HF papilloma,1,1,WES,hairfollicle04-c2-t3,0.019
Akr1c12,Skin papilloma,1,1,WES,skin04-c4-t2,0.017
Akr1c6,HF papilloma,1,1,WES,hairfollicle04-c5-t3,0.031
Akr1d1,Skin papilloma,1,1,WES,skin04-c5-t2,0.027
Akt2,HF SCC,1,1,TES,hairfollicle21-b6-w14,0.416
Alas1,Morphologically normal,2,2,WES,hairfollicle05-b5-t3; hairfollicle05-e5-t3,0.1
Albfm1,Morphologically normal,1,1,WES,hairfollicle05-e5-t3,0.035
Aldh1b1,Morphologically normal,1,1,WES,skin05-c7-t2,0.049
Aldh1l1,Morphologically normal,1,1,WES,hairfollicle05-e5-t3,0.028
Aldh1l1,HF papilloma,1,1,WES,hairfollicle04-c4-t3,0.106
Aldh4a1,Morphologically normal,1,2,WES,hairfollicle05-b5-t3,0.065
Aldh6a1,Morphologically normal,1,1,WES,skin05-e5-t2,0.045
Aldh9a1,Morphologically normal,2,2,WES,hairfollicle05-c7-t2; skin05-b5-t2,0.068
Alg6,Morphologically normal,1,1,WES,hairfollicle05-b1-t3,0.164
Alk,Morphologically normal,1,1,WES,skin05-b5-t2,0.053
Alk,HF papilloma,1,1,WES,hairfollicle04-c4-t3,0.048
Alkbh3,HF SCC,1,1,TES,hairfollicle21-f4-w17,0.04
Alkbh8,HF papilloma,1,1,WES,hairfollicle04-c4-t3,0.063
Alms1,Morphologically normal,1,1,WES,hairfollicle05-c7-t2,0.487
Alox15,Morphologically normal,2,2,WES,hairfollicle04-c6-t3; hairfollicle05-e5-t3,0.112
Alox5,Morphologically normal,1,1,WES,hairfollicle04-c6-t3,0.064
Alpi,Skin papilloma,1,1,WES,skin04-c5-t2,0.086
Alpk1,Morphologically normal,1,1,WES,hairfollicle04-c6-t3,0.074
Alpk2,HF papilloma,2,2,WES,hairfollicle04-c4-t3; hairfollicle04-c5-t3,0.045
Alpk3,Morphologically normal,1,1,WES,hairfollicle04-c6-t3,0.049
Alppl2,Morphologically normal,1,1,WES,hairfollicle05-c7-t2,0.225
Als2,Morphologically normal,1,1,WES,skin04-c6-t2,0.049
Alx3,Skin papilloma,1,1,WES,skin04-c5-t2,0.034
Ambp,Morphologically normal,1,2,WES,hairfollicle05-c7-t2,0.074
Ambra1,Skin papilloma,1,1,WES,skin04-c4-t2,0.031
Amdhd1,HF papilloma,1,1,WES,hairfollicle04-c5-t3,0.038
Amer1,Morphologically normal,1,1,WES,hairfollicle03-a3,0.814
Amer1,Skin papilloma,1,1,WES,skin04-c5-t2,0.063
Amer2,Morphologically normal,1,1,WES,hairfollicle05-c7-t2,0.093
Amer3,HF papilloma,1,1,WES,hairfollicle04-c2-t3,0.037
Amfr,Morphologically normal,1,1,WES,skin05-b5-t2,0.058
Amigo3,Morphologically normal,1,1,WES,hairfollicle05-c7-t2,0.12
Amot,Morphologically normal,3,3,WES,hairfollicle04-c6-t3; hairfollicle05-b5-t3; hairfollicle05-c7-t2,0.199
Amotl1,Morphologically normal,2,2,TES; WES,hairfollicle21-d3-w8; skin05-b5-t2,0.25
Amotl2,Morphologically normal,1,1,WES,hairfollicle04-c6-t3,0.066
Ampd1,HF papilloma,1,1,WES,hairfollicle04-c5-t3,0.031
Ampd2,HF papilloma,1,1,WES,hairfollicle04-c5-t3,0.031
Amph,Morphologically normal,1,1,WES,hairfollicle05-c7-t2,0.054
Amt,Skin papilloma,1,1,WES,skin04-c5-t2,0.036
Anapc4,Morphologically normal,1,1,WES,hairfollicle05-c7-t2,0.067
Anapc7,Morphologically normal,1,1,WES,skin05-c7-t2,0.058
Ang5,Morphologically normal,1,1,WES,hairfollicle05-e5-t3,0.047
Angel2,Morphologically normal,1,1,WES,hairfollicle04-c6-t3,0.037
Angel2,HF papilloma,1,1,WES,hairfollicle04-c2-t3,0.043
Angpt1,Morphologically normal,1,1,WES,hairfollicle05-c7-t2,0.136
Angptl6,Morphologically normal,1,1,WES,skin04-c6-t2,0.048
Ank2,Morphologically normal,2,2,WES,hairfollicle05-b5-t3; hairfollicle05-e5-t3,0.133
Ank2,Skin papilloma,1,1,WES,skin04-c5-t2,0.083
Ankar,HF papilloma,1,1,WES,hairfollicle04-c5-t3,0.067
Ankfn1,Morphologically normal,1,1,WES,hairfollicle05-b5-t3,0.063
Ankfn1,HF papilloma,1,1,WES,hairfollicle04-c4-t3,0.051
Ankfy1,Morphologically normal,1,1,WES,hairfollicle04-c6-t3,0.059
Ankhd1,Morphologically normal,2,2,WES,hairfollicle04-c6-t3; skin04-c6-t2,0.095
Ankk1,Morphologically normal,1,1,WES,hairfollicle04-c6-t3,0.079
Ankrd11,Morphologically normal,1,1,WES,skin04-c6-t2,0.026
Ankrd26,Morphologically normal,1,1,WES,hairfollicle04-c6-t3,0.094
Ankrd28,Morphologically normal,1,1,WES,hairfollicle05-c7-t2,0.143
Ankrd33,Morphologically normal,1,1,WES,hairfollicle05-c7-t2,0.1
Ankrd39,Morphologically normal,1,1,WES,hairfollicle05-e5-t3,0.033
Ankrd42,Morphologically normal,1,1,WES,hairfollicle05-e5-t3,0.031
Ankrd50,Skin papilloma,1,1,WES,skin04-c4-t2,0.049
Ankrd6,Morphologically normal,2,2,WES,hairfollicle05-b1-t3; skin05-c6,0.099
Ankrd65,Skin papilloma,1,1,WES,skin04-c4-t2,0.045
Anks1,Skin papilloma,1,1,WES,skin04-c2-t2,0.037
Anks3,Morphologically normal,1,1,WES,hairfollicle05-c7-t2,0.126
Anks6,Morphologically normal,2,2,WES,hairfollicle05-b5-t3; skin05-b5-t2,0.075
Anln,Morphologically normal,1,1,WES,hairfollicle05-b1-t3,0.187
Ano2,Skin papilloma,1,1,WES,skin04-c2-t2,0.049
Ano4,Morphologically normal,1,1,WES,hairfollicle05-b5-t3,0.075
Ano5,Morphologically normal,2,2,WES,hairfollicle05-c7-t2; hairfollicle05-e5-t3,0.119
Ano5,HF papilloma,1,1,WES,hairfollicle04-c4-t3,0.048
Ano6,Skin papilloma,1,1,WES,skin04-c2-t2,0.049
Ano9,Morphologically normal,1,1,WES,hairfollicle05-e5-t3,0.021
Anxa1,Morphologically normal,1,1,WES,skin05-e5-t2,0.035
Anxa6,Morphologically normal,1,1,WES,hairfollicle05-e5-t3,0.03
Aox1,Morphologically normal,1,1,WES,hairfollicle04-c6-t3,0.04
Aox2,Morphologically normal,1,1,WES,hairfollicle05-e5-t3,0.026
Aox4,Morphologically normal,1,1,WES,hairfollicle05-b5-t3,0.094
Ap1b1,Morphologically normal,1,1,WES,hairfollicle05-b1-t3,0.119
Ap1m1,Morphologically normal,1,2,WES,hairfollicle05-c7-t2,0.067
Ap2a2,Morphologically normal,1,1,WES,skin04-c6-t2,0.03
Ap2b1,HF papilloma,1,1,WES,hairfollicle04-c4-t3,0.038
Ap3b1,Morphologically normal,1,1,WES,hairfollicle05-c7-t2,0.167
Ap3b2,Morphologically normal,1,1,WES,hairfollicle05-b1-t3,0.136
Ap3b2,HF papilloma,1,1,WES,hairfollicle04-c2-t3,0.018
Ap3b2,Skin papilloma,1,1,WES,skin04-c5-t2,0.034
Ap4e1,Morphologically normal,1,1,WES,hairfollicle05-e5-t3,0.054
Ap5b1,Morphologically normal,1,1,WES,skin04-c6-t2,0.053
Apaf1,Morphologically normal,1,1,WES,hairfollicle05-b1-t3,0.25
Apaf1,Skin papilloma,1,1,WES,skin04-c2-t2,0.049
Apba2,Morphologically normal,2,2,WES,hairfollicle05-b1-t3; skin04-c6-t2,0.187
Apbb2,Skin papilloma,1,1,WES,skin04-c5-t2,0.03
Apbb3,Morphologically normal,1,1,WES,skin04-c6-t2,0.026
Apc2,Morphologically normal,1,1,WES,skin04-c6-t2,0.04
Apcdd1,Morphologically normal,2,2,WES,hairfollicle04-c6-t3; hairfollicle05-b1-t3,0.165
Apob,Morphologically normal,5,5,TES; WES,hairfollicle04-c6-t3; hairfollicle05-c7-t2; hairfollicle21-c5-w14; hairfollicle21-f6-w17; hairfollicle21-g2-w8,0.263
Apob,HF SCC,3,3,TES,hairfollicle21-b6-w14; hairfollicle21-c6-w14; hairfollicle21-f6-w19,0.461
Apol10b,HF papilloma,1,1,WES,hairfollicle04-c5-t3,0.028
Apol10b,Skin papilloma,1,1,WES,skin04-c5-t2,0.024
Apol11a,Morphologically normal,1,1,WES,skin04-c6-t2,0.059
Apol7c,Morphologically normal,1,1,WES,hairfollicle05-e5-t3,0.027
Apold1,Morphologically normal,1,1,WES,hairfollicle05-e5-t3,0.036
Appl1,Morphologically normal,1,1,WES,hairfollicle05-b1-t3,0.124
Aqr,Morphologically normal,2,2,WES,hairfollicle05-b1-t3; skin04-c6-t2,0.158
Arap1,Morphologically normal,1,1,WES,hairfollicle05-c7-t2,0.111
Arap1,Skin papilloma,1,1,WES,skin04-c5-t2,0.077
Arap3,Morphologically normal,1,1,WES,hairfollicle05-c7-t2,0.103
Arc,Morphologically normal,1,1,WES,skin05-c7-t2,0.067
Arcn1,Morphologically normal,4,2,WES,hairfollicle05-e5-t3; skin04-c6-t2; skin05-b1-t2; skin05-e5-t2,0.053
Arcn1,HF papilloma,3,3,WES,hairfollicle04-c2-t3; hairfollicle04-c4-t3; hairfollicle04-c5-t3,0.071
Arcn1,Skin papilloma,1,2,WES,skin04-c4-t2,0.034
Arfgap3,Morphologically normal,1,1,WES,hairfollicle05-b5-t3,0.071
Arfgef1,Morphologically normal,1,1,WES,hairfollicle05-b5-t3,0.196
Arfgef2,HF papilloma,1,1,WES,hairfollicle04-c5-t3,0.037
Arfgef3,Morphologically normal,3,5,WES,hairfollicle05-b1-t3; hairfollicle05-c7-t2; skin05-e5-t2,0.175
Arfgef3,HF papilloma,1,1,WES,hairfollicle04-c5-t3,0.053
Arg2,Morphologically normal,1,1,WES,hairfollicle05-e5-t3,0.028
Arhgap10,Morphologically normal,1,1,WES,hairfollicle05-b5-t3,0.066
Arhgap12,Morphologically normal,1,1,WES,skin05-b1-t2,0.038
Arhgap20,HF papilloma,1,1,WES,hairfollicle04-c5-t3,0.023
Arhgap21,Morphologically normal,1,1,WES,skin05-c7-t2,0.046
Arhgap21,HF papilloma,1,1,WES,hairfollicle04-c2-t3,0.032
Arhgap22,Morphologically normal,1,1,WES,hairfollicle05-c7-t2,0.065
Arhgap22,HF papilloma,1,1,WES,hairfollicle04-c2-t3,0.03
Arhgap23,Morphologically normal,1,1,WES,hairfollicle05-c7-t2,0.1
Arhgap23,Skin papilloma,1,1,WES,skin04-c4-t2,0.034
Arhgap25,Morphologically normal,1,1,WES,skin05-b5-t2,0.054
Arhgap27,Morphologically normal,2,2,WES,hairfollicle05-b5-t3; hairfollicle05-c7-t2,0.095
Arhgap31,Skin papilloma,1,1,WES,skin04-c4-t2,0.07
Arhgap33,HF papilloma,1,1,WES,hairfollicle04-c2-t3,0.037
Arhgap33os,Morphologically normal,1,1,WES,hairfollicle05-e5-t3,0.026
Arhgap36,Morphologically normal,1,1,WES,hairfollicle05-e5-t3,0.031
Arhgap40,Morphologically normal,1,1,WES,hairfollicle05-e5-t3,0.025
Arhgap44,Morphologically normal,1,1,WES,skin05-e5-t2,0.077
Arhgap45,Morphologically normal,1,1,WES,hairfollicle05-e5-t3,0.024
Arhgap5,Skin papilloma,1,1,WES,skin04-c5-t2,0.07
Arhgap6,Morphologically normal,1,1,WES,hairfollicle05-e5-t3,0.053
Arhgdig,HF papilloma,1,1,WES,hairfollicle04-c5-t3,0.036
Arhgef10,Morphologically normal,1,1,WES,hairfollicle05-b5-t3,0.106
Arhgef11,Morphologically normal,2,2,WES,hairfollicle05-e5-t3; skin05-c7-t2,0.092
Arhgef12,Skin papilloma,1,1,WES,skin04-c5-t2,0.04
Arhgef19,Skin papilloma,1,1,WES,skin04-c2-t2,0.055
Arhgef40,Skin papilloma,1,1,WES,skin04-c5-t2,0.088
Arhgef6,Morphologically normal,1,1,WES,hairfollicle05-b1-t3,0.176
Arhgef7,Morphologically normal,1,1,WES,hairfollicle05-b1-t3,0.115
Arhgef7,HF papilloma,1,1,WES,hairfollicle04-c4-t3,0.046
Arid1a,Morphologically normal,3,3,TES,hairfollicle21-d4-w17; hairfollicle21-g2-w17; hairfollicle21-g7-w19,0.347
Arid1a,HF papilloma,1,1,TES,hairfollicle21-d6-w17,0.085
Arid1a,HF SCC,1,1,TES,hairfollicle21-b6-w8,0.249
Arid1b,Morphologically normal,2,2,TES,hairfollicle21-f2-w14; hairfollicle21-g2-w19,0.2
Arid2,HF SCC,1,2,TES,hairfollicle21-c6-w14,0.059
Arid2,Skin papilloma,1,1,WES,skin04-c4-t2,0.061
Arid3b,Skin papilloma,1,1,WES,skin04-c5-t2,0.091
Arid5b,HF papilloma,1,1,WES,hairfollicle04-c4-t3,0.044
Arl13b,Morphologically normal,1,1,WES,hairfollicle04-c6-t3,0.033
Arl14ep,Skin papilloma,1,1,WES,skin04-c5-t2,0.041
Arl16,Skin papilloma,1,1,WES,skin04-c4-t2,0.024
Arl3,Morphologically normal,1,1,WES,hairfollicle05-e5-t3,0.032
Arl5c,Morphologically normal,2,2,WES,hairfollicle05-c7-t2; skin05-c7-t2,0.067
Armc3,Morphologically normal,1,1,WES,hairfollicle04-c6-t3,0.038
Armc4,Morphologically normal,1,1,WES,hairfollicle04-c6-t3,0.093
Armc6,Skin papilloma,1,1,WES,skin04-c2-t2,0.043
Armc7,Morphologically normal,1,1,WES,hairfollicle05-e5-t3,0.037
Armcx2,Morphologically normal,1,1,WES,hairfollicle05-b1-t3,0.167
Armcx2,Skin papilloma,1,1,WES,skin04-c5-t2,0.038
Armcx4,HF papilloma,1,1,WES,hairfollicle04-c5-t3,0.022
Armh3,Morphologically normal,1,1,WES,hairfollicle04-c6-t3,0.047
Arpc1b,Morphologically normal,1,1,WES,skin05-c7-t2,0.067
Arrdc1,Morphologically normal,1,1,WES,hairfollicle05-e5-t3,0.023
Arrdc2,HF papilloma,1,1,WES,hairfollicle04-c4-t3,0.064
Arsa,Morphologically normal,2,2,WES,hairfollicle05-b1-t3; hairfollicle05-b5-t3,0.118
Arsg,Morphologically normal,1,1,WES,hairfollicle05-b1-t3,0.125
Arsj,Morphologically normal,1,1,WES,hairfollicle05-b5-t3,0.065
Arsj,HF papilloma,1,1,WES,hairfollicle04-c2-t3,0.025
Arsk,Morphologically normal,1,1,WES,hairfollicle05-e5-t3,0.023
Art2b,Skin papilloma,1,1,WES,skin04-c5-t2,0.036
Asap1,Morphologically normal,1,2,WES,hairfollicle05-c7-t2,0.144
Asap2,Morphologically normal,1,1,WES,hairfollicle05-c7-t2,0.13
Asb1,Morphologically normal,1,1,WES,hairfollicle05-c7-t2,0.15
Asb14,HF papilloma,1,1,WES,hairfollicle04-c5-t3,0.048
Asb15,HF papilloma,1,1,WES,hairfollicle04-c2-t3,0.026
Asb2,Morphologically normal,2,2,WES,hairfollicle04-c6-t3; hairfollicle05-e5-t3,0.07
Asb3,HF papilloma,1,1,WES,hairfollicle04-c4-t3,0.052
Asb4,Morphologically normal,1,1,WES,hairfollicle05-c7-t2,0.075
Asb7,Morphologically normal,1,1,WES,hairfollicle05-c7-t2,0.185
Asb8,Morphologically normal,1,1,WES,skin05-b5-t2,0.048
Ascc2,Morphologically normal,1,1,WES,hairfollicle05-c7-t2,0.119
Ascc3,Morphologically normal,3,3,WES,hairfollicle04-c6-t3; hairfollicle05-b1-t3; hairfollicle05-c7-t2,0.12
Asf1b,Morphologically normal,1,1,WES,hairfollicle04-c6-t3,0.114
Asgr2,Morphologically normal,1,1,WES,hairfollicle05-e5-t3,0.033
Ash1l,Morphologically normal,2,2,TES; WES,hairfollicle04-c6-t3; hairfollicle21-f2-w17,0.357
Ash1l,HF papilloma,1,1,WES,hairfollicle04-c5-t3,0.035
Ash1l,HF SCC,1,1,TES,hairfollicle21-e3-w14,0.19
Ash2l,Morphologically normal,1,1,WES,hairfollicle05-e5-t3,0.046
Asic2,Morphologically normal,1,1,WES,skin04-c6-t2,0.065
Asic3,Skin papilloma,1,1,WES,skin04-c5-t2,0.031
Asic4,Morphologically normal,1,2,WES,skin04-c6-t2,0.077
Asic4,Skin papilloma,1,1,WES,skin04-c5-t2,0.032
Asic5,Morphologically normal,1,1,WES,hairfollicle04-c6-t3,0.055
Aspdh,Morphologically normal,1,1,WES,skin05-c7-t2,0.035
Asph,Morphologically normal,1,1,WES,hairfollicle05-b5-t3,0.065
Aspm,Morphologically normal,1,1,WES,hairfollicle04-c6-t3,0.074
Aspm,HF papilloma,1,1,WES,hairfollicle04-c2-t3,0.035
Aspscr1,Morphologically normal,1,1,WES,hairfollicle05-e5-t3,0.025
Ass1,Morphologically normal,1,1,WES,hairfollicle05-b5-t3,0.085
Aste1,Morphologically normal,1,1,WES,hairfollicle05-c7-t2,0.111
Astl,Morphologically normal,1,1,WES,hairfollicle05-e5-t3,0.031
Astn1,Morphologically normal,1,1,WES,skin04-c6-t2,0.041
Astn2,Morphologically normal,1,1,WES,hairfollicle04-c6-t3,0.053
Astn2,HF papilloma,1,1,WES,hairfollicle04-c5-t3,0.042
Asxl1,Morphologically normal,3,3,TES; WES,hairfollicle05-c7-t2; hairfollicle21-c1-w17; hairfollicle21-f7-w14,0.364
Asxl1,HF SCC,3,3,TES,hairfollicle21-c7-w14; hairfollicle21-e4-w17; hairfollicle21-g6-w19,0.818
Asxl2,Morphologically normal,1,1,WES,hairfollicle05-b5-t3,0.067
Asxl3,Morphologically normal,3,3,WES,hairfollicle04-c6-t3; hairfollicle05-b5-t3; hairfollicle05-e5-t3,0.06
Atad3a,Morphologically normal,3,3,WES,hairfollicle05-b1-t3; hairfollicle05-c7-t2; hairfollicle05-e5-t3,0.176
Atad5,Morphologically normal,1,1,WES,hairfollicle05-c7-t2,0.115
Ate1,Morphologically normal,1,1,WES,hairfollicle05-e5-t3,0.064
Atf3,Morphologically normal,1,1,WES,hairfollicle05-c7-t2,0.12
Atf4,Morphologically normal,1,1,WES,hairfollicle05-b5-t3,0.096
Atg16l1,Morphologically normal,1,1,WES,hairfollicle05-e5-t3,0.034
Atg2a,Morphologically normal,2,2,WES,hairfollicle05-b5-t3; hairfollicle05-c7-t2,0.096
Atg4a-ps,Morphologically normal,1,1,WES,hairfollicle05-e5-t3,0.026
Atg4c,Skin papilloma,1,1,WES,skin04-c5-t2,0.026
Atg5,HF papilloma,1,1,WES,hairfollicle04-c4-t3,0.083
Atg7,Morphologically normal,1,1,WES,hairfollicle05-c7-t2,0.115
Atm,Morphologically normal,2,4,TES; WES,hairfollicle05-e5-t3; hairfollicle21-g1-w8,0.142
Atm,HF SCC,1,1,TES,hairfollicle21-b6-w8,0.078
Atp10a,Morphologically normal,1,1,WES,hairfollicle05-e5-t3,0.025
Atp10d,Morphologically normal,2,3,WES,hairfollicle04-c6-t3; hairfollicle05-e5-t3,0.054
Atp11a,Morphologically normal,3,4,WES,hairfollicle05-b1-t3; hairfollicle05-c7-t2; hairfollicle05-e5-t3,0.176
Atp13a5,Morphologically normal,1,1,WES,hairfollicle05-b1-t3,0.143
Atp13a5,HF papilloma,1,1,WES,hairfollicle04-c5-t3,0.024
Atp1a1,Skin papilloma,1,1,WES,skin04-c2-t2,0.1
Atp1a3,Morphologically normal,2,2,WES,hairfollicle05-c7-t2; hairfollicle05-e5-t3,0.058
Atp2a2,Morphologically normal,1,1,TES,hairfollicle21-d1-w8,0.14
Atp2b1,HF papilloma,1,1,WES,hairfollicle04-c2-t3,0.026
Atp2b2,Skin papilloma,1,1,WES,skin04-c2-t2,0.028
Atp2c2,HF papilloma,1,1,WES,hairfollicle04-c5-t3,0.047
Atp5e,Morphologically normal,1,1,WES,hairfollicle05-b1-t3,0.158
Atp6ap1,Morphologically normal,1,1,WES,hairfollicle05-c7-t2,0.103
Atp6v0a2,Skin papilloma,1,1,WES,skin04-c5-t2,0.053
Atp6v0e2,Morphologically normal,1,1,WES,skin04-c6-t2,0.03
Atp6v1a,Morphologically normal,1,1,WES,hairfollicle05-b1-t3,0.2
Atp6v1h,Skin papilloma,1,1,WES,skin04-c5-t2,0.034
Atp7a,Morphologically normal,1,1,WES,hairfollicle05-c7-t2,0.052
Atp8a1,Morphologically normal,1,1,WES,hairfollicle05-c7-t2,0.123
Atp8a2,Morphologically normal,1,1,WES,hairfollicle04-c6-t3,0.11
Atp8b1,Morphologically normal,1,1,WES,hairfollicle05-e5-t3,0.022
Atp8b3,Morphologically normal,3,3,WES,hairfollicle05-b1-t3; hairfollicle05-e5-t3; skin05-e5-t2,0.186
Atp8b3,HF papilloma,1,1,WES,hairfollicle04-c5-t3,0.023
Atp8b4,Skin papilloma,1,1,WES,skin04-c5-t2,0.032
Atp8b5,HF papilloma,2,2,WES,hairfollicle04-c2-t3; hairfollicle04-c5-t3,0.04
Atp8b5,Skin papilloma,1,2,WES,skin04-c5-t2,0.065
Atp9a,Morphologically normal,1,1,WES,hairfollicle05-b1-t3,0.167
Atpaf2,Skin papilloma,1,1,WES,skin03-f6,0.035
Atr,Morphologically normal,2,2,WES,hairfollicle05-b5-t3; hairfollicle05-c7-t2,0.143
Atr,HF papilloma,1,1,WES,hairfollicle04-c2-t3,0.029
Atrn,Morphologically normal,1,1,WES,skin04-c6-t2,0.045
Atrnl1,Morphologically normal,1,1,WES,skin04-c6-t2,0.046
Atrx,Morphologically normal,5,6,TES; WES,hairfollicle21-c5-w14; hairfollicle21-d1-w8; hairfollicle21-f6-w8; hairfollicle21-g2-w14; skin05-e5-t2,0.311
Atxn2l,Morphologically normal,1,2,WES,hairfollicle05-c7-t2,0.12
Atxn7,Skin papilloma,1,1,WES,skin04-c5-t2,0.045
Atxn7l1,Morphologically normal,1,1,WES,hairfollicle05-c7-t2,0.13
Atxn7l1,HF papilloma,1,1,WES,hairfollicle04-c5-t3,0.044
Auh,Morphologically normal,1,1,WES,hairfollicle05-e5-t3,0.041
Auts2,Morphologically normal,1,2,WES,hairfollicle05-c7-t2,0.102
Avil,Skin papilloma,1,1,WES,skin04-c2-t2,0.027
Avl9,Morphologically normal,1,1,WES,hairfollicle05-e5-t3,0.037
Avpr2,Morphologically normal,2,2,WES,hairfollicle05-e5-t3; skin04-c6-t2,0.039
Awat1,Morphologically normal,1,1,WES,hairfollicle05-e5-t3,0.032
Aym1,Morphologically normal,1,1,WES,hairfollicle05-c7-t2,0.106
B230219D22Rik,Morphologically normal,1,1,WES,hairfollicle05-e5-t3,0.056
B3galnt2,Morphologically normal,1,1,WES,hairfollicle05-c7-t2,0.086
B3galt2,Morphologically normal,2,2,WES,hairfollicle04-c6-t3; skin04-c6-t2,0.102
B3galt5,HF papilloma,1,1,WES,hairfollicle04-c5-t3,0.054
B3gnt4,Morphologically normal,1,1,WES,hairfollicle05-b1-t3,0.107
B4galnt1,Skin papilloma,1,1,WES,skin04-c5-t2,0.097
B4galnt3,Morphologically normal,1,1,WES,hairfollicle05-b1-t3,0.157
B4galnt4,Morphologically normal,1,1,WES,skin05-e5-t2,0.027
B4galt7,Skin papilloma,1,1,WES,skin04-c5-t2,0.052
BB014433,Morphologically normal,3,4,WES,hairfollicle04-c6-t3; hairfollicle05-b1-t3; hairfollicle05-b5-t3,0.19
BB014433,HF papilloma,3,3,WES,hairfollicle04-c2-t3; hairfollicle04-c4-t3; hairfollicle04-c5-t3,0.038
BC024139,Morphologically normal,2,2,WES,hairfollicle04-c6-t3; hairfollicle05-c7-t2,0.121
BC034090,HF papilloma,1,2,WES,hairfollicle04-c5-t3,0.05
BC051665,Morphologically normal,1,1,WES,hairfollicle04-c6-t3,0.053
BC051665,HF papilloma,1,1,WES,hairfollicle04-c2-t3,0.03
BC067074,Morphologically normal,1,1,WES,hairfollicle04-c6-t3,0.053
BC080695,Morphologically normal,1,1,WES,hairfollicle05-e5-t3,0.022
Babam2,Morphologically normal,2,2,WES,hairfollicle05-c7-t2; hairfollicle05-e5-t3,0.057
Bag1,Morphologically normal,1,1,WES,hairfollicle05-c7-t2,0.107
Bag5,Morphologically normal,2,3,WES,hairfollicle05-c7-t2; skin04-c6-t2,0.071
Bag6,Morphologically normal,1,1,TES,hairfollicle21-c1-w17,0.09
Bahcc1,Morphologically normal,2,2,TES,skin21-d4-w19; skin21-g3-w19,0.016
Bahcc1,Skin papilloma,1,1,WES,skin04-c5-t2,0.1
Baiap2l2,Morphologically normal,2,2,WES,skin04-c6-t2; skin05-c7-t2,0.091
Baiap3,Morphologically normal,1,1,WES,hairfollicle05-e5-t3,0.024
Baiap3,Skin papilloma,1,1,WES,skin04-c5-t2,0.073
Bank1,HF papilloma,2,2,WES,hairfollicle04-c2-t3; hairfollicle04-c4-t3,0.058
Bap1,Skin papilloma,1,1,WES,skin04-c2-t2,0.049
Barhl2,Morphologically normal,1,1,WES,skin04-c6-t2,0.048
Batf2,Morphologically normal,1,1,WES,hairfollicle05-e5-t3,0.053
Baz1a,Morphologically normal,3,4,WES,hairfollicle05-b5-t3; hairfollicle05-e5-t3; skin04-c6-t2,0.077
Baz2a,Skin papilloma,1,1,WES,skin04-c5-t2,0.057
Bbs10,Morphologically normal,1,1,WES,hairfollicle05-b5-t3,0.061
Bbs7,Morphologically normal,1,1,WES,skin05-b5-t2,0.071
Bbs9,Morphologically normal,6,3,TES,hairfollicle21-b5-w8; hairfollicle21-d1-w8; hairfollicle21-f1-w17; hairfollicle21-g1-w14; hairfollicle21-g1-w8; hairfollicle21-g5-w17,0.25
Bbs9,HF papilloma,4,2,TES; WES,hairfollicle04-c2-t3; hairfollicle21-e2-w14; hairfollicle21-e2-w8; hairfollicle21-f1-w14,0.25
Bbs9,HF SCC,1,1,TES,hairfollicle21-e3-w14,0.336
Bcar1,Morphologically normal,1,1,WES,hairfollicle05-c7-t2,0.089
Bcas3,Morphologically normal,1,1,TES,hairfollicle21-c1-w17,0.037
Bcat1,Morphologically normal,1,1,WES,hairfollicle05-c7-t2,0.068
Bche,Morphologically normal,1,1,WES,hairfollicle05-b5-t3,0.071
Bche,HF papilloma,1,1,WES,hairfollicle04-c4-t3,0.03
Bckdk,Morphologically normal,1,1,WES,hairfollicle05-b5-t3,0.07
Bcl11b,Morphologically normal,3,4,TES; WES,hairfollicle21-f6-w17; hairfollicle21-g1-w8; skin04-c6-t2,0.151
Bcl2a1d,Morphologically normal,1,1,WES,hairfollicle05-b1-t3,0.13
Bcl6,Morphologically normal,1,1,WES,hairfollicle05-e5-t3,0.019
Bcl7a,Morphologically normal,1,1,WES,skin04-c6-t2,0.065
Bcl9,HF papilloma,2,3,WES,hairfollicle03-f6-t2; hairfollicle04-c4-t3,0.273
Bclaf3,Morphologically normal,1,1,WES,skin05-e5-t2,0.088
Bcor,Morphologically normal,2,2,WES,hairfollicle04-c6-t3; hairfollicle05-b5-t3,0.073
Bcorl1,Morphologically normal,1,1,WES,hairfollicle05-e5-t3,0.047
Bcr,Morphologically normal,1,1,TES,hairfollicle21-f6-w17,0.134
Bcr,HF SCC,1,1,TES,hairfollicle21-g6-w19,0.437
Bdkrb1,Morphologically normal,1,1,WES,hairfollicle05-b5-t3,0.06
Bdkrb2,Morphologically normal,1,1,WES,hairfollicle05-e5-t3,0.023
Bdnf,Morphologically normal,1,1,WES,hairfollicle05-e5-t3,0.026
Bdp1,Morphologically normal,1,1,WES,hairfollicle03-a3,0.543
Bend3,Morphologically normal,1,1,WES,hairfollicle05-e5-t3,0.028
Bend5,Skin papilloma,1,1,WES,skin04-c5-t2,0.073
Best2,HF papilloma,1,1,WES,hairfollicle04-c5-t3,0.046
Best3,Morphologically normal,1,1,WES,hairfollicle04-c6-t3,0.122
Bfar,HF papilloma,1,1,WES,hairfollicle04-c5-t3,0.047
Bhlhe40,Morphologically normal,1,1,WES,hairfollicle05-c7-t2,0.083
Bicra,Morphologically normal,1,1,TES,hairfollicle21-c5-w14,0.046
Bicra,HF papilloma,2,2,TES,hairfollicle21-e2-w8; hairfollicle21-f1-w8,0.232
Bicra,HF SCC,1,1,TES,hairfollicle21-b7-w8,0.473
Bicra,Skin papilloma,1,1,WES,skin04-c5-t2,0.097
Bik,Skin papilloma,1,1,WES,skin04-c5-t2,0.043
Bin1,Morphologically normal,1,1,WES,hairfollicle05-e5-t3,0.024
Bin2,HF papilloma,1,1,WES,hairfollicle04-c4-t3,0.057
Birc6,Morphologically normal,1,1,WES,hairfollicle05-e5-t3,0.032
Blk,Morphologically normal,1,1,WES,hairfollicle05-b1-t3,0.13
Blm,Morphologically normal,1,1,WES,hairfollicle05-c7-t2,0.074
Blm,HF papilloma,2,3,TES,hairfollicle21-e2-w14; hairfollicle21-f1-w8,0.451
Blm,HF SCC,1,1,TES,hairfollicle21-b6-w14,0.385
Bloc1s2,Morphologically normal,1,1,WES,hairfollicle05-b1-t3,0.13
Bmp1,HF papilloma,2,2,WES,hairfollicle04-c4-t3; hairfollicle04-c5-t3,0.08
Bmp15,Morphologically normal,1,1,WES,hairfollicle05-b5-t3,0.089
Bmp2k,Morphologically normal,2,2,WES,hairfollicle04-c6-t3; hairfollicle05-e5-t3,0.073
Bmp5,Morphologically normal,1,2,WES,hairfollicle04-c6-t3,0.08
Bmp6,HF papilloma,1,1,WES,hairfollicle04-c5-t3,0.044
Bmp8b,Morphologically normal,1,1,WES,hairfollicle05-c7-t2,0.111
Bmper,HF papilloma,1,1,WES,hairfollicle04-c5-t3,0.036
Bmper,Skin papilloma,1,1,WES,skin04-c5-t2,0.061
Bmpr1a,Morphologically normal,1,1,WES,hairfollicle05-c7-t2,0.111
Bmpr2,Morphologically normal,1,1,WES,skin04-c6-t2,0.054
Bmpr2,Skin papilloma,1,1,WES,skin04-c5-t2,0.055
Bnc1,Skin papilloma,1,1,WES,skin04-c5-t2,0.02
Bnip5,Morphologically normal,1,1,WES,hairfollicle05-b5-t3,0.065
Boc,Morphologically normal,1,1,WES,hairfollicle05-b5-t3,0.062
Bod1l,Morphologically normal,3,3,WES,hairfollicle04-c6-t3; hairfollicle05-e5-t3; skin05-e5-t2,0.072
Bola1,Skin papilloma,1,1,WES,skin04-c4-t2,0.06
Bpifa1,HF papilloma,1,1,WES,hairfollicle04-c5-t3,0.071
Bpifa3,Morphologically normal,2,2,WES,hairfollicle05-b5-t3; hairfollicle05-c7-t2,0.186
Bpifb1,Morphologically normal,2,2,WES,hairfollicle05-c7-t2; skin05-c7-t2,0.148
Bpifb3,Morphologically normal,1,1,WES,hairfollicle04-c6-t3,0.062
Bpifb4,Morphologically normal,1,1,WES,skin04-c6-t2,0.055
Bpifb4,HF papilloma,1,1,WES,hairfollicle04-c5-t3,0.028
Bpifb5,Morphologically normal,1,1,WES,hairfollicle04-c6-t3,0.057
Bpifb5,HF papilloma,1,1,WES,hairfollicle04-c5-t3,0.037
Bpifb6,Morphologically normal,1,1,WES,hairfollicle05-e5-t3,0.042
Braf,Morphologically normal,3,3,TES; WES,hairfollicle05-c7-t2; hairfollicle21-d4-w8; hairfollicle21-f2-w19,0.68
Braf,HF papilloma,1,1,TES,hairfollicle21-d2-w8,0.046
Brap,Morphologically normal,1,1,WES,hairfollicle04-c6-t3,0.045
Brca1,HF papilloma,2,2,WES,hairfollicle04-c2-t3; hairfollicle04-c4-t3,0.07
Brca2,HF papilloma,1,1,TES,hairfollicle21-f1-w8,0.227
Brcc3,Morphologically normal,1,1,WES,hairfollicle05-b1-t3,0.125
Brd2,Morphologically normal,2,2,WES,hairfollicle04-c6-t3; hairfollicle05-e5-t3,0.032
Brdt,HF papilloma,1,1,TES,hairfollicle21-f1-w8,0.331
Bricd5,Morphologically normal,1,1,WES,hairfollicle05-e5-t3,0.031
Brinp1,Morphologically normal,2,2,WES,hairfollicle05-b1-t3; hairfollicle05-e5-t3,0.111
Brinp1,HF papilloma,1,1,WES,hairfollicle04-c2-t3,0.021
Brinp2,Skin papilloma,1,1,WES,skin04-c5-t2,0.029
Brip1,Morphologically normal,1,1,WES,skin05-c7-t2,0.055
Brpf1,Morphologically normal,3,4,TES; WES,hairfollicle05-c7-t2; hairfollicle21-g7-w19; skin04-c6-t2,0.596
Brpf3,Morphologically normal,3,3,WES,hairfollicle04-c6-t3; hairfollicle05-e5-t3; skin04-c6-t2,0.063
Brpf3,Skin SCC,1,1,TES,skin21-g4-w19,0.052
Brwd1,Morphologically normal,1,1,WES,hairfollicle05-b5-t3,0.129
Brwd1,Skin papilloma,1,1,WES,skin04-c5-t2,0.021
Bsnd,Morphologically normal,1,1,WES,hairfollicle04-c6-t3,0.18
Bst2,Skin papilloma,1,1,WES,skin04-c5-t2,0.032
Btaf1,Morphologically normal,1,1,WES,hairfollicle05-b5-t3,0.078
Btbd18,Skin papilloma,1,1,WES,skin04-c5-t2,0.036
Btbd2,Morphologically normal,1,1,WES,hairfollicle05-e5-t3,0.031
Btbd7,Morphologically normal,1,1,WES,skin05-b5-t2,0.021
Btg4,HF papilloma,1,2,WES,hairfollicle04-c5-t3,0.07
Btn2a2,HF papilloma,1,1,WES,hairfollicle04-c4-t3,0.066
Btnl1,Morphologically normal,1,1,WES,hairfollicle05-e5-t3,0.02
Btnl2,Morphologically normal,1,1,WES,hairfollicle05-b5-t3,0.073
Btnl4,HF papilloma,1,1,WES,hairfollicle04-c2-t3,0.045
Btnl9,HF papilloma,1,1,WES,hairfollicle04-c5-t3,0.022
Bub1b,Morphologically normal,3,4,WES,hairfollicle04-c6-t3; hairfollicle05-b5-t3; hairfollicle05-e5-t3,0.073
Bub3,Morphologically normal,1,1,WES,hairfollicle05-b1-t3,0.119
Bud13,Morphologically normal,4,3,WES,hairfollicle05-b1-t3; skin04-c6-t2; skin05-b5-t2; skin05-c7-t2,0.173
Bzw1,Morphologically normal,1,1,WES,hairfollicle05-e5-t3,0.033
C130026I21Rik,Morphologically normal,9,3,WES,hairfollicle04-c6-t3; hairfollicle05-b1-t3; hairfollicle05-b5-t3; hairfollicle05-c7-t2; hairfollicle05-e5-t3; skin04-c6-t2; skin05-b1-t2; skin05-b5-t2; skin05-c7-t2,0.128
C130026I21Rik,HF papilloma,3,3,WES,hairfollicle04-c2-t3; hairfollicle04-c4-t3; hairfollicle04-c5-t3,0.09
C130026I21Rik,Skin papilloma,3,3,WES,skin04-c2-t2; skin04-c4-t2; skin04-c5-t2,0.067
C1qb,Morphologically normal,1,1,WES,hairfollicle04-c6-t3,0.046
C1qb,HF papilloma,1,1,WES,hairfollicle04-c5-t3,0.027
C1qbp,Morphologically normal,1,1,WES,hairfollicle05-e5-t3,0.03
C1qc,Skin papilloma,1,1,WES,skin04-c4-t2,0.091
C1ra,Morphologically normal,1,1,WES,hairfollicle05-c7-t2,0.097
C1rl,Morphologically normal,1,1,WES,hairfollicle05-b1-t3,0.133
C2cd2l,Morphologically normal,1,2,WES,hairfollicle05-b1-t3,0.241
C2cd3,Morphologically normal,2,2,WES,hairfollicle05-b5-t3; hairfollicle05-c7-t2,0.097
C2cd5,Skin papilloma,1,1,WES,skin04-c2-t2,0.081
C3,Morphologically normal,1,1,WES,hairfollicle05-e5-t3,0.025
C87977,Morphologically normal,1,1,WES,hairfollicle04-c6-t3,0.04
C87977,HF papilloma,1,1,WES,hairfollicle04-c5-t3,0.019
C87977,Skin papilloma,1,1,WES,skin04-c4-t2,0.097
C8g,Morphologically normal,1,1,WES,skin04-c6-t2,0.034
C9orf72,Morphologically normal,1,1,WES,hairfollicle05-b1-t3,0.192
CK137956,Morphologically normal,1,1,WES,hairfollicle05-e5-t3,0.048
Cabin1,Morphologically normal,1,1,WES,hairfollicle05-c7-t2,0.091
Cabs1,Morphologically normal,1,1,WES,skin05-c7-t2,0.083
Cacna1a,HF papilloma,1,1,WES,hairfollicle04-c5-t3,0.029
Cacna1b,Morphologically normal,2,2,WES,hairfollicle04-c6-t3; skin04-c6-t2,0.081
Cacna1b,HF papilloma,1,1,WES,hairfollicle04-c5-t3,0.055
Cacna1d,Morphologically normal,3,3,TES,hairfollicle21-d1-w8; hairfollicle21-d4-w17; hairfollicle21-f6-w8,0.325
Cacna1e,Morphologically normal,1,1,WES,hairfollicle05-b5-t3,0.151
Cacna1e,Skin papilloma,1,1,WES,skin04-c5-t2,0.031
Cacna1f,Morphologically normal,4,4,WES,hairfollicle05-b1-t3; hairfollicle05-b5-t3; hairfollicle05-e5-t3; skin04-c6-t2,0.167
Cacna1g,Morphologically normal,1,1,WES,hairfollicle05-c7-t2,0.083
Cacna1h,Morphologically normal,2,2,WES,skin04-c6-t2; skin05-e5-t2,0.077
Cacna1s,Morphologically normal,1,1,WES,hairfollicle05-b5-t3,0.1
Cacna2d1,Morphologically normal,1,1,WES,hairfollicle05-e5-t3,0.031
Cacna2d1,Skin papilloma,1,1,WES,skin04-c4-t2,0.05
Cacna2d3,Morphologically normal,1,1,WES,hairfollicle05-e5-t3,0.027
Cacna2d4,Morphologically normal,2,2,WES,hairfollicle05-b1-t3; skin04-c6-t2,0.111
Cacna2d4,HF papilloma,2,3,WES,hairfollicle04-c4-t3; hairfollicle04-c5-t3,0.043
Cacnb2,Morphologically normal,1,1,WES,hairfollicle05-c7-t2,0.05
Cactin,Morphologically normal,2,2,TES,hairfollicle21-c1-w17; hairfollicle21-d4-w14,0.25
Cactin,Skin SCC,1,1,TES,skin21-g4-w19,0.068
Cad,Morphologically normal,1,1,WES,skin04-c6-t2,0.077
Cadm2,HF papilloma,1,1,WES,hairfollicle04-c4-t3,0.047
Cadps,Skin papilloma,1,1,WES,skin04-c4-t2,0.065
Calcoco2,Morphologically normal,1,1,WES,hairfollicle04-c6-t3,0.091
Calcrl,Morphologically normal,2,2,WES,hairfollicle05-b1-t3; hairfollicle05-e5-t3,0.2
Calhm4,Skin papilloma,2,2,WES,skin04-c2-t2; skin04-c5-t2,0.079
Calhm6,HF papilloma,1,1,WES,hairfollicle04-c5-t3,0.067
Caln1,Morphologically normal,1,1,WES,skin04-c6-t2,0.041
Camk2a,Morphologically normal,1,1,WES,hairfollicle04-c6-t3,0.101
Camk2b,Morphologically normal,1,1,WES,hairfollicle05-e5-t3,0.034
Camk2b,HF papilloma,1,1,WES,hairfollicle04-c4-t3,0.057
Camk2g,Morphologically normal,1,1,WES,skin05-b5-t2,0.044
Camk2g,Skin papilloma,1,1,WES,skin04-c5-t2,0.04
Camk2n1,Morphologically normal,1,1,WES,skin05-b1-t2,0.073
Camkk1,Morphologically normal,1,1,WES,hairfollicle05-e5-t3,0.022
Camp,Morphologically normal,1,1,WES,hairfollicle05-c7-t2,0.141
Camsap3,Morphologically normal,1,1,WES,hairfollicle05-e5-t3,0.022
Camta1,Morphologically normal,1,1,WES,hairfollicle05-b1-t3,0.125
Camta2,Morphologically normal,1,1,WES,hairfollicle05-c7-t2,0.08
Capn1,Morphologically normal,1,1,WES,hairfollicle05-e5-t3,0.032
Capn1,HF papilloma,1,1,WES,hairfollicle04-c4-t3,0.06
Capn10,Morphologically normal,1,1,WES,hairfollicle05-e5-t3,0.032
Capn12,Morphologically normal,1,1,WES,hairfollicle05-c7-t2,0.136
Capn13,Morphologically normal,1,1,WES,hairfollicle05-b5-t3,0.072
Capn6,Morphologically normal,1,1,WES,hairfollicle05-c7-t2,0.13
Capn8,Morphologically normal,1,1,WES,skin04-c6-t2,0.056
Capn9,Morphologically normal,2,2,WES,hairfollicle04-c6-t3; skin05-c7-t2,0.081
Caprin1,Morphologically normal,1,1,WES,hairfollicle05-e5-t3,0.028
Caprin2,Morphologically normal,1,1,WES,hairfollicle05-e5-t3,0.02
Caprin2,Skin papilloma,1,1,WES,skin04-c5-t2,0.097
Caps2,Morphologically normal,1,1,WES,hairfollicle05-b1-t3,0.136
Card10,HF papilloma,1,1,WES,hairfollicle04-c5-t3,0.032
Card11,HF SCC,1,1,TES,hairfollicle21-c6-w8,0.326
Carf,Morphologically normal,1,1,WES,hairfollicle05-e5-t3,0.038
Carmil1,Morphologically normal,3,3,WES,hairfollicle05-b1-t3; hairfollicle05-e5-t3; skin04-c6-t2,0.1
Carmil2,Morphologically normal,1,1,WES,hairfollicle05-b5-t3,0.065
Cars,Morphologically normal,1,1,WES,skin04-c6-t2,0.065
Cars,Skin papilloma,1,1,WES,skin04-c5-t2,0.03
Casc1,HF papilloma,1,1,WES,hairfollicle04-c5-t3,0.033
Casc1,Skin papilloma,1,1,WES,skin04-c5-t2,0.036
Casd1,Morphologically normal,1,1,WES,skin04-c6-t2,0.049
Caskin2,Morphologically normal,2,2,WES,hairfollicle05-c7-t2; hairfollicle05-e5-t3,0.097
Casp12,Skin papilloma,1,1,WES,skin04-c5-t2,0.036
Casp8ap2,Morphologically normal,1,1,WES,hairfollicle05-b5-t3,0.105
Casp9,Morphologically normal,1,1,WES,hairfollicle05-c7-t2,0.067
Casp9,Skin papilloma,1,1,WES,skin04-c2-t2,0.037
Casq2,Skin papilloma,1,1,WES,skin04-c5-t2,0.067
Casr,Morphologically normal,1,1,WES,hairfollicle03-a3,0.277
Cass4,HF papilloma,1,1,WES,hairfollicle04-c2-t3,0.027
Catsper1,Skin papilloma,1,1,WES,skin03-f6,0.023
Cbfa2t2,Morphologically normal,1,1,WES,hairfollicle05-b5-t3,0.091
Cbfa2t3,Morphologically normal,1,1,WES,hairfollicle05-c7-t2,0.083
Cblb,Morphologically normal,1,1,WES,hairfollicle05-c7-t2,0.103
Cbr4,Skin papilloma,1,1,WES,skin04-c4-t2,0.04
Cbwd1,Morphologically normal,1,1,WES,skin04-c6-t2,0.097
Cbwd1,HF papilloma,1,1,WES,hairfollicle04-c4-t3,0.088
Cbx2,Morphologically normal,1,2,WES,skin04-c6-t2,0.079
Cbx4,Morphologically normal,2,2,WES,hairfollicle05-c7-t2; skin05-e5-t2,0.105
Cbx8,Morphologically normal,1,1,WES,hairfollicle05-e5-t3,0.035
Cc2d1a,Morphologically normal,1,1,WES,hairfollicle05-e5-t3,0.058
Cc2d2a,Morphologically normal,2,2,WES,hairfollicle05-b5-t3; hairfollicle05-e5-t3,0.065
Ccdc106,Morphologically normal,2,2,WES,hairfollicle05-c7-t2; skin03-e6,0.176
Ccdc110,Morphologically normal,1,1,WES,skin04-c6-t2,0.056
Ccdc116,Skin papilloma,1,1,WES,skin04-c2-t2,0.03
Ccdc120,Morphologically normal,1,1,WES,skin04-c6-t2,0.05
Ccdc125,Morphologically normal,1,1,WES,hairfollicle05-b1-t3,0.136
Ccdc13,Skin papilloma,1,1,WES,skin04-c4-t2,0.035
Ccdc130,Morphologically normal,1,1,WES,hairfollicle05-b5-t3,0.08
Ccdc136,Morphologically normal,1,1,WES,hairfollicle04-c6-t3,0.042
Ccdc141,Morphologically normal,1,2,WES,hairfollicle05-e5-t3,0.042
Ccdc151,Morphologically normal,2,2,WES,hairfollicle05-c7-t2; skin04-c6-t2,0.091
Ccdc155,Morphologically normal,1,1,WES,hairfollicle05-c7-t2,0.069
Ccdc155,Skin papilloma,1,1,WES,skin04-c5-t2,0.048
Ccdc158,Morphologically normal,2,2,WES,hairfollicle05-e5-t3; skin04-c6-t2,0.034
Ccdc158,HF papilloma,1,1,WES,hairfollicle04-c4-t3,0.093
Ccdc162,Morphologically normal,1,1,WES,hairfollicle04-c6-t3,0.039
Ccdc171,Morphologically normal,1,1,WES,hairfollicle05-c7-t2,0.167
Ccdc175,Morphologically normal,1,1,WES,hairfollicle05-c7-t2,0.084
Ccdc175,Skin papilloma,1,1,WES,skin04-c5-t2,0.067
Ccdc178,Morphologically normal,1,1,WES,hairfollicle05-c7-t2,0.143
Ccdc183,Morphologically normal,1,1,WES,hairfollicle03-e6,0.358
Ccdc22,Morphologically normal,1,1,WES,skin05-e5-t2,0.047
Ccdc22,HF papilloma,1,1,WES,hairfollicle04-c5-t3,0.054
Ccdc28b,Morphologically normal,1,1,WES,skin05-e5-t2,0.059
Ccdc33,Morphologically normal,1,1,WES,hairfollicle05-e5-t3,0.074
Ccdc57,HF papilloma,1,1,WES,hairfollicle04-c5-t3,0.042
Ccdc60,HF papilloma,1,1,WES,hairfollicle04-c5-t3,0.036
Ccdc62,Morphologically normal,1,1,WES,hairfollicle04-c6-t3,0.04
Ccdc63,HF papilloma,1,1,WES,hairfollicle04-c4-t3,0.059
Ccdc70,Morphologically normal,1,1,WES,hairfollicle04-c6-t3,0.065
Ccdc73,Morphologically normal,1,1,WES,hairfollicle05-c7-t2,0.107
Ccdc77,HF papilloma,1,1,WES,hairfollicle04-c5-t3,0.038
Ccdc8,Morphologically normal,3,4,WES,hairfollicle04-c6-t3; hairfollicle05-b1-t3; skin05-b1-t2,0.094
Ccdc80,Morphologically normal,1,1,WES,hairfollicle05-e5-t3,0.025
Ccdc80,HF papilloma,1,1,WES,hairfollicle04-c5-t3,0.028
Ccdc81,Morphologically normal,1,1,WES,hairfollicle05-c7-t2,0.143
Ccdc85a,Morphologically normal,1,1,WES,skin04-c6-t2,0.036
Ccdc86,HF papilloma,1,1,WES,hairfollicle04-c5-t3,0.041
Ccdc97,Skin papilloma,1,1,WES,skin04-c5-t2,0.073
Ccdc9b,Morphologically normal,1,1,WES,skin05-e5-t2,0.037
Ccer1,HF papilloma,1,1,WES,hairfollicle04-c2-t3,0.043
Cchcr1,Morphologically normal,1,1,WES,hairfollicle05-b1-t3,0.231
Ccm2l,Morphologically normal,1,1,WES,hairfollicle04-c6-t3,0.042
Ccm2l,HF papilloma,1,1,WES,hairfollicle04-c5-t3,0.055
Ccna2,Morphologically normal,1,1,WES,hairfollicle05-b1-t3,0.143
Ccnb3,Morphologically normal,1,1,WES,hairfollicle05-c7-t2,0.202
Ccnb3,HF papilloma,1,1,WES,hairfollicle04-c2-t3,0.028
Ccne1,HF papilloma,1,1,WES,hairfollicle04-c5-t3,0.052
Ccnf,Morphologically normal,1,1,WES,hairfollicle05-e5-t3,0.021
Ccnjl,Morphologically normal,1,1,WES,skin04-c6-t2,0.084
Ccnq,Morphologically normal,1,1,WES,skin04-c6-t2,0.037
Ccnt2,Skin papilloma,1,1,WES,skin04-c5-t2,0.051
Ccr5,Morphologically normal,1,1,WES,hairfollicle04-c6-t3,0.036
Ccr8,Morphologically normal,1,1,WES,hairfollicle05-e5-t3,0.026
Ccr8,HF papilloma,1,1,WES,hairfollicle04-c5-t3,0.03
Ccrl2,HF papilloma,1,1,WES,hairfollicle04-c2-t3,0.055
Ccser1,Morphologically normal,2,2,WES,hairfollicle04-g2-t2; hairfollicle05-e5-t3,0.222
Cct4,Morphologically normal,1,1,WES,hairfollicle03-e6,0.444
Cct5,Morphologically normal,1,2,WES,hairfollicle05-e5-t3,0.027
Cd163,Morphologically normal,1,1,WES,hairfollicle05-e5-t3,0.032
Cd163l1,Morphologically normal,1,1,WES,skin04-c6-t2,0.04
Cd177,HF papilloma,1,1,WES,hairfollicle04-c4-t3,0.046
Cd2,Morphologically normal,1,1,WES,hairfollicle05-c7-t2,0.103
Cd200r4,Morphologically normal,1,1,WES,hairfollicle05-c7-t2,0.1
Cd209f,HF papilloma,1,1,WES,hairfollicle04-c2-t3,0.029
Cd247,Morphologically normal,1,1,WES,hairfollicle05-b5-t3,0.097
Cd247,HF papilloma,1,1,WES,hairfollicle04-c2-t3,0.029
Cd248,Morphologically normal,1,1,WES,hairfollicle05-c7-t2,0.2
Cd27,Morphologically normal,1,1,WES,hairfollicle04-c6-t3,0.07
Cd274,Morphologically normal,1,1,WES,skin05-e5-t2,0.059
Cd28,Skin papilloma,1,1,WES,skin04-c2-t2,0.028
Cd300c,Morphologically normal,1,1,WES,hairfollicle05-c7-t2,0.108
Cd300c,HF papilloma,1,1,WES,hairfollicle04-c5-t3,0.035
Cd300ld2,Morphologically normal,1,1,WES,skin05-b5-t2,0.025
Cd300lf,Morphologically normal,1,1,WES,hairfollicle05-e5-t3,0.025
Cd37,HF papilloma,1,1,WES,hairfollicle04-c5-t3,0.06
Cd3eap,Morphologically normal,1,1,WES,hairfollicle05-e5-t3,0.037
Cd4,HF papilloma,1,1,WES,hairfollicle04-c4-t3,0.056
Cd44,Morphologically normal,1,2,WES,hairfollicle05-e5-t3,0.048
Cd47,Skin papilloma,1,1,WES,skin04-c5-t2,0.054
Cd6,Morphologically normal,1,1,WES,hairfollicle05-e5-t3,0.055
Cd6,Skin papilloma,1,2,WES,skin04-c5-t2,0.07
Cd79b,Morphologically normal,1,1,WES,hairfollicle04-c6-t3,0.052
Cd86,Morphologically normal,1,1,WES,hairfollicle05-b5-t3,0.042
Cd8b1,Morphologically normal,1,1,WES,hairfollicle04-c6-t3,0.052
Cd93,Morphologically normal,1,1,WES,hairfollicle04-c6-t3,0.081
Cdan1,Morphologically normal,2,2,WES,hairfollicle05-e5-t3; skin04-c6-t2,0.037
Cdc14a,Morphologically normal,1,1,WES,hairfollicle05-e5-t3,0.025
Cdc25a,Skin papilloma,1,1,WES,skin04-c5-t2,0.031
Cdc27,HF papilloma,1,1,WES,hairfollicle04-c4-t3,0.068
Cdc34b,Morphologically normal,1,1,WES,hairfollicle05-b5-t3,0.064
Cdc42bpa,Morphologically normal,1,1,WES,hairfollicle05-e5-t3,0.043
Cdc42bpa,Skin papilloma,1,1,WES,skin04-c2-t2,0.071
Cdc42bpb,Morphologically normal,1,1,WES,hairfollicle05-e5-t3,0.036
Cdc42ep3,Morphologically normal,1,1,WES,hairfollicle05-e5-t3,0.022
Cdc6,Morphologically normal,1,1,WES,hairfollicle05-b1-t3,0.1
Cdc7,Morphologically normal,1,1,WES,hairfollicle04-c6-t3,0.043
Cdca7,Morphologically normal,1,1,WES,skin04-c6-t2,0.097
Cdca7,HF papilloma,1,1,WES,hairfollicle04-c5-t3,0.048
Cdcp1,Morphologically normal,1,1,WES,hairfollicle05-c7-t2,0.136
Cdh10,Skin papilloma,1,1,WES,skin04-c5-t2,0.083
Cdh11,Morphologically normal,1,1,WES,hairfollicle05-c7-t2,0.143
Cdh11,HF papilloma,1,1,WES,hairfollicle04-c2-t3,0.033
Cdh11,Skin papilloma,2,1,WES,skin04-c4-t2; skin04-c5-t2,0.04
Cdh15,Skin papilloma,1,2,WES,skin04-c4-t2,0.1
Cdh16,Morphologically normal,1,1,WES,hairfollicle04-c6-t3,0.071
Cdh18,Morphologically normal,2,2,WES,hairfollicle05-c7-t2; hairfollicle05-e5-t3,0.083
Cdh2,HF papilloma,1,1,WES,hairfollicle04-c2-t3,0.025
Cdh23,Morphologically normal,3,3,WES,hairfollicle04-c6-t3; hairfollicle05-b1-t3; hairfollicle05-c7-t2,0.13
Cdh26,HF papilloma,1,1,WES,hairfollicle04-c2-t3,0.045
Cdh5,Morphologically normal,1,1,WES,skin04-c6-t2,0.053
Cdh6,Morphologically normal,2,2,WES,hairfollicle04-c6-t3; hairfollicle05-c7-t2,0.083
Cdh7,Morphologically normal,1,2,WES,hairfollicle05-c7-t2,0.187
Cdh8,HF papilloma,1,1,WES,hairfollicle04-c4-t3,0.053
Cdhr1,Morphologically normal,1,1,WES,hairfollicle05-e5-t3,0.025
Cdhr2,Morphologically normal,1,1,WES,hairfollicle05-e5-t3,0.029
Cdhr3,Morphologically normal,2,2,WES,hairfollicle04-c6-t3; hairfollicle05-c7-t2,0.094
Cdhr4,HF papilloma,1,1,WES,hairfollicle04-c2-t3,0.058
Cdk16,Morphologically normal,1,1,WES,hairfollicle05-e5-t3,0.021
Cdk3,Skin papilloma,1,1,WES,skin04-c5-t2,0.057
Cdk5r2,Skin papilloma,1,1,WES,skin04-c2-t2,0.07
Cdk5rap1,Morphologically normal,1,1,WES,hairfollicle05-b5-t3,0.077
Cdk5rap2,HF papilloma,1,1,WES,hairfollicle04-c5-t3,0.05
Cdk5rap3,Morphologically normal,1,1,WES,hairfollicle05-c7-t2,0.057
Cdk8,Morphologically normal,1,1,WES,hairfollicle04-c6-t3,0.072
Cdkal1,Morphologically normal,1,1,WES,hairfollicle05-b1-t3,0.141
Cdkl1,HF papilloma,1,1,WES,hairfollicle04-c2-t3,0.038
Cdkl5,Morphologically normal,1,2,WES,hairfollicle05-c7-t2,0.125
Cdkn1a,Morphologically normal,1,1,WES,hairfollicle05-c7-t2,0.075
Cdkn2a,HF SCC,1,1,TES,hairfollicle21-b7-w8,0.661
Cdkn2aip,Morphologically normal,1,1,WES,hairfollicle05-c7-t2,0.088
Cdkn2aipnl,Morphologically normal,1,1,WES,hairfollicle05-c7-t2,0.074
Cdkn2b,Skin SCC,1,1,TES,skin21-pp-de-w19,0.048
Cdkn2d,Morphologically normal,1,1,WES,skin04-c6-t2,0.024
Cdon,Morphologically normal,2,2,WES,hairfollicle05-e5-t3; skin05-b5-t2,0.026
Cdr1,Morphologically normal,2,2,WES,hairfollicle05-b1-t3; hairfollicle05-b5-t3,0.089
Cdr1,HF papilloma,1,1,WES,hairfollicle04-c2-t3,0.018
Cdv3,Morphologically normal,6,2,WES,hairfollicle05-b5-t3; hairfollicle05-c7-t2; hairfollicle05-e5-t3; skin05-b1-t2; skin05-b5-t2; skin05-e5-t2,0.285
Ceacam12,Morphologically normal,1,1,WES,hairfollicle05-b5-t3,0.086
Ceacam16,Morphologically normal,1,1,WES,hairfollicle05-c7-t2,0.107
Ceacam16,Skin papilloma,1,1,WES,skin04-c5-t2,0.066
Ceacam20,HF papilloma,1,1,WES,hairfollicle04-c5-t3,0.039
Ceacam5,Morphologically normal,1,1,WES,hairfollicle05-b1-t3,0.166
Celf1,Morphologically normal,1,1,WES,skin05-e5-t2,0.083
Celsr1,Morphologically normal,2,2,WES,hairfollicle05-b1-t3; hairfollicle05-c7-t2,0.143
Celsr2,Morphologically normal,1,1,WES,hairfollicle05-b5-t3,0.083
Celsr3,Skin papilloma,1,1,WES,skin04-c5-t2,0.063
Cemip,Morphologically normal,2,2,WES,hairfollicle04-c6-t3; hairfollicle05-e5-t3,0.068
Cemip2,Morphologically normal,1,1,WES,hairfollicle05-e5-t3,0.034
Cenpa,Morphologically normal,1,1,WES,hairfollicle05-c7-t2,0.074
Cenpf,Morphologically normal,3,6,WES,hairfollicle05-c7-t2; hairfollicle05-e5-t3; skin05-e5-t2,0.106
Cenpf,HF papilloma,1,1,WES,hairfollicle04-c4-t3,0.055
Cenpi,HF papilloma,1,1,WES,hairfollicle04-c4-t3,0.044
Cenpj,Morphologically normal,1,1,WES,hairfollicle04-c6-t3,0.073
Cenpj,Skin papilloma,1,1,WES,skin04-c4-t2,0.061
Cenpt,Morphologically normal,1,1,WES,hairfollicle04-c6-t3,0.024
Cep104,HF papilloma,1,1,WES,hairfollicle04-c2-t3,0.025
Cep112,Skin papilloma,1,1,WES,skin04-c2-t2,0.1
Cep135,Morphologically normal,1,1,WES,hairfollicle05-b5-t3,0.073
Cep164,Morphologically normal,1,1,WES,hairfollicle05-c7-t2,0.13
Cep170,Morphologically normal,1,1,WES,hairfollicle05-c7-t2,0.12
Cep170b,HF papilloma,1,1,WES,hairfollicle04-c2-t3,0.024
Cep170b,Skin papilloma,1,1,WES,skin04-c2-t2,0.053
Cep19,Skin papilloma,1,1,WES,skin04-c5-t2,0.057
Cep192,Morphologically normal,1,2,WES,hairfollicle05-e5-t3,0.025
Cep192,HF papilloma,1,1,WES,hairfollicle03-f6-t2,0.403
Cep250,Morphologically normal,2,2,WES,hairfollicle05-c7-t2; skin05-e5-t2,0.143
Cep250,Skin papilloma,1,1,WES,skin04-c5-t2,0.029
Cep295,HF papilloma,2,2,WES,hairfollicle04-c4-t3; hairfollicle04-c5-t3,0.082
Cep41,Morphologically normal,1,1,WES,hairfollicle05-b1-t3,0.124
Cep78,Morphologically normal,1,1,WES,hairfollicle05-b1-t3,0.095
Cep89,Skin papilloma,1,1,WES,skin04-c5-t2,0.081
Cerk,HF papilloma,1,1,WES,hairfollicle04-c5-t3,0.035
Cerkl,Morphologically normal,1,1,WES,hairfollicle05-e5-t3,0.044
Ces1a,HF papilloma,1,1,WES,hairfollicle04-c5-t3,0.019
Ces1d,Morphologically normal,1,1,WES,hairfollicle04-c6-t3,0.131
Ces1h,Morphologically normal,1,1,WES,hairfollicle05-e5-t3,0.03
Ces2b,Skin papilloma,1,1,WES,skin04-c2-t2,0.022
Ces5a,Morphologically normal,2,2,WES,hairfollicle05-c7-t2; hairfollicle05-e5-t3,0.059
Cfap157,HF papilloma,1,1,WES,hairfollicle04-c4-t3,0.061
Cfap44,Morphologically normal,1,1,WES,hairfollicle05-b5-t3,0.088
Cfap46,Morphologically normal,1,1,WES,hairfollicle05-c7-t2,0.097
Cfap47,Morphologically normal,1,1,WES,hairfollicle05-c7-t2,0.097
Cfap54,Morphologically normal,1,1,WES,hairfollicle05-b5-t3,0.068
Cfap57,Skin papilloma,1,1,WES,skin04-c5-t2,0.058
Cfap58,HF papilloma,1,1,WES,hairfollicle04-c5-t3,0.044
Cfap61,HF papilloma,1,1,WES,hairfollicle04-c5-t3,0.029
Cfap65,HF papilloma,1,2,WES,hairfollicle04-c5-t3,0.025
Cfap70,Morphologically normal,1,1,WES,hairfollicle05-e5-t3,0.044
Cfb,Morphologically normal,1,2,WES,hairfollicle05-c7-t2,0.23
Cfc1,Morphologically normal,1,1,WES,skin04-c6-t2,0.04
Cfd,Morphologically normal,1,1,WES,hairfollicle05-c7-t2,0.156
Cfhr1,Skin papilloma,1,1,WES,skin04-c5-t2,0.053
Cfi,HF papilloma,2,2,WES,hairfollicle04-c2-t3; hairfollicle04-c4-t3,0.039
Cflar,Morphologically normal,1,1,WES,hairfollicle05-e5-t3,0.03
Cfp,Morphologically normal,1,2,WES,hairfollicle05-c7-t2,0.063
Cgnl1,Morphologically normal,1,1,WES,hairfollicle05-e5-t3,0.039
Cgnl1,HF papilloma,1,1,WES,hairfollicle04-c4-t3,0.06
Chaf1b,Morphologically normal,1,1,WES,hairfollicle05-e5-t3,0.027
Chat,Skin papilloma,1,1,WES,skin04-c4-t2,0.036
Chd1,Skin papilloma,1,1,WES,skin04-c5-t2,0.038
Chd1l,Morphologically normal,3,3,WES,hairfollicle05-b5-t3; hairfollicle05-c6; hairfollicle05-e5-t3,0.4
Chd3,Morphologically normal,1,1,WES,hairfollicle04-c6-t3,0.042
Chd4,Skin papilloma,1,1,WES,skin04-c4-t2,0.067
Chd5,Morphologically normal,1,1,WES,hairfollicle05-e5-t3,0.031
Chd5,Skin papilloma,1,1,WES,skin04-c2-t2,0.053
Chd7,Morphologically normal,1,1,WES,skin04-c6-t2,0.072
Chia1,Skin papilloma,1,1,WES,skin04-c2-t2,0.034
Chil4,Morphologically normal,1,1,WES,hairfollicle05-e5-t3,0.022
Chrd,Morphologically normal,1,1,WES,hairfollicle04-c6-t3,0.055
Chrdl1,Morphologically normal,1,1,WES,hairfollicle04-c6-t3,0.05
Chrdl2,Morphologically normal,1,1,WES,hairfollicle05-c7-t2,0.109
Chrm2,Skin papilloma,1,1,WES,skin04-c5-t2,0.067
Chrna1,Morphologically normal,1,1,WES,hairfollicle05-e5-t3,0.029
Chrna2,HF papilloma,1,1,WES,hairfollicle04-c2-t3,0.042
Chrna5,Skin papilloma,1,1,WES,skin04-c5-t2,0.089
Chrna7,Morphologically normal,1,1,WES,skin04-c6-t2,0.065
Chrnb1,Morphologically normal,1,1,WES,hairfollicle05-e5-t3,0.028
Chrnb4,Morphologically normal,2,2,WES,hairfollicle05-b5-t3; hairfollicle05-c7-t2,0.103
Chrnd,Morphologically normal,1,1,WES,hairfollicle04-c6-t3,0.078
Chrne,HF papilloma,1,2,WES,hairfollicle04-c5-t3,0.046
Chrng,Morphologically normal,1,1,WES,skin05-c7-t2,0.088
Chst7,Morphologically normal,2,2,WES,hairfollicle05-c7-t2; skin04-c6-t2,0.131
Chst9,Morphologically normal,1,2,WES,hairfollicle04-c6-t3,0.055
Chsy3,Morphologically normal,1,1,WES,hairfollicle05-c7-t2,0.068
Chtf18,Morphologically normal,1,1,WES,hairfollicle05-c7-t2,0.114
Chuk,Morphologically normal,1,1,TES,hairfollicle21-g2-w14,0.158
Chuk,HF SCC,1,1,TES,hairfollicle21-b7-w8,0.308
Ciapin1,Skin papilloma,1,1,WES,skin04-c4-t2,0.048
Cic,Morphologically normal,2,2,WES,hairfollicle05-c7-t2; hairfollicle05-e5-t3,0.097
Ciita,Morphologically normal,1,1,WES,hairfollicle05-e5-t3,0.025
Cilk1,Morphologically normal,1,1,WES,hairfollicle05-c7-t2,0.154
Cilp,Morphologically normal,1,1,WES,skin04-c6-t2,0.056
Cip2a,Morphologically normal,1,1,WES,hairfollicle05-e5-t3,0.033
Cipc,Morphologically normal,1,2,WES,hairfollicle05-e5-t3,0.026
Cit,Morphologically normal,1,1,WES,hairfollicle05-c7-t2,0.103
Ciz1,Morphologically normal,1,1,WES,hairfollicle03-a3,0.25
Ckap2,HF papilloma,1,1,WES,hairfollicle04-c4-t3,0.049
Ckap4,Skin papilloma,1,1,WES,skin04-c5-t2,0.037
Ckap5,Morphologically normal,1,1,WES,skin04-c6-t2,0.081
Ckmt2,Morphologically normal,1,1,WES,hairfollicle05-b1-t3,0.222
Clasp1,Morphologically normal,2,3,WES,hairfollicle04-c6-t3; hairfollicle05-e5-t3,0.061
Clca1,Morphologically normal,1,1,WES,hairfollicle05-b1-t3,0.211
Clca3a1,Morphologically normal,1,1,WES,hairfollicle04-c6-t3,0.063
Clca3a2,HF papilloma,1,1,WES,hairfollicle04-c2-t3,0.028
Clca3b,Morphologically normal,1,1,WES,skin04-c6-t2,0.016
Clca4a,Morphologically normal,1,1,WES,hairfollicle05-c7-t2,0.091
Clcn2,Morphologically normal,2,3,WES,hairfollicle05-b1-t3; hairfollicle05-e5-t3,0.166
Clcn3,Skin papilloma,1,1,WES,skin04-c4-t2,0.097
Clcnka,Morphologically normal,1,1,WES,hairfollicle05-e5-t3,0.032
Cldn18,HF papilloma,2,2,WES,hairfollicle04-c2-t3; hairfollicle04-c5-t3,0.033
Cldn18,Skin papilloma,1,1,WES,skin04-c5-t2,0.065
Cldn3,Morphologically normal,2,2,WES,hairfollicle05-e5-t3; skin05-b5-t2,0.047
Clec18a,Morphologically normal,1,1,WES,hairfollicle05-c7-t2,0.042
Clec4a4,Morphologically normal,1,1,WES,skin04-c6-t2,0.045
Clgn,HF papilloma,1,1,WES,hairfollicle04-c5-t3,0.045
Clic4,Morphologically normal,1,1,WES,skin05-b1-t2,0.044
Clic6,Morphologically normal,1,1,WES,hairfollicle05-e5-t3,0.034
Clip1,Skin papilloma,1,1,WES,skin04-c5-t2,0.066
Clip2,Morphologically normal,1,1,WES,hairfollicle05-e5-t3,0.048
Clip2,Skin papilloma,1,1,WES,skin04-c2-t2,0.056
Clk3,Skin papilloma,1,1,WES,skin04-c5-t2,0.061
Clmn,Morphologically normal,2,2,WES,hairfollicle05-b1-t3; hairfollicle05-e5-t3,0.13
Clmn,HF papilloma,1,1,WES,hairfollicle04-c5-t3,0.044
Clock,Morphologically normal,1,1,WES,skin04-c6-t2,0.101
Clptm1,Morphologically normal,2,2,WES,hairfollicle05-c7-t2; skin05-e5-t2,0.08
Clptm1l,Morphologically normal,1,1,WES,skin05-e5-t2,0.062
Clstn3,Morphologically normal,1,1,WES,hairfollicle05-c7-t2,0.167
Clstn3,HF papilloma,1,1,WES,hairfollicle04-c5-t3,0.031
Clu,Skin papilloma,1,1,WES,skin04-c4-t2,0.039
Cluh,Morphologically normal,1,1,WES,hairfollicle04-c6-t3,0.062
Clybl,Morphologically normal,1,1,WES,skin05-c7-t2,0.036
Cmklr1,Morphologically normal,1,1,WES,skin05-c6,0.044
Cmpk2,Morphologically normal,1,1,WES,hairfollicle05-c7-t2,0.103
Cmss1,Morphologically normal,1,1,WES,skin05-e5-t2,0.083
Cmtm4,Morphologically normal,1,1,WES,hairfollicle05-b1-t3,0.149
Cmtr1,Morphologically normal,1,1,WES,hairfollicle05-c7-t2,0.096
Cndp2,Morphologically normal,1,1,WES,hairfollicle05-e5-t3,0.02
Cnep1r1,Morphologically normal,1,1,WES,skin04-c6-t2,0.077
Cnfn,Morphologically normal,1,1,WES,hairfollicle04-g2-t2,0.312
Cnga1,Morphologically normal,1,1,WES,hairfollicle05-b5-t3,0.061
Cnga2,Morphologically normal,1,1,WES,hairfollicle05-b1-t3,0.125
Cnga2,HF papilloma,1,1,WES,hairfollicle04-c5-t3,0.022
Cnga4,Morphologically normal,1,1,WES,hairfollicle05-b1-t3,0.12
Cnga4,Skin papilloma,1,1,WES,skin04-c5-t2,0.067
Cnih1,Morphologically normal,1,1,WES,hairfollicle05-b1-t3,0.115
Cnksr1,Skin papilloma,1,1,WES,skin04-c4-t2,0.04
Cnn1,Morphologically normal,1,1,WES,hairfollicle05-e5-t3,0.022
Cnnm4,Morphologically normal,1,2,WES,hairfollicle04-c6-t3,0.087
Cnot1,Morphologically normal,3,3,TES; WES,hairfollicle05-b5-t3; hairfollicle21-d1-w8; hairfollicle21-f6-w8,0.229
Cnot1,HF papilloma,1,1,TES,hairfollicle21-d2-w8,0.5
Cnot1,HF SCC,1,1,TES,hairfollicle21-e3-w14,0.308
Cnp,Morphologically normal,1,1,WES,hairfollicle05-e5-t3,0.041
Cnr2,HF papilloma,1,1,WES,hairfollicle04-c2-t3,0.028
Cntd1,Morphologically normal,1,1,WES,hairfollicle05-e5-t3,0.027
Cntn4,Morphologically normal,1,1,WES,hairfollicle05-c7-t2,0.091
Cntnap1,Morphologically normal,2,3,WES,hairfollicle05-e5-t3; skin04-c6-t2,0.079
Cntnap2,HF papilloma,2,2,WES,hairfollicle04-c4-t3; hairfollicle04-c5-t3,0.072
Cntnap3,HF papilloma,1,1,WES,hairfollicle04-c2-t3,0.031
Cntnap4,Morphologically normal,1,1,WES,skin05-b5-t2,0.068
Cntnap4,HF papilloma,1,1,TES,hairfollicle21-d6-w17,0.043
Cntnap4,HF SCC,1,1,TES,hairfollicle21-c6-w14,0.09
Cntnap5a,Morphologically normal,1,1,WES,hairfollicle05-b5-t3,0.122
Cntnap5c,HF papilloma,1,1,WES,hairfollicle04-c5-t3,0.028
Cntrob,Morphologically normal,1,1,WES,skin03-c5,0.086
Coa7,Morphologically normal,1,1,WES,hairfollicle04-c6-t3,0.038
Cobl,Skin papilloma,1,1,WES,skin04-c5-t2,0.027
Cobll1,Morphologically normal,21,15,TES; WES,hairfollicle21-b5-w8; hairfollicle21-c1-w17; hairfollicle21-c2-w17; hairfollicle21-c3-w17; hairfollicle21-c5-w17; hairfollicle21-d1-w8; hairfollicle21-d3-w8; hairfollicle21-d4-w14; hairfollicle21-d4-w8; hairfollicle21-e6-w17; hairfollicle21-f2-w19; hairfollicle21-f5-w17; hairfollicle21-f6-w8; hairfollicle21-f7-w19; hairfollicle21-g1-w14; hairfollicle21-g1-w8; hairfollicle21-g2-w19; hairfollicle21-g3-w14; hairfollicle21-g4-w8; hairfollicle21-g5-w17; skin05-b5-t2,0.455
Cobll1,HF papilloma,3,3,TES,hairfollicle21-d6-w17; hairfollicle21-f1-w14; hairfollicle21-f1-w8,0.094
Cobll1,HF SCC,7,8,TES,hairfollicle21-b6-w14; hairfollicle21-b6-w17; hairfollicle21-b6-w8; hairfollicle21-c6-w14; hairfollicle21-f4-w17; hairfollicle21-f4-w8; hairfollicle21-g6-w19,0.208
Coch,Morphologically normal,1,1,WES,hairfollicle05-e5-t3,0.027
Cog1,Morphologically normal,1,1,WES,hairfollicle05-b5-t3,0.075
Cog6,HF papilloma,1,1,WES,hairfollicle04-c2-t3,0.033
Cog7,Morphologically normal,1,1,WES,hairfollicle05-b5-t3,0.1
Col11a2,HF papilloma,1,2,WES,hairfollicle04-c2-t3,0.042
Col12a1,Morphologically normal,2,3,TES; WES,hairfollicle05-c7-t2; hairfollicle21-d1-w8,0.163
Col12a1,HF SCC,1,1,TES,hairfollicle21-e3-w17,0.125
Col13a1,Morphologically normal,2,2,WES,hairfollicle05-c7-t2; skin05-e5-t2,0.111
Col14a1,Morphologically normal,1,1,WES,hairfollicle05-c7-t2,0.115
Col14a1,Skin papilloma,1,1,WES,skin04-c5-t2,0.038
Col16a1,Morphologically normal,1,1,WES,skin05-e5-t2,0.053
Col18a1,Morphologically normal,2,2,WES,hairfollicle05-e5-t3; skin04-c6-t2,0.04
Col1a1,HF papilloma,1,1,WES,hairfollicle04-c4-t3,0.043
Col1a2,Morphologically normal,1,1,WES,hairfollicle05-e5-t3,0.02
Col20a1,Morphologically normal,1,1,WES,hairfollicle05-e5-t3,0.041
Col22a1,Morphologically normal,1,1,WES,hairfollicle05-e5-t3,0.03
Col23a1,Morphologically normal,1,1,WES,hairfollicle05-b5-t3,0.081
Col25a1,Morphologically normal,1,1,WES,skin05-b5-t2,0.067
Col27a1,Morphologically normal,1,1,WES,hairfollicle05-e5-t3,0.027
Col28a1,Morphologically normal,1,1,WES,hairfollicle05-e5-t3,0.047
Col3a1,Morphologically normal,1,1,WES,hairfollicle05-b1-t3,0.176
Col4a2,Morphologically normal,1,1,WES,hairfollicle05-e5-t3,0.028
Col4a6,Morphologically normal,1,1,WES,hairfollicle05-e5-t3,0.03
Col5a1,Skin papilloma,1,1,WES,skin04-c2-t2,0.045
Col6a3,Morphologically normal,3,3,WES,hairfollicle05-b5-t3; hairfollicle05-c6; hairfollicle05-e5-t3,0.234
Col6a3,HF papilloma,1,1,WES,hairfollicle04-c4-t3,0.058
Col6a3,Skin papilloma,2,2,WES,skin04-c4-t2; skin04-c5-t2,0.065
Col6a4,Morphologically normal,1,1,WES,hairfollicle05-e5-t3,0.031
Col6a4,HF papilloma,1,1,WES,hairfollicle04-c4-t3,0.073
Col6a5,Morphologically normal,2,2,WES,hairfollicle04-c6-t3; hairfollicle05-e5-t3,0.06
Col6a5,Skin papilloma,1,1,WES,skin04-c5-t2,0.1
Col6a6,Morphologically normal,2,3,WES,hairfollicle05-c7-t2; hairfollicle05-e5-t3,0.065
Col6a6,HF papilloma,1,1,WES,hairfollicle04-c4-t3,0.103
Col7a1,Morphologically normal,3,3,WES,hairfollicle05-b5-t3; hairfollicle05-e5-t3; skin05-b1-t2,0.077
Col7a1,Skin papilloma,1,1,WES,skin04-c2-t2,0.034
Col9a1,HF papilloma,1,1,WES,hairfollicle04-c5-t3,0.08
Col9a2,Morphologically normal,1,1,WES,hairfollicle05-e5-t3,0.021
Col9a3,Morphologically normal,1,1,WES,hairfollicle05-b1-t3,0.4
Colca2,Morphologically normal,1,1,WES,hairfollicle04-g2-t2,0.182
Colec11,Morphologically normal,1,1,WES,hairfollicle05-b5-t3,0.098
Colgalt1,Morphologically normal,1,2,WES,skin04-c6-t2,0.083
Comp,HF papilloma,1,1,WES,hairfollicle04-c5-t3,0.024
Copa,Morphologically normal,3,3,WES,hairfollicle04-c6-t3; hairfollicle05-b1-t3; skin05-e5-t2,0.125
Copb1,Morphologically normal,1,1,WES,hairfollicle05-c7-t2,0.1
Copb2,Morphologically normal,1,1,TES,hairfollicle21-b5-w8,0.235
Copb2,HF SCC,1,1,TES,hairfollicle21-c7-w14,0.458
Copb2,Skin papilloma,1,1,WES,skin04-c5-t2,0.032
Cope,Morphologically normal,1,1,WES,skin04-c6-t2,0.038
Cops3,Skin papilloma,1,1,WES,skin04-c5-t2,0.05
Copz2,Morphologically normal,1,1,WES,hairfollicle05-b5-t3,0.064
Coq3,Morphologically normal,1,1,WES,hairfollicle05-e5-t3,0.025
Corin,Morphologically normal,1,1,WES,hairfollicle05-e5-t3,0.048
Coro1a,Morphologically normal,1,1,WES,hairfollicle05-c7-t2,0.054
Coro2b,Morphologically normal,1,1,WES,hairfollicle05-e5-t3,0.078
Cort,Morphologically normal,1,1,WES,hairfollicle05-c7-t2,0.056
Cox7a2l,Morphologically normal,1,1,WES,hairfollicle05-e5-t3,0.023
Cpa5,Morphologically normal,1,1,WES,skin05-e5-t2,0.034
Cpe,Morphologically normal,1,1,WES,skin05-e5-t2,0.091
Cpeb3,Morphologically normal,1,1,WES,hairfollicle05-b1-t3,0.136
Cped1,Morphologically normal,2,2,WES,skin04-c6-t2; skin05-e5-t2,0.043
Cplane1,Morphologically normal,3,3,WES,hairfollicle05-c7-t2; skin04-c6-t2; skin05-e5-t2,0.119
Cplane2,Morphologically normal,1,1,WES,hairfollicle05-b1-t3,0.091
Cpn1,Morphologically normal,1,1,WES,skin05-e5-t2,0.032
Cpne3,Morphologically normal,1,1,WES,skin04-c6-t2,0.083
Cpne4,Skin papilloma,1,1,WES,skin04-c4-t2,0.07
Cps1,Morphologically normal,1,1,WES,hairfollicle04-c6-t3,0.05
Cpsf1,Morphologically normal,1,1,WES,hairfollicle04-c6-t3,0.049
Cpsf3,Morphologically normal,1,1,WES,skin05-e5-t2,0.056
Cpsf4,Morphologically normal,1,1,WES,hairfollicle05-e5-t3,0.021
Cpt1a,Morphologically normal,1,1,WES,hairfollicle05-c7-t2,0.075
Cpxm1,Morphologically normal,1,1,WES,hairfollicle05-b5-t3,0.064
Cpxm2,HF papilloma,1,1,WES,hairfollicle04-c5-t3,0.034
Cr2,HF papilloma,1,1,TES,hairfollicle21-d2-w8,0.286
Cramp1l,Morphologically normal,1,1,WES,skin05-b5-t2,0.063
Crat,HF papilloma,1,1,WES,hairfollicle04-c2-t3,0.042
Crb2,Skin papilloma,1,1,WES,skin04-c5-t2,0.035
Creb5,Skin papilloma,1,1,WES,skin04-c2-t2,0.048
Crebbp,Morphologically normal,2,3,TES; WES,hairfollicle04-c6-t3; hairfollicle21-f6-w17,0.154
Crebbp,HF SCC,1,2,TES,hairfollicle21-b6-w14,0.506
Creg2,Skin papilloma,1,1,WES,skin04-c5-t2,0.081
Crh,HF papilloma,1,1,WES,hairfollicle04-c5-t3,0.041
Crhr1,HF papilloma,1,1,WES,hairfollicle04-c4-t3,0.117
Crhr2,Morphologically normal,1,1,WES,hairfollicle04-c6-t3,0.089
Crim1,Morphologically normal,1,1,WES,hairfollicle05-e5-t3,0.026
Crisp2,Morphologically normal,1,1,WES,hairfollicle05-c7-t2,0.176
Crk,Morphologically normal,1,1,WES,hairfollicle05-e5-t3,0.055
Crmp1,Morphologically normal,1,1,WES,hairfollicle05-c7-t2,0.064
Crxos,Morphologically normal,1,1,WES,hairfollicle04-c6-t3,0.037
Crybb3,Morphologically normal,1,2,WES,hairfollicle05-c7-t2,0.105
Crybg1,Morphologically normal,1,1,WES,hairfollicle05-c7-t2,0.137
Crybg2,Morphologically normal,2,2,WES,hairfollicle05-c7-t2; skin04-c6-t2,0.081
Crygd,HF papilloma,1,1,WES,hairfollicle04-c5-t3,0.027
Cryge,Morphologically normal,1,1,WES,hairfollicle04-c6-t3,0.038
Csf1,HF papilloma,1,1,WES,hairfollicle04-c4-t3,0.133
Csf2rb2,Morphologically normal,1,1,WES,hairfollicle05-e5-t3,0.028
Csf3r,Morphologically normal,3,3,WES,hairfollicle04-c6-t3; hairfollicle05-c7-t2; hairfollicle05-e5-t3,0.077
Csf3r,HF papilloma,1,1,WES,hairfollicle04-c5-t3,0.033
Csgalnact2,Morphologically normal,1,1,WES,hairfollicle05-b5-t3,0.059
Csl,Morphologically normal,1,1,WES,hairfollicle05-e5-t3,0.036
Csmd1,Morphologically normal,1,1,WES,skin04-c6-t2,0.04
Csmd1,HF papilloma,1,1,WES,hairfollicle04-c4-t3,0.079
Csmd2,Morphologically normal,4,5,TES; WES,hairfollicle04-c6-t3; hairfollicle05-b5-t3; hairfollicle21-c1-w17; skin04-c6-t2,0.153
Csmd2,HF SCC,1,1,TES,hairfollicle21-f4-w17,0.035
Csmd2,Skin papilloma,1,1,WES,skin04-c5-t2,0.091
Csmd3,Morphologically normal,1,1,WES,hairfollicle05-b1-t3,0.105
Csn1s2a,Morphologically normal,1,1,WES,hairfollicle05-b1-t3,0.167
Csnk1g1,Morphologically normal,1,1,WES,hairfollicle05-e5-t3,0.056
Csnk2b,Morphologically normal,2,1,WES,skin04-c6-t2; skin05-c7-t2,0.04
Cspg5,Morphologically normal,1,1,WES,hairfollicle05-c7-t2,0.083
Ctcf,HF SCC,1,1,TES,hairfollicle21-c6-w8,0.166
Ctdnep1,Skin papilloma,1,1,WES,skin04-c5-t2,0.044
Ctif,Morphologically normal,1,1,WES,hairfollicle05-e5-t3,0.021
Ctla2b,HF papilloma,1,1,WES,hairfollicle04-c5-t3,0.046
Ctla4,Morphologically normal,1,1,WES,hairfollicle04-c6-t3,0.073
Ctla4,HF papilloma,1,1,WES,hairfollicle04-c5-t3,0.031
Ctnna1,Morphologically normal,1,1,WES,hairfollicle05-b5-t3,0.093
Ctnnal1,Morphologically normal,1,1,WES,hairfollicle05-e5-t3,0.024
Ctnnb1,Morphologically normal,1,1,WES,hairfollicle04-c6-t3,0.093
Ctnnd2,HF papilloma,1,1,WES,hairfollicle04-c2-t3,0.034
Ctns,Morphologically normal,1,1,WES,hairfollicle05-c7-t2,0.103
Ctrl,HF papilloma,1,1,WES,hairfollicle04-c4-t3,0.044
Cts8,Morphologically normal,2,2,WES,hairfollicle04-c6-t3; hairfollicle05-b5-t3,0.224
Ctsll3,Morphologically normal,1,1,WES,hairfollicle05-e5-t3,0.023
Ctso,Morphologically normal,1,1,WES,hairfollicle05-e5-t3,0.024
Ctsr,HF papilloma,1,1,WES,hairfollicle04-c5-t3,0.046
Cttn,HF papilloma,1,1,WES,hairfollicle04-c4-t3,0.036
Ctu1,Morphologically normal,1,1,WES,hairfollicle05-b5-t3,0.065
Ctu2,Morphologically normal,1,1,WES,hairfollicle05-b1-t3,0.107
Cubn,Morphologically normal,1,1,WES,hairfollicle05-e5-t3,0.033
Cul9,Morphologically normal,2,2,WES,skin04-c6-t2; skin05-b5-t2,0.065
Cux1,Morphologically normal,1,1,WES,hairfollicle05-e5-t3,0.021
Cux2,Morphologically normal,1,1,WES,hairfollicle05-c7-t2,0.099
Cwc15,Skin papilloma,1,1,WES,skin04-c5-t2,0.1
Cwf19l1,Morphologically normal,1,1,WES,hairfollicle05-c7-t2,0.104
Cx3cl1,HF papilloma,1,1,WES,hairfollicle04-c2-t3,0.026
Cx3cr1,Morphologically normal,2,2,WES,skin04-c6-t2; skin05-b1-t2,0.061
Cxcr1,Skin papilloma,1,1,WES,skin04-c5-t2,0.059
Cxcr3,Morphologically normal,1,1,WES,hairfollicle04-c6-t3,0.051
Cxcr4,Morphologically normal,1,1,WES,skin05-e5-t2,0.042
Cxcr6,HF papilloma,1,1,WES,hairfollicle04-c5-t3,0.028
Cyba,Morphologically normal,1,1,WES,hairfollicle04-c6-t3,0.062
Cyfip2,Morphologically normal,2,2,WES,hairfollicle05-b5-t3; hairfollicle05-c7-t2,0.107
Cyld,HF SCC,1,1,TES,hairfollicle21-f3-w17,0.729
Cym,Morphologically normal,1,1,WES,hairfollicle04-c6-t3,0.043
Cyp11b1,HF papilloma,1,1,WES,hairfollicle04-c2-t3,0.037
Cyp1a1,Skin papilloma,1,1,WES,skin04-c2-t2,0.024
Cyp1a2,Morphologically normal,1,1,WES,hairfollicle05-b1-t3,0.158
Cyp1a2,Skin papilloma,1,1,WES,skin04-c5-t2,0.036
Cyp24a1,Morphologically normal,1,1,WES,skin05-c7-t2,0.049
Cyp24a1,Skin papilloma,1,1,WES,skin04-c5-t2,0.066
Cyp2a22,HF papilloma,1,1,WES,hairfollicle04-c4-t3,0.037
Cyp2a5,Morphologically normal,1,1,WES,hairfollicle05-b5-t3,0.073
Cyp2ab1,Morphologically normal,1,1,WES,hairfollicle05-c7-t2,0.088
Cyp2b10,Morphologically normal,1,1,TES,hairfollicle21-d4-w8,0.5
Cyp2b10,HF papilloma,2,2,TES,hairfollicle21-d6-w17; hairfollicle21-e1-w14,0.051
Cyp2b19,Skin papilloma,1,1,TES,skin21-f1-w19,0.012
Cyp2b19,Skin SCC,1,2,TES,skin21-b6-w19,0.037
Cyp2b23,HF papilloma,1,2,TES,hairfollicle21-f1-w8,0.333
Cyp2c37,Morphologically normal,2,2,WES,hairfollicle04-c6-t3; hairfollicle05-e5-t3,0.041
Cyp2c39,Skin papilloma,1,1,WES,skin04-c5-t2,0.035
Cyp2c50,Morphologically normal,1,1,WES,hairfollicle05-c7-t2,0.094
Cyp2c65,Morphologically normal,1,1,WES,hairfollicle05-e5-t3,0.03
Cyp2c68,Morphologically normal,1,1,WES,hairfollicle05-b5-t3,0.054
Cyp2d10,Morphologically normal,2,2,WES,hairfollicle05-b5-t3; hairfollicle05-c7-t2,0.097
Cyp2d10,HF papilloma,1,1,WES,hairfollicle04-c5-t3,0.021
Cyp2d11,Morphologically normal,2,2,WES,hairfollicle05-b5-t3; hairfollicle05-e5-t3,0.086
Cyp2d12,Morphologically normal,1,1,WES,hairfollicle04-c6-t3,0.118
Cyp2d40,HF papilloma,1,1,WES,hairfollicle04-c2-t3,0.031
Cyp2j11,HF papilloma,1,1,WES,hairfollicle04-c4-t3,0.043
Cyp2j7,HF papilloma,1,1,WES,hairfollicle04-c5-t3,0.057
Cyp2j9,Morphologically normal,1,1,WES,hairfollicle05-b1-t3,0.13
Cyp2u1,Morphologically normal,1,2,WES,hairfollicle05-c7-t2,0.266
Cyp3a44,Morphologically normal,6,2,WES,hairfollicle04-c6-t3; hairfollicle05-b1-t3; hairfollicle05-b5-t3; hairfollicle05-c7-t2; skin05-c7-t2; skin05-e5-t2,0.185
Cyp3a44,Skin papilloma,3,2,WES,skin04-c2-t2; skin04-c4-t2; skin04-c5-t2,0.037
Cyp4a12a,Morphologically normal,1,1,WES,hairfollicle05-e5-t3,0.024
Cyp4a12b,Skin papilloma,1,1,WES,skin04-c5-t2,0.051
Cyp4a29,Skin papilloma,1,1,WES,skin04-c5-t2,0.039
Cyp4a31,Morphologically normal,1,1,WES,hairfollicle05-b5-t3,0.133
Cyp4a32,Morphologically normal,1,1,WES,hairfollicle05-e5-t3,0.039
Cyp4f15,Morphologically normal,1,1,WES,hairfollicle05-b5-t3,0.082
Cyp4f15,HF papilloma,1,1,WES,hairfollicle04-c5-t3,0.051
Cyp4x1,Skin papilloma,1,1,WES,skin04-c5-t2,0.055
Cyp51,Morphologically normal,1,1,WES,hairfollicle05-b1-t3,0.143
Cyp8b1,Skin papilloma,1,1,WES,skin04-c4-t2,0.052
Cypt15,Morphologically normal,1,1,WES,hairfollicle05-e5-t3,0.033
Cyth1,HF papilloma,1,1,WES,hairfollicle04-c5-t3,0.04
Cytip,Morphologically normal,1,1,WES,hairfollicle05-e5-t3,0.023
D130043K22Rik,Morphologically normal,1,1,WES,hairfollicle05-c7-t2,0.158
D130043K22Rik,Skin papilloma,1,1,WES,skin04-c5-t2,0.071
D130052B06Rik,HF papilloma,1,1,WES,hairfollicle04-c2-t3,0.029
D1Pas1,HF papilloma,1,1,WES,hairfollicle04-c4-t3,0.064
D230025D16Rik,Morphologically normal,1,1,WES,hairfollicle05-e5-t3,0.025
D430041D05Rik,Morphologically normal,1,1,WES,hairfollicle05-e5-t3,0.048
D430041D05Rik,Skin papilloma,1,1,WES,skin04-c2-t2,0.02
D430042O09Rik,Morphologically normal,3,3,WES,hairfollicle05-b1-t3; hairfollicle05-b5-t3; hairfollicle05-e5-t3,0.11
D5Ertd579e,Morphologically normal,3,3,WES,hairfollicle03-a3; hairfollicle05-c7-t2; hairfollicle05-e5-t3,0.5
D630039A03Rik,Morphologically normal,1,1,WES,hairfollicle05-c7-t2,0.1
D630045J12Rik,Morphologically normal,1,1,WES,skin04-c6-t2,0.073
D6Ertd527e,Morphologically normal,1,1,TES,skin21-c5-w19,0.044
D6Ertd527e,HF papilloma,1,2,TES,hairfollicle21-d1-w17,0.026
D6Ertd527e,Skin papilloma,1,1,TES,skin21-f1-w19,0.044
D6Ertd527e,Skin SCC,1,1,TES,skin21-e4-w19,0.067
D930020B18Rik,HF papilloma,1,1,WES,hairfollicle04-c5-t3,0.032
D930020B18Rik,Skin papilloma,1,1,WES,skin04-c2-t2,0.042
Daam1,Skin papilloma,1,1,WES,skin04-c5-t2,0.045
Dab1,HF papilloma,1,1,WES,hairfollicle04-c5-t3,0.059
Dach1,Morphologically normal,1,1,TES,skin21-c5-w19,0.043
Dact1,Morphologically normal,1,1,WES,hairfollicle05-c7-t2,0.083
Dact2,Morphologically normal,1,1,WES,hairfollicle05-b1-t3,0.167
Dag1,HF papilloma,1,1,WES,hairfollicle04-c5-t3,0.032
Dapk1,Morphologically normal,2,2,WES,hairfollicle05-b5-t3; hairfollicle05-e5-t3,0.094
Dapk3,Skin papilloma,1,1,WES,skin04-c2-t2,0.07
Dars2,Morphologically normal,1,1,WES,hairfollicle05-c7-t2,0.103
Dbf4,Morphologically normal,1,1,WES,hairfollicle04-c6-t3,0.066
Dbh,Morphologically normal,1,1,WES,hairfollicle04-c6-t3,0.104
Dbnl,Skin papilloma,1,1,WES,skin04-c5-t2,0.071
Dcaf1,Morphologically normal,1,1,TES,hairfollicle21-f2-w17,0.455
Dcaf12l2,Morphologically normal,1,1,WES,hairfollicle05-b5-t3,0.075
Dcaf7,Morphologically normal,2,2,WES,hairfollicle04-c6-t3; hairfollicle05-c7-t2,0.103
Dcc,Skin papilloma,1,1,WES,skin04-c5-t2,0.091
Dcdc2a,Morphologically normal,1,1,WES,hairfollicle05-b1-t3,0.143
Dchs1,Morphologically normal,2,2,WES,skin04-c6-t2; skin05-c6,0.07
Dchs1,Skin papilloma,1,1,WES,skin04-c5-t2,0.067
Dclk1,Morphologically normal,1,2,TES,hairfollicle21-f6-w8,0.258
Dclre1a,Morphologically normal,4,4,TES; WES,hairfollicle21-c5-w14; hairfollicle21-f2-w17; hairfollicle21-f7-w14; skin04-c6-t2,0.636
Dclre1a,HF papilloma,2,2,TES; WES,hairfollicle04-c4-t3; hairfollicle21-d1-w17,0.415
Dct,Morphologically normal,1,1,WES,hairfollicle05-c7-t2,0.12
Dctd,Morphologically normal,1,1,WES,hairfollicle04-c6-t3,0.059
Dctn2,Skin papilloma,1,1,WES,skin04-c5-t2,0.06
Dcx,HF papilloma,1,2,WES,hairfollicle04-c4-t3,0.052
Dda1,Morphologically normal,1,1,WES,skin04-c6-t2,0.061
Ddb1,Morphologically normal,1,1,WES,skin04-c6-t2,0.042
Ddc,HF papilloma,1,1,WES,hairfollicle04-c2-t3,0.025
Ddhd1,Morphologically normal,1,1,WES,hairfollicle05-b5-t3,0.122
Ddhd1,Skin papilloma,1,1,WES,skin04-c5-t2,0.041
Ddi1,Morphologically normal,1,1,WES,hairfollicle05-b5-t3,0.094
Ddit3,Morphologically normal,1,1,WES,hairfollicle04-c6-t3,0.055
Ddn,Skin papilloma,1,1,WES,skin04-c5-t2,0.065
Ddr2,HF papilloma,2,4,TES; WES,hairfollicle04-c5-t3; hairfollicle21-d6-w17,0.061
Ddr2,HF SCC,1,1,TES,hairfollicle21-b7-w8,0.5
Ddrgk1,HF papilloma,2,2,WES,hairfollicle04-c2-t3; hairfollicle04-c4-t3,0.081
Ddx10,Morphologically normal,1,1,WES,hairfollicle05-c7-t2,0.148
Ddx21,Morphologically normal,1,1,WES,hairfollicle05-e5-t3,0.032
Ddx23,Morphologically normal,1,1,WES,skin04-c6-t2,0.039
Ddx25,Morphologically normal,2,2,WES,hairfollicle05-b5-t3; hairfollicle05-e5-t3,0.084
Ddx31,Morphologically normal,1,1,WES,hairfollicle05-c7-t2,0.094
Ddx39b,HF papilloma,1,1,WES,hairfollicle04-c5-t3,0.071
Ddx3x,Morphologically normal,2,1,WES,hairfollicle05-b1-t3; hairfollicle05-e5-t3,0.391
Ddx3x,HF papilloma,1,1,WES,hairfollicle04-c4-t3,0.068
Ddx4,Morphologically normal,1,1,WES,skin04-c6-t2,0.047
Ddx42,HF papilloma,1,1,WES,hairfollicle04-c2-t3,0.037
Ddx54,Morphologically normal,2,2,WES,hairfollicle05-b1-t3; hairfollicle05-e5-t3,0.129
Ddx56,Morphologically normal,1,1,WES,hairfollicle05-e5-t3,0.083
Ddx59,Morphologically normal,2,2,WES,hairfollicle05-b1-t3; skin05-e5-t2,0.1
Ddx6,HF papilloma,1,1,WES,hairfollicle04-c5-t3,0.062
Ddx60,Skin papilloma,1,1,WES,skin04-c5-t2,0.052
Deaf1,Morphologically normal,1,1,WES,hairfollicle05-e5-t3,0.021
Def6,Morphologically normal,1,1,WES,hairfollicle04-c6-t3,0.06
Defb26,Morphologically normal,2,2,WES,hairfollicle05-b5-t3; hairfollicle05-c7-t2,0.13
Dele1,HF papilloma,1,1,WES,hairfollicle04-c5-t3,0.023
Denn2b,Morphologically normal,1,1,WES,hairfollicle05-c7-t2,0.176
Dennd1c,HF papilloma,2,2,WES,hairfollicle04-c2-t3; hairfollicle04-c5-t3,0.033
Dennd1c,Skin papilloma,1,1,WES,skin04-c4-t2,0.055
Dennd3,HF papilloma,1,1,WES,hairfollicle04-c5-t3,0.052
Dennd4a,Morphologically normal,1,1,WES,hairfollicle04-c6-t3,0.093
Dennd4b,Morphologically normal,1,1,WES,hairfollicle05-c7-t2,0.074
Dennd5a,HF papilloma,1,1,WES,hairfollicle04-c4-t3,0.05
Dennd5b,Morphologically normal,1,1,WES,hairfollicle05-b1-t3,0.3
Dennd6b,HF papilloma,1,1,WES,hairfollicle04-c2-t3,0.026
Derl1,Morphologically normal,1,1,WES,skin05-c7-t2,0.075
Det1,Morphologically normal,1,1,WES,hairfollicle04-c6-t3,0.031
Deup1,Morphologically normal,1,1,WES,skin05-c7-t2,0.051
Deup1,Skin papilloma,1,1,WES,skin04-c2-t2,0.079
Dgkb,HF papilloma,1,1,WES,hairfollicle04-c5-t3,0.037
Dgke,Morphologically normal,2,2,WES,hairfollicle05-b1-t3; skin04-c6-t2,0.136
Dgkh,Morphologically normal,2,3,WES,hairfollicle05-c7-t2; hairfollicle05-e5-t3,0.131
Dgki,Morphologically normal,1,1,WES,skin04-c6-t2,0.03
Dhfr,Skin papilloma,1,1,WES,skin04-c4-t2,0.034
Dhrs11,Morphologically normal,1,1,WES,hairfollicle05-b5-t3,0.125
Dhrs4,Morphologically normal,1,1,WES,hairfollicle05-e5-t3,0.026
Dhrs7c,Morphologically normal,1,1,WES,hairfollicle04-c6-t3,0.079
Dhrs7c,HF papilloma,1,1,WES,hairfollicle04-c5-t3,0.027
Dhtkd1,Morphologically normal,2,2,WES,hairfollicle05-e5-t3; skin04-c6-t2,0.059
Dhx29,Morphologically normal,1,1,WES,hairfollicle05-e5-t3,0.023
Dhx29,HF papilloma,1,1,WES,hairfollicle04-c5-t3,0.069
Dhx36,Skin papilloma,1,1,WES,skin04-c5-t2,0.05
Dhx37,Morphologically normal,1,1,WES,hairfollicle05-b5-t3,0.088
Dhx38,Morphologically normal,1,1,WES,hairfollicle05-e5-t3,0.025
Dhx58,Skin papilloma,1,1,WES,skin04-c5-t2,0.045
Dhx8,Morphologically normal,1,1,WES,hairfollicle05-e5-t3,0.021
Diaph1,Skin papilloma,1,1,WES,skin04-c4-t2,0.075
Diaph3,Morphologically normal,1,1,WES,hairfollicle05-b1-t3,0.167
Diaph3,Skin papilloma,1,1,WES,skin04-c5-t2,0.043
Dicer1,Morphologically normal,1,1,TES,hairfollicle21-g6-w17,0.385
Dicer1,HF SCC,1,1,TES,hairfollicle21-c6-w14,0.032
Dido1,Morphologically normal,3,3,WES,hairfollicle04-c6-t3; hairfollicle05-b1-t3; skin04-c6-t2,0.143
Dio2,Morphologically normal,1,1,WES,skin04-c6-t2,0.065
Dip2a,Morphologically normal,2,2,WES,hairfollicle05-b5-t3; hairfollicle05-e5-t3,0.086
Dip2a,Skin papilloma,1,1,WES,skin04-c5-t2,0.019
Dip2b,Morphologically normal,1,1,WES,skin05-e5-t2,0.067
Dip2b,HF papilloma,1,1,WES,hairfollicle04-c2-t3,0.021
Dipk1b,Morphologically normal,1,1,WES,hairfollicle05-b5-t3,0.073
Dis3l,Morphologically normal,1,1,WES,hairfollicle05-c7-t2,0.077
Disp2,HF papilloma,1,1,WES,hairfollicle04-c5-t3,0.03
Disp3,Morphologically normal,2,2,WES,hairfollicle05-c7-t2; skin04-c6-t2,0.087
Disp3,Skin papilloma,1,1,WES,skin04-c5-t2,0.058
Dld,Morphologically normal,1,1,WES,skin05-b1-t2,0.063
Dlec1,Morphologically normal,1,1,WES,skin05-c7-t2,0.041
Dlg1,Morphologically normal,1,1,WES,hairfollicle05-e5-t3,0.038
Dlg4,Morphologically normal,1,1,WES,hairfollicle05-e5-t3,0.032
Dlg5,Morphologically normal,3,3,WES,hairfollicle04-c6-t3; hairfollicle05-b5-t3; hairfollicle05-e5-t3,0.16
Dlgap2,Morphologically normal,1,1,WES,hairfollicle05-e5-t3,0.034
Dlgap4,Morphologically normal,1,1,WES,hairfollicle05-c7-t2,0.073
Dll4,Morphologically normal,1,2,WES,hairfollicle05-e5-t3,0.036
Dlst,HF papilloma,1,1,WES,hairfollicle04-c4-t3,0.046
Dlx6,Morphologically normal,1,1,TES,hairfollicle21-g1-w8,0.167
Dmac2l,Skin papilloma,1,1,WES,skin04-c4-t2,0.089
Dmbt1,HF papilloma,1,1,WES,hairfollicle04-c5-t3,0.043
Dmd,Morphologically normal,1,1,WES,hairfollicle05-c7-t2,0.091
Dmkn,Morphologically normal,1,1,WES,hairfollicle05-e5-t3,0.27
Dmpk,Morphologically normal,1,1,WES,hairfollicle05-e5-t3,0.02
Dmrtc1b,Morphologically normal,1,1,WES,skin04-c6-t2,0.026
Dmrtc1b,Skin papilloma,1,1,WES,skin04-c4-t2,0.039
Dmtf1,Morphologically normal,1,1,WES,hairfollicle05-b1-t3,0.143
Dmxl1,HF papilloma,1,1,WES,hairfollicle04-c2-t3,0.048
Dmxl2,Morphologically normal,2,2,TES; WES,hairfollicle04-c6-t3; hairfollicle21-d1-w8,0.28
Dna2,Morphologically normal,2,2,WES,hairfollicle05-c7-t2; skin04-c6-t2,0.176
Dnaaf4,Morphologically normal,1,1,WES,hairfollicle05-c7-t2,0.115
Dnaaf5,Morphologically normal,1,1,WES,hairfollicle05-e5-t3,0.024
Dnah1,Morphologically normal,3,3,WES,hairfollicle05-c7-t2; hairfollicle05-e5-t3; skin05-c7-t2,0.091
Dnah1,HF papilloma,1,1,WES,hairfollicle04-c2-t3,0.06
Dnah10,Morphologically normal,5,9,WES,hairfollicle04-c6-t3; hairfollicle05-b1-t3; hairfollicle05-e5-t3; skin04-c6-t2; skin05-c7-t2,0.176
Dnah10,Skin papilloma,1,1,WES,skin04-c4-t2,0.028
Dnah11,Morphologically normal,2,3,WES,hairfollicle05-b5-t3; skin04-c6-t2,0.081
Dnah12,Morphologically normal,1,1,WES,hairfollicle03-a3,0.909
Dnah14,Morphologically normal,1,1,WES,hairfollicle05-b1-t3,0.166
Dnah14,HF papilloma,1,1,WES,hairfollicle04-c2-t3,0.022
Dnah17,Morphologically normal,1,2,WES,hairfollicle05-b5-t3,0.077
Dnah17,Skin papilloma,1,1,WES,skin04-c5-t2,0.034
Dnah2,Morphologically normal,3,5,WES,hairfollicle05-b1-t3; hairfollicle05-c7-t2; skin05-e5-t2,0.118
Dnah3,Morphologically normal,1,1,WES,skin05-b1-t2,0.028
Dnah5,Morphologically normal,3,3,WES,skin04-c6-t2; skin05-b1-t2; skin05-c7-t2,0.081
Dnah5,HF papilloma,1,1,WES,hairfollicle04-c5-t3,0.027
Dnah6,Skin papilloma,1,1,WES,skin04-c4-t2,0.081
Dnah7a,Morphologically normal,1,1,WES,skin05-b5-t2,0.089
Dnah7a,HF papilloma,1,1,WES,hairfollicle04-c4-t3,0.06
Dnah7b,Morphologically normal,1,1,WES,hairfollicle05-b1-t3,0.143
Dnah7b,HF papilloma,1,1,WES,hairfollicle04-c5-t3,0.031
Dnah7c,Morphologically normal,1,1,WES,hairfollicle05-e5-t3,0.042
Dnah8,Morphologically normal,2,2,WES,hairfollicle03-f5; hairfollicle05-e5-t3,0.963
Dnah8,HF papilloma,1,1,WES,hairfollicle04-c5-t3,0.036
Dnah8,Skin papilloma,1,1,WES,skin04-c5-t2,0.046
Dnah9,Morphologically normal,1,1,WES,hairfollicle05-e5-t3,0.03
Dnah9,HF papilloma,1,1,WES,hairfollicle04-c5-t3,0.029
Dnaic2,Morphologically normal,1,1,WES,skin05-b5-t2,0.039
Dnajc12,Morphologically normal,1,1,WES,skin05-b1-t2,0.042
Dnajc13,HF papilloma,1,1,WES,hairfollicle04-c4-t3,0.069
Dnajc2,Morphologically normal,1,1,WES,hairfollicle05-e5-t3,0.038
Dnajc21,Skin papilloma,1,1,WES,skin04-c4-t2,0.077
Dnajc5b,Morphologically normal,1,1,WES,hairfollicle05-e5-t3,0.062
Dnase1l2,Morphologically normal,1,1,WES,hairfollicle05-e5-t3,0.021
Dnase2b,Skin papilloma,1,1,WES,skin04-c4-t2,0.043
Dnm1,Skin papilloma,1,1,WES,skin04-c5-t2,0.092
Dnm1l,Skin papilloma,1,1,WES,skin04-c5-t2,0.048
Dnm2,Morphologically normal,8,3,TES,hairfollicle21-c3-w17; hairfollicle21-d4-w17; hairfollicle21-e5-w17; hairfollicle21-f2-w17; hairfollicle21-f6-w14; hairfollicle21-g1-w8; hairfollicle21-g2-w8; hairfollicle21-g4-w14,0.186
Dnm2,HF papilloma,1,1,TES,hairfollicle21-e1-w14,0.033
Dnm2,HF SCC,3,3,TES,hairfollicle21-b6-w8; hairfollicle21-c6-w14; hairfollicle21-f4-w17,0.192
Dnmbp,HF papilloma,1,1,WES,hairfollicle04-c4-t3,0.053
Dnmt3a,Morphologically normal,2,2,TES; WES,hairfollicle05-e5-t3; hairfollicle21-c2-w17,0.119
Dntt,HF papilloma,1,1,WES,hairfollicle04-c5-t3,0.029
Dock1,Morphologically normal,1,1,WES,skin04-c6-t2,0.057
Dock1,HF papilloma,1,1,WES,hairfollicle04-c5-t3,0.04
Dock10,Skin papilloma,1,3,WES,skin04-c5-t2,0.097
Dock2,Morphologically normal,1,1,WES,hairfollicle04-c6-t3,0.074
Dock3,Morphologically normal,1,1,WES,hairfollicle05-e5-t3,0.035
Dock4,Morphologically normal,1,1,WES,hairfollicle05-c7-t2,0.1
Dock5,Morphologically normal,2,2,WES,hairfollicle05-b1-t3; hairfollicle05-e5-t3,0.199
Dock6,Morphologically normal,2,2,WES,hairfollicle05-c7-t2; hairfollicle05-e5-t3,0.44
Dock7,Morphologically normal,2,2,WES,hairfollicle05-c7-t2; skin05-b1-t2,0.115
Dock8,Morphologically normal,2,2,WES,hairfollicle04-c6-t3; skin04-c6-t2,0.094
Dok3,Morphologically normal,1,1,WES,skin04-c6-t2,0.066
Dok4,Morphologically normal,1,1,WES,hairfollicle05-c7-t2,0.09
Dok7,Skin papilloma,1,1,WES,skin04-c2-t2,0.064
Dop1b,Morphologically normal,1,1,WES,skin05-b1-t2,0.058
Doxl1,Morphologically normal,1,1,WES,hairfollicle05-e5-t3,0.027
Doxl2,Morphologically normal,1,1,WES,hairfollicle05-e5-t3,0.047
Doxl2,Skin papilloma,1,2,WES,skin04-c5-t2,0.039
Dph1,Skin papilloma,1,1,WES,skin04-c4-t2,0.048
Dph2,HF papilloma,1,1,WES,hairfollicle04-c4-t3,0.058
Dpy19l3,Morphologically normal,1,1,WES,hairfollicle05-b5-t3,0.07
Dpy19l4,Morphologically normal,1,1,WES,skin05-c7-t2,0.081
Dpy19l4,Skin papilloma,1,1,WES,skin04-c5-t2,0.077
Dpysl3,HF papilloma,1,1,WES,hairfollicle04-c5-t3,0.031
Dqx1,Morphologically normal,1,1,WES,hairfollicle05-e5-t3,0.027
Drd2,Morphologically normal,1,1,WES,hairfollicle05-b5-t3,0.073
Drg2,Morphologically normal,1,1,WES,hairfollicle05-b1-t3,0.125
Drosha,Morphologically normal,1,1,WES,hairfollicle05-e5-t3,0.036
Dsc2,Morphologically normal,1,1,WES,hairfollicle05-e5-t3,0.025
Dscam,HF papilloma,1,2,WES,hairfollicle04-c2-t3,0.017
Dscc1,Morphologically normal,1,1,WES,hairfollicle05-c7-t2,0.125
Dsg1a,Skin papilloma,1,1,WES,skin04-c5-t2,0.013
Dsn1,Morphologically normal,1,1,WES,hairfollicle05-b1-t3,0.118
Dsp,Morphologically normal,1,1,WES,hairfollicle05-e5-t3,0.031
Dst,Morphologically normal,10,8,TES; WES,hairfollicle05-b5-t3; hairfollicle05-c7-t2; hairfollicle05-e5-t3; hairfollicle21-c5-w14; hairfollicle21-d1-w8; hairfollicle21-d4-w17; hairfollicle21-f6-w14; hairfollicle21-g1-w14; hairfollicle21-g1-w8; skin05-c7-t2,0.333
Dst,HF papilloma,2,1,TES,hairfollicle21-e1-w14; hairfollicle21-f1-w14,0.057
Dst,HF SCC,7,8,TES,hairfollicle21-b6-w14; hairfollicle21-b7-w8; hairfollicle21-c6-w14; hairfollicle21-e4-w14; hairfollicle21-f4-w17; hairfollicle21-f6-w19; hairfollicle21-g3-w17,0.538
Dtna,Skin papilloma,1,1,WES,skin04-c5-t2,0.039
Dtnb,Morphologically normal,1,1,WES,hairfollicle05-b5-t3,0.097
Dtx2,Morphologically normal,1,1,WES,skin04-c6-t2,0.049
Dtx4,HF papilloma,1,1,WES,hairfollicle04-c5-t3,0.038
Duox2,Morphologically normal,1,1,WES,hairfollicle05-b5-t3,0.13
Duoxa1,Morphologically normal,1,1,WES,hairfollicle04-c6-t3,0.054
Dus3l,Morphologically normal,1,1,WES,hairfollicle05-e5-t3,0.021
Dusp16,Morphologically normal,1,1,WES,skin04-c6-t2,0.055
Dusp22,Morphologically normal,1,1,WES,skin04-c6-t2,0.026
Dusp27,HF papilloma,1,1,WES,hairfollicle04-c2-t3,0.02
Dusp3,Morphologically normal,1,1,WES,hairfollicle05-c7-t2,0.103
Dusp8,Morphologically normal,3,3,TES,hairfollicle21-c5-w17; hairfollicle21-g2-w17; skin21-c5-w19,0.15
Dusp8,HF papilloma,2,2,TES,hairfollicle21-d5-w17; hairfollicle21-f1-w8,0.222
Dusp8,HF SCC,1,1,TES,hairfollicle21-f6-w19,0.121
Dusp8,Skin papilloma,1,1,TES,skin21-e2-w19,0.04
Duxf3,Morphologically normal,3,4,WES,hairfollicle03-a3; hairfollicle03-c5; hairfollicle03-e6,0.683
Dync1h1,Morphologically normal,1,1,WES,hairfollicle04-c6-t3,0.074
Dync1h1,HF papilloma,1,1,WES,hairfollicle04-c5-t3,0.042
Dync1i1,Morphologically normal,1,1,WES,hairfollicle05-c7-t2,0.143
Dync1li1,Morphologically normal,1,1,WES,hairfollicle05-e5-t3,0.036
Dyrk1b,Morphologically normal,1,1,WES,skin04-c6-t2,0.077
Dyrk4,HF papilloma,1,1,WES,hairfollicle04-c4-t3,0.046
Dysf,Morphologically normal,1,1,WES,hairfollicle05-b5-t3,0.082
Dysf,Skin papilloma,1,1,WES,skin04-c2-t2,0.042
Dzip1,HF papilloma,1,1,WES,hairfollicle04-c5-t3,0.022
E030025P04Rik,Morphologically normal,1,1,WES,hairfollicle05-e5-t3,0.05
E130308A19Rik,HF papilloma,1,1,WES,hairfollicle04-c2-t3,0.03
E130311K13Rik,Morphologically normal,1,1,WES,hairfollicle05-e5-t3,0.049
E230025N22Rik,Morphologically normal,1,1,WES,skin05-b1-t2,0.07
E2f7,Morphologically normal,2,3,WES,hairfollicle04-c6-t3; hairfollicle05-c7-t2,0.115
E2f8,Morphologically normal,1,1,WES,hairfollicle05-b1-t3,0.12
E330034G19Rik,Morphologically normal,1,1,WES,hairfollicle05-c7-t2,0.133
Ebf1,Morphologically normal,1,2,WES,hairfollicle05-b1-t3,0.248
Ebf1,Skin papilloma,1,1,WES,skin04-c5-t2,0.1
Ebf2,Morphologically normal,1,1,WES,hairfollicle05-e5-t3,0.034
Ebf3,Morphologically normal,1,1,WES,hairfollicle05-e5-t3,0.025
Ebna1bp2,Morphologically normal,1,1,WES,hairfollicle05-b1-t3,0.125
Ece1,Skin papilloma,1,1,WES,skin04-c4-t2,0.045
Ecel1,Morphologically normal,1,1,WES,hairfollicle05-e5-t3,0.022
Ecel1,Skin papilloma,1,1,WES,skin04-c5-t2,0.077
Echs1,Morphologically normal,1,1,WES,skin05-c7-t2,0.028
Ecm1,Morphologically normal,1,1,WES,hairfollicle05-c7-t2,0.107
Ecm2,Morphologically normal,1,1,WES,hairfollicle05-b1-t3,0.158
Ecpas,Morphologically normal,2,2,WES,hairfollicle05-b5-t3; skin04-c6-t2,0.071
Ect2,Morphologically normal,1,1,WES,hairfollicle05-c7-t2,0.124
Edc3,Skin papilloma,1,1,WES,skin04-c2-t2,0.041
Edc4,Skin papilloma,1,1,WES,skin04-c2-t2,0.043
Edem2,Morphologically normal,1,1,WES,hairfollicle05-e5-t3,0.03
Edem3,Morphologically normal,1,1,WES,hairfollicle05-c7-t2,0.107
Edem3,HF papilloma,1,1,WES,hairfollicle04-c2-t3,0.037
Edn3,HF papilloma,2,2,WES,hairfollicle04-c2-t3; hairfollicle04-c5-t3,0.039
Eed,Morphologically normal,1,1,TES,hairfollicle21-f7-w17,0.911
Eed,HF papilloma,1,1,TES,hairfollicle21-f1-w8,0.069
Eed,HF SCC,1,1,TES,hairfollicle21-f4-w8,0.273
Eef1a1,Morphologically normal,1,1,WES,skin05-b5-t2,0.088
Eef2,Skin papilloma,2,3,WES,skin04-c2-t2; skin04-c5-t2,0.029
Efcab12,Morphologically normal,1,1,WES,hairfollicle05-e5-t3,0.02
Efcab5,Morphologically normal,1,1,WES,skin04-c6-t2,0.034
Efcab6,Morphologically normal,3,4,WES,hairfollicle04-c6-t3; skin04-c6-t2; skin05-c7-t2,0.078
Efemp2,HF papilloma,1,1,WES,hairfollicle04-c4-t3,0.039
Efhc2,HF papilloma,1,1,WES,hairfollicle04-c4-t3,0.034
Efl1,Skin papilloma,1,1,WES,skin04-c2-t2,0.046
Egf,Morphologically normal,1,1,WES,hairfollicle05-e5-t3,0.027
Egfem1,HF papilloma,1,1,WES,hairfollicle04-c5-t3,0.029
Egfl6,Skin papilloma,1,2,WES,skin04-c5-t2,0.036
Egfr,Morphologically normal,3,4,TES; WES,hairfollicle05-c7-t2; hairfollicle21-c5-w14; hairfollicle21-e5-w17,0.121
Egfr,HF papilloma,1,1,TES,hairfollicle21-e2-w14,0.071
Egfr,HF SCC,1,1,TES,hairfollicle21-b6-w8,0.234
Egr1,Skin papilloma,1,1,WES,skin04-c5-t2,0.07
Egr2,Morphologically normal,1,1,WES,skin04-c6-t2,0.035
Ehd2,Skin papilloma,1,1,WES,skin04-c5-t2,0.034
Ehd3,Morphologically normal,1,1,WES,hairfollicle05-e5-t3,0.026
Ehhadh,HF papilloma,1,1,WES,hairfollicle04-c2-t3,0.053
Ehmt2,Skin papilloma,1,1,WES,skin04-c5-t2,0.081
Eif2ak1,Morphologically normal,1,1,WES,skin04-c6-t2,0.048
Eif2b4,Morphologically normal,1,1,WES,hairfollicle05-b1-t3,0.12
Eif2b5,Morphologically normal,2,2,WES,hairfollicle05-b5-t3; hairfollicle05-e5-t3,0.095
Eif2b5,Skin papilloma,1,1,WES,skin04-c5-t2,0.032
Eif2d,HF papilloma,1,1,WES,hairfollicle03-f6-t2,0.271
Eif2d,HF SCC,1,1,TES,hairfollicle21-c6-w14,0.032
Eif2s3x,Morphologically normal,1,1,WES,hairfollicle05-c7-t2,0.115
Eif3a,Morphologically normal,1,1,WES,skin04-c6-t2,0.047
Eif3b,Morphologically normal,1,1,WES,hairfollicle05-b1-t3,0.125
Eif3b,HF papilloma,1,1,WES,hairfollicle04-c2-t3,0.016
Eif3l,Morphologically normal,1,1,WES,skin04-c6-t2,0.046
Eif3m,Morphologically normal,1,1,WES,hairfollicle04-c6-t3,0.064
Eif4a3l1,Morphologically normal,1,1,WES,skin04-c6-t2,0.042
Eif4e2,Morphologically normal,1,1,WES,hairfollicle05-b1-t3,0.326
Eif4g1,Morphologically normal,1,1,WES,hairfollicle05-b5-t3,0.093
Eif4g2,Morphologically normal,2,2,WES,hairfollicle05-b1-t3; hairfollicle05-e5-t3,0.246
Eif4g3,Morphologically normal,3,3,WES,hairfollicle05-e5-t3; skin04-c6-t2; skin05-b5-t2,0.057
Eif5,Morphologically normal,3,3,WES,hairfollicle04-g2-t2; hairfollicle05-b1-t3; hairfollicle05-c7-t2,0.667
Eif5,HF papilloma,1,1,WES,hairfollicle05-b6-t2,0.769
Elavl3,Skin papilloma,1,1,WES,skin04-c5-t2,0.057
Elavl4,Morphologically normal,1,1,WES,hairfollicle05-c7-t2,0.11
Elfn2,Morphologically normal,1,1,WES,skin04-c6-t2,0.038
Ell,Skin papilloma,1,1,WES,skin04-c4-t2,0.043
Ell3,Morphologically normal,1,1,WES,hairfollicle05-c7-t2,0.054
Elmo1,HF papilloma,1,1,WES,hairfollicle04-c2-t3,0.032
Elmsan1,Skin papilloma,1,1,WES,skin04-c5-t2,0.019
Eln,Skin papilloma,1,1,WES,skin04-c5-t2,0.081
Eloa,Morphologically normal,1,1,WES,hairfollicle05-c7-t2,0.083
Elp1,Morphologically normal,1,1,WES,hairfollicle04-c6-t3,0.069
Elp1,Skin papilloma,1,1,WES,skin04-c5-t2,0.066
Elp3,Skin papilloma,1,1,WES,skin04-c4-t2,0.028
Emd,Morphologically normal,1,2,WES,hairfollicle05-e5-t3,0.035
Eme1,Morphologically normal,1,1,WES,skin04-c6-t2,0.07
Emid1,Morphologically normal,1,1,WES,hairfollicle05-b5-t3,0.073
Emilin1,Morphologically normal,1,1,WES,skin04-c6-t2,0.051
Emilin2,Morphologically normal,1,1,WES,hairfollicle04-c6-t3,0.046
Emilin2,HF papilloma,1,1,WES,hairfollicle04-c4-t3,0.045
Eml6,Morphologically normal,1,1,WES,hairfollicle05-e5-t3,0.033
Emsy,Skin papilloma,1,1,WES,skin04-c5-t2,0.068
Emx2,HF papilloma,1,1,WES,hairfollicle04-c2-t3,0.034
Enam,Morphologically normal,1,1,WES,skin05-e5-t2,0.027
Enam,HF papilloma,1,1,WES,hairfollicle04-c2-t3,0.027
Enc1,Morphologically normal,2,3,WES,skin04-c6-t2; skin05-e5-t2,0.041
Endou,Morphologically normal,1,1,WES,hairfollicle05-e5-t3,0.025
Eng,Morphologically normal,1,1,WES,skin04-c6-t2,0.057
Engase,HF papilloma,1,1,WES,hairfollicle04-c4-t3,0.049
Enho,Morphologically normal,1,1,WES,skin04-c6-t2,0.053
Eno1,Morphologically normal,1,1,WES,hairfollicle05-b1-t3,0.166
Eno4,HF papilloma,1,1,WES,hairfollicle04-c5-t3,0.037
Enpp2,Morphologically normal,1,1,WES,skin04-c6-t2,0.056
Enthd1,Morphologically normal,1,1,WES,hairfollicle05-c7-t2,0.065
Entpd1,HF papilloma,1,1,WES,hairfollicle04-c4-t3,0.066
Entpd6,Morphologically normal,1,1,WES,skin05-e5-t2,0.091
Entpd8,Skin papilloma,1,1,WES,skin04-c5-t2,0.026
Ep300,Morphologically normal,2,2,TES; WES,hairfollicle05-b1-t3; hairfollicle21-e5-w17,0.21
Ep300,HF papilloma,1,1,TES,hairfollicle21-e2-w8,0.148
Ep300,HF SCC,1,1,TES,hairfollicle21-b7-w8,0.5
Ep300,Skin papilloma,1,2,WES,skin04-c4-t2,0.065
Epb41,HF papilloma,1,1,WES,hairfollicle04-c2-t3,0.057
Epb41l1,Morphologically normal,1,1,WES,hairfollicle05-b5-t3,0.13
Epb41l1,HF papilloma,1,1,WES,hairfollicle04-c4-t3,0.102
Epb41l4a,Skin papilloma,1,1,WES,skin04-c5-t2,0.074
Epb41l4b,Morphologically normal,1,1,WES,hairfollicle04-c6-t3,0.055
Epb41l4b,HF papilloma,1,1,WES,hairfollicle04-c5-t3,0.042
Epc2,HF papilloma,1,1,WES,hairfollicle04-c4-t3,0.038
Epdr1,HF papilloma,1,1,WES,hairfollicle04-c4-t3,0.034
Epg5,Morphologically normal,1,1,WES,hairfollicle05-c7-t2,0.103
Epg5,HF papilloma,1,1,WES,hairfollicle04-c4-t3,0.061
Epha10,Morphologically normal,1,1,WES,hairfollicle04-c6-t3,0.058
Epha2,Morphologically normal,1,1,WES,hairfollicle05-e5-t3,0.033
Epha4,Morphologically normal,1,1,WES,hairfollicle04-c6-t3,0.06
Epha4,Skin papilloma,2,2,WES,skin04-c5-t2; skin05-b6,0.083
Epha8,Morphologically normal,1,1,WES,skin05-c7-t2,0.051
Epha8,HF papilloma,1,1,WES,hairfollicle04-c5-t3,0.056
Ephb1,Skin papilloma,1,2,WES,skin04-c5-t2,0.083
Ephb2,Morphologically normal,1,1,WES,hairfollicle05-b5-t3,0.081
Ephb6,Morphologically normal,1,1,WES,hairfollicle05-c7-t2,0.1
Ephx2,Morphologically normal,1,1,WES,hairfollicle05-c7-t2,0.079
Epm2a,Morphologically normal,1,1,WES,hairfollicle05-e5-t3,0.028
Epn1,Morphologically normal,1,1,WES,hairfollicle05-c7-t2,0.1
Epn3,Morphologically normal,1,1,WES,skin05-e5-t2,0.097
Eppk1,Morphologically normal,1,1,WES,hairfollicle05-b5-t3,0.372
Eprs,Skin papilloma,1,1,WES,skin04-c4-t2,0.073
Eps15l1,Morphologically normal,1,1,WES,hairfollicle05-c7-t2,0.091
Eps8,Skin papilloma,1,1,WES,skin04-c5-t2,0.036
Eral1,HF papilloma,1,1,WES,hairfollicle04-c5-t3,0.026
Erbb2,Morphologically normal,2,2,TES,hairfollicle21-b5-w8; hairfollicle21-f6-w8,0.543
Erbb2,HF SCC,2,1,TES,hairfollicle21-b6-w14; hairfollicle21-e3-w14,0.469
Erbb2,Skin papilloma,1,1,WES,skin04-c4-t2,0.068
Erbb3,Morphologically normal,3,3,TES; WES,hairfollicle05-c7-t2; hairfollicle21-c1-w17; hairfollicle21-e6-w17,0.144
Erbb3,HF SCC,3,3,TES,hairfollicle21-b6-w14; hairfollicle21-b7-w8; hairfollicle21-c6-w14,0.5
Erbb4,Morphologically normal,2,2,TES; WES,hairfollicle05-e5-t3; hairfollicle21-g2-w19,0.417
Ercc2,Morphologically normal,1,1,WES,skin04-c6-t2,0.026
Erg,Morphologically normal,1,1,WES,hairfollicle05-b5-t3,0.113
Ergic1,Morphologically normal,1,1,WES,skin05-b5-t2,0.032
Ergic2,Morphologically normal,1,1,WES,skin04-c6-t2,0.048
Erich6b,HF papilloma,1,1,WES,hairfollicle04-c5-t3,0.038
Ermard,Morphologically normal,1,1,WES,hairfollicle05-e5-t3,0.044
Ermp1,Skin papilloma,1,1,WES,skin04-c5-t2,0.092
Ern1,Morphologically normal,2,2,WES,hairfollicle04-c6-t3; hairfollicle05-e5-t3,0.031
Ern2,Morphologically normal,1,1,WES,hairfollicle05-e5-t3,0.029
Errfi1,Morphologically normal,1,1,WES,hairfollicle05-e5-t3,0.026
Esco2,Morphologically normal,2,2,WES,hairfollicle05-c7-t2; skin04-c6-t2,0.111
Espl1,Morphologically normal,3,3,WES,hairfollicle05-c7-t2; hairfollicle05-e5-t3; skin04-c6-t2,0.111
Espn,Morphologically normal,1,1,WES,hairfollicle05-b5-t3,0.116
Espnl,Morphologically normal,1,1,WES,hairfollicle05-e5-t3,0.042
Espnl,Skin papilloma,1,1,WES,skin04-c5-t2,0.073
Esr1,HF papilloma,1,1,WES,hairfollicle04-c4-t3,0.046
Esrra,Morphologically normal,1,1,WES,hairfollicle04-c6-t3,0.059
Esrrg,Morphologically normal,1,1,WES,hairfollicle05-c7-t2,0.136
Ess2,Morphologically normal,1,1,WES,hairfollicle05-e5-t3,0.023
Esyt3,Morphologically normal,1,1,WES,hairfollicle05-b5-t3,0.071
Etaa1,Morphologically normal,1,1,WES,hairfollicle04-c6-t3,0.085
Etl4,Skin papilloma,1,1,WES,skin04-c5-t2,0.047
Etnk2,Morphologically normal,1,1,WES,hairfollicle05-b5-t3,0.144
Ets1,Morphologically normal,1,1,WES,hairfollicle05-e5-t3,0.039
Ets2,Morphologically normal,1,1,WES,hairfollicle04-c6-t3,0.054
Etv2,Morphologically normal,1,1,WES,hairfollicle05-c7-t2,0.129
Etv5,Morphologically normal,1,1,WES,hairfollicle05-e5-t3,0.017
Etv6,Morphologically normal,1,1,WES,hairfollicle04-c6-t3,0.06
Eva1b,Morphologically normal,1,1,WES,hairfollicle05-e5-t3,0.02
Evc,Morphologically normal,1,2,WES,skin03-e7,0.091
Evc2,Morphologically normal,2,2,WES,hairfollicle05-b1-t3; hairfollicle05-e5-t3,0.167
Evc2,HF papilloma,1,1,WES,hairfollicle04-c4-t3,0.072
Evpl,Morphologically normal,2,2,WES,hairfollicle05-c7-t2; hairfollicle05-e5-t3,0.075
Evpl,Skin papilloma,1,1,WES,skin04-c5-t2,0.064
Exo1,Morphologically normal,1,1,WES,hairfollicle05-e5-t3,0.035
Exoc1,Morphologically normal,1,1,WES,hairfollicle03-a3,0.733
Exoc1,Skin papilloma,1,1,WES,skin04-c5-t2,0.077
Exoc3,Morphologically normal,1,1,WES,hairfollicle05-e5-t3,0.021
Exoc3l,Morphologically normal,1,1,WES,hairfollicle05-c7-t2,0.094
Exoc4,Morphologically normal,1,1,WES,skin04-c6-t2,0.044
Exoc6,Morphologically normal,1,1,WES,hairfollicle05-c7-t2,0.1
Exoc6,Skin papilloma,1,1,WES,skin04-c2-t2,0.059
Exoc6b,Skin papilloma,1,1,WES,skin04-c5-t2,0.071
Exosc4,Morphologically normal,1,1,WES,hairfollicle05-e5-t3,0.02
Exosc9,Morphologically normal,1,1,WES,hairfollicle05-c7-t2,0.069
Ext1,Skin papilloma,1,1,WES,skin04-c5-t2,0.043
Ext2,Morphologically normal,2,3,WES,hairfollicle05-b1-t3; hairfollicle05-b5-t3,0.175
Extl1,Morphologically normal,2,1,WES,hairfollicle05-b1-t3; skin05-b1-t2,0.13
Extl3,HF papilloma,1,1,WES,hairfollicle04-c4-t3,0.036
Eya1,HF papilloma,1,1,WES,hairfollicle04-c4-t3,0.043
Eya2,Morphologically normal,2,2,WES,skin04-c6-t2; skin05-e5-t2,0.052
Eya3,Morphologically normal,1,2,WES,hairfollicle05-c7-t2,0.077
Ezh1,HF papilloma,1,1,WES,hairfollicle04-c2-t3,0.031
Ezh1,Skin papilloma,1,1,WES,skin04-c4-t2,0.077
Ezh2,Morphologically normal,1,1,TES,hairfollicle21-d1-w8,0.121
Ezr,Morphologically normal,1,1,WES,hairfollicle05-c7-t2,0.088
F13a1,Morphologically normal,1,1,WES,hairfollicle05-e5-t3,0.035
F13b,Morphologically normal,2,2,WES,hairfollicle04-c6-t3; skin04-c6-t2,0.073
F2,Morphologically normal,1,1,WES,skin04-c6-t2,0.077
F2rl1,HF papilloma,1,1,WES,hairfollicle04-c5-t3,0.046
F5,Morphologically normal,1,1,WES,skin05-b1-t2,0.031
F5,HF papilloma,1,1,WES,hairfollicle04-c5-t3,0.028
F5,Skin papilloma,1,1,WES,skin04-c5-t2,0.046
F7,Morphologically normal,1,1,WES,hairfollicle05-b5-t3,0.085
F8a,Morphologically normal,1,1,WES,hairfollicle05-c7-t2,0.222
F9,Morphologically normal,2,2,WES,hairfollicle05-b1-t3; hairfollicle05-b5-t3,0.145
Faap100,Morphologically normal,1,1,WES,hairfollicle05-b5-t3,0.06
Fabp4,Morphologically normal,1,1,WES,hairfollicle05-b5-t3,0.073
Fabp9,Morphologically normal,1,1,WES,hairfollicle05-c7-t2,0.119
Fads2,Skin papilloma,1,1,WES,skin04-c4-t2,0.05
Fads3,Skin papilloma,1,1,WES,skin04-c5-t2,0.056
Faf2,Morphologically normal,1,1,WES,hairfollicle05-e5-t3,0.03
Fahd1,Morphologically normal,1,1,WES,hairfollicle05-c7-t2,0.193
Faiml,Morphologically normal,1,1,WES,hairfollicle05-e5-t3,0.023
Fam102a,Morphologically normal,1,2,WES,hairfollicle05-e5-t3,0.035
Fam118a,Morphologically normal,2,2,WES,hairfollicle05-c7-t2; hairfollicle05-e5-t3,0.115
Fam120a,Morphologically normal,1,1,WES,hairfollicle03-a3,0.2
Fam126a,HF papilloma,1,1,WES,hairfollicle04-c5-t3,0.033
Fam126a,Skin papilloma,1,1,WES,skin04-c5-t2,0.045
Fam131c,Morphologically normal,1,1,WES,skin04-c6-t2,0.065
Fam135a,Skin papilloma,1,1,WES,skin04-c4-t2,0.052
Fam135b,HF papilloma,1,1,WES,hairfollicle04-c4-t3,0.062
Fam149b,Morphologically normal,2,2,WES,hairfollicle05-b1-t3; hairfollicle05-c7-t2,0.187
Fam151a,Morphologically normal,1,1,WES,skin05-e5-t2,0.091
Fam155a,Morphologically normal,1,1,TES,hairfollicle21-c1-w17,0.045
Fam155a,Skin SCC,1,1,TES,skin21-pp-bc-w19,0.035
Fam160a1,Skin papilloma,1,1,WES,skin04-c5-t2,0.027
Fam161a,Morphologically normal,1,1,WES,hairfollicle05-c7-t2,0.107
Fam161b,Morphologically normal,1,1,WES,hairfollicle05-e5-t3,0.027
Fam167a,HF papilloma,1,1,WES,hairfollicle04-c2-t3,0.031
Fam168a,Morphologically normal,1,1,WES,hairfollicle05-e5-t3,0.024
Fam169b,Morphologically normal,1,1,WES,hairfollicle05-b5-t3,0.07
Fam170b,HF papilloma,1,1,TES,hairfollicle21-e2-w14,0.125
Fam171b,Morphologically normal,1,1,WES,hairfollicle04-c6-t3,0.081
Fam174b,Morphologically normal,1,1,WES,skin04-c6-t2,0.041
Fam180a,Morphologically normal,1,2,WES,hairfollicle05-e5-t3,0.018
Fam181b,Morphologically normal,1,1,WES,hairfollicle04-c6-t3,0.098
Fam184b,Morphologically normal,1,1,WES,hairfollicle05-b5-t3,0.079
Fam186a,Morphologically normal,1,1,WES,hairfollicle05-c7-t2,0.156
Fam186b,Morphologically normal,1,1,WES,hairfollicle04-c6-t3,0.073
Fam189a1,Skin papilloma,1,2,WES,skin04-c5-t2,0.079
Fam193b,Skin papilloma,1,1,WES,skin04-c5-t2,0.082
Fam20c,Morphologically normal,2,2,WES,hairfollicle05-b1-t3; hairfollicle05-b5-t3,0.157
Fam216b,Morphologically normal,1,1,WES,hairfollicle05-e5-t3,0.033
Fam217a,Morphologically normal,1,1,WES,hairfollicle05-e5-t3,0.022
Fam221a,Skin papilloma,1,1,WES,skin04-c5-t2,0.053
Fam227a,Morphologically normal,1,1,WES,skin04-c6-t2,0.023
Fam49a,Skin papilloma,1,1,WES,skin04-c4-t2,0.067
Fam76a,Morphologically normal,1,1,WES,skin04-c6-t2,0.07
Fam83b,HF papilloma,1,1,WES,hairfollicle04-c2-t3,0.026
Fam83g,Skin papilloma,1,1,WES,skin04-c5-t2,0.068
Fam83h,Morphologically normal,1,2,WES,hairfollicle05-e5-t3,0.04
Fam89b,Morphologically normal,1,1,WES,hairfollicle05-c7-t2,0.062
Fam90a1a,Morphologically normal,1,1,WES,hairfollicle04-c6-t3,0.095
Fam90a1a,Skin papilloma,1,1,WES,skin04-c2-t2,0.1
Fam98c,Morphologically normal,1,1,WES,hairfollicle04-c6-t3,0.038
Fan1,Morphologically normal,1,1,WES,hairfollicle05-e5-t3,0.026
Fancd2,Skin papilloma,1,1,WES,skin04-c5-t2,0.1
Fanci,HF papilloma,1,1,WES,hairfollicle04-c5-t3,0.036
Fanci,Skin papilloma,1,1,WES,skin04-c5-t2,0.035
Far2,Morphologically normal,1,1,WES,hairfollicle04-c6-t3,0.041
Fars2,Morphologically normal,1,1,WES,hairfollicle05-b5-t3,0.128
Farsa,Morphologically normal,2,2,WES,hairfollicle05-c7-t2; skin05-e5-t2,0.081
Fasl,HF papilloma,1,1,WES,hairfollicle04-c2-t3,0.028
Fasn,Morphologically normal,1,1,WES,skin05-e5-t2,0.048
Fastkd1,Skin papilloma,1,1,WES,skin04-c5-t2,0.057
Fastkd3,Morphologically normal,1,2,WES,hairfollicle05-c7-t2,0.059
Fastkd5,Morphologically normal,1,1,WES,hairfollicle05-b1-t3,0.158
Fat1,Morphologically normal,2,2,TES,hairfollicle21-c1-w17; hairfollicle21-d4-w14,0.896
Fat1,HF papilloma,2,2,TES; WES,hairfollicle04-c5-t3; hairfollicle21-e1-w14,0.035
Fat1,HF SCC,1,1,TES,hairfollicle21-e3-w14,0.201
Fat2,Skin papilloma,1,1,WES,skin04-c4-t2,0.083
Fat3,Morphologically normal,2,2,WES,hairfollicle04-c6-t3; hairfollicle05-b5-t3,0.133
Fat3,HF papilloma,1,1,WES,hairfollicle04-c4-t3,0.032
Fat3,Skin papilloma,1,1,WES,skin04-c5-t2,0.069
Fat4,Morphologically normal,2,2,TES,hairfollicle21-d4-w8; hairfollicle21-f2-w17,0.5
Fat4,HF papilloma,1,1,TES,hairfollicle21-d1-w17,0.423
Fbf1,HF papilloma,1,1,WES,hairfollicle04-c5-t3,0.038
Fbh1,Morphologically normal,1,1,WES,skin05-e5-t2,0.049
Fbln2,Morphologically normal,1,1,WES,hairfollicle05-c7-t2,0.061
Fbln5,Morphologically normal,2,2,WES,hairfollicle04-c6-t3; hairfollicle05-c7-t2,0.098
Fbn1,Morphologically normal,1,1,WES,hairfollicle05-e5-t3,0.055
Fbn1,Skin papilloma,1,1,WES,skin04-c5-t2,0.061
Fbn2,Morphologically normal,2,3,TES; WES,hairfollicle21-f6-w8; skin05-b5-t2,0.476
Fbn2,HF papilloma,1,1,TES,hairfollicle21-d6-w17,0.07
Fbn2,Skin papilloma,1,1,WES,skin04-c2-t2,0.068
Fbp1,Morphologically normal,1,1,WES,hairfollicle05-b1-t3,0.136
Fbp2,Morphologically normal,1,1,WES,hairfollicle05-c7-t2,0.25
Fbxl2,Morphologically normal,1,1,WES,hairfollicle05-b5-t3,0.107
Fbxl8,Skin papilloma,1,1,WES,skin04-c4-t2,0.083
Fbxo10,Morphologically normal,1,1,WES,skin04-c6-t2,0.097
Fbxo21,HF SCC,2,3,TES,hairfollicle21-b6-w17; hairfollicle21-e4-w14,0.167
Fbxo25,Morphologically normal,1,1,WES,skin04-c6-t2,0.022
Fbxo32,Morphologically normal,1,1,WES,hairfollicle05-c7-t2,0.13
Fbxo34,Morphologically normal,1,1,WES,hairfollicle05-c7-t2,0.111
Fbxo38,Morphologically normal,1,1,WES,hairfollicle05-e5-t3,0.025
Fbxo39,Morphologically normal,1,1,WES,skin05-b1-t2,0.037
Fbxo40,Morphologically normal,1,1,WES,hairfollicle05-b1-t3,0.1
Fbxo41,Skin papilloma,1,1,WES,skin04-c2-t2,0.036
Fbxo42,Morphologically normal,1,1,WES,hairfollicle05-e5-t3,0.049
Fbxo42,HF papilloma,1,1,WES,hairfollicle04-c2-t3,0.04
Fbxo43,Morphologically normal,1,1,WES,hairfollicle05-b1-t3,0.104
Fbxo43,Skin papilloma,1,2,WES,skin04-c5-t2,0.03
Fbxo46,Morphologically normal,1,1,WES,hairfollicle05-e5-t3,0.025
Fbxo7,Morphologically normal,1,1,WES,hairfollicle05-e5-t3,0.024
Fbxw10,Morphologically normal,1,1,WES,skin04-c6-t2,0.057
Fbxw11,Morphologically normal,1,1,WES,hairfollicle05-e5-t3,0.049
Fbxw16,Morphologically normal,1,1,WES,skin05-c7-t2,0.04
Fbxw20,Morphologically normal,1,1,WES,skin04-c6-t2,0.034
Fbxw21,Morphologically normal,1,1,WES,hairfollicle04-c6-t3,0.061
Fbxw22,Morphologically normal,1,1,WES,hairfollicle05-c7-t2,0.056
Fbxw25,Skin papilloma,2,2,WES,skin04-c4-t2; skin04-c5-t2,0.042
Fcgbp,Morphologically normal,2,2,WES,hairfollicle05-b5-t3; hairfollicle05-c7-t2,0.157
Fcgbp,Skin papilloma,1,1,WES,skin04-c2-t2,0.045
Fcna,Morphologically normal,1,1,WES,hairfollicle05-e5-t3,0.028
Fcrla,Morphologically normal,1,2,WES,hairfollicle05-c7-t2,0.071
Fdft1,Skin papilloma,1,1,WES,skin04-c5-t2,0.048
Fech,Morphologically normal,1,1,WES,skin04-c6-t2,0.059
Fem1al,Morphologically normal,1,1,WES,hairfollicle05-e5-t3,0.022
Fen1,Morphologically normal,2,2,WES,hairfollicle05-e5-t3; skin04-c6-t2,0.052
Fer1l4,Morphologically normal,3,3,WES,hairfollicle05-b5-t3; hairfollicle05-e5-t3; skin04-c6-t2,0.091
Fer1l5,HF papilloma,1,1,WES,hairfollicle04-c2-t3,0.028
Fezf1,Morphologically normal,1,1,WES,hairfollicle05-b5-t3,0.066
Ffar3,Morphologically normal,1,1,WES,hairfollicle05-b1-t3,0.149
Fgb,Skin papilloma,1,1,WES,skin04-c4-t2,0.035
Fgd2,Morphologically normal,1,1,WES,hairfollicle05-e5-t3,0.026
Fgd5,Morphologically normal,1,1,WES,hairfollicle05-e5-t3,0.036
Fgd5,HF papilloma,1,1,WES,hairfollicle04-c2-t3,0.037
Fgd5,Skin papilloma,1,1,WES,skin04-c2-t2,0.068
Fgfr1,Morphologically normal,2,2,WES,hairfollicle04-c6-t3; hairfollicle05-e5-t3,0.054
Fgfr1,HF papilloma,1,1,TES,hairfollicle21-f1-w14,0.027
Fgfr3,HF papilloma,1,1,TES,hairfollicle21-d6-w17,0.082
Fgfrl1,Morphologically normal,1,1,WES,hairfollicle05-c7-t2,0.111
Fggy,Morphologically normal,1,1,WES,hairfollicle05-c7-t2,0.091
Fgl2,Skin papilloma,1,1,WES,skin04-c5-t2,0.077
Fhdc1,Morphologically normal,1,1,WES,hairfollicle04-c6-t3,0.041
Fibp,Skin papilloma,1,1,WES,skin04-c4-t2,0.036
Fig4,Morphologically normal,1,1,WES,hairfollicle05-e5-t3,0.025
Figla,Morphologically normal,1,1,WES,hairfollicle05-e5-t3,0.034
Figla,HF papilloma,1,1,WES,hairfollicle04-c5-t3,0.042
Fign,Morphologically normal,2,3,WES,hairfollicle04-c6-t3; hairfollicle05-c7-t2,0.123
Filip1,HF papilloma,1,1,WES,hairfollicle04-c2-t3,0.029
Fis1,Skin papilloma,1,1,WES,skin04-c5-t2,0.091
Fkbp15,Skin papilloma,1,1,WES,skin04-c5-t2,0.03
Fkbp3,Morphologically normal,1,1,WES,hairfollicle05-b5-t3,0.072
Fkbp4,Morphologically normal,1,1,WES,hairfollicle05-b1-t3,0.133
Flad1,Morphologically normal,1,1,WES,hairfollicle05-c7-t2,0.089
Flcn,Morphologically normal,2,2,WES,hairfollicle05-b1-t3; hairfollicle05-c7-t2,0.133
Flg2,Morphologically normal,42,35,TES; WES,hairfollicle04-c6-t3; hairfollicle05-c7-t2; hairfollicle05-e5-t3; hairfollicle21-b5-w17; hairfollicle21-b5-w8; hairfollicle21-c1-w17; hairfollicle21-c2-w17; hairfollicle21-c3-w17; hairfollicle21-c5-w14; hairfollicle21-c5-w17; hairfollicle21-d1-w8; hairfollicle21-d3-w17; hairfollicle21-d3-w8; hairfollicle21-d4-w17; hairfollicle21-d4-w8; hairfollicle21-e5-w17; hairfollicle21-e6-w17; hairfollicle21-f1-w17; hairfollicle21-f2-w14; hairfollicle21-f4-w19; hairfollicle21-f6-w14; hairfollicle21-f6-w17; hairfollicle21-f7-w8; hairfollicle21-g1-w14; hairfollicle21-g1-w17; hairfollicle21-g1-w8; hairfollicle21-g2-w14; hairfollicle21-g2-w17; hairfollicle21-g3-w14; hairfollicle21-g4-w14; hairfollicle21-g4-w8; hairfollicle21-g5-w17; hairfollicle21-g7-w14; hairfollicle21-g7-w19; skin05-b5-t2; skin21-b5-w19; skin21-c5-w19; skin21-d1-w19; skin21-d3-w19; skin21-d4-w19; skin21-g1-w19; skin21-g3-w19,0.348
Flg2,HF papilloma,12,20,TES; WES,hairfollicle04-c2-t3; hairfollicle04-c4-t3; hairfollicle04-c5-t3; hairfollicle21-d1-w17; hairfollicle21-d2-w8; hairfollicle21-d6-w17; hairfollicle21-e1-w14; hairfollicle21-e1-w17; hairfollicle21-e2-w14; hairfollicle21-e2-w8; hairfollicle21-f1-w14; hairfollicle21-f1-w8,0.428
Flg2,HF SCC,13,22,TES,hairfollicle21-b6-w17; hairfollicle21-b6-w8; hairfollicle21-c6-w14; hairfollicle21-c6-w8; hairfollicle21-e3-w14; hairfollicle21-e3-w17; hairfollicle21-e3-w8; hairfollicle21-e4-w14; hairfollicle21-e4-w8; hairfollicle21-f4-w17; hairfollicle21-f6-w19; hairfollicle21-g3-w17; hairfollicle21-g6-w19,0.277
Flg2,Skin papilloma,2,2,TES; WES,skin04-c4-t2; skin21-f1-w19,0.04
Flg2,Skin SCC,3,2,TES,skin21-b6-w19; skin21-b7-w19; skin21-pp-bc-w19,0.049
Flnb,Morphologically normal,2,2,WES,hairfollicle05-b5-t3; skin05-b5-t2,0.083
Flnb,HF papilloma,1,1,WES,hairfollicle04-c5-t3,0.04
Flt3,Morphologically normal,2,1,TES; WES,hairfollicle04-c6-t3; hairfollicle21-e5-w17,0.074
Flt3,HF papilloma,1,1,WES,hairfollicle04-c5-t3,0.067
Flt3,HF SCC,3,3,TES,hairfollicle21-e4-w14; hairfollicle21-f4-w17; hairfollicle21-f6-w19,0.086
Flt4,Morphologically normal,2,2,WES,hairfollicle05-c7-t2; skin04-c6-t2,0.079
Flywch2,Morphologically normal,1,1,WES,hairfollicle05-e5-t3,0.038
Fmo9,Morphologically normal,1,1,WES,hairfollicle04-c6-t3,0.055
Fmod,Morphologically normal,1,1,WES,hairfollicle04-c6-t3,0.043
Fn1,Morphologically normal,4,4,TES; WES,hairfollicle05-b5-t3; hairfollicle21-b5-w8; hairfollicle21-g3-w14; hairfollicle21-g7-w19,0.797
Fn1,HF papilloma,2,1,TES,hairfollicle21-d1-w17; hairfollicle21-e1-w17,0.461
Fn1,HF SCC,3,6,TES,hairfollicle21-b7-w8; hairfollicle21-c7-w14; hairfollicle21-f4-w17,0.417
Fndc1,Skin papilloma,1,1,WES,skin04-c4-t2,0.027
Fndc3b,Morphologically normal,1,1,WES,hairfollicle05-b1-t3,0.167
Fndc3c1,Skin papilloma,1,1,WES,skin04-c5-t2,0.058
Fnip2,HF papilloma,1,1,WES,hairfollicle04-c5-t3,0.048
Fntb,HF papilloma,1,1,WES,hairfollicle04-c4-t3,0.052
Focad,Morphologically normal,1,1,WES,hairfollicle05-e5-t3,0.044
Folh1,HF papilloma,1,1,WES,hairfollicle04-c4-t3,0.068
Folh1,Skin papilloma,2,2,WES,skin04-c4-t2; skin04-c5-t2,0.062
Folr2,Morphologically normal,1,1,WES,hairfollicle05-b1-t3,0.237
Fos,Morphologically normal,1,1,WES,hairfollicle05-c7-t2,0.077
Foxa1,Morphologically normal,1,1,WES,skin05-b5-t2,0.045
Foxa1,Skin papilloma,1,1,WES,skin04-c2-t2,0.085
Foxi3,Morphologically normal,1,1,WES,hairfollicle05-c7-t2,0.107
Foxj2,Skin papilloma,1,1,WES,skin04-c5-t2,0.083
Foxj3,Morphologically normal,1,1,WES,skin04-c6-t2,0.057
Foxk1,Morphologically normal,1,1,WES,skin05-b1-t2,0.046
Foxn2,Morphologically normal,1,1,WES,hairfollicle05-e5-t3,0.043
Foxn4,Morphologically normal,1,1,WES,skin04-c6-t2,0.039
Foxo3,Skin papilloma,1,2,WES,skin04-c5-t2,0.063
Foxp1,Morphologically normal,2,2,TES; WES,hairfollicle05-b1-t3; skin21-c5-w19,0.111
Foxp2,HF SCC,2,2,TES,hairfollicle21-b6-w17; hairfollicle21-e4-w8,0.2
Foxp4,HF papilloma,1,1,WES,hairfollicle04-c5-t3,0.033
Foxp4,Skin papilloma,1,1,WES,skin04-c5-t2,0.097
Foxs1,Morphologically normal,2,2,WES,hairfollicle05-c7-t2; skin04-c6-t2,0.1
Fpr3,HF papilloma,1,1,WES,hairfollicle04-c5-t3,0.062
Fras1,Morphologically normal,3,3,WES,hairfollicle04-c6-t3; hairfollicle05-b5-t3; skin05-e5-t2,0.082
Fras1,HF papilloma,2,3,WES,hairfollicle04-c4-t3; hairfollicle04-c5-t3,0.067
Frem1,Morphologically normal,2,2,WES,hairfollicle05-c7-t2; skin05-c6,0.12
Frem1,HF papilloma,1,1,WES,hairfollicle04-c2-t3,0.036
Frem2,Morphologically normal,2,3,WES,hairfollicle04-c6-t3; hairfollicle05-e5-t3,0.048
Frem3,Morphologically normal,1,1,WES,hairfollicle05-e5-t3,0.024
Frem3,Skin papilloma,1,1,WES,skin04-c5-t2,0.043
Frmd3,Morphologically normal,1,1,WES,hairfollicle05-e5-t3,0.026
Frmd4a,Morphologically normal,1,1,WES,skin05-b5-t2,0.091
Frmpd2,Morphologically normal,1,1,WES,hairfollicle05-e5-t3,0.028
Frmpd3,Morphologically normal,1,1,WES,hairfollicle05-b5-t3,0.075
Frmpd3,HF papilloma,1,1,WES,hairfollicle04-c5-t3,0.034
Frrs1,Morphologically normal,1,1,WES,hairfollicle05-e5-t3,0.022
Fry,Morphologically normal,1,1,WES,hairfollicle05-b1-t3,0.111
Fryl,Skin papilloma,1,1,WES,skin04-c4-t2,0.043
Fscb,Morphologically normal,4,5,WES,hairfollicle04-c6-t3; skin05-b1-t2; skin05-b5-t2; skin05-c7-t2,0.063
Fscb,Skin papilloma,1,1,WES,skin04-c5-t2,0.049
Fscn1,Morphologically normal,1,1,WES,skin05-e5-t2,0.1
Fsip2l,HF papilloma,1,1,WES,hairfollicle04-c4-t3,0.042
Fstl1,Morphologically normal,1,1,WES,hairfollicle05-b5-t3,0.059
Fthl17f,Skin papilloma,1,1,WES,skin04-c5-t2,0.014
Ftsj3,Morphologically normal,1,1,WES,hairfollicle05-c7-t2,0.097
Fuca1,Morphologically normal,1,1,WES,hairfollicle04-c6-t3,0.045
Fuom,Morphologically normal,1,1,WES,hairfollicle05-c7-t2,0.13
Fus,Morphologically normal,1,1,WES,hairfollicle05-b1-t3,0.2
Fxn,Morphologically normal,1,1,WES,skin04-c6-t2,0.036
Fxyd1,Morphologically normal,1,1,WES,hairfollicle05-c7-t2,0.078
Fyco1,Skin papilloma,1,1,WES,skin04-c2-t2,0.075
Fzd1,Skin papilloma,1,1,WES,skin04-c5-t2,0.054
Fzd3,Skin papilloma,1,1,WES,skin04-c5-t2,0.031
Fzd9,Morphologically normal,2,2,WES,hairfollicle05-c7-t2; skin05-e5-t2,0.12
G530012D18Rik,HF papilloma,1,1,WES,hairfollicle04-c2-t3,0.268
Gabarapl1,Morphologically normal,1,1,WES,hairfollicle05-b1-t3,0.187
Gabbr1,Morphologically normal,1,1,WES,hairfollicle05-b1-t3,0.19
Gabra6,Morphologically normal,1,1,WES,skin04-c6-t2,0.1
Gabrd,Morphologically normal,1,1,WES,hairfollicle05-c7-t2,0.136
Gabrg1,Morphologically normal,1,1,WES,skin04-c6-t2,0.092
Gabrr1,Morphologically normal,1,1,WES,hairfollicle05-c7-t2,0.097
Gabrr2,Morphologically normal,1,1,WES,skin04-c6-t2,0.04
Gad2,Morphologically normal,1,1,WES,hairfollicle05-c7-t2,0.136
Gadl1,Morphologically normal,1,1,WES,hairfollicle05-c7-t2,0.165
Gak,Morphologically normal,1,1,WES,hairfollicle05-e5-t3,0.036
Galm,Skin papilloma,1,1,WES,skin04-c4-t2,0.036
Galnt1,Morphologically normal,1,1,WES,hairfollicle05-b1-t3,0.214
Galnt11,Morphologically normal,1,1,WES,hairfollicle05-c7-t2,0.157
Galnt16,Skin papilloma,1,1,WES,skin04-c5-t2,0.051
Galnt18,Morphologically normal,1,1,WES,hairfollicle05-c7-t2,0.12
Galnt9,Skin papilloma,1,1,WES,skin04-c5-t2,0.042
Gapvd1,HF papilloma,1,1,WES,hairfollicle04-c5-t3,0.053
Garnl3,Morphologically normal,2,2,WES,hairfollicle05-c7-t2; skin04-c6-t2,0.103
Gatad2a,Morphologically normal,1,1,WES,skin04-c6-t2,0.045
Gatm,HF papilloma,1,1,WES,hairfollicle04-c5-t3,0.054
Gba,Morphologically normal,1,1,WES,skin05-e5-t2,0.035
Gba2,Morphologically normal,1,1,WES,skin05-e5-t2,0.045
Gbf1,Morphologically normal,1,1,WES,hairfollicle05-e5-t3,0.051
Gbgt1,Morphologically normal,1,1,WES,hairfollicle05-c7-t2,0.115
Gbp10,Morphologically normal,1,1,WES,hairfollicle05-e5-t3,0.033
Gbp11,Morphologically normal,2,2,WES,hairfollicle05-e5-t3; skin04-c6-t2,0.041
Gbp7,Skin papilloma,1,1,WES,skin04-c5-t2,0.066
Gbp9,HF papilloma,1,1,WES,hairfollicle04-c2-t3,0.041
Gcgr,Morphologically normal,1,1,WES,hairfollicle05-b1-t3,0.158
Gcgr,HF papilloma,1,1,WES,hairfollicle04-c2-t3,0.02
Gckr,Morphologically normal,1,1,WES,skin05-b1-t2,0.042
Gcm1,Morphologically normal,1,1,WES,hairfollicle05-c7-t2,0.103
Gcn1,Morphologically normal,1,1,WES,hairfollicle05-b1-t3,0.105
Gcnt4,Morphologically normal,1,1,WES,hairfollicle05-e5-t3,0.032
Gcnt7,Skin papilloma,1,1,WES,skin04-c5-t2,0.04
Gdap2,Skin papilloma,1,1,WES,skin04-c4-t2,0.088
Gdf2,HF papilloma,1,1,WES,hairfollicle04-c5-t3,0.033
Gdf3,Skin papilloma,1,1,WES,skin04-c5-t2,0.047
Gemin5,Morphologically normal,2,3,WES,hairfollicle05-c7-t2; hairfollicle05-e5-t3,0.111
Gen1,Skin papilloma,1,1,WES,skin04-c5-t2,0.034
Gfap,Morphologically normal,1,1,WES,skin04-c6-t2,0.039
Gfi1b,Morphologically normal,1,1,WES,hairfollicle05-c7-t2,0.091
Gfpt1,Morphologically normal,1,1,WES,hairfollicle05-b1-t3,0.091
Gfra2,HF papilloma,1,1,WES,hairfollicle04-c5-t3,0.049
Gfra3,Morphologically normal,1,2,WES,skin04-c6-t2,0.069
Gga2,Morphologically normal,1,1,WES,skin05-b5-t2,0.037
Gga3,Morphologically normal,1,1,WES,hairfollicle05-e5-t3,0.045
Ggnbp1,Skin papilloma,1,1,WES,skin04-c5-t2,0.057
Ggt7,Morphologically normal,1,1,WES,hairfollicle05-b5-t3,0.085
Ghr,HF papilloma,1,1,WES,hairfollicle04-c2-t3,0.062
Ghrhr,Skin papilloma,1,1,WES,skin04-c4-t2,0.061
Ghsr,Morphologically normal,1,1,WES,hairfollicle04-c6-t3,0.084
Gin1,HF papilloma,1,1,WES,hairfollicle04-c2-t3,0.03
Gip,Morphologically normal,1,1,WES,hairfollicle05-b5-t3,0.187
Gipr,Morphologically normal,1,1,WES,hairfollicle05-c7-t2,0.1
Git1,Morphologically normal,2,2,WES,hairfollicle05-b1-t3; skin05-e5-t2,0.124
Gja3,Morphologically normal,1,1,WES,skin04-c6-t2,0.034
Gja4,Morphologically normal,1,1,WES,hairfollicle05-e5-t3,0.028
Gja8,Skin papilloma,1,1,WES,skin04-c5-t2,0.032
Gjb1,Morphologically normal,1,1,WES,hairfollicle05-e5-t3,0.024
Gjc1,Morphologically normal,1,1,WES,hairfollicle05-c7-t2,0.124
Gk5,Morphologically normal,1,1,WES,hairfollicle04-c6-t3,0.059
Gk5,Skin papilloma,1,1,WES,skin04-c5-t2,0.024
Gkn1,Morphologically normal,1,1,WES,hairfollicle05-c7-t2,0.083
Glb1l2,Morphologically normal,1,1,WES,hairfollicle05-b5-t3,0.065
Glb1l3,Morphologically normal,1,1,WES,hairfollicle04-c6-t3,0.048
Glb1l3,Skin papilloma,1,1,WES,skin04-c5-t2,0.056
Gldc,Skin papilloma,1,1,WES,skin04-c4-t2,0.088
Glg1,Skin papilloma,1,1,WES,skin04-c5-t2,0.039
Gli2,Morphologically normal,2,2,WES,hairfollicle05-e5-t3; skin04-c6-t2,0.05
Gli2,Skin papilloma,1,1,WES,skin04-c4-t2,0.053
Gli3,Morphologically normal,1,1,WES,skin05-e5-t2,0.081
Glod4,Morphologically normal,1,1,WES,hairfollicle05-e5-t3,0.026
Glrb,Morphologically normal,1,1,WES,hairfollicle05-e5-t3,0.061
Glrb,HF papilloma,1,1,WES,hairfollicle04-c2-t3,0.03
Glrp1,Morphologically normal,1,1,TES,hairfollicle21-c1-w17,0.08
Glrp1,Skin SCC,1,2,TES,skin21-g4-w19,0.057
Gls2,Morphologically normal,1,1,WES,skin05-b1-t2,0.048
Gls2,Skin papilloma,1,1,WES,skin04-c5-t2,0.025
Gltpd2,Morphologically normal,1,1,WES,hairfollicle05-e5-t3,0.036
Glud1,Skin papilloma,1,1,WES,skin04-c2-t2,0.1
Gm10125,HF papilloma,1,1,WES,hairfollicle04-c2-t3,0.029
Gm10131,Morphologically normal,1,1,WES,skin05-b5-t2,0.055
Gm10220,Morphologically normal,4,1,WES,hairfollicle05-e5-t3; skin05-b5-t2; skin05-c7-t2; skin05-e5-t2,0.091
Gm10319,Morphologically normal,1,1,WES,skin05-c7-t2,0.097
Gm10354,Morphologically normal,5,1,WES,hairfollicle05-c7-t2; hairfollicle05-e5-t3; skin05-b5-t2; skin05-c7-t2; skin05-e5-t2,0.083
Gm10434,Skin papilloma,1,1,WES,skin04-c4-t2,0.091
Gm10471,Morphologically normal,8,3,WES,hairfollicle04-c6-t3; hairfollicle05-c7-t2; hairfollicle05-e5-t3; skin04-c6-t2; skin05-b1-t2; skin05-b5-t2; skin05-c7-t2; skin05-e5-t2,0.297
Gm10471,HF papilloma,3,3,WES,hairfollicle04-c2-t3; hairfollicle04-c4-t3; hairfollicle04-c5-t3,0.379
Gm10471,Skin papilloma,3,1,WES,skin04-c2-t2; skin04-c4-t2; skin04-c5-t2,0.022
Gm10717,Morphologically normal,12,12,TES,hairfollicle21-c2-w17; hairfollicle21-c5-w14; hairfollicle21-d4-w17; hairfollicle21-e5-w17; hairfollicle21-f6-w8; skin21-c5-w19; skin21-c6-w19; skin21-d1-w19; skin21-d4-w19; skin21-e3-w19; skin21-g1-w19; skin21-g3-w19,0.25
Gm10717,HF papilloma,6,5,TES; WES,hairfollicle04-c5-t3; hairfollicle21-d2-w8; hairfollicle21-d6-w17; hairfollicle21-e1-w14; hairfollicle21-e2-w8; hairfollicle21-f1-w14,0.444
Gm10717,HF SCC,2,3,TES,hairfollicle21-e4-w14; hairfollicle21-f6-w19,0.19
Gm10717,Skin papilloma,3,3,TES; WES,skin04-c2-t2; skin04-c5-t2; skin21-e2-w19,0.1
Gm10717,Skin SCC,1,1,TES,skin21-pp-bc-w19,0.083
Gm10722,Morphologically normal,3,3,TES,hairfollicle21-c3-w17; hairfollicle21-f7-w17; skin21-d4-w19,0.246
Gm10722,HF papilloma,1,1,TES,hairfollicle21-d2-w8,0.027
Gm10722,HF SCC,1,1,TES,hairfollicle21-b7-w8,0.167
Gm10722,Skin papilloma,1,1,TES,skin21-e2-w19,0.091
Gm10722,Skin SCC,1,2,TES,skin21-g4-w19,0.1
Gm10799,Morphologically normal,1,1,WES,hairfollicle05-e5-t3,0.027
Gm10800,Morphologically normal,6,6,TES; WES,hairfollicle05-c6; hairfollicle21-d4-w17; hairfollicle21-f4-w19; skin05-b5-t2; skin21-b5-w19; skin21-c5-w19,0.124
Gm10800,HF papilloma,2,2,TES,hairfollicle21-d2-w8; hairfollicle21-e2-w17,0.2
Gm10800,HF SCC,2,2,TES,hairfollicle21-c7-w17; hairfollicle21-f3-w17,0.61
Gm10800,Skin papilloma,1,1,WES,skin04-c2-t2,0.013
Gm10801,Morphologically normal,8,7,TES; WES,hairfollicle21-b5-w8; hairfollicle21-f2-w14; skin04-c6-t2; skin05-b1-t2; skin21-d3-w19; skin21-d4-w19; skin21-f3-w19; skin21-g3-w19,0.087
Gm10801,HF papilloma,2,3,TES; WES,hairfollicle04-c4-t3; hairfollicle21-f1-w14,0.196
Gm10801,HF SCC,3,4,TES,hairfollicle21-b6-w17; hairfollicle21-b7-w8; hairfollicle21-e4-w14,0.222
Gm10801,Skin SCC,2,4,TES,skin21-b7-w19; skin21-c7-w19,0.067
Gm1110,Skin papilloma,1,1,WES,skin04-c5-t2,0.056
Gm11168,Morphologically normal,3,3,TES,hairfollicle21-c2-w17; hairfollicle21-d4-w8; hairfollicle21-f2-w14,0.701
Gm11168,HF SCC,3,2,TES,hairfollicle21-c6-w8; hairfollicle21-e4-w8; hairfollicle21-f4-w17,0.765
Gm11168,Skin papilloma,2,1,TES,skin21-d2-w19; skin21-e2-w19,0.084
Gm11554,Morphologically normal,1,2,TES,hairfollicle21-c5-w14,0.052
Gm11554,HF papilloma,1,1,TES,hairfollicle21-d6-w17,0.048
Gm11555,Morphologically normal,12,4,TES,hairfollicle21-c1-w17; hairfollicle21-c5-w14; hairfollicle21-d1-w8; hairfollicle21-d3-w8; hairfollicle21-e5-w17; hairfollicle21-f5-w17; hairfollicle21-g1-w17; hairfollicle21-g1-w8; skin21-c5-w19; skin21-d1-w19; skin21-d3-w19; skin21-d4-w19,0.208
Gm11555,HF papilloma,2,2,TES,hairfollicle21-e1-w17; hairfollicle21-e2-w14,0.13
Gm11555,HF SCC,3,3,TES,hairfollicle21-c6-w14; hairfollicle21-e3-w14; hairfollicle21-e4-w14,0.084
Gm11555,Skin SCC,4,2,TES,skin21-b6-w19; skin21-b7-w19; skin21-g4-w19; skin21-pp-de-w19,0.068
Gm11559,Morphologically normal,1,1,TES,hairfollicle21-g2-w14,0.203
Gm11559,HF SCC,1,1,TES,hairfollicle21-b6-w8,0.117
Gm11559,Skin SCC,1,2,TES,skin21-b7-w19,0.014
Gm11563,Morphologically normal,5,6,TES,hairfollicle21-b5-w8; hairfollicle21-e7-w17; hairfollicle21-f6-w8; hairfollicle21-g1-w8; hairfollicle21-g5-w17,0.5
Gm11563,HF papilloma,1,3,TES,hairfollicle21-f1-w14,0.034
Gm11563,HF SCC,4,6,TES,hairfollicle21-b6-w14; hairfollicle21-b7-w17; hairfollicle21-c7-w8; hairfollicle21-g3-w17,0.417
Gm11564,Morphologically normal,4,4,TES; WES,hairfollicle05-c7-t2; hairfollicle21-c5-w14; hairfollicle21-f5-w17; skin21-c5-w19,0.119
Gm11564,HF papilloma,2,2,TES,hairfollicle21-e1-w17; hairfollicle21-f1-w8,0.25
Gm11564,HF SCC,1,1,TES,hairfollicle21-e3-w14,0.052
Gm11567,Morphologically normal,2,2,TES,hairfollicle21-d4-w8; hairfollicle21-g7-w19,0.2
Gm11567,HF papilloma,1,1,TES,hairfollicle21-f1-w14,0.038
Gm11567,Skin SCC,1,1,TES,skin21-b7-w19,0.038
Gm11568,Morphologically normal,2,3,TES; WES,hairfollicle05-e5-t3; hairfollicle21-g2-w14,0.182
Gm11568,HF papilloma,1,1,TES,hairfollicle21-e2-w8,0.108
Gm11568,HF SCC,1,1,TES,hairfollicle21-e3-w14,0.101
Gm11568,Skin SCC,1,1,TES,skin21-g4-w19,0.015
Gm11569,Morphologically normal,5,5,TES; WES,hairfollicle05-e5-t3; hairfollicle21-b5-w17; hairfollicle21-c5-w14; hairfollicle21-g5-w17; skin21-b5-w19,0.179
Gm11569,HF SCC,2,2,TES,hairfollicle21-c7-w8; hairfollicle21-f4-w8,0.188
Gm11595,Morphologically normal,7,9,TES,hairfollicle21-c3-w17; hairfollicle21-c5-w17; hairfollicle21-d1-w8; hairfollicle21-e5-w17; hairfollicle21-f5-w17; hairfollicle21-g1-w17; hairfollicle21-g1-w8,0.128
Gm11595,HF papilloma,3,3,TES,hairfollicle21-d6-w17; hairfollicle21-e2-w14; hairfollicle21-f1-w14,0.082
Gm11595,HF SCC,7,8,TES,hairfollicle21-b6-w8; hairfollicle21-b7-w17; hairfollicle21-c6-w14; hairfollicle21-c7-w8; hairfollicle21-e3-w8; hairfollicle21-f4-w17; hairfollicle21-g3-w17,0.19
Gm11596,Morphologically normal,6,4,TES,hairfollicle21-b5-w17; hairfollicle21-b5-w8; hairfollicle21-c2-w17; hairfollicle21-d1-w8; hairfollicle21-f7-w19; hairfollicle21-g5-w17,0.47
Gm11596,HF papilloma,3,3,TES,hairfollicle21-d2-w8; hairfollicle21-f1-w14; hairfollicle21-f1-w8,0.208
Gm11596,HF SCC,3,2,TES,hairfollicle21-c7-w8; hairfollicle21-e4-w14; hairfollicle21-f6-w19,0.392
Gm11639,Morphologically normal,1,2,WES,hairfollicle05-e5-t3,0.02
Gm11639,Skin papilloma,1,1,WES,skin04-c2-t2,0.1
Gm11808,Morphologically normal,1,1,WES,hairfollicle04-c6-t3,0.094
Gm11992,Morphologically normal,1,1,WES,hairfollicle04-c6-t3,0.093
Gm12166,HF papilloma,1,1,WES,hairfollicle04-c2-t3,0.024
Gm12258,Morphologically normal,1,1,WES,skin05-b5-t2,0.073
Gm12695,Morphologically normal,1,1,WES,hairfollicle04-c6-t3,0.048
Gm13078,Morphologically normal,1,1,WES,hairfollicle05-e5-t3,0.025
Gm13212,Morphologically normal,7,4,WES,hairfollicle04-c6-t3; hairfollicle05-b1-t3; hairfollicle05-b5-t3; hairfollicle05-c7-t2; hairfollicle05-e5-t3; skin05-b1-t2; skin05-c7-t2,0.209
Gm13212,HF papilloma,3,1,WES,hairfollicle04-c2-t3; hairfollicle04-c4-t3; hairfollicle04-c5-t3,0.24
Gm13212,Skin papilloma,2,1,WES,skin04-c4-t2; skin04-c5-t2,0.039
Gm13713,Morphologically normal,1,1,WES,hairfollicle05-e5-t3,0.019
Gm14190,HF papilloma,2,2,TES; WES,hairfollicle04-c4-t3; hairfollicle21-f1-w8,0.2
Gm14190,HF SCC,1,1,TES,hairfollicle21-c6-w8,0.167
Gm14698,Skin papilloma,1,1,WES,skin04-c5-t2,0.061
Gm15114,Morphologically normal,5,1,WES,hairfollicle05-b1-t3; hairfollicle05-b5-t3; skin04-c6-t2; skin05-b1-t2; skin05-e5-t2,0.203
Gm15114,Skin papilloma,3,2,WES,skin04-c2-t2; skin04-c4-t2; skin04-c5-t2,0.059
Gm15217,HF papilloma,1,1,WES,hairfollicle04-c5-t3,0.02
Gm15429,Skin papilloma,1,1,WES,skin04-c5-t2,0.033
Gm16026,Skin papilloma,1,1,WES,skin04-c5-t2,0.028
Gm17019,Morphologically normal,1,1,WES,hairfollicle05-b5-t3,0.111
Gm17019,HF papilloma,2,1,WES,hairfollicle04-c4-t3; hairfollicle04-c5-t3,0.171
Gm17019,Skin papilloma,1,1,WES,skin04-c5-t2,0.012
Gm17079,HF papilloma,1,1,WES,hairfollicle04-c5-t3,0.029
Gm18596,Morphologically normal,1,2,WES,skin04-c6-t2,0.083
Gm19668,Morphologically normal,1,2,WES,hairfollicle04-c6-t3,0.083
Gm1979,Morphologically normal,1,2,WES,hairfollicle05-c7-t2,0.061
Gm1989,HF papilloma,2,1,WES,hairfollicle04-c4-t3; hairfollicle04-c5-t3,0.245
Gm1989,Skin papilloma,2,1,WES,skin04-c2-t2; skin04-c4-t2,0.068
Gm2022,Morphologically normal,5,1,WES,hairfollicle05-b5-t3; hairfollicle05-c7-t2; hairfollicle05-e5-t3; skin05-b1-t2; skin05-c7-t2,0.197
Gm20721,Morphologically normal,1,1,WES,hairfollicle05-b1-t3,0.231
Gm21083,HF papilloma,1,1,WES,hairfollicle04-c2-t3,0.027
Gm21190,HF papilloma,1,1,WES,hairfollicle04-c2-t3,0.025
Gm21663,Morphologically normal,1,1,WES,hairfollicle05-e5-t3,0.292
Gm21738,Morphologically normal,9,11,TES; WES,hairfollicle05-c7-t2; hairfollicle21-f6-w17; hairfollicle21-g1-w14; hairfollicle21-g1-w17; hairfollicle21-g1-w8; hairfollicle21-g2-w14; hairfollicle21-g2-w19; skin21-d1-w19; skin21-e3-w19,0.273
Gm21738,HF papilloma,2,2,TES,hairfollicle21-f1-w14; hairfollicle21-f1-w8,0.08
Gm21738,HF SCC,7,10,TES,hairfollicle21-b6-w14; hairfollicle21-b6-w8; hairfollicle21-c6-w8; hairfollicle21-c7-w8; hairfollicle21-e4-w8; hairfollicle21-f4-w17; hairfollicle21-f6-w19,0.25
Gm21738,Skin SCC,4,5,TES,skin21-b7-w19; skin21-c7-w19; skin21-e4-w19; skin21-pp-de-w19,0.083
Gm21976,Morphologically normal,1,1,WES,hairfollicle05-c7-t2,0.114
Gm2411,HF papilloma,1,1,WES,hairfollicle04-c5-t3,0.024
Gm26566,Morphologically normal,1,1,WES,hairfollicle05-c7-t2,0.106
Gm2888,Morphologically normal,1,1,WES,hairfollicle04-c6-t3,0.067
Gm3259,HF papilloma,1,1,WES,hairfollicle04-c5-t3,0.018
Gm3285,Morphologically normal,1,1,WES,skin05-b1-t2,0.083
Gm3486,Morphologically normal,1,1,WES,hairfollicle04-c6-t3,0.04
Gm42416,Morphologically normal,1,1,TES,skin21-b5-w19,0.015
Gm42416,HF papilloma,1,1,TES,hairfollicle21-f1-w14,0.022
Gm43495,HF papilloma,1,1,WES,hairfollicle04-c4-t3,0.071
Gm44579,Morphologically normal,1,1,WES,skin05-e5-t2,0.044
Gm45337,HF SCC,1,1,TES,hairfollicle21-b6-w8,0.133
Gm4553,Skin papilloma,1,1,WES,skin04-c5-t2,0.034
Gm45618,Morphologically normal,3,2,WES,hairfollicle05-b1-t3; hairfollicle05-c7-t2; skin05-b1-t2,0.098
Gm45618,Skin papilloma,2,2,WES,skin04-c2-t2; skin04-c4-t2,0.013
Gm45837,Morphologically normal,1,1,WES,hairfollicle05-e5-t3,0.032
Gm45902,Morphologically normal,1,1,WES,hairfollicle05-e5-t3,0.029
Gm47189,HF papilloma,1,1,WES,hairfollicle04-c2-t3,0.071
Gm4846,HF papilloma,1,1,WES,hairfollicle04-c4-t3,0.049
Gm4847,Morphologically normal,1,1,WES,hairfollicle05-c7-t2,0.103
Gm4884,Morphologically normal,2,2,WES,hairfollicle05-c7-t2; hairfollicle05-e5-t3,0.086
Gm4884,Skin papilloma,1,1,WES,skin04-c2-t2,0.019
Gm4922,HF papilloma,1,1,WES,hairfollicle04-c2-t3,0.042
Gm49391,Morphologically normal,1,1,WES,skin04-c6-t2,0.031
Gm49396,Morphologically normal,1,1,WES,hairfollicle05-c7-t2,0.115
Gm4952,Morphologically normal,1,1,WES,skin04-c6-t2,0.026
Gm4981,Morphologically normal,1,1,WES,hairfollicle05-b5-t3,0.075
Gm4985,Morphologically normal,1,1,WES,hairfollicle05-b5-t3,0.173
Gm49918,Morphologically normal,2,1,TES,hairfollicle21-c5-w14; skin21-d3-w19,0.036
Gm49918,HF SCC,1,1,TES,hairfollicle21-e3-w8,0.273
Gm49918,Skin SCC,1,1,TES,skin21-g4-w19,0.031
Gm5114,HF papilloma,2,2,WES,hairfollicle04-c2-t3; hairfollicle04-c5-t3,0.028
Gm5114,Skin papilloma,1,1,WES,skin04-c2-t2,0.025
Gm5134,HF papilloma,2,2,WES,hairfollicle04-c4-t3; hairfollicle04-c5-t3,0.065
Gm5244,Morphologically normal,1,1,WES,hairfollicle05-b1-t3,0.142
Gm5414,HF SCC,1,1,TES,hairfollicle21-c6-w8,0.222
Gm5442,Skin SCC,1,1,TES,skin21-e4-w19,0.081
Gm5458,Morphologically normal,2,2,WES,hairfollicle05-e5-t3; skin05-e5-t2,0.029
Gm5478,Skin papilloma,1,1,WES,skin04-c4-t2,0.013
Gm5591,Morphologically normal,8,2,WES,hairfollicle05-b1-t3; hairfollicle05-b5-t3; hairfollicle05-c7-t2; hairfollicle05-e5-t3; skin05-b1-t2; skin05-b5-t2; skin05-c7-t2; skin05-e5-t2,0.389
Gm5862,Morphologically normal,1,1,WES,hairfollicle05-b1-t3,0.176
Gm6309,Morphologically normal,1,1,WES,hairfollicle05-e5-t3,0.021
Gm6588,Skin papilloma,1,1,WES,skin04-c5-t2,0.071
Gm6614,Morphologically normal,1,1,WES,hairfollicle04-c6-t3,0.05
Gm7361,Morphologically normal,2,3,WES,hairfollicle05-b1-t3; hairfollicle05-e5-t3,0.09
Gm7579,Morphologically normal,2,2,WES,hairfollicle05-e5-t3; skin05-b5-t2,0.025
Gm7697,Morphologically normal,1,1,WES,hairfollicle05-c7-t2,0.187
Gm7889,Morphologically normal,1,1,WES,skin05-b1-t2,0.036
Gm8122,Skin papilloma,1,1,WES,skin04-c5-t2,0.071
Gm8159,Morphologically normal,1,1,WES,skin04-c6-t2,0.055
Gm8159,Skin papilloma,1,1,WES,skin04-c2-t2,0.055
Gm884,Morphologically normal,1,1,WES,skin03-g6,0.019
Gm884,HF papilloma,1,1,WES,hairfollicle04-c4-t3,0.04
Gm8882,Morphologically normal,2,2,WES,hairfollicle05-b5-t3; hairfollicle05-c7-t2,0.159
Gm9736,Morphologically normal,1,1,TES,hairfollicle21-f2-w19,0.298
Gm9736,HF papilloma,1,1,TES,hairfollicle21-f1-w8,0.125
Gm9758,HF papilloma,1,1,WES,hairfollicle04-c5-t3,0.025
Gmds,HF papilloma,1,1,WES,hairfollicle04-c2-t3,0.024
Gmeb1,Morphologically normal,1,1,WES,skin04-c6-t2,0.035
Gmip,Morphologically normal,1,1,WES,skin05-e5-t2,0.083
Gmppa,Morphologically normal,1,1,WES,hairfollicle05-b5-t3,0.065
Gmppb,HF papilloma,1,1,WES,hairfollicle04-c5-t3,0.026
Gmpr,Morphologically normal,1,1,WES,hairfollicle05-c7-t2,0.107
Gna11,Morphologically normal,1,1,WES,skin04-c6-t2,0.043
Gnas,Morphologically normal,1,1,WES,hairfollicle05-b1-t3,0.25
Gnas,HF papilloma,1,1,WES,hairfollicle04-c4-t3,0.132
Gnaz,Morphologically normal,1,1,WES,hairfollicle05-e5-t3,0.024
Gnb1,Skin papilloma,1,1,WES,skin04-c5-t2,0.049
Gnb1l,Skin papilloma,1,1,WES,skin04-c5-t2,0.031
Gnb4,Morphologically normal,1,1,WES,hairfollicle05-b5-t3,0.077
Gnptg,Morphologically normal,1,1,WES,skin04-c6-t2,0.06
Gns,Morphologically normal,1,1,WES,hairfollicle05-e5-t3,0.024
Golga3,Morphologically normal,2,2,WES,hairfollicle05-b1-t3; hairfollicle05-b5-t3,0.132
Golgb1,Morphologically normal,1,1,WES,hairfollicle05-c7-t2,0.103
Golim4,Morphologically normal,1,1,WES,hairfollicle05-e5-t3,0.033
Gorab,Morphologically normal,1,1,WES,hairfollicle05-e5-t3,0.026
Gosr1,Morphologically normal,1,1,WES,hairfollicle04-c6-t3,0.066
Gp1ba,Skin papilloma,1,1,WES,skin04-c2-t2,0.08
Gpat2,Morphologically normal,1,1,WES,hairfollicle05-c7-t2,0.088
Gpatch2l,Morphologically normal,1,1,WES,skin05-e5-t2,0.038
Gpatch8,Morphologically normal,1,1,WES,hairfollicle05-c7-t2,0.083
Gpbp1l1,Morphologically normal,1,1,WES,hairfollicle05-e5-t3,0.025
Gpc2,Morphologically normal,2,2,WES,hairfollicle05-b1-t3; hairfollicle05-c7-t2,0.175
Gpc6,Morphologically normal,1,1,WES,hairfollicle04-c6-t3,0.059
Gpd1,HF papilloma,1,1,WES,hairfollicle04-c5-t3,0.046
Gpd2,Morphologically normal,2,3,WES,hairfollicle05-e5-t3; skin05-c7-t2,0.032
Gpd2,Skin papilloma,1,1,WES,skin04-c2-t2,0.03
Gper1,Morphologically normal,1,1,WES,hairfollicle04-c6-t3,0.047
Gpn2,Morphologically normal,1,1,WES,hairfollicle05-e5-t3,0.028
Gpr101,Morphologically normal,1,1,WES,hairfollicle04-c6-t3,0.077
Gpr119,Morphologically normal,1,1,WES,hairfollicle05-c7-t2,0.063
Gpr143,Skin papilloma,1,1,WES,skin04-c4-t2,0.1
Gpr149,Morphologically normal,1,1,WES,skin05-a6,0.037
Gpr149,HF papilloma,1,1,WES,hairfollicle04-c2-t3,0.031
Gpr152,HF papilloma,1,1,WES,hairfollicle04-c4-t3,0.06
Gpr162,Morphologically normal,1,1,WES,skin04-c6-t2,0.043
Gpr179,Morphologically normal,1,1,WES,hairfollicle05-c7-t2,0.111
Gpr26,Morphologically normal,1,1,WES,skin05-c7-t2,0.071
Gpr34,Skin papilloma,1,1,WES,skin04-c5-t2,0.092
Gpr37,Morphologically normal,1,1,WES,hairfollicle05-b1-t3,0.148
Gpr39,Skin papilloma,1,1,WES,skin04-c2-t2,0.045
Gpr65,Morphologically normal,1,1,WES,hairfollicle05-e5-t3,0.039
Gpr89,Morphologically normal,1,1,WES,hairfollicle05-e5-t3,0.031
Gprc5a,Morphologically normal,1,1,WES,hairfollicle05-e5-t3,0.025
Gprc5b,Morphologically normal,1,1,WES,hairfollicle04-c6-t3,0.064
Gprc5d,HF papilloma,1,1,WES,hairfollicle04-c5-t3,0.047
Gprc6a,Morphologically normal,3,4,WES,hairfollicle04-c6-t3; hairfollicle05-b1-t3; hairfollicle05-c7-t2,0.229
Gprin1,HF papilloma,1,1,WES,hairfollicle04-c5-t3,0.025
Gpsm1,Morphologically normal,1,1,WES,hairfollicle05-b5-t3,0.083
Gpsm3,Morphologically normal,1,1,WES,hairfollicle05-b5-t3,0.074
Gpt,Morphologically normal,1,1,WES,skin04-c6-t2,0.085
Gpx1,Morphologically normal,1,1,WES,hairfollicle05-c7-t2,0.111
Gramd1b,Morphologically normal,1,1,WES,hairfollicle05-e5-t3,0.026
Gramd4,Morphologically normal,1,1,WES,skin04-c6-t2,0.073
Grb14,Morphologically normal,1,1,WES,hairfollicle05-e5-t3,0.042
Grb7,Morphologically normal,1,1,WES,hairfollicle05-e5-t3,0.027
Greb1,Morphologically normal,1,1,WES,hairfollicle05-b5-t3,0.091
Greb1l,Skin papilloma,1,1,WES,skin04-c5-t2,0.057
Grem1,Skin papilloma,1,1,WES,skin04-c4-t2,0.05
Grem2,Morphologically normal,2,2,WES,hairfollicle04-g2-t2; skin05-e5-t2,0.222
Gria3,Morphologically normal,1,1,WES,hairfollicle05-c7-t2,0.216
Gria4,HF papilloma,1,1,WES,hairfollicle04-c2-t3,0.023
Grid1,Morphologically normal,2,2,WES,hairfollicle05-b5-t3; hairfollicle05-e5-t3,0.222
Grid2ip,HF papilloma,1,1,WES,hairfollicle04-c5-t3,0.031
Grik1,Morphologically normal,1,1,WES,skin04-c6-t2,0.039
Grik2,HF papilloma,1,1,WES,hairfollicle04-c5-t3,0.027
Grik3,Morphologically normal,1,1,WES,hairfollicle05-b1-t3,0.13
Grik3,HF papilloma,1,1,WES,hairfollicle04-c5-t3,0.039
Grik4,HF papilloma,1,1,WES,hairfollicle04-c5-t3,0.031
Grik5,HF papilloma,1,1,WES,hairfollicle04-c5-t3,0.034
Grin2a,Morphologically normal,1,1,TES,hairfollicle21-c5-w14,0.042
Grin2a,HF papilloma,2,1,TES,hairfollicle21-e2-w14; hairfollicle21-f1-w14,0.071
Grin2a,HF SCC,1,1,TES,hairfollicle21-c6-w14,0.04
Grin2b,HF papilloma,1,1,WES,hairfollicle04-c5-t3,0.021
Grin2c,Morphologically normal,1,1,WES,hairfollicle05-b5-t3,0.094
Grin2c,HF papilloma,1,1,WES,hairfollicle04-c5-t3,0.045
Grin2c,Skin papilloma,1,1,WES,skin04-c2-t2,0.084
Grin2d,Morphologically normal,1,1,TES,hairfollicle21-b5-w8,0.228
Grip1,Morphologically normal,2,2,WES,hairfollicle05-b1-t3; hairfollicle05-e5-t3,0.151
Grip2,Skin papilloma,1,2,WES,skin04-c5-t2,0.091
Gripap1,Morphologically normal,1,1,WES,skin05-c7-t2,0.037
Grk2,Skin papilloma,1,1,WES,skin04-c5-t2,0.053
Grk3,Morphologically normal,1,1,WES,hairfollicle05-c7-t2,0.067
Grm1,Morphologically normal,2,2,WES,hairfollicle05-b5-t3; hairfollicle05-c7-t2,0.111
Grm1,Skin papilloma,1,1,WES,skin04-c5-t2,0.046
Grm2,Skin papilloma,1,1,WES,skin04-c5-t2,0.083
Grm3,Morphologically normal,2,3,TES; WES,hairfollicle05-c7-t2; hairfollicle21-f6-w8,0.258
Grm3,HF papilloma,1,2,TES,hairfollicle21-e2-w14,0.071
Grm3,HF SCC,1,1,TES,hairfollicle21-c6-w14,0.041
Grm4,Morphologically normal,1,1,WES,hairfollicle05-e5-t3,0.02
Grm6,Morphologically normal,1,1,WES,hairfollicle05-e5-t3,0.03
Grm7,Morphologically normal,2,2,WES,hairfollicle04-c6-t3; hairfollicle05-e5-t3,0.065
Grm8,Morphologically normal,3,3,WES,hairfollicle05-e5-t3; skin04-c6-t2; skin05-e5-t2,0.083
Grpr,Morphologically normal,1,1,WES,hairfollicle05-b5-t3,0.077
Grwd1,Morphologically normal,1,1,WES,hairfollicle05-e5-t3,0.031
Gsap,HF papilloma,1,1,WES,hairfollicle04-c2-t3,0.031
Gsdma3,HF papilloma,1,1,WES,hairfollicle04-c4-t3,0.062
Gsdmc,Skin papilloma,1,1,WES,skin04-c5-t2,0.036
Gsdmc3,HF papilloma,1,1,WES,hairfollicle04-c2-t3,0.015
Gsdmd,Morphologically normal,1,1,WES,hairfollicle05-b5-t3,0.062
Gse1,Morphologically normal,1,1,WES,skin04-c6-t2,0.048
Gsg1l,HF papilloma,1,1,WES,hairfollicle04-c4-t3,0.065
Gsk3b,Morphologically normal,1,1,WES,hairfollicle05-b1-t3,0.148
Gss,Morphologically normal,1,1,WES,skin04-c6-t2,0.081
Gsta3,Morphologically normal,1,1,WES,hairfollicle05-e5-t3,0.029
Gstk1,Morphologically normal,1,1,WES,skin04-c6-t2,0.06
Gstm2,Skin papilloma,1,1,WES,skin04-c5-t2,0.023
Gsto2,Skin papilloma,1,1,WES,skin04-c4-t2,0.033
Gtdc1,Morphologically normal,1,1,WES,hairfollicle04-c6-t3,0.104
Gtf2a1l,Morphologically normal,1,1,WES,hairfollicle05-e5-t3,0.029
Gtf2h3,Skin papilloma,1,1,WES,skin04-c2-t2,0.024
Gtf2h4,Morphologically normal,1,1,WES,skin04-c6-t2,0.059
Gtf2i,Morphologically normal,1,1,WES,hairfollicle05-b1-t3,0.125
Gtf3a,Morphologically normal,1,1,WES,hairfollicle05-e5-t3,0.074
Gtf3c1,Morphologically normal,1,1,WES,hairfollicle05-e5-t3,0.021
Gtf3c5,HF papilloma,1,1,WES,hairfollicle04-c4-t3,0.065
Gtpbp1,Skin papilloma,1,1,WES,skin04-c5-t2,0.04
Gtpbp2,Morphologically normal,1,1,WES,hairfollicle05-c7-t2,0.074
Gtpbp8,Morphologically normal,1,1,WES,skin04-c6-t2,0.083
Gucy2d,Morphologically normal,1,1,WES,skin05-c7-t2,0.051
Gucy2d,Skin papilloma,1,1,WES,skin04-c5-t2,0.06
Gucy2f,Morphologically normal,1,3,WES,hairfollicle04-c6-t3,0.116
Gucy2g,HF papilloma,1,1,WES,hairfollicle04-c2-t3,0.028
Guk1,Morphologically normal,1,1,WES,skin05-b5-t2,0.038
Gulo,Morphologically normal,1,1,WES,skin04-c6-t2,0.025
Gykl1,Morphologically normal,1,1,WES,hairfollicle05-e5-t3,0.021
Gys1,Morphologically normal,2,2,WES,hairfollicle05-b5-t3; skin04-c6-t2,0.083
Gzma,Morphologically normal,1,1,WES,hairfollicle04-c6-t3,0.069
Gzmf,Morphologically normal,1,1,WES,hairfollicle04-c6-t3,0.049
H2-DMa,Morphologically normal,1,1,WES,hairfollicle05-e5-t3,0.02
H2-M1,HF papilloma,1,1,WES,hairfollicle04-c2-t3,0.032
H2-M10.4,HF papilloma,1,1,WES,hairfollicle04-c4-t3,0.086
H2-Oa,Morphologically normal,1,1,WES,hairfollicle05-b1-t3,0.175
H2-Oa,HF papilloma,1,1,WES,hairfollicle04-c4-t3,0.08
H2-Q1,HF papilloma,1,1,WES,hairfollicle04-c5-t3,0.03
H2ac15,Morphologically normal,1,1,WES,hairfollicle05-b5-t3,0.061
H2ac21,Morphologically normal,1,1,WES,hairfollicle05-c7-t2,0.114
H2al1n,Morphologically normal,1,1,WES,skin04-c6-t2,0.016
H2ax,Morphologically normal,2,2,WES,hairfollicle05-e5-t3; skin05-b5-t2,0.025
H2bc1,HF SCC,1,1,TES,hairfollicle21-e4-w14,0.032
H2bc13,HF papilloma,1,1,TES,hairfollicle21-e2-w8,0.176
H2bc13,Skin papilloma,1,1,WES,skin04-c5-t2,0.031
H2bc18,Morphologically normal,1,1,TES,hairfollicle21-f6-w8,0.231
H2bc18,Skin papilloma,1,1,TES,skin21-e1-w19,0.012
H2bc21,Skin papilloma,1,1,TES,skin21-d2-w19,0.014
H2bc3,HF papilloma,1,1,TES,hairfollicle21-d6-w17,0.054
H2bc9,HF papilloma,1,1,TES,hairfollicle21-d1-w17,0.011
H4c1,Morphologically normal,1,1,WES,skin05-e5-t2,0.024
H60b,Morphologically normal,1,1,WES,hairfollicle04-c6-t3,0.088
Habp2,Morphologically normal,1,1,WES,hairfollicle05-c7-t2,0.056
Hacd2,Skin papilloma,1,1,WES,skin04-c5-t2,0.039
Hace1,Morphologically normal,1,1,WES,hairfollicle05-b1-t3,0.189
Hacl1,Morphologically normal,1,1,WES,hairfollicle05-c7-t2,0.12
Hadha,Morphologically normal,1,1,WES,skin05-e5-t2,0.063
Hadhb,Morphologically normal,1,2,WES,hairfollicle05-c7-t2,0.067
Hamp2,Morphologically normal,1,1,WES,skin05-e5-t2,0.033
Hap1,Morphologically normal,1,1,WES,hairfollicle05-b5-t3,0.138
Hapln1,Morphologically normal,1,1,WES,hairfollicle05-e5-t3,0.05
Hapln1,HF papilloma,1,1,WES,hairfollicle04-c4-t3,0.059
Has1,Morphologically normal,1,1,WES,hairfollicle04-c6-t3,0.077
Has1,Skin papilloma,1,1,WES,skin04-c5-t2,0.024
Has3,Morphologically normal,1,1,WES,hairfollicle05-b5-t3,0.281
Hat1,Morphologically normal,1,1,WES,hairfollicle05-c7-t2,0.109
Haus5,Morphologically normal,1,1,WES,hairfollicle05-b1-t3,0.149
Hbb-bh1,Morphologically normal,1,1,WES,hairfollicle05-e5-t3,0.03
Hbb-bt,HF papilloma,1,1,WES,hairfollicle04-c5-t3,0.031
Hc,Skin papilloma,1,1,WES,skin04-c5-t2,0.052
Hcfc1,HF papilloma,1,1,WES,hairfollicle04-c2-t3,0.026
Hcn1,Morphologically normal,5,5,TES,hairfollicle21-d3-w17; hairfollicle21-f2-w17; hairfollicle21-f7-w19; hairfollicle21-g1-w17; hairfollicle21-g4-w8,0.363
Hcn1,HF papilloma,1,1,TES,hairfollicle21-d6-w17,0.051
Hcn1,HF SCC,1,1,TES,hairfollicle21-e4-w8,0.285
Hcn1,Skin papilloma,1,1,WES,skin04-c5-t2,0.034
Hcn2,Morphologically normal,1,1,WES,hairfollicle05-e5-t3,0.026
Hcn4,HF papilloma,1,1,WES,hairfollicle04-c2-t3,0.021
Hcrtr2,HF papilloma,1,1,WES,hairfollicle04-c2-t3,0.022
Hdac3,Morphologically normal,1,1,WES,hairfollicle05-b1-t3,0.15
Hdac5,Morphologically normal,2,2,WES,hairfollicle05-b1-t3; hairfollicle05-c7-t2,0.12
Hdac6,Skin papilloma,1,1,WES,skin04-c5-t2,0.034
Hdac7,Morphologically normal,1,1,WES,hairfollicle05-c7-t2,0.09
Hdac8,Morphologically normal,1,1,WES,hairfollicle05-c7-t2,0.108
Hdc,Morphologically normal,1,1,WES,skin05-b5-t2,0.043
Hdhd5,Morphologically normal,2,2,WES,skin04-c6-t2; skin05-b1-t2,0.073
Hdlbp,Morphologically normal,1,1,WES,hairfollicle04-c6-t3,0.08
Heatr5a,Morphologically normal,1,1,WES,skin05-e5-t2,0.065
Heatr6,Morphologically normal,1,1,WES,hairfollicle05-c7-t2,0.14
Hectd1,Morphologically normal,3,3,WES,hairfollicle04-c6-t3; hairfollicle05-e5-t3; skin05-e5-t2,0.103
Hectd4,Morphologically normal,2,2,WES,hairfollicle04-c6-t3; hairfollicle05-e5-t3,0.04
Hectd4,Skin papilloma,2,3,WES,skin04-c4-t2; skin04-c5-t2,0.063
Helb,Morphologically normal,1,1,WES,hairfollicle05-c7-t2,0.142
Helb,Skin papilloma,1,1,WES,skin04-c5-t2,0.029
Helz,Morphologically normal,4,4,WES,hairfollicle04-c6-t3; hairfollicle05-b1-t3; hairfollicle05-c7-t2; skin04-c6-t2,0.13
Helz,Skin papilloma,1,1,WES,skin04-c5-t2,0.087
Helz2,Morphologically normal,3,4,WES,hairfollicle04-c6-t3; hairfollicle05-e5-t3; skin04-c6-t2,0.051
Heph,Morphologically normal,3,3,WES,hairfollicle05-b5-t3; hairfollicle05-c7-t2; skin05-c7-t2,0.213
Herc1,Morphologically normal,1,1,WES,hairfollicle05-e5-t3,0.021
Herc2,Morphologically normal,1,1,WES,hairfollicle04-c6-t3,0.045
Herc2,HF papilloma,1,1,WES,hairfollicle04-c2-t3,0.046
Herc4,Morphologically normal,1,1,WES,hairfollicle04-c6-t3,0.105
Herc6,Morphologically normal,2,2,WES,hairfollicle05-e5-t3; skin05-e5-t2,0.037
Herc6,Skin papilloma,1,1,WES,skin04-c5-t2,0.091
Hes1,Morphologically normal,1,1,WES,skin04-c6-t2,0.054
Hes3,Skin papilloma,1,1,WES,skin04-c5-t2,0.067
Hes6,Morphologically normal,1,1,WES,skin04-c6-t2,0.063
Hey1,HF papilloma,1,1,WES,hairfollicle04-c4-t3,0.062
Hgsnat,Morphologically normal,1,1,WES,hairfollicle05-b1-t3,0.25
Hhat,Morphologically normal,1,1,WES,skin04-c6-t2,0.088
Hhipl1,Morphologically normal,1,1,WES,hairfollicle04-c6-t3,0.045
Hip1,Morphologically normal,2,2,WES,hairfollicle05-c7-t2; skin05-c7-t2,0.095
Hipk1,Morphologically normal,1,1,WES,hairfollicle05-b1-t3,0.11
Hipk1,Skin papilloma,1,1,WES,skin04-c5-t2,0.029
Hipk2,Morphologically normal,1,1,WES,skin04-c6-t2,0.036
Hipk3,Morphologically normal,2,2,WES,hairfollicle05-b1-t3; hairfollicle05-c7-t2,0.115
Hirip3,Morphologically normal,1,1,WES,hairfollicle05-b1-t3,0.111
Hist1h2an,Morphologically normal,1,1,WES,hairfollicle05-e5-t3,0.03
Hist1h2bp,Morphologically normal,1,1,WES,hairfollicle05-c7-t2,0.187
Hivep3,Morphologically normal,1,1,WES,hairfollicle05-b5-t3,0.061
Hivep3,Skin papilloma,1,1,WES,skin04-c5-t2,0.083
Hjurp,Morphologically normal,1,1,WES,hairfollicle05-b5-t3,0.034
Hk2,Morphologically normal,1,1,WES,skin04-c6-t2,0.059
Hmbox1,HF papilloma,1,1,WES,hairfollicle04-c4-t3,0.035
Hmbs,Morphologically normal,1,1,WES,skin05-e5-t2,0.077
Hmcn1,Morphologically normal,9,9,TES; WES,hairfollicle05-b5-t3; hairfollicle05-c7-t2; hairfollicle05-e5-t3; hairfollicle21-c5-w14; hairfollicle21-d1-w8; hairfollicle21-d4-w17; hairfollicle21-f6-w8; hairfollicle21-g2-w17; hairfollicle21-g6-w8,0.775
Hmcn1,HF papilloma,1,2,TES,hairfollicle21-e2-w14,0.122
Hmcn1,HF SCC,3,5,TES,hairfollicle21-b6-w14; hairfollicle21-b7-w8; hairfollicle21-e3-w14,0.5
Hmcn2,Morphologically normal,6,7,WES,hairfollicle04-c6-t3; hairfollicle05-b1-t3; hairfollicle05-c7-t2; hairfollicle05-e5-t3; skin04-c6-t2; skin05-e5-t2,0.261
Hmcn2,HF papilloma,1,1,WES,hairfollicle04-c5-t3,0.025
Hmcn2,Skin papilloma,1,1,WES,skin04-c5-t2,0.065
Hmg20b,Morphologically normal,1,1,WES,hairfollicle04-c6-t3,0.092
Hmgcr,Skin papilloma,1,1,WES,skin04-c5-t2,0.048
Hmgn5,Morphologically normal,1,1,WES,hairfollicle05-c7-t2,0.111
Hmgxb3,Morphologically normal,1,1,WES,hairfollicle05-b5-t3,0.2
Hmmr,Morphologically normal,1,1,WES,skin05-b1-t2,0.028
Hmmr,Skin papilloma,1,1,WES,skin04-c5-t2,0.077
Hmox2,Morphologically normal,1,1,WES,skin05-e5-t2,0.077
Hnf1b,Morphologically normal,1,1,WES,hairfollicle05-e5-t3,0.069
Hnrnpd,Morphologically normal,1,1,WES,hairfollicle05-b1-t3,0.181
Hnrnph2,Morphologically normal,1,1,WES,hairfollicle04-c6-t3,0.061
Hnrnph3,Morphologically normal,1,2,WES,hairfollicle05-b1-t3,0.25
Hnrnpl,Skin papilloma,1,1,WES,skin04-c5-t2,0.044
Hnrnpm,Morphologically normal,2,2,WES,hairfollicle05-b1-t3; hairfollicle05-c7-t2,0.143
Hnrnpu,Morphologically normal,1,1,WES,skin05-e5-t2,0.056
Hnrnpu,Skin papilloma,1,2,WES,skin04-c5-t2,0.049
Hnrnpul1,Morphologically normal,1,1,WES,hairfollicle05-b5-t3,0.069
Hook2,Morphologically normal,1,1,WES,skin05-e5-t2,0.101
Hook2,HF papilloma,1,1,WES,hairfollicle04-c2-t3,0.035
Hook3,Skin papilloma,1,1,WES,skin04-c4-t2,0.04
Hoxa1,Morphologically normal,1,1,WES,skin05-b5-t2,0.037
Hoxa3,Skin papilloma,1,1,WES,skin04-c5-t2,0.028
Hoxa7,Morphologically normal,1,1,WES,hairfollicle05-e5-t3,0.038
Hp,HF papilloma,1,1,WES,hairfollicle04-c2-t3,0.031
Hp1bp3,Morphologically normal,1,1,WES,hairfollicle05-b1-t3,0.175
Hps3,Morphologically normal,1,1,WES,hairfollicle05-e5-t3,0.038
Hpse2,Morphologically normal,1,1,WES,hairfollicle05-e5-t3,0.04
Hras,Morphologically normal,1,1,WES,skin05-e5-t2,0.091
Hras,HF papilloma,1,1,TES,hairfollicle21-d1-w17,0.418
Hras,Skin papilloma,1,1,WES,skin04-c5-t2,0.056
Hrg,Morphologically normal,1,1,WES,hairfollicle05-b5-t3,0.071
Hrh2,Morphologically normal,1,1,WES,hairfollicle04-c6-t3,0.063
Hrnr,Morphologically normal,1,1,WES,skin05-b5-t2,0.088
Hs3st4,HF papilloma,1,1,WES,hairfollicle04-c2-t3,0.037
Hsd17b10,Morphologically normal,1,1,WES,skin04-c6-t2,0.075
Hsd17b3,Morphologically normal,1,1,WES,skin05-c7-t2,0.065
Hsd17b7,Morphologically normal,1,1,WES,hairfollicle05-c7-t2,0.081
Hsd3b1,Skin papilloma,1,1,WES,skin04-c4-t2,0.02
Hsd3b5,HF papilloma,1,1,WES,hairfollicle04-c2-t3,0.019
Hsf2,Morphologically normal,1,1,WES,hairfollicle05-c7-t2,0.167
Hsp90ab1,Morphologically normal,3,3,WES,hairfollicle04-c6-t3; skin04-c6-t2; skin05-b5-t2,0.081
Hsp90ab1,HF papilloma,2,2,WES,hairfollicle04-c2-t3; hairfollicle04-c4-t3,0.092
Hsp90ab1,Skin papilloma,1,3,WES,skin04-c2-t2,0.077
Hsp90b1,Morphologically normal,1,1,WES,hairfollicle05-c7-t2,0.124
Hspa12a,Morphologically normal,1,1,WES,hairfollicle04-c6-t3,0.089
Hspa12b,Morphologically normal,2,2,WES,hairfollicle04-c6-t3; hairfollicle05-b1-t3,0.149
Hspa14,Morphologically normal,1,1,WES,hairfollicle05-b5-t3,0.066
Hspa5,Morphologically normal,2,1,WES,hairfollicle05-b1-t3; hairfollicle05-b5-t3,0.35
Hspa9,Morphologically normal,1,1,WES,hairfollicle05-e5-t3,0.025
Hspd1,Skin papilloma,1,1,WES,skin04-c4-t2,0.067
Hspg2,Morphologically normal,4,4,WES,hairfollicle05-b5-t3; hairfollicle05-c7-t2; hairfollicle05-e5-t3; skin04-c6-t2,0.085
Hspg2,HF papilloma,1,1,WES,hairfollicle04-c2-t3,0.043
Hsph1,Morphologically normal,1,1,WES,hairfollicle05-e5-t3,0.023
Htatip2,Morphologically normal,1,1,WES,hairfollicle05-e5-t3,0.022
Htatsf1,Morphologically normal,1,1,WES,hairfollicle04-c6-t3,0.069
Htr1b,HF papilloma,1,1,WES,hairfollicle04-c2-t3,0.04
Htr2b,Morphologically normal,1,1,WES,hairfollicle04-c6-t3,0.07
Htr3a,Skin papilloma,1,1,WES,skin04-c5-t2,0.059
Htr3b,HF papilloma,1,1,WES,hairfollicle04-c5-t3,0.041
Htr4,Morphologically normal,1,1,WES,hairfollicle04-c6-t3,0.042
Htr4,HF papilloma,1,1,WES,hairfollicle04-c5-t3,0.022
Htr4,Skin papilloma,1,1,WES,skin04-c5-t2,0.03
Htr5a,Morphologically normal,1,1,WES,hairfollicle05-c7-t2,0.1
Htr6,Morphologically normal,1,1,WES,skin04-c6-t2,0.063
Htra2,Morphologically normal,1,2,WES,hairfollicle05-c7-t2,0.136
Htra3,Morphologically normal,1,1,WES,skin05-b5-t2,0.063
Htt,Morphologically normal,4,4,WES,hairfollicle05-b5-t3; hairfollicle05-c7-t2; hairfollicle05-e5-t3; skin05-b5-t2,0.119
Hus1b,Morphologically normal,1,1,WES,hairfollicle05-b1-t3,0.13
Huwe1,Morphologically normal,2,2,TES,hairfollicle21-c5-w14; hairfollicle21-d1-w8,0.277
Huwe1,HF SCC,2,3,TES,hairfollicle21-c6-w14; hairfollicle21-e3-w17,0.461
Huwe1,Skin papilloma,1,1,WES,skin04-c5-t2,0.032
Huwe1,Skin SCC,1,1,TES,skin21-pp-bc-w19,0.069
Hyal5,HF papilloma,1,1,WES,hairfollicle04-c5-t3,0.051
Hydin,Morphologically normal,5,8,TES; WES,hairfollicle04-c6-t3; hairfollicle05-e5-t3; hairfollicle21-c1-w17; hairfollicle21-f7-w17; hairfollicle21-g4-w14,0.4
Hyou1,HF papilloma,1,1,WES,hairfollicle04-c4-t3,0.046
Iba57,Skin papilloma,1,1,WES,skin04-c4-t2,0.091
Ibsp,Morphologically normal,1,1,WES,hairfollicle05-c7-t2,0.103
Ica1,Morphologically normal,1,1,WES,skin05-e5-t2,0.055
Icam1,Morphologically normal,1,1,WES,hairfollicle05-b1-t3,0.165
Icam2,Morphologically normal,1,1,WES,hairfollicle04-c6-t3,0.117
Ice1,HF papilloma,3,4,WES,hairfollicle04-c2-t3; hairfollicle04-c4-t3; hairfollicle04-c5-t3,0.059
Ide,HF papilloma,1,1,WES,hairfollicle04-c5-t3,0.047
Idh2,Morphologically normal,2,2,WES,hairfollicle05-c7-t2; hairfollicle05-e5-t3,0.096
Idh3g,Morphologically normal,2,2,WES,hairfollicle04-c6-t3; hairfollicle05-b5-t3,0.097
Ifi203,Morphologically normal,1,1,WES,skin04-c6-t2,0.033
Ifi207,Morphologically normal,1,1,WES,skin05-e5-t2,0.012
Ifih1,Morphologically normal,1,1,WES,hairfollicle05-c7-t2,0.071
Ifna16,HF papilloma,1,1,WES,hairfollicle04-c5-t3,0.025
Ifnar1,HF papilloma,1,1,WES,hairfollicle04-c4-t3,0.047
Ifne,HF papilloma,1,1,WES,hairfollicle04-c5-t3,0.037
Ifng,HF papilloma,1,1,WES,hairfollicle04-c2-t3,0.025
Ifnl2,HF papilloma,1,1,WES,hairfollicle04-c2-t3,0.021
Ift43,Morphologically normal,1,1,WES,skin04-c6-t2,0.048
Ift80,Morphologically normal,2,2,WES,hairfollicle05-b1-t3; hairfollicle05-b5-t3,0.119
Igbp1,Morphologically normal,1,1,WES,hairfollicle05-b1-t3,0.13
Igbp1b,Morphologically normal,1,1,WES,skin05-e5-t2,0.031
Igdcc4,Skin papilloma,1,1,WES,skin04-c4-t2,0.054
Igf1r,HF papilloma,1,1,WES,hairfollicle04-c2-t3,0.031
Igf1r,Skin papilloma,1,1,WES,skin04-c2-t2,0.039
Igf2r,Morphologically normal,2,2,WES,hairfollicle05-b1-t3; hairfollicle05-b5-t3,0.23
Igfbp4,Skin papilloma,1,1,WES,skin04-c5-t2,0.05
Igflr1,Morphologically normal,1,1,WES,hairfollicle05-c7-t2,0.12
Ighd,Morphologically normal,1,1,WES,hairfollicle05-c7-t2,0.083
Ighe,Morphologically normal,1,1,WES,hairfollicle05-e5-t3,0.041
Ighg3,Morphologically normal,1,1,WES,hairfollicle05-e5-t3,0.035
Ighmbp2,Morphologically normal,2,2,WES,hairfollicle05-e5-t3; skin05-b5-t2,0.073
Ighmbp2,Skin papilloma,1,1,WES,skin04-c5-t2,0.06
Ighv1-18,Morphologically normal,1,1,WES,hairfollicle05-e5-t3,0.022
Ighv1-20,Morphologically normal,1,1,WES,hairfollicle05-e5-t3,0.032
Ighv1-22,Morphologically normal,1,1,WES,hairfollicle04-c6-t3,0.114
Ighv1-31,HF papilloma,1,1,WES,hairfollicle04-c5-t3,0.057
Ighv1-36,Morphologically normal,1,1,WES,hairfollicle05-e5-t3,0.026
Ighv1-43,HF papilloma,1,1,WES,hairfollicle04-c5-t3,0.019
Ighv1-63,HF papilloma,1,1,WES,hairfollicle04-c5-t3,0.015
Ighv1-63,Skin papilloma,1,1,WES,skin04-c5-t2,0.015
Ighv1-64,HF papilloma,1,1,WES,hairfollicle04-c5-t3,0.015
Ighv1-80,Morphologically normal,1,1,WES,skin05-c7-t2,0.018
Ighv1-80,HF papilloma,1,1,WES,hairfollicle04-c5-t3,0.031
Ighv1-82,Morphologically normal,1,1,WES,hairfollicle05-c7-t2,0.083
Ighv2-3,HF papilloma,1,1,WES,hairfollicle04-c5-t3,0.022
Ighv2-9-1,Morphologically normal,1,1,WES,hairfollicle05-c7-t2,0.099
Ighv3-1,Morphologically normal,1,1,WES,hairfollicle04-c6-t3,0.077
Ighv3-4,Skin papilloma,1,1,WES,skin04-c4-t2,0.027
Ighv3-8,Morphologically normal,1,2,WES,hairfollicle05-a6-t2,0.222
Ighv6-7,Morphologically normal,1,1,WES,skin04-c6-t2,0.079
Ighv7-1,Morphologically normal,1,1,WES,hairfollicle04-c6-t3,0.102
Ighv7-3,Morphologically normal,1,1,WES,skin04-c6-t2,0.048
Igkv10-96,HF papilloma,1,1,WES,hairfollicle04-c2-t3,0.053
Igkv12-46,Morphologically normal,1,1,WES,hairfollicle05-c7-t2,0.115
Igkv13-85,HF papilloma,1,1,WES,hairfollicle04-c5-t3,0.028
Igkv14-111,Morphologically normal,1,1,WES,skin04-c6-t2,0.075
Igkv17-127,Morphologically normal,1,1,WES,hairfollicle04-c6-t3,0.038
Igkv3-2,HF papilloma,1,1,WES,hairfollicle04-c2-t3,0.025
Igkv3-5,HF papilloma,1,1,WES,hairfollicle04-c5-t3,0.018
Igkv4-51,HF papilloma,1,1,WES,hairfollicle04-c2-t3,0.017
Igkv4-55,HF papilloma,1,1,WES,hairfollicle04-c4-t3,0.061
Igkv4-59,Skin papilloma,1,1,WES,skin04-c5-t2,0.022
Igkv4-61,Morphologically normal,1,1,WES,hairfollicle04-c6-t3,0.028
Igkv4-86,HF papilloma,1,1,WES,hairfollicle04-c4-t3,0.037
Igkv8-21,HF papilloma,1,1,WES,hairfollicle04-c2-t3,0.029
Igkv8-26,HF papilloma,1,1,WES,hairfollicle04-c4-t3,0.049
Iglon5,HF papilloma,1,1,WES,hairfollicle04-c5-t3,0.03
Igsf1,Morphologically normal,3,3,WES,hairfollicle05-b5-t3; hairfollicle05-c7-t2; hairfollicle05-e5-t3,0.15
Igsf10,Morphologically normal,2,2,WES,hairfollicle04-c6-t3; skin04-c6-t2,0.085
Igsf3,HF papilloma,1,1,WES,hairfollicle04-c5-t3,0.068
Igsf5,Morphologically normal,2,2,WES,hairfollicle05-c7-t2; hairfollicle05-e5-t3,0.113
Igsf5,HF papilloma,1,1,WES,hairfollicle04-c4-t3,0.051
Ikbkb,Morphologically normal,1,1,WES,hairfollicle05-c7-t2,0.125
Ikbkb,HF papilloma,1,1,WES,hairfollicle04-c2-t3,0.066
Ikbkg,HF papilloma,1,1,WES,hairfollicle04-c2-t3,0.037
Ikzf4,HF papilloma,1,1,WES,hairfollicle04-c5-t3,0.037
Il10ra,HF papilloma,1,1,WES,hairfollicle04-c2-t3,0.031
Il17f,Morphologically normal,1,1,WES,hairfollicle05-c7-t2,0.111
Il17rb,Skin papilloma,1,1,WES,skin04-c5-t2,0.027
Il18r1,Morphologically normal,1,1,WES,hairfollicle04-c6-t3,0.06
Il18rap,HF papilloma,2,2,WES,hairfollicle04-c4-t3; hairfollicle04-c5-t3,0.098
Il1rap,Morphologically normal,1,1,WES,hairfollicle05-e5-t3,0.045
Il1rapl1,Morphologically normal,1,1,WES,skin04-c6-t2,0.055
Il1rapl1,HF papilloma,1,1,WES,hairfollicle04-c5-t3,0.043
Il1rapl2,Morphologically normal,2,2,WES,hairfollicle05-b5-t3; hairfollicle05-e5-t3,0.21
Il20ra,Morphologically normal,1,1,WES,hairfollicle05-b5-t3,0.073
Il21r,Morphologically normal,1,1,WES,skin04-c6-t2,0.063
Il21r,HF papilloma,1,2,WES,hairfollicle04-c5-t3,0.052
Il24,Skin papilloma,1,1,WES,skin04-c4-t2,0.042
Il2rb,Morphologically normal,1,1,WES,hairfollicle05-c7-t2,0.143
Il2rb,Skin papilloma,1,1,WES,skin04-c5-t2,0.029
Il6ra,Morphologically normal,2,2,WES,hairfollicle05-c7-t2; hairfollicle05-e5-t3,0.13
Ildr2,HF papilloma,1,1,WES,hairfollicle04-c5-t3,0.069
Ilf3,Skin papilloma,1,1,WES,skin04-c5-t2,0.061
Imp4,Morphologically normal,1,1,WES,hairfollicle05-c7-t2,0.103
Impa2,Morphologically normal,1,1,WES,skin05-e5-t2,0.088
Incenp,Morphologically normal,1,1,WES,skin04-c6-t2,0.043
Ing4,Morphologically normal,1,2,WES,hairfollicle04-c6-t3,0.052
Inhbc,HF papilloma,1,1,WES,hairfollicle04-c5-t3,0.036
Ino80,Morphologically normal,1,1,WES,hairfollicle05-e5-t3,0.075
Inpp4a,Morphologically normal,1,1,WES,hairfollicle04-c6-t3,0.085
Inpp4b,Morphologically normal,1,1,WES,hairfollicle05-e5-t3,0.03
Inpp5a,HF papilloma,1,1,WES,hairfollicle04-c4-t3,0.036
Inpp5b,Morphologically normal,2,2,WES,hairfollicle04-c6-t3; hairfollicle05-c7-t2,0.125
Inpp5b,HF papilloma,1,1,WES,hairfollicle04-c2-t3,0.04
Inpp5d,Morphologically normal,2,1,WES,hairfollicle05-c7-t2; skin05-c7-t2,0.096
Inpp5f,Morphologically normal,1,1,WES,hairfollicle05-b1-t3,0.132
Insrr,HF papilloma,1,1,TES,hairfollicle21-e2-w14,0.073
Insyn1,Skin papilloma,1,1,WES,skin04-c5-t2,0.071
Ints11,Morphologically normal,1,1,WES,hairfollicle05-e5-t3,0.02
Ints2,Morphologically normal,1,1,WES,hairfollicle05-b5-t3,0.081
Ints6,Morphologically normal,3,2,WES,hairfollicle05-e5-t3; skin05-b5-t2; skin05-c7-t2,0.038
Ints9,HF papilloma,1,1,WES,hairfollicle04-c5-t3,0.027
Intu,Morphologically normal,1,1,WES,skin05-e5-t2,0.045
Invs,Morphologically normal,1,2,WES,skin04-c6-t2,0.063
Invs,HF papilloma,1,1,WES,hairfollicle04-c2-t3,0.029
Ip6k2,Morphologically normal,1,1,WES,skin05-b5-t2,0.041
Ip6k3,Morphologically normal,1,1,WES,hairfollicle05-b1-t3,0.167
Ipcef1,Morphologically normal,1,1,WES,hairfollicle05-b5-t3,0.064
Ippk,Skin papilloma,1,1,WES,skin04-c5-t2,0.051
Iqca,Skin papilloma,1,1,WES,skin04-c5-t2,0.022
Iqch,Morphologically normal,1,1,WES,skin05-c7-t2,0.073
Iqgap1,Morphologically normal,3,3,TES; WES,hairfollicle05-e5-t3; hairfollicle21-d1-w8; hairfollicle21-g4-w14,0.284
Iqgap1,HF SCC,2,2,TES,hairfollicle21-b6-w14; hairfollicle21-c7-w14,0.807
Iqsec1,Morphologically normal,1,1,WES,hairfollicle05-b1-t3,0.231
Iqsec2,Morphologically normal,1,1,WES,hairfollicle05-c7-t2,0.079
Irf6,HF papilloma,1,1,TES,hairfollicle21-e2-w14,0.062
Irs2,Morphologically normal,1,1,WES,hairfollicle05-e5-t3,0.038
Irx3,Morphologically normal,1,1,WES,hairfollicle05-b1-t3,0.208
Irx4,Morphologically normal,1,1,WES,skin04-c6-t2,0.1
Irx5,Morphologically normal,1,1,WES,hairfollicle05-c7-t2,0.067
Irx6,Morphologically normal,1,1,WES,hairfollicle05-c7-t2,0.091
Isoc2a,Morphologically normal,2,2,WES,hairfollicle04-c6-t3; skin05-e5-t2,0.053
Isoc2b,Morphologically normal,1,1,WES,hairfollicle05-e5-t3,0.031
Isx,Morphologically normal,1,1,WES,skin05-e5-t2,0.088
Isy1,Morphologically normal,1,1,WES,hairfollicle04-c6-t3,0.041
Isyna1,Morphologically normal,1,1,WES,skin05-c7-t2,0.034
Itfg1,Morphologically normal,1,1,WES,skin05-c7-t2,0.056
Itfg2,Morphologically normal,1,1,WES,skin05-e5-t2,0.047
Itga11,Morphologically normal,1,1,WES,hairfollicle05-b5-t3,0.258
Itga4,Morphologically normal,1,1,WES,skin04-c6-t2,0.049
Itga8,Morphologically normal,1,1,WES,hairfollicle05-b5-t3,0.081
Itga9,HF papilloma,1,1,WES,hairfollicle04-c2-t3,0.033
Itgae,Morphologically normal,1,1,WES,skin04-c6-t2,0.048
Itgam,Morphologically normal,1,1,WES,hairfollicle04-c6-t3,0.056
Itgam,Skin papilloma,1,1,WES,skin04-c4-t2,0.029
Itgax,HF papilloma,1,1,WES,hairfollicle04-c5-t3,0.032
Itgax,Skin papilloma,1,2,WES,skin04-c5-t2,0.044
Itgb2,Morphologically normal,1,1,WES,hairfollicle04-c6-t3,0.195
Itgb4,Morphologically normal,2,2,WES,hairfollicle05-b5-t3; hairfollicle05-e5-t3,0.276
Itgb5,Morphologically normal,1,1,WES,hairfollicle05-e5-t3,0.032
Itgb7,Morphologically normal,1,1,WES,hairfollicle05-c7-t2,0.1
Itih1,Morphologically normal,2,2,WES,hairfollicle05-b5-t3; hairfollicle05-e5-t3,0.245
Itih4,Morphologically normal,1,1,WES,skin04-c6-t2,0.043
Itih5,Morphologically normal,2,2,WES,hairfollicle04-c6-t3; hairfollicle05-c7-t2,0.082
Itm2c,Morphologically normal,1,1,WES,hairfollicle05-e5-t3,0.022
Itpka,HF papilloma,1,1,WES,hairfollicle04-c2-t3,0.034
Itpkc,Morphologically normal,1,1,WES,hairfollicle05-b1-t3,0.165
Itpr1,Morphologically normal,2,2,WES,hairfollicle05-c7-t2; hairfollicle05-e5-t3,0.071
Itpr2,HF papilloma,1,1,WES,hairfollicle04-c4-t3,0.085
Itpr3,Morphologically normal,2,4,WES,hairfollicle05-e5-t3; skin04-c6-t2,0.094
Itpr3,Skin papilloma,1,1,WES,skin04-c4-t2,0.032
Itsn2,HF papilloma,1,1,WES,hairfollicle04-c4-t3,0.038
Ivd,Morphologically normal,2,3,WES,hairfollicle05-c7-t2; skin04-c6-t2,0.103
Izumo2,HF papilloma,1,1,WES,hairfollicle04-c2-t3,0.025
Jade2,Morphologically normal,1,1,WES,hairfollicle05-e5-t3,0.02
Jag1,Morphologically normal,1,1,WES,hairfollicle05-b5-t3,0.223
Jag2,HF papilloma,1,1,WES,hairfollicle04-c4-t3,0.085
Jak1,Morphologically normal,1,1,WES,skin04-c6-t2,0.085
Jakmip2,Skin papilloma,1,1,WES,skin04-c2-t2,0.032
Jaml,Morphologically normal,1,1,WES,hairfollicle05-c7-t2,0.107
Jmjd1c,Morphologically normal,1,1,WES,hairfollicle05-c7-t2,0.186
Jph1,Morphologically normal,1,1,WES,hairfollicle05-c7-t2,0.079
Jph4,Skin papilloma,1,1,WES,skin04-c5-t2,0.053
Kalrn,Morphologically normal,1,1,WES,skin05-b1-t2,0.045
Kalrn,HF papilloma,1,1,WES,hairfollicle04-c5-t3,0.034
Kank1,Morphologically normal,1,1,WES,skin04-c6-t2,0.032
Kank2,Morphologically normal,1,1,WES,hairfollicle05-c7-t2,0.083
Kars,Morphologically normal,1,1,WES,hairfollicle05-e5-t3,0.027
Kat2a,HF papilloma,1,1,WES,hairfollicle04-c2-t3,0.03
Kat6b,Morphologically normal,1,1,WES,hairfollicle04-c6-t3,0.048
Katnal1,Morphologically normal,1,1,WES,hairfollicle04-c6-t3,0.058
Katnal2,HF papilloma,1,1,WES,hairfollicle04-c5-t3,0.037
Kbtbd13,Skin papilloma,1,1,WES,skin04-c4-t2,0.077
Kbtbd6,Skin papilloma,1,1,WES,skin04-c2-t2,0.084
Kbtbd7,Morphologically normal,1,2,WES,hairfollicle05-b5-t3,0.13
Kcna1,Morphologically normal,1,1,WES,hairfollicle05-e5-t3,0.035
Kcna10,HF papilloma,1,1,WES,hairfollicle04-c5-t3,0.026
Kcna4,Morphologically normal,1,1,WES,hairfollicle04-c6-t3,0.056
Kcna7,Morphologically normal,2,2,WES,skin04-c6-t2; skin05-b5-t2,0.057
Kcnc1,Morphologically normal,1,1,WES,hairfollicle05-e5-t3,0.029
Kcnd1,Morphologically normal,2,2,WES,hairfollicle04-c6-t3; hairfollicle05-c7-t2,0.1
Kcnd2,Morphologically normal,1,1,WES,hairfollicle05-e5-t3,0.026
Kcnd3,Skin papilloma,1,1,WES,skin04-c2-t2,0.042
Kcne3,Skin papilloma,1,1,WES,skin04-c5-t2,0.033
Kcnh2,HF papilloma,1,1,WES,hairfollicle04-c2-t3,0.034
Kcnh4,Morphologically normal,1,2,WES,hairfollicle05-b1-t3,0.168
Kcnh5,Morphologically normal,1,1,WES,hairfollicle05-b1-t3,0.12
Kcnh5,HF SCC,1,1,TES,hairfollicle21-b6-w14,0.692
Kcnh6,Morphologically normal,1,1,WES,hairfollicle04-c6-t3,0.053
Kcnh7,HF papilloma,1,1,WES,hairfollicle04-c5-t3,0.062
Kcnh8,Morphologically normal,2,3,WES,hairfollicle05-b5-t3; hairfollicle05-c7-t2,0.111
Kcnj10,Morphologically normal,1,1,WES,hairfollicle05-e5-t3,0.025
Kcnj11,Morphologically normal,1,1,WES,hairfollicle04-c6-t3,0.037
Kcnj12,HF papilloma,1,1,WES,hairfollicle04-c4-t3,0.043
Kcnj13,Morphologically normal,1,1,WES,hairfollicle04-c6-t3,0.059
Kcnj2,Morphologically normal,1,1,WES,skin04-c6-t2,0.075
Kcnk2,Morphologically normal,1,1,WES,hairfollicle05-b1-t3,0.115
Kcnk3,Morphologically normal,2,2,WES,skin04-c6-t2; skin05-e5-t2,0.065
Kcnk5,Morphologically normal,1,1,WES,hairfollicle05-b1-t3,0.12
Kcnn4,HF papilloma,1,1,WES,hairfollicle04-c2-t3,0.033
Kcnq5,HF papilloma,1,2,WES,hairfollicle04-c2-t3,0.03
Kcnrg,Morphologically normal,1,1,WES,hairfollicle05-b1-t3,0.091
Kcns1,Morphologically normal,1,1,WES,skin05-b5-t2,0.052
Kcns3,HF papilloma,1,1,WES,hairfollicle04-c4-t3,0.027
Kcnt2,HF papilloma,1,1,WES,hairfollicle04-c5-t3,0.049
Kcnu1,HF papilloma,1,1,WES,hairfollicle04-c2-t3,0.023
Kcp,Morphologically normal,1,1,WES,hairfollicle05-e5-t3,0.033
Kcp,HF papilloma,1,1,WES,hairfollicle04-c5-t3,0.029
Kctd1,Morphologically normal,1,1,WES,hairfollicle05-b5-t3,0.071
Kctd11,Morphologically normal,1,1,WES,skin05-b5-t2,0.037
Kctd12b,Morphologically normal,1,1,WES,hairfollicle05-e5-t3,0.038
Kctd15,Morphologically normal,1,1,WES,hairfollicle05-c7-t2,0.086
Kctd17,Morphologically normal,1,1,WES,hairfollicle05-e5-t3,0.022
Kctd19,Morphologically normal,1,1,WES,skin05-e5-t2,0.049
Kctd5,Morphologically normal,1,1,WES,skin04-c6-t2,0.041
Kctd6,Morphologically normal,1,1,WES,hairfollicle05-e5-t3,0.021
Kctd6,HF papilloma,1,1,WES,hairfollicle04-c2-t3,0.024
Kctd7,Morphologically normal,1,1,WES,skin05-e5-t2,0.088
Kctd8,Morphologically normal,1,1,WES,hairfollicle05-c7-t2,0.104
Kctd8,HF papilloma,1,1,WES,hairfollicle04-c4-t3,0.063
Kdm2a,Morphologically normal,2,2,WES,hairfollicle05-c7-t2; skin05-e5-t2,0.176
Kdm2a,Skin papilloma,1,1,WES,skin04-c2-t2,0.045
Kdm2b,Morphologically normal,1,1,WES,hairfollicle05-c7-t2,0.103
Kdm4a,Morphologically normal,1,1,WES,hairfollicle05-e5-t3,0.032
Kdm4c,Morphologically normal,1,1,WES,skin05-e5-t2,0.061
Kdm5a,Morphologically normal,1,1,WES,hairfollicle05-c7-t2,0.067
Kdm5b,Morphologically normal,5,5,TES; WES,hairfollicle04-c6-t3; hairfollicle05-c7-t2; hairfollicle21-d1-w8; hairfollicle21-d4-w17; hairfollicle21-f6-w17,0.344
Kdm5b,HF SCC,1,2,TES,hairfollicle21-e3-w14,0.238
Kdm5c,Morphologically normal,1,1,WES,hairfollicle05-b1-t3,0.25
Kdm6a,Morphologically normal,4,5,TES; WES,hairfollicle21-d1-w8; hairfollicle21-f1-w17; hairfollicle21-f6-w17; skin05-b1-t2,0.472
Kdm6a,HF papilloma,2,2,TES,hairfollicle21-e2-w14; hairfollicle21-f1-w8,0.135
Kdm6b,Morphologically normal,1,1,WES,skin04-c6-t2,0.091
Kdr,HF papilloma,1,1,TES,hairfollicle21-f1-w14,0.029
Kdr,HF SCC,1,1,TES,hairfollicle21-c6-w14,0.088
Keap1,Skin papilloma,1,1,WES,skin04-c5-t2,0.075
Kel,HF papilloma,1,1,WES,hairfollicle04-c5-t3,0.044
Kel,Skin papilloma,1,1,WES,skin04-c5-t2,0.045
Kera,Morphologically normal,1,1,WES,skin05-e5-t2,0.064
Khdc4,Morphologically normal,1,1,WES,hairfollicle05-c7-t2,0.09
Khdrbs1,HF papilloma,1,1,WES,hairfollicle04-c5-t3,0.039
Khk,Morphologically normal,1,1,WES,hairfollicle05-e5-t3,0.039
Khsrp,Morphologically normal,1,1,WES,hairfollicle05-e5-t3,0.024
Kif11,HF papilloma,1,1,WES,hairfollicle04-c4-t3,0.05
Kif12,Morphologically normal,1,1,WES,hairfollicle05-e5-t3,0.023
Kif12,Skin papilloma,1,1,WES,skin04-c2-t2,0.072
Kif13a,HF papilloma,1,1,WES,hairfollicle04-c4-t3,0.071
Kif13b,Morphologically normal,1,1,WES,hairfollicle05-c7-t2,0.1
Kif14,Morphologically normal,1,1,WES,hairfollicle05-b1-t3,0.08
Kif18a,Morphologically normal,1,1,WES,hairfollicle05-b1-t3,0.12
Kif19a,Morphologically normal,2,2,WES,hairfollicle05-c7-t2; hairfollicle05-e5-t3,0.1
Kif1a,HF papilloma,2,3,WES,hairfollicle04-c2-t3; hairfollicle04-c4-t3,0.106
Kif1b,Morphologically normal,2,2,WES,hairfollicle05-c7-t2; skin05-c7-t2,0.119
Kif1b,Skin papilloma,1,1,WES,skin04-c5-t2,0.1
Kif1c,Morphologically normal,2,2,WES,hairfollicle05-b5-t3; hairfollicle05-c7-t2,0.115
Kif20a,Skin papilloma,1,1,WES,skin04-c4-t2,0.1
Kif21a,HF papilloma,1,1,WES,hairfollicle04-c5-t3,0.044
Kif21b,Skin papilloma,1,1,WES,skin04-c4-t2,0.043
Kif26a,Morphologically normal,2,2,WES,hairfollicle05-b5-t3; skin05-b5-t2,0.073
Kif26a,HF papilloma,1,1,WES,hairfollicle04-c5-t3,0.031
Kif26b,Morphologically normal,2,2,WES,hairfollicle04-c6-t3; skin05-b5-t2,0.071
Kif3b,Morphologically normal,1,1,WES,hairfollicle04-c6-t3,0.062
Kif5a,Skin papilloma,1,1,WES,skin04-c5-t2,0.071
Kif5c,Morphologically normal,1,1,WES,hairfollicle05-b1-t3,0.149
Kif7,Skin papilloma,1,1,WES,skin04-c5-t2,0.066
Kifbp,HF papilloma,1,1,WES,hairfollicle04-c2-t3,0.051
Kifc3,Morphologically normal,2,2,WES,hairfollicle05-b5-t3; hairfollicle05-c7-t2,0.081
Kifc5b,HF papilloma,1,1,WES,hairfollicle04-c4-t3,0.09
Kir3dl2,Morphologically normal,2,2,WES,hairfollicle05-b5-t3; skin05-b5-t2,0.095
Kirrel,HF papilloma,1,1,WES,hairfollicle04-c2-t3,0.022
Kirrel2,Morphologically normal,1,1,WES,hairfollicle05-e5-t3,0.02
Kit,Morphologically normal,2,2,TES; WES,hairfollicle21-d1-w8; skin04-c6-t2,0.068
Kiz,Skin papilloma,1,1,WES,skin04-c5-t2,0.083
Klb,Morphologically normal,1,2,WES,hairfollicle05-e5-t3,0.028
Klf15,Morphologically normal,1,1,WES,hairfollicle05-c7-t2,0.107
Klf17,Morphologically normal,1,1,WES,hairfollicle05-e5-t3,0.026
Klf2,Morphologically normal,1,1,WES,hairfollicle05-e5-t3,0.023
Klf9,Morphologically normal,1,1,WES,skin04-c6-t2,0.086
Klhdc10,Morphologically normal,2,2,WES,hairfollicle05-b1-t3; hairfollicle05-c7-t2,0.333
Klhdc4,Morphologically normal,1,1,WES,hairfollicle05-e5-t3,0.032
Klhdc8b,HF papilloma,1,1,WES,hairfollicle04-c4-t3,0.061
Klhdc9,Morphologically normal,1,1,WES,hairfollicle05-e5-t3,0.032
Klhl12,Morphologically normal,1,1,WES,hairfollicle05-e5-t3,0.022
Klhl13,Skin papilloma,1,1,WES,skin04-c4-t2,0.036
Klhl2,HF papilloma,1,1,WES,hairfollicle04-c5-t3,0.039
Klhl22,Morphologically normal,1,1,WES,hairfollicle03-a3,0.435
Klhl25,Morphologically normal,1,1,WES,hairfollicle05-e5-t3,0.031
Klhl26,Morphologically normal,1,1,WES,skin04-c6-t2,0.053
Klhl30,HF papilloma,1,1,WES,hairfollicle04-c5-t3,0.065
Klhl31,Morphologically normal,1,1,WES,skin04-c6-t2,0.07
Klhl38,Morphologically normal,1,1,WES,skin05-e5-t2,0.051
Klhl4,Morphologically normal,1,1,WES,skin04-c6-t2,0.063
Klhl40,Morphologically normal,1,1,WES,skin05-e5-t2,0.05
Klhl40,Skin papilloma,1,1,WES,skin04-c4-t2,0.097
Klhl41,Morphologically normal,1,1,WES,hairfollicle05-c7-t2,0.103
Klk12,Skin papilloma,1,1,WES,skin04-c4-t2,0.042
Klk15,Morphologically normal,1,1,WES,hairfollicle05-b5-t3,0.065
Klk1b22,Morphologically normal,1,1,WES,hairfollicle04-c6-t3,0.096
Klk1b24,Morphologically normal,1,1,WES,hairfollicle04-c6-t3,0.042
Klk1b26,Morphologically normal,2,2,WES,hairfollicle05-b5-t3; hairfollicle05-e5-t3,0.071
Klk4,Morphologically normal,1,1,WES,hairfollicle05-b5-t3,0.152
Klk5,Morphologically normal,1,1,WES,skin04-c6-t2,0.1
Klk9,HF papilloma,1,1,WES,hairfollicle04-c4-t3,0.066
Klrc2,HF SCC,1,1,TES,hairfollicle21-c7-w8,0.31
Klrc3,Morphologically normal,1,1,TES,hairfollicle21-g4-w14,0.625
Klrd1,Morphologically normal,1,1,WES,hairfollicle05-b5-t3,0.077
Kmt2a,Morphologically normal,3,4,WES,hairfollicle03-a3; hairfollicle05-b5-t3; skin05-b1-t2,0.4
Kmt2b,Morphologically normal,1,1,WES,hairfollicle05-e5-t3,0.025
Kmt2b,HF papilloma,2,2,WES,hairfollicle04-c2-t3; hairfollicle04-c5-t3,0.059
Kmt2b,Skin papilloma,1,1,WES,skin04-c5-t2,0.022
Kmt2c,Morphologically normal,11,5,TES; WES,hairfollicle05-e5-t3; hairfollicle21-b5-w17; hairfollicle21-c3-w17; hairfollicle21-c5-w14; hairfollicle21-d1-w8; hairfollicle21-f1-w17; hairfollicle21-f2-w14; hairfollicle21-f2-w17; hairfollicle21-f6-w17; hairfollicle21-f6-w8; hairfollicle21-f7-w17,0.812
Kmt2c,HF papilloma,2,2,TES,hairfollicle21-d2-w8; hairfollicle21-e2-w14,0.6
Kmt2c,HF SCC,6,4,TES,hairfollicle21-b7-w8; hairfollicle21-e3-w14; hairfollicle21-f4-w17; hairfollicle21-f6-w19; hairfollicle21-g4-w17; hairfollicle21-g6-w19,0.696
Kmt2c,Skin papilloma,1,1,WES,skin04-c4-t2,0.058
Kmt2d,Morphologically normal,18,19,TES,hairfollicle21-b5-w17; hairfollicle21-b5-w8; hairfollicle21-c1-w17; hairfollicle21-c3-w17; hairfollicle21-c5-w14; hairfollicle21-d1-w8; hairfollicle21-d3-w8; hairfollicle21-d4-w14; hairfollicle21-d4-w17; hairfollicle21-d4-w8; hairfollicle21-e5-w17; hairfollicle21-f1-w17; hairfollicle21-f2-w17; hairfollicle21-f2-w19; hairfollicle21-f7-w8; hairfollicle21-g1-w8; hairfollicle21-g2-w19; hairfollicle21-g2-w8,0.458
Kmt2d,HF papilloma,5,11,TES,hairfollicle21-d2-w8; hairfollicle21-e1-w17; hairfollicle21-e2-w14; hairfollicle21-f1-w14; hairfollicle21-f1-w8,0.874
Kmt2d,HF SCC,9,13,TES,hairfollicle21-b6-w14; hairfollicle21-b6-w17; hairfollicle21-b6-w8; hairfollicle21-c6-w14; hairfollicle21-c6-w8; hairfollicle21-c7-w8; hairfollicle21-e3-w14; hairfollicle21-e4-w14; hairfollicle21-g6-w19,0.499
Kmt2e,Morphologically normal,1,1,WES,skin04-c6-t2,0.044
Kndc1,HF papilloma,1,1,WES,hairfollicle04-c4-t3,0.058
Kndc1,Skin papilloma,1,1,WES,skin04-c5-t2,0.083
Kng1,Morphologically normal,2,2,WES,hairfollicle05-c7-t2; hairfollicle05-e5-t3,0.1
Knl1,Morphologically normal,1,2,WES,skin05-e5-t2,0.1
Kpna6,Morphologically normal,1,1,WES,hairfollicle05-c7-t2,0.153
Kprp,HF papilloma,1,1,WES,hairfollicle04-c2-t3,0.031
Kras,Morphologically normal,1,1,TES,hairfollicle21-f6-w8,0.146
Krba1,Morphologically normal,2,3,WES,hairfollicle03-a3; skin04-c6-t2,0.402
Kremen1,HF papilloma,1,1,WES,hairfollicle04-c4-t3,0.045
Kremen2,Skin papilloma,1,1,WES,skin04-c5-t2,0.073
Krit1,Skin papilloma,1,1,WES,skin04-c5-t2,0.061
Krt10,Morphologically normal,1,1,WES,hairfollicle05-e5-t3,0.02
Krt14,Morphologically normal,2,2,WES,hairfollicle05-b5-t3; hairfollicle05-e5-t3,0.077
Krt2,Morphologically normal,1,1,TES,skin21-b5-w19,0.017
Krt2,HF papilloma,1,1,WES,hairfollicle04-c5-t3,0.048
Krt26,Morphologically normal,1,1,WES,hairfollicle04-c6-t3,0.036
Krt28,Morphologically normal,1,1,WES,hairfollicle05-e5-t3,0.023
Krt28,Skin papilloma,1,1,WES,skin04-c5-t2,0.023
Krt33a,Morphologically normal,1,1,WES,hairfollicle05-c7-t2,0.12
Krt34,Morphologically normal,1,1,WES,hairfollicle05-e5-t3,0.017
Krt34,Skin papilloma,1,1,WES,skin04-c5-t2,0.088
Krt4,Morphologically normal,2,2,TES; WES,hairfollicle05-e5-t3; skin21-b5-w19,0.037
Krt40,Morphologically normal,1,1,WES,hairfollicle05-e5-t3,0.028
Krt6a,Morphologically normal,3,3,TES,hairfollicle21-g1-w8; skin21-c5-w19; skin21-g1-w19,0.214
Krt6a,Skin SCC,1,1,TES,skin21-b6-w19,0.065
Krt71,Morphologically normal,1,1,TES,hairfollicle21-f2-w14,0.167
Krt72,Morphologically normal,1,1,WES,hairfollicle05-e5-t3,0.022
Krt73,Morphologically normal,1,1,WES,hairfollicle05-e5-t3,0.039
Krt78,HF papilloma,1,1,WES,hairfollicle04-c4-t3,0.046
Krt78,Skin papilloma,1,1,WES,skin04-c5-t2,0.012
Krt8,Morphologically normal,1,1,TES,hairfollicle21-d1-w8,0.216
Krt81,Morphologically normal,1,1,WES,skin05-c7-t2,0.03
Krt81,Skin papilloma,1,1,WES,skin04-c5-t2,0.023
Krt82,Morphologically normal,1,1,WES,skin03-f5,0.1
Krt82,Skin papilloma,1,1,WES,skin05-b7,0.067
Krt84,Morphologically normal,1,1,TES,skin21-d3-w19,0.011
Krt86,HF papilloma,1,1,WES,hairfollicle04-c5-t3,0.028
Krt90,HF SCC,1,1,TES,hairfollicle21-e3-w14,0.231
Krtap1-3,Morphologically normal,4,3,TES,hairfollicle21-d3-w8; hairfollicle21-g1-w17; skin21-c5-w19; skin21-f3-w19,0.174
Krtap1-3,HF papilloma,1,1,TES,hairfollicle21-d5-w17,0.182
Krtap1-3,HF SCC,1,1,TES,hairfollicle21-b6-w14,0.191
Krtap1-3,Skin SCC,1,1,TES,skin21-g4-w19,0.019
Krtap10-10,Morphologically normal,2,1,TES,hairfollicle21-g4-w8; skin21-g1-w19,0.334
Krtap10-4,Morphologically normal,2,2,WES,hairfollicle04-c6-t3; hairfollicle05-c7-t2,0.124
Krtap13,Morphologically normal,1,1,WES,skin05-c7-t2,0.03
Krtap13,Skin papilloma,1,1,WES,skin04-c4-t2,0.021
Krtap16-1,Morphologically normal,1,1,WES,skin05-c7-t2,0.091
Krtap19-1,Morphologically normal,2,2,WES,hairfollicle05-c7-t2; skin04-c6-t2,0.096
Krtap19-3,Morphologically normal,1,1,WES,hairfollicle05-e5-t3,0.032
Krtap19-3,Skin papilloma,1,1,WES,skin04-c5-t2,0.038
Krtap21-1,Morphologically normal,1,1,WES,skin05-c7-t2,0.047
Krtap21-1,Skin papilloma,1,1,WES,skin04-c5-t2,0.078
Krtap24-1,HF papilloma,1,1,WES,hairfollicle04-c5-t3,0.034
Krtap4-1,Morphologically normal,2,3,TES,hairfollicle21-c5-w14; skin21-d1-w19,0.044
Krtap4-1,HF papilloma,1,2,TES,hairfollicle21-e2-w14,0.054
Krtap4-1,HF SCC,2,2,TES,hairfollicle21-e3-w17; hairfollicle21-g4-w17,0.231
Krtap4-13,Morphologically normal,5,6,TES; WES,hairfollicle05-c7-t2; hairfollicle21-f7-w14; hairfollicle21-f7-w19; hairfollicle21-g1-w14; hairfollicle21-g1-w17,0.452
Krtap4-16,Morphologically normal,12,9,TES; WES,hairfollicle05-b1-t3; hairfollicle05-c7-t2; hairfollicle21-b5-w8; hairfollicle21-d1-w8; hairfollicle21-f6-w17; hairfollicle21-f7-w19; skin21-b5-w19; skin21-c5-w19; skin21-c6-w19; skin21-d1-w19; skin21-d3-w19; skin21-d4-w19,0.178
Krtap4-16,HF papilloma,3,3,TES,hairfollicle21-e2-w8; hairfollicle21-f1-w14; hairfollicle21-f1-w8,0.209
Krtap4-16,HF SCC,10,11,TES,hairfollicle21-b6-w17; hairfollicle21-b6-w8; hairfollicle21-c7-w8; hairfollicle21-e3-w14; hairfollicle21-e3-w17; hairfollicle21-e4-w14; hairfollicle21-e4-w17; hairfollicle21-e4-w8; hairfollicle21-f3-w17; hairfollicle21-f3-w8,0.266
Krtap4-16,Skin papilloma,1,1,WES,skin04-c4-t2,0.019
Krtap4-16,Skin SCC,3,2,TES,skin21-b6-w19; skin21-g4-w19; skin21-pp-de-w19,0.018
Krtap4-2,HF SCC,1,1,TES,hairfollicle21-g4-w17,0.184
Krtap4-2,Skin papilloma,1,1,WES,skin04-c4-t2,0.019
Krtap4-2,Skin SCC,1,1,TES,skin21-pp-de-w19,0.014
Krtap4-6,Morphologically normal,11,9,TES,hairfollicle21-b5-w17; hairfollicle21-b5-w8; hairfollicle21-c1-w17; hairfollicle21-c2-w17; hairfollicle21-d1-w14; hairfollicle21-d1-w8; hairfollicle21-e5-w17; hairfollicle21-f4-w19; hairfollicle21-f6-w14; hairfollicle21-f6-w17; hairfollicle21-g3-w14,0.813
Krtap4-6,HF papilloma,5,6,TES,hairfollicle21-d2-w17; hairfollicle21-d2-w8; hairfollicle21-d5-w17; hairfollicle21-e1-w14; hairfollicle21-e1-w17,0.132
Krtap4-6,HF SCC,6,8,TES,hairfollicle21-b6-w8; hairfollicle21-b7-w8; hairfollicle21-e3-w14; hairfollicle21-e4-w14; hairfollicle21-f4-w8; hairfollicle21-g3-w17,0.703
Krtap4-7,Morphologically normal,5,6,TES,hairfollicle21-c5-w14; hairfollicle21-d4-w8; hairfollicle21-f2-w14; hairfollicle21-f2-w19; hairfollicle21-f7-w14,0.687
Krtap4-7,HF papilloma,3,3,TES,hairfollicle21-d2-w8; hairfollicle21-e2-w14; hairfollicle21-e2-w8,0.18
Krtap4-7,HF SCC,8,5,TES,hairfollicle21-b7-w8; hairfollicle21-c6-w8; hairfollicle21-c7-w8; hairfollicle21-e3-w14; hairfollicle21-e3-w17; hairfollicle21-e3-w8; hairfollicle21-e4-w8; hairfollicle21-g6-w19,0.909
Krtap4-8,Morphologically normal,3,2,TES,hairfollicle21-d1-w8; hairfollicle21-f5-w17; hairfollicle21-g1-w14,0.138
Krtap4-8,HF papilloma,2,2,TES; WES,hairfollicle04-c4-t3; hairfollicle21-e2-w8,0.16
Krtap4-9,Morphologically normal,12,16,TES,hairfollicle21-b5-w8; hairfollicle21-c2-w17; hairfollicle21-d1-w8; hairfollicle21-d4-w8; hairfollicle21-f4-w19; hairfollicle21-f6-w8; hairfollicle21-g1-w14; hairfollicle21-g1-w17; hairfollicle21-g1-w8; hairfollicle21-g2-w19; hairfollicle21-g4-w8; hairfollicle21-g5-w17,0.378
Krtap4-9,HF papilloma,3,3,TES; WES,hairfollicle04-c4-t3; hairfollicle21-d2-w8; hairfollicle21-e1-w17,0.12
Krtap4-9,HF SCC,6,7,TES,hairfollicle21-b6-w14; hairfollicle21-b6-w17; hairfollicle21-c7-w17; hairfollicle21-e3-w8; hairfollicle21-e4-w14; hairfollicle21-g3-w17,0.274
Krtap5-2,Morphologically normal,3,4,WES,skin05-b1-t2; skin05-b5-t2; skin05-e5-t2,0.039
Krtap5-2,Skin papilloma,3,3,WES,skin04-c2-t2; skin04-c4-t2; skin04-c5-t2,0.033
Krtap5-3,Skin papilloma,1,1,WES,skin04-c4-t2,0.028
Krtap5-5,Skin papilloma,1,1,WES,skin04-c5-t2,0.026
Krtap9-1,Morphologically normal,4,4,TES,hairfollicle21-c5-w14; hairfollicle21-f6-w8; hairfollicle21-g1-w17; skin21-b5-w19,0.231
Krtap9-1,HF SCC,1,1,TES,hairfollicle21-b6-w8,0.103
Krtap9-1,Skin SCC,1,1,TES,skin21-b7-w19,0.029
Krtap9-3,Skin papilloma,1,1,WES,skin04-c4-t2,0.077
Krtap9-5,Morphologically normal,5,5,TES,hairfollicle21-c5-w14; hairfollicle21-d4-w8; hairfollicle21-g1-w17; skin21-d1-w19; skin21-d3-w19,0.25
Krtap9-5,HF papilloma,4,3,TES; WES,hairfollicle04-c2-t3; hairfollicle21-e2-w14; hairfollicle21-e2-w8; hairfollicle21-f1-w14,0.121
Krtap9-5,HF SCC,3,2,TES,hairfollicle21-e3-w14; hairfollicle21-e4-w8; hairfollicle21-f3-w8,0.308
Krtap9-5,Skin papilloma,1,1,TES,skin21-f1-w19,0.077
Krtap9-5,Skin SCC,1,1,TES,skin21-g4-w19,0.028
Ksr1,Morphologically normal,2,2,WES,hairfollicle05-c7-t2; hairfollicle05-e5-t3,0.106
Ksr2,Morphologically normal,2,2,WES,hairfollicle05-b5-t3; hairfollicle05-e5-t3,0.065
Ky,Morphologically normal,2,2,WES,hairfollicle04-c6-t3; hairfollicle05-e5-t3,0.11
L3mbtl2,Skin papilloma,1,1,WES,skin04-c4-t2,0.056
L3mbtl3,Morphologically normal,1,1,WES,skin05-c7-t2,0.077
Lama1,HF papilloma,1,1,WES,hairfollicle04-c4-t3,0.076
Lama2,Morphologically normal,2,3,WES,hairfollicle05-b5-t3; hairfollicle05-e5-t3,0.23
Lama3,Morphologically normal,2,2,WES,hairfollicle04-c6-t3; hairfollicle05-e5-t3,0.025
Lama3,HF papilloma,1,1,WES,hairfollicle04-c2-t3,0.055
Lama4,Morphologically normal,3,3,WES,hairfollicle05-b5-t3; hairfollicle05-c7-t2; hairfollicle05-e5-t3,0.129
Lama5,Morphologically normal,1,1,WES,skin05-e5-t2,0.058
Lamb1,Morphologically normal,1,2,WES,hairfollicle05-c7-t2,0.141
Lamb1,Skin papilloma,1,1,WES,skin04-c5-t2,0.034
Lamb2,Morphologically normal,1,1,WES,skin05-c7-t2,0.075
Lamc3,Morphologically normal,1,1,WES,hairfollicle04-c6-t3,0.086
Lamp2,Morphologically normal,1,1,WES,skin05-e5-t2,0.097
Lancl3,Morphologically normal,1,1,WES,hairfollicle05-b5-t3,0.133
Laptm5,Skin papilloma,1,1,WES,skin05-b7,0.052
Large1,Morphologically normal,1,1,WES,hairfollicle05-b5-t3,0.071
Larp4,Morphologically normal,1,1,WES,hairfollicle05-b1-t3,0.167
Larp4b,Morphologically normal,1,1,WES,hairfollicle05-b5-t3,0.059
Las1l,Morphologically normal,2,2,WES,hairfollicle05-b1-t3; hairfollicle05-c7-t2,0.231
Lat,Skin papilloma,1,1,WES,skin05-b7,0.1
Lats1,Skin papilloma,2,2,WES,skin04-c2-t2; skin04-c5-t2,0.051
Lax1,Morphologically normal,3,3,WES,hairfollicle05-c7-t2; hairfollicle05-e5-t3; skin05-c6,0.083
Lbhd2,Morphologically normal,1,1,WES,skin04-c6-t2,0.048
Lbp,Skin papilloma,1,1,WES,skin04-c2-t2,0.042
Lce1c,Skin papilloma,1,1,WES,skin04-c5-t2,0.091
Lce1i,Morphologically normal,1,1,WES,hairfollicle05-c7-t2,0.076
Lce6a,Morphologically normal,1,1,WES,hairfollicle04-c6-t3,0.1
Lcmt2,Morphologically normal,1,1,WES,hairfollicle05-e5-t3,0.022
Lcn10,Morphologically normal,1,1,WES,skin05-b1-t2,0.04
Lct,Morphologically normal,1,1,WES,hairfollicle05-b1-t3,0.143
Ldb1,Morphologically normal,1,1,WES,hairfollicle05-b1-t3,0.133
Ldb3,Morphologically normal,1,1,WES,skin05-e5-t2,0.054
Ldc1,Morphologically normal,1,1,WES,hairfollicle04-c6-t3,0.054
Ldc1,HF papilloma,1,1,WES,hairfollicle04-c5-t3,0.045
Ldhb,HF papilloma,1,1,WES,hairfollicle04-c5-t3,0.029
Ldhb,Skin papilloma,1,1,WES,skin04-c4-t2,0.013
Ldhc,Morphologically normal,1,1,WES,hairfollicle05-c7-t2,0.091
Ldlr,Skin papilloma,1,1,WES,skin04-c2-t2,0.053
Ldlrad1,Morphologically normal,1,1,WES,skin04-c6-t2,0.063
Lfng,Morphologically normal,1,1,WES,skin05-c7-t2,0.049
Lgi3,Morphologically normal,1,1,WES,skin05-e5-t2,0.091
Lgr6,Skin papilloma,1,1,WES,skin04-c5-t2,0.1
Lhcgr,Morphologically normal,1,1,WES,skin05-e5-t2,0.052
Lhx2,Morphologically normal,1,1,WES,hairfollicle05-b5-t3,0.075
Lhx9,Morphologically normal,1,1,WES,hairfollicle05-c7-t2,0.125
Lilra6,HF papilloma,1,1,WES,hairfollicle04-c2-t3,0.035
Lilrb4a,Morphologically normal,1,1,WES,hairfollicle05-c7-t2,0.056
Lilrb4a,HF papilloma,1,1,WES,hairfollicle04-c2-t3,0.018
Lim2,HF papilloma,1,1,WES,hairfollicle04-c5-t3,0.025
Limk1,Morphologically normal,1,1,WES,hairfollicle05-e5-t3,0.023
Lin28b,Morphologically normal,1,1,WES,skin04-c6-t2,0.042
Lin54,Morphologically normal,1,1,WES,hairfollicle04-c6-t3,0.114
Lingo3,Morphologically normal,1,1,WES,hairfollicle05-e5-t3,0.034
Lins1,Skin papilloma,1,1,WES,skin04-c5-t2,0.071
Lipa,Morphologically normal,1,1,WES,hairfollicle05-b1-t3,0.136
Lipc,Morphologically normal,1,1,WES,hairfollicle04-c6-t3,0.078
Lipe,HF papilloma,1,1,WES,hairfollicle04-c5-t3,0.033
Lipn,HF papilloma,1,1,WES,hairfollicle04-c2-t3,0.059
Lkaaear1,HF papilloma,1,1,WES,hairfollicle04-c4-t3,0.055
Lmbr1l,Morphologically normal,1,1,WES,hairfollicle05-e5-t3,0.024
Lmbrd1,Skin papilloma,1,1,WES,skin04-c4-t2,0.063
Lmf1,Morphologically normal,1,1,WES,hairfollicle05-b5-t3,0.088
Lmf1,HF papilloma,1,1,WES,hairfollicle04-c5-t3,0.027
Lmnb1,Morphologically normal,1,1,WES,hairfollicle05-b1-t3,0.468
Lmntd2,Morphologically normal,1,1,WES,hairfollicle05-c7-t2,0.088
Lmod1,Morphologically normal,1,1,WES,hairfollicle05-c7-t2,0.057
Lmtk2,Morphologically normal,1,1,WES,hairfollicle05-b5-t3,0.041
Lmtk2,HF papilloma,1,1,WES,hairfollicle04-c2-t3,0.069
Lmtk3,Morphologically normal,1,1,WES,hairfollicle05-b5-t3,0.111
Lmx1a,Morphologically normal,1,1,WES,hairfollicle05-e5-t3,0.047
Lmx1a,Skin papilloma,1,1,WES,skin04-c5-t2,0.028
Lonrf2,HF papilloma,1,1,WES,hairfollicle04-c5-t3,0.073
Lonrf3,Morphologically normal,1,1,WES,hairfollicle05-e5-t3,0.045
Lonrf3,Skin papilloma,1,1,WES,skin04-c5-t2,0.029
Lox,Skin papilloma,1,1,WES,skin04-c5-t2,0.037
Loxhd1,Morphologically normal,2,2,TES; WES,hairfollicle21-g1-w8; skin05-e5-t2,0.364
Loxhd1,HF papilloma,2,2,WES,hairfollicle04-c4-t3; hairfollicle04-c5-t3,0.058
Loxhd1,HF SCC,3,3,TES,hairfollicle21-c6-w14; hairfollicle21-e4-w14; hairfollicle21-f4-w17,0.044
Lpcat1,Skin papilloma,1,1,WES,skin04-c2-t2,0.053
Lpcat4,Morphologically normal,1,1,WES,skin05-c7-t2,0.032
Lpgat1,Morphologically normal,1,1,WES,skin04-c6-t2,0.053
Lpin2,Morphologically normal,1,1,WES,skin05-a6,0.09
Lpin2,Skin papilloma,1,1,WES,skin04-c4-t2,0.045
Lpin3,Morphologically normal,1,1,WES,hairfollicle04-c6-t3,0.067
Lpin3,Skin papilloma,1,1,WES,skin04-c2-t2,0.063
Lpl,Morphologically normal,1,1,WES,hairfollicle05-c7-t2,0.118
Lpo,Skin papilloma,1,1,WES,skin04-c4-t2,0.077
Lpxn,Morphologically normal,1,1,WES,hairfollicle05-b1-t3,0.202
Lrba,Morphologically normal,1,1,WES,hairfollicle05-e5-t3,0.024
Lrch1,Morphologically normal,1,1,WES,hairfollicle05-e5-t3,0.03
Lrch2,Skin papilloma,1,1,WES,skin04-c5-t2,0.063
Lrfn5,Morphologically normal,1,1,WES,hairfollicle04-c6-t3,0.088
Lrg1,Morphologically normal,1,1,WES,hairfollicle05-c7-t2,0.136
Lrig1,Skin papilloma,2,2,WES,skin04-c2-t2; skin04-c4-t2,0.081
Lrig3,Skin papilloma,1,1,WES,skin04-c4-t2,0.053
Lrit1,Morphologically normal,1,1,WES,skin04-c6-t2,0.071
Lrit2,Skin papilloma,1,1,WES,skin04-c2-t2,0.091
Lrp1,Morphologically normal,2,2,TES; WES,hairfollicle21-b5-w8; skin05-e5-t2,0.273
Lrp1,HF papilloma,1,2,WES,hairfollicle04-c5-t3,0.052
Lrp1,HF SCC,4,5,TES,hairfollicle21-b7-w8; hairfollicle21-c6-w14; hairfollicle21-c7-w14; hairfollicle21-e3-w14,0.983
Lrp10,Morphologically normal,1,1,WES,hairfollicle05-c7-t2,0.1
Lrp11,Morphologically normal,1,1,WES,skin04-c6-t2,0.035
Lrp12,Morphologically normal,1,1,WES,skin04-c6-t2,0.036
Lrp1b,Morphologically normal,4,4,TES; WES,hairfollicle05-c7-t2; hairfollicle21-b5-w17; hairfollicle21-c5-w17; hairfollicle21-d1-w8,0.444
Lrp1b,HF SCC,1,1,TES,hairfollicle21-f4-w17,0.048
Lrp1b,Skin papilloma,1,1,WES,skin04-c5-t2,0.075
Lrp2,Morphologically normal,3,3,WES,hairfollicle04-c6-t3; hairfollicle05-c7-t2; skin04-c6-t2,0.107
Lrp2,HF papilloma,4,4,TES; WES,hairfollicle04-c2-t3; hairfollicle04-c4-t3; hairfollicle21-d2-w8; hairfollicle21-e1-w14,0.417
Lrp4,Morphologically normal,1,1,WES,skin05-c7-t2,0.024
Lrp5,Morphologically normal,2,2,WES,hairfollicle05-b5-t3; skin04-c6-t2,0.088
Lrp6,Morphologically normal,1,1,WES,skin05-b5-t2,0.077
Lrp8,Morphologically normal,1,1,WES,hairfollicle04-c6-t3,0.061
Lrpap1,Morphologically normal,1,1,WES,hairfollicle04-c6-t3,0.068
Lrpprc,Skin papilloma,1,1,WES,skin04-c5-t2,0.097
Lrrc14b,Morphologically normal,1,1,WES,skin04-c6-t2,0.047
Lrrc26,Skin papilloma,1,1,WES,skin04-c5-t2,0.04
Lrrc28,HF papilloma,1,1,WES,hairfollicle04-c2-t3,0.035
Lrrc3,Morphologically normal,2,2,WES,hairfollicle04-c6-t3; hairfollicle05-c7-t2,0.094
Lrrc31,Morphologically normal,1,1,WES,hairfollicle05-c7-t2,0.103
Lrrc32,Morphologically normal,1,1,WES,hairfollicle05-b1-t3,0.421
Lrrc37a,Morphologically normal,5,4,WES,hairfollicle05-b5-t3; hairfollicle05-c7-t2; hairfollicle05-e5-t3; skin05-b5-t2; skin05-c7-t2,0.115
Lrrc37a,Skin papilloma,1,1,WES,skin04-c4-t2,0.016
Lrrc40,Morphologically normal,1,1,WES,hairfollicle05-c7-t2,0.12
Lrrc45,Morphologically normal,1,2,WES,hairfollicle05-c7-t2,0.107
Lrrc49,Morphologically normal,1,1,WES,hairfollicle05-e5-t3,0.045
Lrrc55,HF papilloma,1,1,WES,hairfollicle04-c5-t3,0.036
Lrrc56,Morphologically normal,1,1,WES,hairfollicle05-e5-t3,0.024
Lrrc6,Skin papilloma,1,1,WES,skin04-c5-t2,0.034
Lrrc66,Morphologically normal,2,2,WES,hairfollicle04-c6-t3; hairfollicle05-b5-t3,0.16
Lrrc71,Morphologically normal,1,1,WES,hairfollicle05-e5-t3,0.046
Lrrc74a,Morphologically normal,1,1,WES,hairfollicle05-e5-t3,0.037
Lrriq1,Morphologically normal,2,2,WES,hairfollicle05-b5-t3; hairfollicle05-e5-t3,0.093
Lrriq1,HF papilloma,1,1,WES,hairfollicle04-c2-t3,0.034
Lrriq4,Morphologically normal,1,1,WES,skin04-c6-t2,0.071
Lrrn2,Morphologically normal,1,1,WES,skin04-c6-t2,0.097
Lrrtm3,Morphologically normal,1,1,WES,hairfollicle05-c7-t2,0.13
Lrwd1,Skin papilloma,1,1,WES,skin04-c4-t2,0.091
Lsamp,Skin papilloma,1,1,WES,skin04-c5-t2,0.038
Lsg1,Skin papilloma,1,1,WES,skin04-c5-t2,0.037
Lsm14b,Skin papilloma,1,1,WES,skin04-c5-t2,0.045
Lss,Morphologically normal,1,1,WES,hairfollicle05-c7-t2,0.125
Lta4h,Morphologically normal,1,1,WES,skin04-c6-t2,0.071
Ltb,HF papilloma,1,1,WES,hairfollicle04-c2-t3,0.023
Ltbp4,Skin papilloma,1,1,WES,skin04-c2-t2,0.063
Ltf,Morphologically normal,1,1,TES,hairfollicle21-c1-w17,0.052
Ltf,HF SCC,2,2,TES,hairfollicle21-b6-w14; hairfollicle21-b7-w8,0.444
Ltn1,Morphologically normal,1,1,WES,hairfollicle05-b5-t3,0.038
Ltv1,Morphologically normal,1,1,WES,hairfollicle05-b1-t3,0.175
Ltv1,Skin papilloma,1,1,WES,skin04-c5-t2,0.071
Luc7l2,Morphologically normal,1,1,WES,hairfollicle05-e5-t3,0.031
Lvrn,Morphologically normal,1,1,WES,hairfollicle05-e5-t3,0.026
Ly6c2,Morphologically normal,1,1,WES,hairfollicle05-b5-t3,0.064
Ly6d,Skin papilloma,1,1,WES,skin04-c5-t2,0.023
Ly6g5b,HF papilloma,1,1,WES,hairfollicle04-c5-t3,0.045
Ly9,Skin papilloma,1,1,WES,skin04-c5-t2,0.022
Lyg1,Morphologically normal,1,1,WES,hairfollicle05-c7-t2,0.12
Lyrm1,Morphologically normal,1,1,WES,hairfollicle05-e5-t3,0.025
Lyrm7,Morphologically normal,1,1,WES,hairfollicle05-c7-t2,0.267
Lyst,Morphologically normal,1,1,WES,skin05-b1-t2,0.055
Lyst,Skin papilloma,1,2,WES,skin04-c5-t2,0.048
Lyzl1,Morphologically normal,2,2,WES,hairfollicle04-c6-t3; hairfollicle05-b1-t3,0.103
Lyzl1,HF papilloma,1,1,WES,hairfollicle04-c2-t3,0.02
Lzts2,Morphologically normal,1,1,WES,hairfollicle05-e5-t3,0.031
Lzts2,Skin papilloma,1,1,WES,skin04-c5-t2,0.056
Maats1,Morphologically normal,1,1,WES,hairfollicle05-e5-t3,0.025
Mab21l1,Morphologically normal,1,1,WES,hairfollicle04-c6-t3,0.068
Mab21l2,Morphologically normal,1,1,WES,skin05-b1-t2,0.029
Mab21l3,Morphologically normal,1,1,WES,hairfollicle05-b1-t3,0.13
Mab21l4,Morphologically normal,1,1,WES,hairfollicle05-c7-t2,0.103
Macf1,Morphologically normal,1,2,WES,hairfollicle05-e5-t3,0.03
Macf1,HF papilloma,1,1,WES,hairfollicle04-c2-t3,0.027
Maco1,Morphologically normal,1,1,WES,hairfollicle05-c7-t2,0.124
Macrod2,Morphologically normal,1,1,WES,hairfollicle05-c7-t2,0.093
Macroh2a2,Morphologically normal,1,1,WES,hairfollicle05-e5-t3,0.026
Mad1l1,HF papilloma,1,1,WES,hairfollicle04-c5-t3,0.038
Maf1,Morphologically normal,1,1,WES,hairfollicle04-c6-t3,0.056
Magea2,Skin papilloma,1,1,WES,skin04-c5-t2,0.091
Magea6,Morphologically normal,1,1,WES,hairfollicle04-c6-t3,0.055
Magea6,HF papilloma,1,1,WES,hairfollicle04-c2-t3,0.028
Mageb16,Morphologically normal,1,1,WES,hairfollicle05-b5-t3,0.098
Mageb4,Morphologically normal,3,2,WES,skin04-c6-t2; skin05-b1-t2; skin05-c7-t2,0.028
Mageb4,HF papilloma,3,2,WES,hairfollicle04-c2-t3; hairfollicle04-c4-t3; hairfollicle04-c5-t3,0.042
Mageb4,Skin papilloma,1,1,WES,skin04-c5-t2,0.023
Maged2,Morphologically normal,1,1,WES,hairfollicle05-b5-t3,0.079
Magee1,Morphologically normal,1,1,WES,skin04-c6-t2,0.045
Magee2,Morphologically normal,1,1,WES,hairfollicle05-c7-t2,0.076
Magel2,Morphologically normal,1,1,WES,hairfollicle04-c6-t3,0.055
Magi1,Morphologically normal,1,1,WES,hairfollicle05-c7-t2,0.13
Magi2,Morphologically normal,1,1,WES,hairfollicle05-c7-t2,0.094
Magt1,Morphologically normal,1,1,WES,hairfollicle05-e5-t3,0.053
Malt1,Morphologically normal,1,1,WES,hairfollicle04-c6-t3,0.054
Mamdc2,Morphologically normal,1,2,WES,skin04-c6-t2,0.065
Mamdc4,Morphologically normal,1,1,WES,skin04-c6-t2,0.056
Maml1,Morphologically normal,1,1,TES,hairfollicle21-c5-w14,0.053
Maml2,Morphologically normal,1,1,TES,hairfollicle21-f6-w14,0.2
Maml3,Morphologically normal,1,1,TES,hairfollicle21-d1-w8,0.385
Mamld1,Morphologically normal,1,2,WES,skin04-c6-t2,0.043
Mamld1,Skin SCC,1,1,TES,skin21-b6-w19,0.012
Man2a1,Morphologically normal,1,1,WES,skin05-e5-t2,0.07
Man2b1,HF papilloma,1,1,WES,hairfollicle04-c4-t3,0.071
Man2c1,Morphologically normal,2,2,WES,hairfollicle05-b1-t3; skin05-b1-t2,0.105
Map1b,Morphologically normal,1,1,WES,hairfollicle04-c6-t3,0.101
Map2,Morphologically normal,1,1,WES,hairfollicle04-c6-t3,0.09
Map2k5,Skin papilloma,1,1,WES,skin04-c5-t2,0.091
Map2k6,Morphologically normal,1,1,WES,hairfollicle05-e5-t3,0.03
Map3k10,Morphologically normal,2,2,WES,hairfollicle05-c7-t2; hairfollicle05-e5-t3,0.061
Map3k14,Morphologically normal,1,1,WES,hairfollicle05-b1-t3,0.199
Map3k4,Morphologically normal,1,1,WES,hairfollicle05-e5-t3,0.022
Map3k4,HF papilloma,1,1,WES,hairfollicle04-c4-t3,0.06
Map3k6,Morphologically normal,1,1,WES,skin05-b1-t2,0.05
Map3k7cl,HF papilloma,1,1,WES,hairfollicle04-c4-t3,0.057
Map3k8,Morphologically normal,1,1,WES,hairfollicle05-b1-t3,0.115
Map4,Morphologically normal,1,1,WES,hairfollicle05-c7-t2,0.063
Map4k1,Skin papilloma,1,1,WES,skin04-c2-t2,0.029
Map4k2,Morphologically normal,1,1,WES,hairfollicle05-b5-t3,0.102
Map4k3,Morphologically normal,1,1,WES,hairfollicle04-c6-t3,0.05
Map6,Morphologically normal,2,2,WES,hairfollicle05-c7-t2; skin04-c6-t2,0.1
Map7,Skin papilloma,1,1,WES,skin04-c5-t2,0.097
Map7d2,Morphologically normal,1,1,WES,hairfollicle05-c7-t2,0.125
Mapk10,Skin papilloma,1,1,WES,skin04-c5-t2,0.075
Mapk13,Morphologically normal,1,1,WES,skin05-b5-t2,0.054
Mapk3,Morphologically normal,1,1,WES,hairfollicle05-e5-t3,0.026
Mapk6,Morphologically normal,1,1,WES,hairfollicle05-c7-t2,0.094
Mapk8ip2,Skin papilloma,1,1,WES,skin04-c4-t2,0.084
Mapk8ip3,Morphologically normal,1,1,WES,hairfollicle05-e5-t3,0.021
Mapk9,Morphologically normal,1,1,WES,hairfollicle05-c7-t2,0.15
Mapkap1,HF papilloma,1,1,WES,hairfollicle04-c5-t3,0.08
Mapkapk3,Morphologically normal,1,1,WES,hairfollicle04-c6-t3,0.066
Mapkbp1,Morphologically normal,2,2,WES,hairfollicle05-b5-t3; hairfollicle05-c7-t2,0.063
Mapre2,Morphologically normal,1,1,WES,hairfollicle05-c7-t2,0.088
Mapt,Morphologically normal,1,2,WES,hairfollicle05-b1-t3,0.105
Marchf1,Morphologically normal,1,1,WES,hairfollicle05-c7-t2,0.156
Marchf10,Morphologically normal,1,1,WES,hairfollicle04-c6-t3,0.059
Marchf4,Morphologically normal,1,1,WES,hairfollicle05-e5-t3,0.02
Marchf6,Morphologically normal,1,1,WES,hairfollicle05-e5-t3,0.031
Marchf6,Skin papilloma,1,1,WES,skin04-c2-t2,0.047
Marchf8,Morphologically normal,2,2,WES,hairfollicle05-e5-t3; skin04-c6-t2,0.067
Marco,Morphologically normal,1,1,WES,skin05-c7-t2,0.047
Marf1,Morphologically normal,1,1,WES,skin04-c6-t2,0.061
Mark2,Morphologically normal,1,1,WES,hairfollicle05-c7-t2,0.167
Mark4,Morphologically normal,1,1,WES,hairfollicle05-e5-t3,0.057
Mars1,Morphologically normal,1,1,WES,hairfollicle05-e5-t3,0.017
Mars1,Skin papilloma,1,1,WES,skin04-c2-t2,0.071
Marveld2,HF papilloma,1,1,WES,hairfollicle04-c5-t3,0.04
Mast2,Morphologically normal,1,1,WES,hairfollicle05-e5-t3,0.029
Mast4,Morphologically normal,2,2,WES,hairfollicle05-b5-t3; hairfollicle05-e5-t3,0.083
Mastl,Morphologically normal,1,1,WES,hairfollicle05-b1-t3,0.111
Matn1,Morphologically normal,1,1,WES,hairfollicle04-c6-t3,0.041
Mau2,HF papilloma,1,1,WES,hairfollicle04-c2-t3,0.034
Mau2,Skin papilloma,1,1,WES,skin04-c5-t2,0.03
Mb,Morphologically normal,1,1,WES,hairfollicle05-e5-t3,0.021
Mb21d2,Morphologically normal,1,1,WES,hairfollicle05-c7-t2,0.1
Mbd3,Morphologically normal,1,1,WES,skin04-c6-t2,0.03
Mbd3,HF papilloma,1,1,WES,hairfollicle04-c2-t3,0.037
Mbd5,Morphologically normal,1,1,WES,hairfollicle05-e5-t3,0.033
Mbd5,HF papilloma,1,1,WES,hairfollicle04-c5-t3,0.046
Mbd5,Skin papilloma,1,1,WES,skin04-c4-t2,0.091
Mbd6,Morphologically normal,1,1,WES,hairfollicle05-b1-t3,0.133
Mbd6,HF papilloma,1,1,WES,hairfollicle04-c5-t3,0.035
Mbip,Morphologically normal,1,1,WES,hairfollicle05-e5-t3,0.057
Mbnl2,Morphologically normal,1,1,WES,hairfollicle05-b5-t3,0.103
Mbp,Morphologically normal,1,1,WES,skin05-b1-t2,0.091
Mbtd1,Morphologically normal,2,2,WES,hairfollicle05-b5-t3; skin05-b5-t2,0.147
Mbtps2,Morphologically normal,1,1,WES,hairfollicle05-e5-t3,0.035
Mc4r,Morphologically normal,1,1,WES,hairfollicle05-b5-t3,0.243
Mc5r,Skin papilloma,1,1,WES,skin04-c5-t2,0.083
Mcc,Skin papilloma,1,1,WES,skin04-c5-t2,0.02
Mcf2,Morphologically normal,1,1,WES,skin05-b1-t2,0.056
Mcf2l,Morphologically normal,2,2,WES,hairfollicle05-b5-t3; hairfollicle05-e5-t3,0.114
Mcm2,Skin papilloma,1,1,WES,skin04-c4-t2,0.024
Mcm3,Morphologically normal,1,1,WES,hairfollicle04-c6-t3,0.063
Mcm3ap,Morphologically normal,1,1,WES,skin04-c6-t2,0.065
Mcm3ap,HF papilloma,1,1,WES,hairfollicle04-c2-t3,0.024
Mcm4,Morphologically normal,1,2,WES,hairfollicle05-e5-t3,0.03
Mcm8,Morphologically normal,1,1,WES,skin05-e5-t2,0.101
Mcmbp,Morphologically normal,1,1,WES,hairfollicle05-c7-t2,0.096
Mcmdc2,Morphologically normal,1,1,WES,hairfollicle05-e5-t3,0.045
Mcoln3,Morphologically normal,1,1,WES,hairfollicle05-b5-t3,0.217
Mcpt4,Skin papilloma,1,1,WES,skin04-c5-t2,0.053
Mctp2,Morphologically normal,1,1,WES,skin04-c6-t2,0.023
Mdc1,HF papilloma,1,1,WES,hairfollicle04-c2-t3,0.038
Mdga1,Morphologically normal,1,1,WES,hairfollicle05-b1-t3,0.124
Mdh1b,Morphologically normal,1,1,WES,skin05-c7-t2,0.049
Mdm1,Morphologically normal,1,1,WES,hairfollicle05-b1-t3,0.12
Mdn1,Morphologically normal,2,2,WES,hairfollicle05-b1-t3; hairfollicle05-e5-t3,0.187
Mdn1,HF papilloma,2,2,WES,hairfollicle04-c4-t3; hairfollicle04-c5-t3,0.038
Me2,Morphologically normal,1,1,WES,skin05-e5-t2,0.071
Mea1,Skin papilloma,1,1,WES,skin04-c4-t2,0.072
Meak7,Morphologically normal,1,1,WES,hairfollicle05-c7-t2,0.129
Med10,Morphologically normal,1,1,WES,hairfollicle05-b5-t3,0.067
Med12,Morphologically normal,1,1,TES,hairfollicle21-b5-w8,0.133
Med12,HF papilloma,2,2,TES,hairfollicle21-e1-w17; hairfollicle21-f1-w8,0.273
Med12l,Morphologically normal,1,1,TES,hairfollicle21-c2-w17,0.154
Med13,Morphologically normal,1,1,WES,skin04-c6-t2,0.075
Med13l,Morphologically normal,1,1,WES,hairfollicle05-c7-t2,0.124
Med13l,HF papilloma,2,3,WES,hairfollicle03-f6-t2; hairfollicle04-c2-t3,0.154
Med16,Morphologically normal,1,1,WES,hairfollicle05-e5-t3,0.032
Med22,Morphologically normal,1,1,WES,hairfollicle05-e5-t3,0.028
Med23,Morphologically normal,1,3,WES,hairfollicle05-c7-t2,0.211
Med4,Morphologically normal,1,1,WES,hairfollicle04-c6-t3,0.043
Med8,Morphologically normal,1,1,WES,hairfollicle05-e5-t3,0.029
Mefv,HF papilloma,1,1,WES,hairfollicle04-c2-t3,0.04
Megf10,Morphologically normal,1,1,WES,hairfollicle05-e5-t3,0.052
Megf11,Morphologically normal,2,2,WES,hairfollicle05-c7-t2; hairfollicle05-e5-t3,0.095
Megf11,HF papilloma,1,1,WES,hairfollicle04-c2-t3,0.03
Megf6,Skin papilloma,1,1,WES,skin04-c4-t2,0.03
Megf8,Morphologically normal,1,1,WES,hairfollicle05-e5-t3,0.025
Megf8,Skin papilloma,1,1,WES,skin04-c5-t2,0.097
Mei4,Morphologically normal,1,1,WES,hairfollicle05-e5-t3,0.029
Meis1,Morphologically normal,1,2,WES,skin04-c6-t2,0.088
Meis3,Morphologically normal,1,1,WES,hairfollicle05-b1-t3,0.125
Melk,Morphologically normal,1,1,WES,hairfollicle05-e5-t3,0.041
Meltf,Skin papilloma,1,1,WES,skin04-c5-t2,0.023
Meox2,Skin papilloma,1,1,WES,skin04-c5-t2,0.097
Mep1a,Morphologically normal,1,2,WES,hairfollicle05-e5-t3,0.032
Met,HF papilloma,1,1,WES,hairfollicle04-c5-t3,0.036
Methig1,Morphologically normal,1,1,WES,hairfollicle05-e5-t3,0.036
Mettl17,HF papilloma,1,1,WES,hairfollicle04-c2-t3,0.029
Mettl22,HF papilloma,1,1,WES,hairfollicle04-c5-t3,0.063
Mfn1,Morphologically normal,2,2,WES,hairfollicle04-c6-t3; hairfollicle05-e5-t3,0.044
Mfn2,Morphologically normal,2,2,WES,hairfollicle05-c7-t2; hairfollicle05-e5-t3,0.069
Mfrp,Morphologically normal,1,1,WES,hairfollicle05-e5-t3,0.021
Mfsd1,Morphologically normal,1,1,WES,skin05-e5-t2,0.02
Mfsd11,Morphologically normal,1,1,WES,hairfollicle05-b5-t3,0.086
Mfsd14b,HF papilloma,1,1,WES,hairfollicle04-c5-t3,0.069
Mfsd4a,Morphologically normal,1,1,WES,skin04-c6-t2,0.049
Mfsd7a,Morphologically normal,1,1,WES,hairfollicle05-b5-t3,0.12
Mga,Morphologically normal,1,1,WES,skin04-c6-t2,0.059
Mgarp,Skin papilloma,1,1,WES,skin04-c2-t2,0.049
Mgat3,Morphologically normal,3,3,WES,hairfollicle05-b1-t3; hairfollicle05-c7-t2; skin05-b5-t2,0.158
Mgat4e,Morphologically normal,1,1,WES,skin04-c6-t2,0.042
Mgat4f,Morphologically normal,1,1,WES,hairfollicle05-e5-t3,0.028
Mgat4f,Skin papilloma,1,1,WES,skin04-c4-t2,0.061
Mgat5,Morphologically normal,1,1,WES,hairfollicle05-b5-t3,0.068
Mgat5b,Morphologically normal,1,1,WES,hairfollicle05-e5-t3,0.02
Mgrn1,Morphologically normal,1,1,WES,skin04-c6-t2,0.04
Mib1,Morphologically normal,1,1,WES,skin05-b5-t2,0.067
Mical1,Morphologically normal,1,1,WES,hairfollicle05-b1-t3,0.158
Mical3,Morphologically normal,1,1,WES,hairfollicle05-b5-t3,0.111
Micall2,Morphologically normal,2,2,WES,hairfollicle05-e5-t3; skin05-b5-t2,0.049
Micall2,Skin papilloma,1,1,WES,skin04-c4-t2,0.023
Micu1,Morphologically normal,1,1,WES,hairfollicle05-c7-t2,0.086
Mier2,HF papilloma,1,1,WES,hairfollicle04-c5-t3,0.02
Mier2,Skin papilloma,1,1,WES,skin04-c5-t2,0.041
Mier3,Skin papilloma,1,1,WES,skin04-c2-t2,0.038
Mill1,Skin papilloma,1,1,WES,skin04-c5-t2,0.032
Minar1,Morphologically normal,1,1,WES,hairfollicle05-e5-t3,0.024
Mindy2,Morphologically normal,1,1,WES,hairfollicle05-e5-t3,0.029
Mink1,HF papilloma,1,1,WES,hairfollicle04-c4-t3,0.041
Miox,HF papilloma,1,1,WES,hairfollicle04-c2-t3,0.041
Mitf,Morphologically normal,1,1,WES,hairfollicle05-e5-t3,0.036
Mki67,Morphologically normal,4,5,WES,hairfollicle04-c6-t3; hairfollicle05-b5-t3; hairfollicle05-c7-t2; hairfollicle05-e5-t3,0.103
Mki67,HF papilloma,1,1,WES,hairfollicle04-c4-t3,0.045
Mkln1,Morphologically normal,1,1,WES,hairfollicle05-e5-t3,0.029
Mknk1,Morphologically normal,1,1,WES,hairfollicle05-b1-t3,0.124
Mks1,Morphologically normal,1,1,WES,hairfollicle05-e5-t3,0.038
Mlana,Skin papilloma,1,1,WES,skin04-c2-t2,0.053
Mlh3,HF papilloma,1,1,WES,hairfollicle04-c5-t3,0.025
Mllt3,Morphologically normal,5,5,TES,skin21-c5-w19; skin21-d1-w19; skin21-d3-w19; skin21-d4-w19; skin21-g1-w19,0.046
Mllt3,Skin papilloma,1,1,TES,skin21-f1-w19,0.041
Mllt3,Skin SCC,1,1,TES,skin21-b6-w19,0.049
Mlxipl,Skin papilloma,1,1,WES,skin04-c5-t2,0.036
Mmp10,Skin papilloma,1,1,WES,skin04-c5-t2,0.056
Mmp16,Morphologically normal,1,1,WES,hairfollicle05-e5-t3,0.045
Mmp17,Morphologically normal,1,1,WES,skin05-c7-t2,0.07
Mmp1a,Morphologically normal,1,1,WES,hairfollicle05-b1-t3,0.15
Mmp2,Morphologically normal,1,1,WES,hairfollicle05-e5-t3,0.031
Mmp21,Morphologically normal,1,1,WES,hairfollicle05-e5-t3,0.064
Mmp24,Morphologically normal,1,1,WES,hairfollicle05-b5-t3,0.079
Mmp25,Morphologically normal,2,2,WES,hairfollicle05-b5-t3; hairfollicle05-c7-t2,0.13
Mmp25,HF papilloma,1,1,WES,hairfollicle04-c4-t3,0.068
Mmp9,Morphologically normal,1,1,WES,hairfollicle05-e5-t3,0.037
Mmp9,Skin papilloma,1,1,WES,skin04-c4-t2,0.038
Mmrn2,HF papilloma,1,1,WES,hairfollicle04-c4-t3,0.078
Mmrn2,Skin papilloma,1,1,WES,skin04-c4-t2,0.042
Mms19,Morphologically normal,1,1,WES,hairfollicle05-c7-t2,0.097
Mn1,Skin papilloma,1,1,TES,skin21-f1-w19,0.02
Mnat1,Skin papilloma,1,1,WES,skin04-c4-t2,0.059
Mocs3,Skin papilloma,1,1,WES,skin04-c5-t2,0.049
Mogat1,Morphologically normal,1,1,WES,skin04-c6-t2,0.083
Mogs,Morphologically normal,1,1,WES,hairfollicle05-b1-t3,0.119
Mon2,Morphologically normal,1,1,WES,skin05-c7-t2,0.038
Morc1,Morphologically normal,2,2,WES,skin04-c6-t2; skin05-e5-t2,0.071
Morc3,HF papilloma,1,1,WES,hairfollicle04-c4-t3,0.046
Morf4l1,Morphologically normal,1,1,WES,hairfollicle05-b1-t3,0.13
Morf4l1,Skin papilloma,1,1,WES,skin04-c5-t2,0.027
Mospd2,Morphologically normal,1,1,WES,hairfollicle04-c6-t3,0.06
Moxd2,Morphologically normal,1,1,WES,skin04-c6-t2,0.068
Mphosph10,Morphologically normal,1,1,WES,hairfollicle05-c7-t2,0.12
Mphosph8,Morphologically normal,1,1,WES,hairfollicle05-c7-t2,0.107
Mpl,Morphologically normal,1,1,WES,hairfollicle05-e5-t3,0.053
Mpp1,Morphologically normal,1,1,WES,skin05-b1-t2,0.081
Mpp2,Morphologically normal,1,1,WES,hairfollicle05-e5-t3,0.028
Mpped1,Morphologically normal,1,1,WES,hairfollicle05-b5-t3,0.111
Mrc1,Morphologically normal,1,1,WES,skin04-c6-t2,0.061
Mrgprb5,Morphologically normal,1,1,TES,hairfollicle21-g1-w8,0.182
Mrgprb8,HF papilloma,1,1,WES,hairfollicle04-c5-t3,0.064
Mrnip,Morphologically normal,1,1,WES,hairfollicle05-e5-t3,0.028
Mroh1,Skin papilloma,1,1,WES,skin04-c5-t2,0.046
Mroh2a,Morphologically normal,2,3,WES,hairfollicle03-c5; hairfollicle05-e5-t3,0.2
Mroh2b,HF papilloma,1,2,WES,hairfollicle04-c5-t3,0.087
Mroh5,HF papilloma,1,1,WES,hairfollicle04-c2-t3,0.032
Mrpl30,HF papilloma,1,1,WES,hairfollicle04-c5-t3,0.039
Mrpl54,Morphologically normal,1,1,WES,hairfollicle05-e5-t3,0.022
Mrps10,Skin papilloma,1,1,WES,skin04-c5-t2,0.033
Mrtfb,Morphologically normal,1,1,WES,hairfollicle03-a3,0.589
Mrvi1,Morphologically normal,1,1,WES,hairfollicle05-e5-t3,0.035
Ms4a14,Skin papilloma,1,2,WES,skin04-c5-t2,0.039
Ms4a15,Morphologically normal,1,1,WES,hairfollicle04-c6-t3,0.078
Ms4a15,HF papilloma,1,1,WES,hairfollicle04-c4-t3,0.062
Ms4a4b,HF papilloma,1,1,WES,hairfollicle04-c4-t3,0.063
Ms4a8a,Morphologically normal,1,1,WES,hairfollicle05-e5-t3,0.022
Msantd2,HF papilloma,1,1,WES,hairfollicle04-c4-t3,0.041
Msh2,Morphologically normal,1,1,WES,hairfollicle04-c6-t3,0.032
Msh2,HF papilloma,1,1,WES,hairfollicle04-c2-t3,0.028
Msh6,Morphologically normal,1,1,WES,hairfollicle05-c7-t2,0.1
Msi2,Morphologically normal,1,1,WES,hairfollicle05-c7-t2,0.11
Msln,Morphologically normal,1,1,WES,hairfollicle05-b5-t3,0.081
Mslnl,Morphologically normal,1,1,WES,hairfollicle05-e5-t3,0.038
Msrb2,Morphologically normal,1,1,WES,skin04-c6-t2,0.03
Mst1r,Morphologically normal,3,3,WES,hairfollicle03-a3; hairfollicle05-e5-t3; skin05-b5-t2,0.27
Mst1r,Skin papilloma,1,1,WES,skin04-c2-t2,0.033
Msx1,Morphologically normal,1,1,WES,hairfollicle05-c7-t2,0.103
Mtbp,Morphologically normal,1,1,WES,hairfollicle05-c7-t2,0.093
Mtcl1,Morphologically normal,1,1,WES,hairfollicle05-b1-t3,0.061
Mtcl1,Skin papilloma,1,1,WES,skin04-c5-t2,0.036
Mtf2,Morphologically normal,1,1,WES,skin05-b1-t2,0.035
Mtg1,Morphologically normal,1,1,WES,skin04-c6-t2,0.042
Mthfd1,Morphologically normal,1,1,WES,hairfollicle05-e5-t3,0.02
Mthfd2,Morphologically normal,1,1,WES,hairfollicle05-b1-t3,0.2
Mtmr1,Morphologically normal,1,1,WES,hairfollicle05-e5-t3,0.027
Mtmr10,Morphologically normal,1,1,WES,skin04-c6-t2,0.068
Mtmr11,Morphologically normal,1,2,WES,hairfollicle05-c7-t2,0.065
Mtmr12,Morphologically normal,1,1,WES,skin04-c6-t2,0.05
Mtmr14,Morphologically normal,1,1,WES,skin04-c6-t2,0.039
Mtmr6,Skin papilloma,1,1,WES,skin04-c5-t2,0.041
Mtor,Morphologically normal,3,3,TES; WES,hairfollicle05-e5-t3; hairfollicle21-c5-w14; hairfollicle21-d4-w8,0.231
Mtrf1l,Morphologically normal,1,1,WES,hairfollicle04-c6-t3,0.068
Mtus2,Morphologically normal,1,1,WES,hairfollicle05-e5-t3,0.043
Muc1,Morphologically normal,1,1,WES,hairfollicle05-e5-t3,0.031
Muc19,Morphologically normal,1,2,WES,hairfollicle05-e5-t3,0.036
Muc19,HF papilloma,1,1,WES,hairfollicle04-c2-t3,0.035
Muc2,Morphologically normal,1,1,WES,hairfollicle05-c7-t2,0.087
Muc2,HF papilloma,2,2,WES,hairfollicle04-c2-t3; hairfollicle04-c5-t3,0.035
Muc20,Morphologically normal,1,1,WES,skin05-b1-t2,0.039
Muc20,HF papilloma,1,1,WES,hairfollicle04-c2-t3,0.024
Muc4,Morphologically normal,8,14,WES,hairfollicle05-b5-t3; hairfollicle05-c6; hairfollicle05-c7-t2; hairfollicle05-e5-t3; skin04-c6-t2; skin05-a6; skin05-b1-t2; skin05-c7-t2,0.353
Muc4,HF papilloma,2,3,WES,hairfollicle03-f6-t2; hairfollicle04-c4-t3,0.248
Muc4,Skin papilloma,2,2,WES,skin04-c2-t2; skin05-b7,0.059
Muc5ac,Morphologically normal,1,2,WES,hairfollicle05-e5-t3,0.04
Muc5ac,HF papilloma,1,1,WES,hairfollicle04-c5-t3,0.026
Muc5ac,Skin papilloma,1,1,WES,skin04-c5-t2,0.054
Muc5b,Morphologically normal,3,3,WES,hairfollicle03-a3; skin04-c6-t2; skin05-e5-t2,0.32
Muc5b,HF papilloma,1,1,WES,hairfollicle04-c4-t3,0.075
Muc6,Morphologically normal,4,4,WES,hairfollicle03-a3; hairfollicle03-c5; hairfollicle05-c7-t2; hairfollicle05-e5-t3,0.785
Muc6,Skin papilloma,1,2,WES,skin04-c5-t2,0.041
Mug1,HF papilloma,1,1,WES,hairfollicle04-c5-t3,0.036
Mup12,Morphologically normal,1,1,WES,hairfollicle05-b5-t3,0.194
Mup21,HF papilloma,1,1,WES,hairfollicle04-c2-t3,0.032
Mup4,Morphologically normal,1,1,WES,hairfollicle05-b5-t3,0.096
Mx1,Morphologically normal,1,1,WES,hairfollicle05-e5-t3,0.029
Mx2,Morphologically normal,1,2,WES,skin04-c6-t2,0.055
Mxra7,Morphologically normal,1,1,WES,hairfollicle05-e5-t3,0.026
Myb,Morphologically normal,1,1,WES,hairfollicle04-c6-t3,0.041
Mybpc1,Morphologically normal,1,1,WES,hairfollicle05-e5-t3,0.022
Mybpc1,HF papilloma,1,1,WES,hairfollicle04-c5-t3,0.031
Mybpc2,Morphologically normal,1,1,WES,hairfollicle05-e5-t3,0.033
Mybpc3,Morphologically normal,1,1,WES,hairfollicle05-b1-t3,0.107
Mybph,Morphologically normal,2,2,WES,hairfollicle04-c6-t3; hairfollicle05-b1-t3,0.111
Mycbp,Morphologically normal,1,1,WES,hairfollicle05-b1-t3,0.143
Mycbp2,Morphologically normal,1,1,WES,hairfollicle05-e5-t3,0.022
Mycbp2,Skin papilloma,2,2,WES,skin04-c4-t2; skin04-c5-t2,0.091
Mycs,Morphologically normal,1,1,WES,skin04-c6-t2,0.04
Myef2,Morphologically normal,1,1,WES,skin04-c6-t2,0.047
Myh1,Morphologically normal,2,2,WES,hairfollicle05-b5-t3; hairfollicle05-e5-t3,0.072
Myh10,Morphologically normal,3,2,TES; WES,hairfollicle04-c6-t3; skin21-g1-w19; skin21-g3-w19,0.037
Myh11,Morphologically normal,3,4,WES,hairfollicle05-b5-t3; hairfollicle05-e5-t3; skin05-b5-t2,0.068
Myh13,HF papilloma,1,1,WES,hairfollicle04-c2-t3,0.034
Myh13,Skin papilloma,1,1,WES,skin04-c2-t2,0.03
Myh14,Morphologically normal,1,1,WES,hairfollicle05-b1-t3,0.567
Myh15,Morphologically normal,2,2,WES,hairfollicle05-b1-t3; hairfollicle05-e5-t3,0.189
Myh2,Morphologically normal,1,1,WES,hairfollicle05-c7-t2,0.11
Myh3,HF papilloma,1,1,WES,hairfollicle04-c2-t3,0.023
Myh3,Skin papilloma,1,1,WES,skin04-c5-t2,0.037
Myh4,Morphologically normal,2,2,WES,hairfollicle04-c6-t3; hairfollicle05-e5-t3,0.064
Myh4,Skin papilloma,1,1,WES,skin04-c5-t2,0.058
Myh6,Morphologically normal,1,1,WES,skin04-c6-t2,0.016
Myh6,HF papilloma,1,1,WES,hairfollicle04-c2-t3,0.037
Myh7,Morphologically normal,2,3,WES,hairfollicle04-c6-t3; hairfollicle05-b1-t3,0.157
Myh9,Morphologically normal,2,2,TES,hairfollicle21-d1-w14; hairfollicle21-d1-w8,0.935
Myh9,HF SCC,4,10,TES,hairfollicle21-b6-w14; hairfollicle21-c6-w14; hairfollicle21-c7-w14; hairfollicle21-e3-w17,0.993
Mylk,Morphologically normal,1,1,WES,hairfollicle04-c6-t3,0.051
Mymk,Morphologically normal,1,1,WES,skin04-c6-t2,0.039
Myo15,Morphologically normal,1,1,WES,hairfollicle05-c7-t2,0.103
Myo15,HF papilloma,1,2,WES,hairfollicle04-c4-t3,0.07
Myo15b,HF papilloma,1,1,WES,hairfollicle04-c2-t3,0.035
Myo16,HF papilloma,2,2,WES,hairfollicle04-c2-t3; hairfollicle04-c5-t3,0.066
Myo18a,Skin papilloma,1,1,WES,skin04-c5-t2,0.041
Myo18b,Morphologically normal,2,3,WES,hairfollicle04-c6-t3; hairfollicle05-c7-t2,0.158
Myo18b,Skin papilloma,1,1,WES,skin04-c5-t2,0.043
Myo1a,Morphologically normal,1,1,WES,hairfollicle05-b5-t3,0.069
Myo1a,HF papilloma,1,1,WES,hairfollicle04-c4-t3,0.061
Myo1e,Skin papilloma,1,1,WES,skin04-c4-t2,0.067
Myo1f,HF papilloma,2,2,WES,hairfollicle04-c2-t3; hairfollicle04-c4-t3,0.071
Myo1g,Morphologically normal,1,1,WES,hairfollicle05-c7-t2,0.125
Myo3a,Skin papilloma,1,1,WES,skin04-c5-t2,0.075
Myo3b,Morphologically normal,1,1,WES,hairfollicle05-e5-t3,0.03
Myo3b,HF papilloma,1,1,WES,hairfollicle04-c5-t3,0.069
Myo5b,Morphologically normal,2,2,WES,hairfollicle05-c7-t2; skin04-c6-t2,0.08
Myo5b,HF papilloma,1,1,WES,hairfollicle04-c4-t3,0.064
Myo5c,Morphologically normal,2,2,WES,hairfollicle05-e5-t3; skin05-c7-t2,0.049
Myo6,Morphologically normal,1,1,WES,hairfollicle05-e5-t3,0.04
Myo7a,Morphologically normal,2,2,WES,hairfollicle05-b5-t3; skin04-c6-t2,0.103
Myo7a,HF papilloma,1,1,WES,hairfollicle04-c5-t3,0.021
Myo7a,Skin papilloma,1,1,WES,skin04-c5-t2,0.025
Myo7b,Morphologically normal,1,1,WES,hairfollicle05-e5-t3,0.02
Myo9a,Morphologically normal,1,1,WES,hairfollicle04-c6-t3,0.05
Myoc,Skin papilloma,1,1,WES,skin04-c5-t2,0.065
Myocd,HF SCC,1,1,TES,hairfollicle21-c7-w8,0.3
Myod1,HF papilloma,1,1,WES,hairfollicle04-c4-t3,0.109
Myof,HF papilloma,1,1,WES,hairfollicle04-c5-t3,0.029
Myof,HF SCC,1,2,TES,hairfollicle21-c7-w14,0.487
Myom2,Morphologically normal,1,2,WES,hairfollicle05-e5-t3,0.04
Myom2,Skin papilloma,1,1,WES,skin04-c5-t2,0.047
Myom3,Skin papilloma,1,1,WES,skin04-c4-t2,0.051
Myorg,Skin papilloma,1,1,WES,skin04-c2-t2,0.045
Mypn,HF papilloma,1,1,WES,hairfollicle04-c2-t3,0.026
Mysm1,Skin papilloma,1,1,WES,skin04-c4-t2,0.065
Myt1,HF papilloma,1,1,WES,hairfollicle04-c2-t3,0.03
Myt1l,Morphologically normal,1,1,WES,hairfollicle05-e5-t3,0.046
N4bp2,Skin papilloma,1,1,WES,skin04-c5-t2,0.063
Naa25,Morphologically normal,1,1,WES,skin04-c6-t2,0.053
Naa60,HF papilloma,1,1,WES,hairfollicle04-c4-t3,0.05
Naaladl1,Skin papilloma,1,1,WES,skin04-c2-t2,0.037
Nabp2,Morphologically normal,1,1,WES,hairfollicle05-e5-t3,0.019
Nacad,HF papilloma,1,1,WES,hairfollicle04-c2-t3,0.037
Naf1,Skin papilloma,1,1,WES,skin04-c2-t2,0.083
Nagpa,HF papilloma,1,1,WES,hairfollicle04-c4-t3,0.042
Naip1,Morphologically normal,1,1,WES,skin05-c7-t2,0.063
Naip1,HF papilloma,1,1,WES,hairfollicle04-c5-t3,0.044
Naip2,Morphologically normal,1,2,WES,hairfollicle05-c7-t2,0.111
Naip6,Morphologically normal,1,1,WES,hairfollicle04-c6-t3,0.053
Nalcn,Morphologically normal,1,1,WES,hairfollicle05-e5-t3,0.051
Nap1l1,Morphologically normal,1,1,WES,skin05-b5-t2,0.045
Nap1l2,Skin papilloma,1,1,WES,skin04-c5-t2,0.042
Nap1l3,Skin papilloma,1,1,TES,skin21-f1-w19,0.033
Nap1l4,Skin papilloma,1,1,WES,skin04-c5-t2,0.077
Nat14,Morphologically normal,1,1,WES,hairfollicle05-c7-t2,0.066
Nav2,Skin papilloma,1,1,WES,skin04-c5-t2,0.1
Nav3,Morphologically normal,2,2,WES,hairfollicle04-c6-t3; hairfollicle05-c7-t2,0.053
Nav3,HF SCC,1,1,TES,hairfollicle21-c6-w14,0.053
Naxd,Morphologically normal,1,1,WES,hairfollicle05-e5-t3,0.02
Naxd,Skin papilloma,1,1,WES,skin04-c5-t2,0.042
Nbas,Morphologically normal,1,1,WES,skin05-e5-t2,0.081
Nbea,Morphologically normal,1,1,WES,hairfollicle05-e5-t3,0.048
Nbeal1,Morphologically normal,1,1,WES,hairfollicle05-c7-t2,0.125
Nbeal2,Morphologically normal,1,1,WES,hairfollicle05-c7-t2,0.1
Ncam2,Morphologically normal,1,1,WES,skin05-b5-t2,0.063
Ncam2,HF papilloma,1,1,WES,hairfollicle04-c2-t3,0.044
Ncan,Morphologically normal,1,1,WES,hairfollicle05-c7-t2,0.136
Ncapd2,Morphologically normal,1,1,WES,hairfollicle05-b1-t3,0.136
Ncapd3,Morphologically normal,1,1,WES,hairfollicle05-c7-t2,0.115
Ncaph2,Morphologically normal,1,1,WES,skin04-c6-t2,0.025
Ncbp1,Morphologically normal,1,1,WES,hairfollicle05-c7-t2,0.071
Ncdn,HF papilloma,1,1,WES,hairfollicle04-c5-t3,0.025
Nck1,Morphologically normal,1,1,WES,skin05-c7-t2,0.056
Nckap1,Morphologically normal,1,1,WES,skin04-c6-t2,0.058
Nckap1l,Morphologically normal,3,3,WES,hairfollicle04-c6-t3; hairfollicle05-b5-t3; hairfollicle05-c7-t2,0.136
Nckap1l,HF papilloma,1,1,WES,hairfollicle04-c4-t3,0.065
Nckap5l,Morphologically normal,1,1,WES,hairfollicle05-c7-t2,0.087
Nckap5l,Skin papilloma,1,1,WES,skin04-c5-t2,0.053
Ncln,Morphologically normal,1,2,WES,hairfollicle05-e5-t3,0.03
Ncoa1,HF papilloma,1,1,WES,hairfollicle04-c4-t3,0.045
Ncoa2,Morphologically normal,1,1,WES,hairfollicle05-c7-t2,0.091
Ncoa4,Morphologically normal,1,1,WES,hairfollicle05-c7-t2,0.126
Ncoa6,Morphologically normal,2,2,TES; WES,hairfollicle03-a3; hairfollicle21-b5-w8,0.357
Ncor2,Morphologically normal,2,2,WES,hairfollicle05-c7-t2; skin04-c6-t2,0.157
Ncstn,Morphologically normal,2,2,WES,hairfollicle05-b1-t3; hairfollicle05-e5-t3,0.111
Ndc1,Morphologically normal,1,1,WES,hairfollicle05-c7-t2,0.149
Ndc80,Skin papilloma,1,1,WES,skin04-c4-t2,0.048
Ndfip2,Skin papilloma,1,1,WES,skin04-c2-t2,0.07
Ndn,Skin papilloma,1,2,WES,skin04-c5-t2,0.075
Ndrg1,Morphologically normal,1,2,WES,hairfollicle05-e5-t3,0.036
Ndst1,Morphologically normal,1,1,WES,skin05-e5-t2,0.07
Ndufa10,Morphologically normal,1,1,WES,hairfollicle05-c7-t2,0.103
Ndufb9,Morphologically normal,1,1,WES,hairfollicle05-b1-t3,0.136
Ndufv3,Skin papilloma,1,1,WES,skin04-c5-t2,0.025
Neb,Morphologically normal,3,6,WES,hairfollicle04-c6-t3; hairfollicle05-b5-t3; hairfollicle05-e5-t3,0.08
Neb,HF papilloma,1,1,WES,hairfollicle04-c5-t3,0.027
Nebl,HF papilloma,2,2,WES,hairfollicle04-c2-t3; hairfollicle04-c5-t3,0.033
Nebl,Skin papilloma,1,1,WES,skin04-c5-t2,0.047
Nectin2,Morphologically normal,1,1,WES,hairfollicle05-c7-t2,0.093
Nedd4,Morphologically normal,1,1,WES,hairfollicle04-c6-t3,0.114
Nefh,HF papilloma,1,2,WES,hairfollicle04-c5-t3,0.019
Nefl,Morphologically normal,1,1,WES,hairfollicle05-c7-t2,0.063
Nek10,HF papilloma,1,1,WES,hairfollicle04-c2-t3,0.036
Nek3,Morphologically normal,1,1,WES,hairfollicle05-e5-t3,0.036
Nek4,Morphologically normal,1,1,WES,hairfollicle05-e5-t3,0.036
Nek7,Skin papilloma,1,1,WES,skin04-c5-t2,0.085
Nelfa,Morphologically normal,1,1,WES,hairfollicle05-c7-t2,0.094
Nell2,Morphologically normal,1,1,WES,hairfollicle05-e5-t3,0.03
Nemf,HF papilloma,1,1,WES,hairfollicle04-c4-t3,0.042
Nepn,Morphologically normal,1,1,WES,hairfollicle05-b1-t3,0.126
Nepn,HF papilloma,1,1,WES,hairfollicle04-c5-t3,0.032
Net1,Skin papilloma,1,1,WES,skin04-c5-t2,0.058
Neu2,Skin papilloma,1,1,WES,skin04-c5-t2,0.045
Neu4,HF papilloma,1,1,WES,hairfollicle04-c5-t3,0.048
Neurl2,Morphologically normal,1,1,WES,skin05-e5-t2,0.07
Neurl4,Morphologically normal,2,2,WES,hairfollicle05-e5-t3; skin05-b1-t2,0.041
Neurl4,HF papilloma,1,1,WES,hairfollicle04-c5-t3,0.03
Neurl4,Skin papilloma,1,2,WES,skin04-c5-t2,0.056
Neurod6,Morphologically normal,1,1,WES,hairfollicle04-c6-t3,0.145
Nf1,Morphologically normal,4,4,TES; WES,hairfollicle05-e5-t3; hairfollicle21-d1-w8; hairfollicle21-f6-w17; hairfollicle21-f6-w8,0.495
Nf1,HF papilloma,2,1,TES,hairfollicle21-d1-w17; hairfollicle21-e1-w17,0.421
Nf2,HF papilloma,1,1,TES,hairfollicle21-f1-w14,0.026
Nfasc,Morphologically normal,1,1,WES,skin04-c6-t2,0.027
Nfasc,HF papilloma,1,1,WES,hairfollicle04-c5-t3,0.056
Nfatc2,HF papilloma,1,1,WES,hairfollicle04-c2-t3,0.04
Nfatc2ip,Skin papilloma,1,1,WES,skin04-c5-t2,0.067
Nfatc4,Morphologically normal,1,1,WES,hairfollicle05-c7-t2,0.1
Nfatc4,HF papilloma,1,1,WES,hairfollicle04-c5-t3,0.055
Nfe2,Morphologically normal,1,1,WES,skin04-c6-t2,0.067
Nfe2l2,HF papilloma,1,1,TES,hairfollicle21-d2-w8,0.248
Nfe2l3,Morphologically normal,1,1,WES,skin04-c6-t2,0.058
Nfib,Morphologically normal,1,2,WES,hairfollicle05-b1-t3,0.213
Nfkb1,Morphologically normal,2,1,TES,hairfollicle21-f5-w17; hairfollicle21-g2-w19,0.133
Nfkb1,HF papilloma,1,1,WES,hairfollicle04-c2-t3,0.023
Nfkbia,Morphologically normal,1,1,WES,hairfollicle04-c6-t3,0.065
Nfkbib,Morphologically normal,1,1,WES,hairfollicle05-b5-t3,0.23
Nfkbid,Skin papilloma,1,1,WES,skin04-c4-t2,0.091
Nfxl1,Morphologically normal,1,1,WES,skin04-c6-t2,0.054
Nfya,Morphologically normal,1,1,WES,skin05-c7-t2,0.068
Ngef,Morphologically normal,1,1,WES,hairfollicle05-c7-t2,0.12
Ngf,Morphologically normal,1,1,WES,hairfollicle05-c7-t2,0.12
Ngp,Morphologically normal,1,1,WES,hairfollicle05-c7-t2,0.094
Ngrn,Morphologically normal,1,1,WES,hairfollicle05-b1-t3,0.136
Nhej1,Morphologically normal,1,1,WES,hairfollicle05-e5-t3,0.031
Nhs,Morphologically normal,2,3,WES,hairfollicle05-c7-t2; hairfollicle05-e5-t3,0.125
Nhs,Skin papilloma,1,2,WES,skin04-c5-t2,0.056
Nid1,Morphologically normal,1,1,WES,hairfollicle04-c6-t3,0.048
Nid2,Morphologically normal,1,2,WES,hairfollicle05-e5-t3,0.026
Nid2,Skin papilloma,1,1,WES,skin04-c2-t2,0.042
Nif3l1,HF papilloma,1,1,WES,hairfollicle04-c4-t3,0.058
Nin,Morphologically normal,1,1,WES,skin04-c6-t2,0.055
Ninl,Morphologically normal,1,1,WES,hairfollicle04-c6-t3,0.045
Ninl,Skin papilloma,1,1,WES,skin04-c5-t2,0.034
Nipbl,Morphologically normal,1,1,WES,hairfollicle05-b5-t3,0.064
Nisch,Morphologically normal,1,1,WES,hairfollicle05-c7-t2,0.123
Nkpd1,Morphologically normal,1,1,WES,skin04-c6-t2,0.068
Nkx2-3,Morphologically normal,1,1,WES,hairfollicle05-b1-t3,0.231
Nkx6-1,Morphologically normal,1,2,WES,hairfollicle05-c7-t2,0.188
Nle1,Morphologically normal,2,2,WES,hairfollicle05-c7-t2; skin04-c6-t2,0.119
Nlgn1,Morphologically normal,1,1,WES,hairfollicle04-c6-t3,0.047
Nlgn3,Morphologically normal,1,1,WES,hairfollicle04-c6-t3,0.036
Nlrc5,Morphologically normal,1,1,WES,hairfollicle04-c6-t3,0.049
Nlrc5,HF papilloma,1,1,WES,hairfollicle04-c4-t3,0.057
Nlrp12,Morphologically normal,1,1,TES,hairfollicle21-e5-w17,0.158
Nlrp12,HF SCC,1,1,TES,hairfollicle21-c7-w8,0.971
Nlrp14,Morphologically normal,1,1,WES,hairfollicle05-e5-t3,0.041
Nlrp14,HF papilloma,1,1,WES,hairfollicle04-c5-t3,0.045
Nlrp1a,Morphologically normal,2,2,WES,hairfollicle05-c7-t2; hairfollicle05-e5-t3,0.1
Nlrp1b,HF papilloma,1,1,WES,hairfollicle04-c4-t3,0.051
Nlrp2,Morphologically normal,1,1,WES,hairfollicle04-c6-t3,0.096
Nlrp4b,Morphologically normal,3,3,WES,hairfollicle05-c7-t2; hairfollicle05-e5-t3; skin04-c6-t2,0.12
Nlrp4b,Skin papilloma,1,1,WES,skin04-c5-t2,0.097
Nlrp4e,HF papilloma,1,1,WES,hairfollicle04-c4-t3,0.055
Nlrp5,Morphologically normal,1,1,WES,hairfollicle05-e5-t3,0.027
Nlrp6,Morphologically normal,2,2,WES,skin05-b5-t2; skin05-c7-t2,0.063
Nlrp6,Skin papilloma,1,1,WES,skin04-c4-t2,0.063
Nlrp9c,HF papilloma,1,1,WES,hairfollicle04-c4-t3,0.064
Nme6,HF papilloma,1,1,WES,hairfollicle04-c5-t3,0.037
Nme9,Skin papilloma,1,1,WES,skin04-c5-t2,0.078
Nmnat2,Morphologically normal,2,2,WES,hairfollicle04-c6-t3; hairfollicle05-c7-t2,0.103
Nmt1,Morphologically normal,1,1,WES,hairfollicle05-c7-t2,0.136
Nmt2,Skin papilloma,1,1,WES,skin04-c5-t2,0.097
Nmur2,Morphologically normal,1,1,WES,skin04-c6-t2,0.029
Nnmt,Morphologically normal,1,1,WES,hairfollicle05-e5-t3,0.031
Nnt,Morphologically normal,2,2,WES,hairfollicle05-b5-t3; hairfollicle05-c7-t2,0.12
Nobox,Morphologically normal,1,1,WES,hairfollicle05-e5-t3,0.023
Noc3l,Morphologically normal,1,1,WES,skin04-c6-t2,0.067
Noc4l,Morphologically normal,1,1,WES,hairfollicle05-e5-t3,0.038
Nod1,HF papilloma,1,1,WES,hairfollicle04-c2-t3,0.03
Nol12,Skin papilloma,1,2,WES,skin04-c4-t2,0.046
Nol4,Skin papilloma,1,1,WES,skin04-c2-t2,0.036
Nol4l,Morphologically normal,1,1,WES,hairfollicle05-e5-t3,0.043
Nol6,HF papilloma,1,1,WES,hairfollicle04-c2-t3,0.04
Nol7,Morphologically normal,1,1,WES,hairfollicle05-b1-t3,0.235
Nomo1,Morphologically normal,1,1,WES,hairfollicle05-e5-t3,0.044
Nop53,Skin papilloma,1,1,WES,skin04-c5-t2,0.025
Nop56,Morphologically normal,1,1,WES,hairfollicle05-c7-t2,0.111
Nos1,Morphologically normal,1,1,WES,hairfollicle05-b5-t3,0.085
Nos2,Morphologically normal,1,1,WES,hairfollicle05-e5-t3,0.03
Notch1,Morphologically normal,5,6,TES; WES,hairfollicle05-e5-t3; hairfollicle21-c3-w17; hairfollicle21-e5-w17; hairfollicle21-f2-w14; hairfollicle21-g1-w17,0.706
Notch2,Morphologically normal,4,4,WES,hairfollicle05-b5-t3; hairfollicle05-e5-t3; skin04-c6-t2; skin05-b5-t2,0.098
Notch2,HF papilloma,1,1,WES,hairfollicle04-c2-t3,0.023
Notch2,HF SCC,2,2,TES,hairfollicle21-b7-w8; hairfollicle21-c6-w14,0.445
Notch3,Morphologically normal,4,4,TES; WES,hairfollicle05-b5-t3; hairfollicle05-e5-t3; hairfollicle21-c5-w14; skin04-c6-t2,0.224
Notch3,HF papilloma,1,1,WES,hairfollicle04-c2-t3,0.034
Notch3,HF SCC,1,1,TES,hairfollicle21-b6-w14,0.475
Notch4,Morphologically normal,3,3,TES; WES,hairfollicle21-d1-w8; hairfollicle21-d4-w17; skin04-c6-t2,0.279
Notch4,HF papilloma,2,2,TES,hairfollicle21-d2-w8; hairfollicle21-e1-w14,0.385
Notch4,HF SCC,2,2,TES,hairfollicle21-b7-w8; hairfollicle21-c6-w14,0.375
Notch4,Skin papilloma,1,1,WES,skin04-c5-t2,0.084
Noto,HF papilloma,1,1,WES,hairfollicle04-c2-t3,0.034
Notum,Morphologically normal,1,1,WES,hairfollicle05-b5-t3,0.068
Nova1,Morphologically normal,1,1,WES,skin05-e5-t2,0.083
Nox3,Morphologically normal,1,1,WES,hairfollicle05-b5-t3,0.058
Noxa1,HF papilloma,1,1,WES,hairfollicle04-c5-t3,0.027
Npas3,Morphologically normal,2,2,WES,hairfollicle05-e5-t3; skin04-c6-t2,0.059
Npc1l1,HF papilloma,1,1,WES,hairfollicle04-c5-t3,0.039
Npcd,Morphologically normal,1,1,WES,hairfollicle05-b1-t3,0.111
Npffr1,Morphologically normal,1,1,WES,skin05-b5-t2,0.036
Nphp1,HF papilloma,1,1,WES,hairfollicle04-c4-t3,0.074
Nphp4,Morphologically normal,2,2,WES,hairfollicle05-b5-t3; hairfollicle05-e5-t3,0.074
Nphs1,HF papilloma,2,2,WES,hairfollicle04-c4-t3; hairfollicle04-c5-t3,0.079
Npnt,Morphologically normal,1,1,WES,skin05-b1-t2,0.016
Npr1,Morphologically normal,1,1,WES,hairfollicle05-c7-t2,0.123
Npr1,HF papilloma,1,1,WES,hairfollicle04-c5-t3,0.041
Npr2,Skin papilloma,1,1,WES,skin04-c5-t2,0.052
Npr3,HF papilloma,1,1,WES,hairfollicle04-c5-t3,0.052
Npsr1,Morphologically normal,2,3,WES,hairfollicle05-b5-t3; hairfollicle05-e5-t3,0.065
Nptn,Morphologically normal,2,2,WES,hairfollicle05-e5-t3; skin04-c6-t2,0.081
Nptx1,Skin papilloma,1,1,WES,skin04-c5-t2,0.053
Npy5r,HF papilloma,1,1,WES,hairfollicle04-c2-t3,0.033
Npy5r,Skin papilloma,1,1,WES,skin04-c2-t2,0.027
Nr0b1,Morphologically normal,1,1,WES,hairfollicle05-b5-t3,0.131
Nr0b2,Morphologically normal,1,1,WES,hairfollicle04-c6-t3,0.061
Nr0b2,HF papilloma,1,1,WES,hairfollicle04-c5-t3,0.092
Nr1h2,Morphologically normal,1,1,WES,hairfollicle05-e5-t3,0.076
Nr2c1,Morphologically normal,1,1,WES,hairfollicle05-c7-t2,0.2
Nr2e1,Morphologically normal,2,2,WES,hairfollicle05-b5-t3; hairfollicle05-e5-t3,0.085
Nr2f6,Skin papilloma,1,1,WES,skin04-c2-t2,0.081
Nr3c1,HF papilloma,1,1,TES,hairfollicle21-d6-w17,0.055
Nr3c1,Skin SCC,1,1,TES,skin21-pp-de-w19,0.026
Nr3c2,Morphologically normal,1,1,WES,skin04-c6-t2,0.042
Nr4a1,Morphologically normal,2,3,WES,hairfollicle05-c7-t2; skin05-c7-t2,0.09
Nr6a1,Morphologically normal,1,2,WES,hairfollicle04-c6-t3,0.023
Nrap,Morphologically normal,1,1,WES,hairfollicle05-c7-t2,0.125
Nrcam,Morphologically normal,1,1,WES,hairfollicle05-c7-t2,0.12
Nrde2,Morphologically normal,1,1,WES,hairfollicle04-c6-t3,0.18
Nrg2,Morphologically normal,1,1,WES,hairfollicle05-c7-t2,0.058
Nrg2,HF SCC,1,1,TES,hairfollicle21-g6-w19,0.154
Nrg3,Skin papilloma,1,1,WES,skin04-c2-t2,0.048
Nrk,Morphologically normal,1,1,WES,hairfollicle05-c7-t2,0.13
Nrm,Morphologically normal,1,1,WES,hairfollicle05-c7-t2,0.096
Nrp1,Morphologically normal,1,1,WES,skin04-c6-t2,0.077
Nrp1,HF papilloma,1,1,WES,hairfollicle04-c5-t3,0.054
Nrxn1,Morphologically normal,1,1,WES,skin05-b1-t2,0.056
Nrxn1,HF papilloma,1,1,WES,hairfollicle04-c4-t3,0.056
Nrxn2,Morphologically normal,1,1,WES,hairfollicle05-e5-t3,0.022
Nrxn3,Morphologically normal,1,1,WES,hairfollicle05-b5-t3,0.049
Nsa2,Morphologically normal,1,1,WES,hairfollicle05-c7-t2,0.107
Nsd1,Morphologically normal,2,2,WES,hairfollicle04-c6-t3; hairfollicle05-b5-t3,0.065
Nsd3,Morphologically normal,1,1,WES,hairfollicle05-e5-t3,0.023
Nsmce3,Morphologically normal,1,1,WES,skin05-c7-t2,0.051
Nsun3,Skin papilloma,1,1,WES,skin04-c5-t2,0.039
Nt5c1b,Morphologically normal,1,1,WES,hairfollicle05-e5-t3,0.044
Nt5c3b,Morphologically normal,1,1,WES,hairfollicle05-e5-t3,0.034
Nt5dc3,Morphologically normal,1,1,WES,skin05-e5-t2,0.046
Ntm,Morphologically normal,1,1,WES,hairfollicle04-c6-t3,0.043
Ntn4,Morphologically normal,1,1,WES,hairfollicle05-c7-t2,0.091
Ntn5,HF papilloma,1,1,WES,hairfollicle04-c2-t3,0.041
Ntng1,Morphologically normal,1,1,WES,hairfollicle05-e5-t3,0.026
Ntng2,Morphologically normal,2,2,WES,hairfollicle05-c7-t2; hairfollicle05-e5-t3,0.103
Ntrk2,Morphologically normal,2,2,WES,hairfollicle05-c7-t2; skin05-b1-t2,0.063
Ntrk3,Morphologically normal,1,1,WES,skin05-e5-t2,0.077
Ntsr2,Morphologically normal,1,1,WES,hairfollicle05-b1-t3,0.178
Nubp1,Morphologically normal,1,2,WES,hairfollicle05-c7-t2,0.099
Nubp2,Morphologically normal,1,1,WES,hairfollicle05-e5-t3,0.031
Nubp2,Skin papilloma,1,1,WES,skin04-c5-t2,0.045
Nucb1,Morphologically normal,1,1,WES,hairfollicle05-b5-t3,0.075
Nudt12,Morphologically normal,1,1,WES,hairfollicle05-e5-t3,0.025
Nudt21,Morphologically normal,1,1,WES,hairfollicle05-c7-t2,0.107
Nudt4,Skin papilloma,1,1,WES,skin04-c4-t2,0.065
Nup153,Morphologically normal,1,1,WES,skin04-c6-t2,0.07
Nup188,Morphologically normal,1,1,WES,hairfollicle05-e5-t3,0.025
Nup205,Morphologically normal,1,1,WES,skin05-b5-t2,0.057
Nup210,Morphologically normal,1,1,WES,skin05-e5-t2,0.072
Nup210,HF papilloma,1,1,WES,hairfollicle04-c5-t3,0.07
Nup210l,Morphologically normal,1,1,WES,hairfollicle05-b1-t3,0.119
Nup214,Morphologically normal,5,4,TES; WES,hairfollicle05-e5-t3; hairfollicle21-c1-w17; hairfollicle21-c5-w14; hairfollicle21-d4-w17; skin04-c6-t2,0.227
Nup214,HF papilloma,1,1,TES,hairfollicle21-f1-w14,0.05
Nup214,HF SCC,1,1,TES,hairfollicle21-f3-w17,0.417
Nup50,Morphologically normal,1,1,WES,skin04-c6-t2,0.058
Nup54,Morphologically normal,1,1,WES,hairfollicle05-c7-t2,0.111
Nup85,Morphologically normal,1,1,WES,skin05-e5-t2,0.053
Nup98,Morphologically normal,1,1,WES,hairfollicle05-c7-t2,0.088
Nutm1,HF papilloma,1,1,WES,hairfollicle04-c2-t3,0.035
Nwd1,Morphologically normal,1,1,WES,skin05-e5-t2,0.068
Nwd1,Skin papilloma,1,1,WES,skin04-c5-t2,0.024
Nwd2,Morphologically normal,1,1,WES,hairfollicle05-e5-t3,0.046
Nxf2,HF papilloma,1,1,WES,hairfollicle04-c5-t3,0.048
Nxn,Morphologically normal,1,1,WES,hairfollicle05-e5-t3,0.047
Nxnl2,Skin papilloma,1,1,WES,skin04-c5-t2,0.04
Nxpe2,Morphologically normal,1,1,WES,hairfollicle05-c7-t2,0.135
Nxph3,Morphologically normal,1,1,WES,skin05-e5-t2,0.067
Nyap1,Morphologically normal,2,2,WES,hairfollicle04-c6-t3; skin05-b1-t2,0.077
Nynrin,Morphologically normal,1,1,WES,skin05-c7-t2,0.032
Oas1c,Morphologically normal,1,1,WES,skin04-c6-t2,0.056
Oas1d,Morphologically normal,1,1,WES,hairfollicle05-e5-t3,0.035
Oas2,Skin papilloma,1,1,WES,skin04-c4-t2,0.061
Oas3,Skin papilloma,1,1,WES,skin04-c2-t2,0.043
Obox6,Morphologically normal,1,1,WES,hairfollicle05-e5-t3,0.05
Obscn,Morphologically normal,5,9,WES,hairfollicle03-a3; hairfollicle04-c6-t3; hairfollicle05-b1-t3; hairfollicle05-e5-t3; skin04-c6-t2,0.191
Obscn,Skin papilloma,1,2,WES,skin04-c5-t2,0.097
Obsl1,Morphologically normal,1,1,WES,hairfollicle05-c7-t2,0.12
Obsl1,HF papilloma,1,1,WES,hairfollicle04-c2-t3,0.035
Ocstamp,Skin papilloma,1,1,WES,skin04-c5-t2,0.05
Odam,Morphologically normal,1,1,WES,hairfollicle05-e5-t3,0.047
Odf2,Morphologically normal,2,2,WES,hairfollicle05-c7-t2; hairfollicle05-e5-t3,0.091
Odf3l2,Morphologically normal,1,1,WES,hairfollicle05-e5-t3,0.028
Ofcc1,Morphologically normal,1,1,WES,hairfollicle04-c6-t3,0.045
Ofcc1,Skin papilloma,1,1,WES,skin04-c5-t2,0.035
Ogdhl,Morphologically normal,1,1,WES,hairfollicle05-c7-t2,0.091
Ogfod1,Morphologically normal,1,1,WES,hairfollicle05-b5-t3,0.089
Ogfod3,HF papilloma,1,1,WES,hairfollicle04-c4-t3,0.07
Oit3,Morphologically normal,1,2,WES,hairfollicle05-e5-t3,0.029
Olfr1008,Morphologically normal,1,1,WES,hairfollicle05-c7-t2,0.129
Olfr1009,Morphologically normal,1,2,WES,hairfollicle05-c7-t2,0.103
Olfr1018,Morphologically normal,1,1,WES,hairfollicle04-c6-t3,0.053
Olfr1023,Skin papilloma,1,1,WES,skin04-c5-t2,0.05
Olfr1031,Morphologically normal,1,1,WES,hairfollicle04-c6-t3,0.063
Olfr1031,HF papilloma,1,1,WES,hairfollicle04-c5-t3,0.024
Olfr1034,Morphologically normal,1,1,WES,hairfollicle05-b5-t3,0.213
Olfr1044,Morphologically normal,1,1,WES,hairfollicle05-b5-t3,0.072
Olfr1044,HF papilloma,1,1,WES,hairfollicle04-c5-t3,0.044
Olfr105-ps,HF papilloma,1,1,WES,hairfollicle04-c5-t3,0.027
Olfr1087,Skin papilloma,1,1,WES,skin04-c5-t2,0.089
Olfr1090,Morphologically normal,1,1,WES,hairfollicle05-b5-t3,0.058
Olfr1090,HF papilloma,1,1,WES,hairfollicle04-c2-t3,0.027
Olfr1097,Morphologically normal,1,1,WES,hairfollicle04-c6-t3,0.067
Olfr11,HF papilloma,1,1,WES,hairfollicle04-c5-t3,0.029
Olfr110,Morphologically normal,1,1,WES,hairfollicle05-e5-t3,0.026
Olfr1107,Skin papilloma,1,1,WES,skin04-c5-t2,0.091
Olfr1112,Morphologically normal,1,1,WES,hairfollicle05-e5-t3,0.022
Olfr112,Morphologically normal,1,1,WES,hairfollicle04-c6-t3,0.035
Olfr1126,Skin papilloma,1,1,WES,skin04-c5-t2,0.041
Olfr1137,Morphologically normal,1,1,WES,hairfollicle04-c6-t3,0.044
Olfr1145,Morphologically normal,1,1,WES,hairfollicle05-c7-t2,0.107
Olfr1148,HF papilloma,1,1,WES,hairfollicle04-c5-t3,0.031
Olfr115,Morphologically normal,1,1,WES,hairfollicle05-b5-t3,0.087
Olfr1153,HF papilloma,1,1,WES,hairfollicle04-c5-t3,0.041
Olfr1157,HF papilloma,1,1,WES,hairfollicle04-c5-t3,0.039
Olfr1166,Morphologically normal,1,1,WES,hairfollicle05-e5-t3,0.045
Olfr1167,Morphologically normal,1,1,WES,skin05-c7-t2,0.058
Olfr1176,Morphologically normal,1,1,WES,hairfollicle04-c6-t3,0.051
Olfr1178,Skin papilloma,1,1,WES,skin04-c5-t2,0.028
Olfr1196,HF papilloma,1,1,WES,hairfollicle04-c4-t3,0.034
Olfr1197,HF papilloma,1,1,WES,hairfollicle04-c4-t3,0.031
Olfr1197,Skin papilloma,1,1,WES,skin04-c4-t2,0.045
Olfr1198,HF papilloma,1,1,WES,hairfollicle04-c5-t3,0.03
Olfr121,Morphologically normal,1,1,WES,hairfollicle05-b1-t3,0.224
Olfr1214,Skin papilloma,1,1,WES,skin04-c5-t2,0.053
Olfr1216,Morphologically normal,1,1,WES,hairfollicle04-c6-t3,0.077
Olfr1222,Morphologically normal,1,1,WES,hairfollicle05-b5-t3,0.077
Olfr1224-ps1,Morphologically normal,1,1,WES,hairfollicle04-c6-t3,0.133
Olfr1228,Morphologically normal,1,2,WES,skin05-b5-t2,0.088
Olfr1228,Skin papilloma,1,1,WES,skin04-c5-t2,0.033
Olfr1231,Morphologically normal,1,1,WES,skin05-e5-t2,0.067
Olfr124,Morphologically normal,1,1,WES,hairfollicle05-b1-t3,0.187
Olfr1243,Morphologically normal,1,1,WES,hairfollicle05-e5-t3,0.054
Olfr1253,Skin papilloma,1,1,WES,skin04-c4-t2,0.05
Olfr1254,Morphologically normal,1,1,WES,hairfollicle05-b1-t3,0.1
Olfr126,HF papilloma,1,1,WES,hairfollicle04-c2-t3,0.022
Olfr1263,Morphologically normal,1,1,WES,hairfollicle05-e5-t3,0.028
Olfr1263,HF papilloma,1,2,WES,hairfollicle04-c2-t3,0.029
Olfr1267-ps1,HF papilloma,1,1,WES,hairfollicle04-c2-t3,0.03
Olfr1269,Morphologically normal,1,1,WES,hairfollicle05-c7-t2,0.089
Olfr1271,HF papilloma,1,1,WES,hairfollicle04-c4-t3,0.04
Olfr1273-ps,Morphologically normal,1,1,WES,hairfollicle05-b5-t3,0.143
Olfr1274,Morphologically normal,1,1,WES,hairfollicle05-b1-t3,0.114
Olfr1279,Morphologically normal,1,1,WES,hairfollicle04-c6-t3,0.03
Olfr128,HF papilloma,1,1,WES,hairfollicle04-c2-t3,0.015
Olfr1294,HF papilloma,1,1,WES,hairfollicle04-c5-t3,0.032
Olfr1305,Morphologically normal,1,1,WES,skin04-c6-t2,0.043
Olfr1308,HF papilloma,1,1,WES,hairfollicle04-c4-t3,0.05
Olfr1309,Skin papilloma,1,1,WES,skin04-c2-t2,0.083
Olfr1316,HF papilloma,1,1,WES,hairfollicle04-c2-t3,0.038
Olfr1317,HF papilloma,1,1,WES,hairfollicle04-c2-t3,0.024
Olfr1323,Morphologically normal,1,1,WES,hairfollicle05-e5-t3,0.039
Olfr133,HF papilloma,1,1,WES,hairfollicle04-c2-t3,0.031
Olfr1330,Morphologically normal,1,1,WES,hairfollicle05-c7-t2,0.06
Olfr1333,Morphologically normal,1,1,WES,hairfollicle05-c7-t2,0.107
Olfr1333,HF papilloma,1,1,WES,hairfollicle04-c5-t3,0.03
Olfr1339,HF papilloma,1,1,WES,hairfollicle04-c5-t3,0.043
Olfr1340,Skin papilloma,1,1,WES,skin04-c5-t2,0.034
Olfr135,Morphologically normal,2,2,WES,hairfollicle04-c6-t3; hairfollicle05-e5-t3,0.03
Olfr1364,Skin papilloma,1,1,WES,skin04-c5-t2,0.075
Olfr1369-ps1,HF papilloma,1,1,WES,hairfollicle04-c2-t3,0.037
Olfr1369-ps1,Skin papilloma,1,1,WES,skin04-c2-t2,0.036
Olfr138,HF papilloma,1,1,WES,hairfollicle04-c2-t3,0.028
Olfr1380,Morphologically normal,1,1,WES,hairfollicle05-e5-t3,0.012
Olfr1380,HF papilloma,1,1,WES,hairfollicle04-c5-t3,0.026
Olfr1384,Morphologically normal,1,1,WES,hairfollicle04-c6-t3,0.081
Olfr1385,Morphologically normal,1,1,WES,hairfollicle05-b1-t3,0.176
Olfr1386,Morphologically normal,1,1,WES,skin04-c6-t2,0.043
Olfr1388,Skin papilloma,1,1,WES,skin04-c5-t2,0.021
Olfr1390,Morphologically normal,1,1,WES,hairfollicle05-c7-t2,0.083
Olfr1396,Skin papilloma,1,1,WES,skin04-c4-t2,0.097
Olfr1408,Morphologically normal,1,1,WES,hairfollicle05-e5-t3,0.05
Olfr1411,Morphologically normal,1,1,WES,hairfollicle05-b5-t3,0.098
Olfr1419,HF papilloma,1,1,WES,hairfollicle04-c5-t3,0.041
Olfr1441,Morphologically normal,1,1,WES,hairfollicle05-e5-t3,0.026
Olfr1442,Morphologically normal,1,1,WES,hairfollicle05-e5-t3,0.045
Olfr1444,Morphologically normal,1,1,WES,skin05-e5-t2,0.065
Olfr145,Morphologically normal,1,1,WES,hairfollicle05-b5-t3,0.081
Olfr1469,Skin papilloma,1,1,WES,skin04-c5-t2,0.055
Olfr147,HF papilloma,1,1,WES,hairfollicle04-c2-t3,0.031
Olfr149,Morphologically normal,1,1,WES,skin04-c6-t2,0.077
Olfr1504,Morphologically normal,1,1,WES,hairfollicle03-a3,0.8
Olfr1513,Skin papilloma,1,1,WES,skin04-c5-t2,0.039
Olfr168,Skin papilloma,1,1,WES,skin04-c5-t2,0.058
Olfr169,HF papilloma,1,1,WES,hairfollicle04-c5-t3,0.019
Olfr170,Morphologically normal,1,1,WES,skin05-c7-t2,0.068
Olfr175,Skin papilloma,1,1,WES,skin04-c4-t2,0.022
Olfr178,Morphologically normal,1,1,WES,hairfollicle05-e5-t3,0.041
Olfr20,HF papilloma,1,1,WES,hairfollicle04-c5-t3,0.07
Olfr205,Morphologically normal,1,1,WES,hairfollicle05-e5-t3,0.029
Olfr211,Morphologically normal,1,1,WES,hairfollicle05-b1-t3,0.096
Olfr212,HF papilloma,1,1,WES,hairfollicle04-c2-t3,0.024
Olfr220,Morphologically normal,1,1,WES,hairfollicle05-b1-t3,0.143
Olfr224,HF papilloma,1,1,WES,hairfollicle04-c2-t3,0.022
Olfr235,Morphologically normal,1,1,WES,hairfollicle04-c6-t3,0.064
Olfr237,HF papilloma,1,1,WES,hairfollicle04-c2-t3,0.02
Olfr24,Morphologically normal,1,1,WES,hairfollicle05-e5-t3,0.035
Olfr263,Morphologically normal,1,1,WES,hairfollicle04-c6-t3,0.114
Olfr275,Morphologically normal,1,1,WES,skin05-e5-t2,0.035
Olfr281,Morphologically normal,1,1,WES,hairfollicle04-c6-t3,0.059
Olfr286,Morphologically normal,1,1,WES,hairfollicle04-c6-t3,0.048
Olfr292,Morphologically normal,2,1,WES,hairfollicle05-c7-t2; skin05-c7-t2,0.09
Olfr292,Skin papilloma,1,1,WES,skin04-c5-t2,0.016
Olfr294,HF papilloma,1,1,WES,hairfollicle04-c2-t3,0.04
Olfr307,HF papilloma,1,1,WES,hairfollicle04-c4-t3,0.048
Olfr312,Morphologically normal,1,1,WES,hairfollicle05-c7-t2,0.115
Olfr313,Morphologically normal,2,2,WES,hairfollicle04-c6-t3; hairfollicle05-e5-t3,0.032
Olfr314,Morphologically normal,2,2,WES,hairfollicle05-b5-t3; hairfollicle05-e5-t3,0.184
Olfr324,HF papilloma,1,1,WES,hairfollicle04-c5-t3,0.052
Olfr342,Skin papilloma,1,1,WES,skin04-c5-t2,0.042
Olfr351,HF papilloma,2,2,WES,hairfollicle04-c2-t3; hairfollicle04-c5-t3,0.081
Olfr356,Morphologically normal,1,1,WES,skin04-c6-t2,0.052
Olfr365,Skin papilloma,1,1,WES,skin04-c5-t2,0.088
Olfr370,Morphologically normal,1,1,WES,hairfollicle05-e5-t3,0.03
Olfr372,Skin papilloma,1,1,WES,skin04-c5-t2,0.021
Olfr374,Skin papilloma,1,1,WES,skin04-c5-t2,0.03
Olfr376,Morphologically normal,1,2,WES,hairfollicle04-c6-t3,0.07
Olfr380,Morphologically normal,1,1,WES,hairfollicle05-e5-t3,0.036
Olfr381,Morphologically normal,1,1,WES,hairfollicle05-b5-t3,0.12
Olfr382,HF papilloma,1,1,WES,hairfollicle04-c4-t3,0.055
Olfr385,Morphologically normal,1,1,WES,hairfollicle04-c6-t3,0.059
Olfr387-ps1,Morphologically normal,1,1,WES,hairfollicle04-c6-t3,0.11
Olfr387-ps1,HF papilloma,1,1,WES,hairfollicle04-c5-t3,0.029
Olfr389,Morphologically normal,1,1,WES,hairfollicle05-b5-t3,0.068
Olfr391,Skin papilloma,1,1,WES,skin04-c5-t2,0.052
Olfr401,Morphologically normal,1,1,WES,hairfollicle05-e5-t3,0.02
Olfr404-ps1,Morphologically normal,1,1,WES,hairfollicle05-e5-t3,0.026
Olfr409-ps1,HF papilloma,1,1,WES,hairfollicle04-c4-t3,0.054
Olfr457,HF papilloma,1,1,WES,hairfollicle04-c5-t3,0.041
Olfr46,Morphologically normal,1,1,WES,hairfollicle05-e5-t3,0.026
Olfr46,HF papilloma,1,1,WES,hairfollicle04-c2-t3,0.033
Olfr464,HF papilloma,1,1,WES,hairfollicle04-c5-t3,0.029
Olfr466,Morphologically normal,3,3,WES,hairfollicle05-b1-t3; hairfollicle05-c7-t2; hairfollicle05-e5-t3,0.286
Olfr469,HF papilloma,1,1,WES,hairfollicle04-c5-t3,0.049
Olfr470,Morphologically normal,1,1,WES,hairfollicle05-e5-t3,0.028
Olfr476,HF papilloma,1,1,WES,hairfollicle04-c2-t3,0.017
Olfr479,HF papilloma,1,1,WES,hairfollicle04-c5-t3,0.027
Olfr479,Skin papilloma,1,1,WES,skin04-c2-t2,0.043
Olfr482,Morphologically normal,1,1,WES,hairfollicle04-c6-t3,0.092
Olfr485,Skin papilloma,1,1,WES,skin04-c5-t2,0.032
Olfr493,HF papilloma,1,2,WES,hairfollicle04-c2-t3,0.017
Olfr506,Morphologically normal,1,1,WES,hairfollicle05-c7-t2,0.143
Olfr51,HF papilloma,1,1,WES,hairfollicle04-c4-t3,0.046
Olfr512,Morphologically normal,1,1,WES,skin05-c7-t2,0.07
Olfr512,HF papilloma,1,1,WES,hairfollicle04-c5-t3,0.082
Olfr513,Morphologically normal,1,1,WES,hairfollicle05-e5-t3,0.044
Olfr518,Morphologically normal,1,1,WES,skin05-e5-t2,0.027
Olfr524,Skin papilloma,1,1,WES,skin04-c5-t2,0.068
Olfr530,Morphologically normal,1,1,WES,hairfollicle04-c6-t3,0.075
Olfr532,Morphologically normal,1,1,WES,skin05-c7-t2,0.037
Olfr536,HF papilloma,1,1,WES,hairfollicle04-c2-t3,0.021
Olfr537-ps1,Morphologically normal,1,1,WES,hairfollicle04-c6-t3,0.04
Olfr54,Morphologically normal,1,1,WES,hairfollicle05-c7-t2,0.081
Olfr541,HF papilloma,1,1,WES,hairfollicle04-c2-t3,0.023
Olfr550,Morphologically normal,1,1,WES,hairfollicle04-c6-t3,0.136
Olfr552,Morphologically normal,1,1,WES,hairfollicle05-e5-t3,0.035
Olfr553,Morphologically normal,1,1,WES,hairfollicle05-b5-t3,0.093
Olfr561,Morphologically normal,1,1,WES,hairfollicle05-e5-t3,0.026
Olfr564,HF papilloma,1,1,WES,hairfollicle04-c5-t3,0.027
Olfr568,HF papilloma,1,1,WES,hairfollicle04-c4-t3,0.053
Olfr575,Morphologically normal,1,1,WES,hairfollicle05-c7-t2,0.149
Olfr583,Morphologically normal,1,1,WES,hairfollicle04-c6-t3,0.049
Olfr584,HF papilloma,1,1,WES,hairfollicle04-c4-t3,0.081
Olfr585,Morphologically normal,1,1,WES,skin05-e5-t2,0.022
Olfr585,HF papilloma,1,1,WES,hairfollicle04-c5-t3,0.022
Olfr593,Morphologically normal,1,1,WES,hairfollicle05-e5-t3,0.03
Olfr594,Morphologically normal,1,1,WES,hairfollicle05-e5-t3,0.028
Olfr601,Morphologically normal,1,1,WES,skin05-e5-t2,0.053
Olfr601,HF papilloma,1,1,WES,hairfollicle04-c5-t3,0.03
Olfr615,Morphologically normal,1,1,WES,hairfollicle05-c7-t2,0.153
Olfr617,HF papilloma,1,1,WES,hairfollicle04-c4-t3,0.086
Olfr618,HF papilloma,1,1,WES,hairfollicle04-c2-t3,0.031
Olfr619,HF papilloma,1,1,WES,hairfollicle04-c5-t3,0.019
Olfr623,HF papilloma,1,1,WES,hairfollicle04-c4-t3,0.036
Olfr631,HF papilloma,1,1,WES,hairfollicle04-c5-t3,0.09
Olfr639,HF papilloma,1,1,WES,hairfollicle04-c4-t3,0.029
Olfr654,Skin papilloma,1,1,WES,skin04-c5-t2,0.017
Olfr658,HF papilloma,1,1,WES,hairfollicle04-c4-t3,0.04
Olfr661,Morphologically normal,1,1,WES,skin05-c7-t2,0.047
Olfr671,HF papilloma,1,1,WES,hairfollicle04-c4-t3,0.066
Olfr678,Morphologically normal,1,1,WES,hairfollicle05-b5-t3,0.109
Olfr678,HF papilloma,1,1,WES,hairfollicle04-c4-t3,0.04
Olfr681,HF papilloma,1,1,WES,hairfollicle04-c4-t3,0.038
Olfr684,Morphologically normal,1,1,WES,hairfollicle04-c6-t3,0.106
Olfr700,Morphologically normal,1,1,WES,hairfollicle04-c6-t3,0.04
Olfr720,Morphologically normal,1,1,WES,hairfollicle04-c6-t3,0.05
Olfr732,HF papilloma,1,1,WES,hairfollicle04-c5-t3,0.085
Olfr735,Morphologically normal,1,1,WES,hairfollicle05-c7-t2,0.1
Olfr739,Morphologically normal,1,1,WES,skin05-c7-t2,0.027
Olfr745,Morphologically normal,2,1,WES,hairfollicle05-c7-t2; skin05-c7-t2,0.124
Olfr747,Morphologically normal,1,1,WES,hairfollicle04-c6-t3,0.081
Olfr763,Morphologically normal,1,1,WES,hairfollicle05-e5-t3,0.017
Olfr769,HF papilloma,1,1,WES,hairfollicle04-c5-t3,0.074
Olfr770,Morphologically normal,1,1,WES,skin04-c6-t2,0.04
Olfr771,Morphologically normal,1,1,WES,hairfollicle05-b5-t3,0.095
Olfr782,Skin papilloma,1,1,WES,skin04-c5-t2,0.053
Olfr799,Morphologically normal,1,1,WES,hairfollicle05-e5-t3,0.031
Olfr801,Morphologically normal,1,1,WES,hairfollicle05-e5-t3,0.039
Olfr801,Skin papilloma,1,1,WES,skin04-c5-t2,0.023
Olfr812,Morphologically normal,1,1,WES,hairfollicle05-e5-t3,0.029
Olfr821,Morphologically normal,1,1,WES,hairfollicle05-b1-t3,0.158
Olfr824,HF papilloma,1,1,WES,hairfollicle04-c2-t3,0.035
Olfr826,HF papilloma,1,1,WES,hairfollicle04-c4-t3,0.075
Olfr829,Morphologically normal,1,1,WES,skin04-c6-t2,0.067
Olfr830,Morphologically normal,1,1,WES,hairfollicle04-c6-t3,0.043
Olfr830,HF papilloma,1,1,WES,hairfollicle04-c4-t3,0.061
Olfr857,Morphologically normal,2,2,WES,hairfollicle04-c6-t3; hairfollicle05-e5-t3,0.073
Olfr860,Morphologically normal,1,1,WES,hairfollicle04-c6-t3,0.071
Olfr872,Skin papilloma,1,1,WES,skin04-c5-t2,0.042
Olfr877,Morphologically normal,1,1,WES,skin04-c6-t2,0.03
Olfr895,HF papilloma,1,1,WES,hairfollicle04-c5-t3,0.046
Olfr898,Morphologically normal,1,1,WES,hairfollicle05-b5-t3,0.085
Olfr9,Morphologically normal,1,1,WES,hairfollicle05-b1-t3,0.187
Olfr908,Morphologically normal,1,1,WES,hairfollicle05-e5-t3,0.029
Olfr933,HF papilloma,1,1,WES,hairfollicle04-c2-t3,0.034
Olfr937,Morphologically normal,2,2,WES,hairfollicle05-c7-t2; skin05-b1-t2,0.103
Olfr944,HF papilloma,1,1,WES,hairfollicle04-c5-t3,0.027
Olfr945,Morphologically normal,1,1,WES,hairfollicle05-b5-t3,0.062
Olfr952,Morphologically normal,1,3,WES,skin04-c6-t2,0.071
Olfr957,Morphologically normal,1,1,WES,hairfollicle05-b1-t3,0.168
Olfr96,Morphologically normal,1,1,WES,hairfollicle05-b1-t3,0.168
Olfr965,Morphologically normal,1,1,WES,skin05-c7-t2,0.044
Olfr965,HF papilloma,1,1,WES,hairfollicle04-c4-t3,0.052
Olfr971,HF papilloma,1,1,WES,hairfollicle04-c4-t3,0.075
Olfr978,Morphologically normal,1,1,WES,hairfollicle05-b5-t3,0.147
Olfr979,Morphologically normal,1,1,WES,hairfollicle05-c7-t2,0.141
Olfr98,Morphologically normal,2,2,WES,hairfollicle05-b1-t3; hairfollicle05-e5-t3,0.2
Olfr981,Morphologically normal,1,1,WES,hairfollicle04-c6-t3,0.037
Olfr982,Morphologically normal,1,1,WES,hairfollicle03-a3,0.223
Olfr983,Morphologically normal,1,1,WES,hairfollicle04-c6-t3,0.036
Olfr985,Morphologically normal,1,1,WES,hairfollicle05-c7-t2,0.241
Olfr99,Morphologically normal,1,1,WES,skin04-c6-t2,0.083
Olfr992,Morphologically normal,1,1,WES,hairfollicle04-c6-t3,0.068
Olfr996,HF papilloma,1,1,WES,hairfollicle04-c2-t3,0.039
Oma1,Morphologically normal,1,1,WES,hairfollicle05-b1-t3,0.143
Omt2a,Skin papilloma,1,1,WES,skin04-c2-t2,0.064
Ophn1,HF papilloma,1,1,WES,hairfollicle04-c5-t3,0.034
Ophn1,Skin papilloma,2,2,WES,skin04-c4-t2; skin04-c5-t2,0.066
Oplah,Morphologically normal,1,1,WES,hairfollicle05-e5-t3,0.035
Oplah,Skin papilloma,1,2,WES,skin04-c5-t2,0.018
Opn4,Morphologically normal,1,1,WES,skin04-c6-t2,0.048
Opn4,HF papilloma,1,1,WES,hairfollicle04-c5-t3,0.029
Oprl1,HF papilloma,1,1,WES,hairfollicle04-c2-t3,0.014
Optn,Morphologically normal,1,1,WES,hairfollicle05-e5-t3,0.031
Os9,Morphologically normal,2,2,WES,hairfollicle05-b5-t3; hairfollicle05-c7-t2,0.2
Os9,HF papilloma,1,1,WES,hairfollicle04-c4-t3,0.035
Osbpl11,HF papilloma,1,1,WES,hairfollicle04-c4-t3,0.058
Osbpl1a,Morphologically normal,1,1,WES,hairfollicle05-e5-t3,0.032
Osbpl3,Morphologically normal,1,1,WES,hairfollicle05-e5-t3,0.033
Osbpl9,Morphologically normal,1,1,WES,skin05-e5-t2,0.049
Osm,Morphologically normal,1,1,WES,hairfollicle05-c7-t2,0.052
Osmr,HF papilloma,1,1,WES,hairfollicle04-c2-t3,0.03
Osr1,Morphologically normal,1,1,WES,hairfollicle05-e5-t3,0.053
Otoa,Morphologically normal,1,1,WES,hairfollicle05-c7-t2,0.104
Otof,Morphologically normal,1,1,WES,hairfollicle05-b1-t3,0.136
Otog,HF papilloma,2,3,WES,hairfollicle04-c4-t3; hairfollicle04-c5-t3,0.052
Otog,Skin papilloma,1,1,WES,skin04-c5-t2,0.072
Otop2,Morphologically normal,1,1,WES,skin05-c7-t2,0.046
Otud5,HF papilloma,1,1,WES,hairfollicle04-c5-t3,0.047
Otulinl,Morphologically normal,1,1,WES,skin05-e5-t2,0.097
Ovgp1,Morphologically normal,4,4,WES,hairfollicle05-b5-t3; hairfollicle05-c7-t2; skin04-c6-t2; skin05-b1-t2,0.066
Ovgp1,HF papilloma,1,1,WES,hairfollicle04-c4-t3,0.04
Oxa1l,Morphologically normal,1,1,WES,hairfollicle05-c7-t2,0.182
Oxa1l,Skin papilloma,1,1,WES,skin04-c2-t2,0.094
Oxct1,Morphologically normal,1,1,WES,skin04-c6-t2,0.068
Oxgr1,HF papilloma,1,1,WES,hairfollicle04-c4-t3,0.063
Oxsr1,Morphologically normal,1,1,WES,hairfollicle05-c7-t2,0.12
P2rx4,Morphologically normal,1,1,WES,hairfollicle04-c6-t3,0.077
P2rx6,HF papilloma,1,1,WES,hairfollicle04-c4-t3,0.026
P2rx7,HF papilloma,1,1,WES,hairfollicle04-c5-t3,0.021
P2ry4,Morphologically normal,1,1,WES,hairfollicle05-c7-t2,0.073
P2ry6,Morphologically normal,1,1,WES,hairfollicle05-e5-t3,0.033
P3h1,Morphologically normal,1,1,WES,skin04-c6-t2,0.065
P3h2,Morphologically normal,2,2,WES,hairfollicle05-e5-t3; skin05-e5-t2,0.063
P3h3,Morphologically normal,1,1,WES,hairfollicle05-e5-t3,0.046
P4ha2,Morphologically normal,1,1,WES,skin04-c6-t2,0.035
Pabpc2,Morphologically normal,1,1,WES,hairfollicle05-e5-t3,0.058
Pacs1,Skin papilloma,1,1,WES,skin04-c5-t2,0.088
Pacs2,Morphologically normal,1,1,WES,hairfollicle04-c6-t3,0.079
Pacsin1,Morphologically normal,1,1,WES,hairfollicle05-e5-t3,0.035
Padi4,Morphologically normal,1,1,WES,hairfollicle05-c7-t2,0.1
Paf1,Morphologically normal,1,1,WES,hairfollicle05-b1-t3,0.125
Pag1,Morphologically normal,1,1,WES,hairfollicle05-e5-t3,0.028
Pak1,Morphologically normal,1,1,WES,hairfollicle05-b1-t3,0.133
Pak1ip1,Morphologically normal,1,1,WES,hairfollicle05-c7-t2,0.15
Pak6,Morphologically normal,1,1,WES,skin05-c7-t2,0.081
Palld,Morphologically normal,2,2,TES; WES,hairfollicle05-e5-t3; hairfollicle21-e5-w17,0.164
Palld,HF SCC,2,3,TES,hairfollicle21-b6-w14; hairfollicle21-c6-w14,0.727
Pamr1,Morphologically normal,1,1,WES,hairfollicle04-c6-t3,0.073
Pank1,Skin papilloma,1,1,WES,skin04-c5-t2,0.04
Papln,Morphologically normal,2,2,WES,hairfollicle05-b1-t3; hairfollicle05-e5-t3,0.15
Papola,Morphologically normal,1,1,WES,hairfollicle05-b1-t3,0.088
Papolb,Morphologically normal,1,1,WES,hairfollicle04-c6-t3,0.043
Papolg,Morphologically normal,1,1,WES,hairfollicle05-c7-t2,0.125
Pappa,Morphologically normal,1,1,WES,skin05-c7-t2,0.045
Pappa2,Morphologically normal,1,1,WES,hairfollicle04-c6-t3,0.094
Pappa2,Skin papilloma,1,1,WES,skin04-c5-t2,0.048
Papss2,Morphologically normal,1,1,WES,skin04-c6-t2,0.03
Paqr5,Morphologically normal,1,1,WES,skin04-c6-t2,0.061
Paqr9,Skin papilloma,1,1,WES,skin04-c5-t2,0.07
Pard3,Morphologically normal,3,2,TES; WES,hairfollicle21-d1-w8; hairfollicle21-f6-w17; skin05-b1-t2,0.333
Pard3,HF SCC,1,1,TES,hairfollicle21-b7-w8,0.429
Pard3,Skin papilloma,1,1,WES,skin04-c5-t2,0.036
Pard3b,Skin papilloma,1,1,WES,skin04-c5-t2,0.042
Pard6a,Morphologically normal,1,1,WES,skin04-c6-t2,0.039
Parg,Morphologically normal,1,1,WES,hairfollicle05-e5-t3,0.029
Parp14,Morphologically normal,2,2,WES,hairfollicle05-c6; hairfollicle05-c7-t2,0.3
Parp16,HF papilloma,1,1,WES,hairfollicle04-c2-t3,0.022
Parp2,Morphologically normal,1,1,WES,hairfollicle05-c7-t2,0.091
Parp4,Morphologically normal,1,1,WES,hairfollicle05-e5-t3,0.041
Parp8,Morphologically normal,1,1,WES,skin04-b5,0.097
Pars2,Morphologically normal,1,1,WES,hairfollicle05-e5-t3,0.026
Pate14,Morphologically normal,1,1,WES,hairfollicle05-c7-t2,0.115
Pate7,Morphologically normal,1,1,WES,hairfollicle04-c6-t3,0.088
Pate8,HF papilloma,1,1,WES,hairfollicle04-c5-t3,0.095
Patj,Morphologically normal,2,2,WES,hairfollicle04-c6-t3; hairfollicle05-c7-t2,0.12
Patj,HF papilloma,1,1,WES,hairfollicle04-c5-t3,0.028
Patl1,Skin papilloma,1,1,WES,skin04-c2-t2,0.049
Pax1,Morphologically normal,1,1,WES,hairfollicle05-c7-t2,0.105
Pax2,Morphologically normal,1,1,WES,hairfollicle05-b1-t3,0.149
Pax2,HF papilloma,1,1,WES,hairfollicle04-c4-t3,0.074
Pax3,Morphologically normal,1,1,WES,hairfollicle04-c6-t3,0.08
Pax7,Skin papilloma,1,1,WES,skin05-b7,0.084
Paxip1,Morphologically normal,1,1,WES,skin04-c6-t2,0.036
Paxip1,HF papilloma,1,1,TES,hairfollicle21-e1-w17,0.164
Paxip1,Skin SCC,1,1,TES,skin21-pp-de-w19,0.038
Pbx1,Morphologically normal,1,1,WES,hairfollicle05-b5-t3,0.135
Pbx4,Morphologically normal,1,1,WES,skin04-c6-t2,0.065
Pcbd1,Morphologically normal,1,1,WES,skin05-c7-t2,0.032
Pcbp2,HF papilloma,1,1,WES,hairfollicle04-c4-t3,0.064
Pcbp3,Morphologically normal,1,1,WES,hairfollicle05-b5-t3,0.094
Pcbp3,HF papilloma,1,1,WES,hairfollicle04-c4-t3,0.062
Pcbp4,Morphologically normal,1,1,WES,hairfollicle05-c7-t2,0.097
Pcbp4,HF papilloma,1,1,WES,hairfollicle04-c2-t3,0.031
Pcca,Morphologically normal,1,1,WES,hairfollicle05-c7-t2,0.231
Pcdh10,HF papilloma,1,1,WES,hairfollicle04-c2-t3,0.036
Pcdh15,Morphologically normal,1,1,WES,hairfollicle04-c6-t3,0.067
Pcdh17,HF papilloma,1,1,WES,hairfollicle04-c5-t3,0.029
Pcdh18,Morphologically normal,1,1,WES,skin04-c6-t2,0.04
Pcdh19,HF papilloma,1,1,WES,hairfollicle04-c2-t3,0.033
Pcdh9,HF papilloma,2,2,WES,hairfollicle04-c2-t3; hairfollicle04-c4-t3,0.05
Pcdha1,Morphologically normal,2,3,TES; WES,hairfollicle04-c6-t3; hairfollicle21-e6-w17,0.165
Pcdha1,HF SCC,1,1,TES,hairfollicle21-c7-w8,0.332
Pcdha11,Morphologically normal,1,1,WES,hairfollicle05-b5-t3,0.071
Pcdha12,Morphologically normal,1,1,WES,hairfollicle05-c7-t2,0.131
Pcdha2,Morphologically normal,3,3,TES; WES,hairfollicle04-c6-t3; hairfollicle05-c7-t2; hairfollicle21-f6-w8,0.167
Pcdha2,HF papilloma,2,3,TES; WES,hairfollicle04-c5-t3; hairfollicle21-e2-w14,0.167
Pcdha3,Morphologically normal,1,1,WES,hairfollicle05-c7-t2,0.042
Pcdha3,HF SCC,1,1,TES,hairfollicle21-f4-w17,0.063
Pcdha5,Morphologically normal,4,4,TES; WES,hairfollicle04-c6-t3; hairfollicle05-c7-t2; hairfollicle05-e5-t3; hairfollicle21-e5-w17,0.13
Pcdhb10,Morphologically normal,1,1,WES,hairfollicle05-c7-t2,0.09
Pcdhb10,HF papilloma,1,1,WES,hairfollicle04-c4-t3,0.037
Pcdhb11,Skin papilloma,1,1,WES,skin04-c5-t2,0.019
Pcdhb12,Morphologically normal,1,1,WES,hairfollicle05-e5-t3,0.023
Pcdhb13,Morphologically normal,2,2,WES,hairfollicle05-b5-t3; hairfollicle05-e5-t3,0.113
Pcdhb13,HF papilloma,1,1,WES,hairfollicle04-c5-t3,0.037
Pcdhb14,HF papilloma,1,1,WES,hairfollicle04-c5-t3,0.021
Pcdhb15,Morphologically normal,1,1,WES,hairfollicle05-b5-t3,0.076
Pcdhb16,HF papilloma,1,1,WES,hairfollicle04-c5-t3,0.04
Pcdhb18,Morphologically normal,1,1,WES,hairfollicle05-c7-t2,0.115
Pcdhb19,Morphologically normal,1,1,WES,hairfollicle05-b1-t3,0.12
Pcdhb2,Morphologically normal,1,1,WES,hairfollicle05-c7-t2,0.045
Pcdhb2,Skin papilloma,1,1,WES,skin04-c5-t2,0.019
Pcdhb21,Morphologically normal,1,1,WES,hairfollicle05-e5-t3,0.019
Pcdhb21,HF papilloma,1,1,WES,hairfollicle04-c4-t3,0.106
Pcdhb22,Morphologically normal,1,1,WES,hairfollicle05-b1-t3,0.143
Pcdhb22,HF papilloma,1,1,WES,hairfollicle04-c2-t3,0.037
Pcdhb4,Morphologically normal,2,2,WES,hairfollicle05-b5-t3; skin05-b1-t2,0.047
Pcdhb5,HF papilloma,1,1,WES,hairfollicle04-c4-t3,0.057
Pcdhb7,Morphologically normal,2,2,WES,hairfollicle05-b5-t3; hairfollicle05-e5-t3,0.065
Pcdhb9,Morphologically normal,1,1,WES,hairfollicle05-b5-t3,0.211
Pcdhga11,Morphologically normal,2,2,WES,hairfollicle04-c6-t3; skin05-b5-t2,0.119
Pcdhga7,Morphologically normal,1,1,WES,hairfollicle05-b1-t3,0.124
Pcdhga8,Morphologically normal,1,1,WES,hairfollicle04-c6-t3,0.033
Pcdhgb4,Morphologically normal,1,1,WES,hairfollicle04-c6-t3,0.053
Pcdhgb6,Morphologically normal,1,1,WES,hairfollicle05-c7-t2,0.073
Pcdhgb7,Morphologically normal,1,2,WES,hairfollicle05-c7-t2,0.087
Pced1a,Morphologically normal,1,1,WES,hairfollicle05-e5-t3,0.034
Pck1,Morphologically normal,2,2,WES,hairfollicle04-c6-t3; skin04-c6-t2,0.1
Pck2,Morphologically normal,1,1,WES,hairfollicle05-b1-t3,0.105
Pck2,Skin papilloma,1,1,WES,skin04-c4-t2,0.05
Pclo,Morphologically normal,1,1,WES,hairfollicle05-e5-t3,0.037
Pcnt,Skin papilloma,1,1,WES,skin04-c4-t2,0.034
Pcnx,Morphologically normal,1,1,WES,skin05-b5-t2,0.04
Pcnx2,Morphologically normal,1,1,WES,skin04-c6-t2,0.088
Pcnx3,Morphologically normal,1,1,WES,hairfollicle05-e5-t3,0.02
Pcnx3,Skin papilloma,1,1,WES,skin04-c5-t2,0.063
Pcnx4,Morphologically normal,1,1,WES,hairfollicle04-c6-t3,0.032
Pcolce,Morphologically normal,1,1,WES,hairfollicle05-b1-t3,0.199
Pcsk1,Morphologically normal,3,3,WES,hairfollicle04-c6-t3; hairfollicle05-b1-t3; hairfollicle05-b5-t3,0.157
Pcsk1,Skin papilloma,1,1,WES,skin04-c5-t2,0.053
Pcsk5,Morphologically normal,1,1,WES,skin05-b1-t2,0.017
Pcsk5,HF papilloma,1,1,WES,hairfollicle04-c5-t3,0.067
Pcsk6,Morphologically normal,1,1,WES,hairfollicle05-e5-t3,0.032
Pcsk7,Morphologically normal,2,2,WES,hairfollicle05-e5-t3; skin05-e5-t2,0.051
Pcsk7,Skin papilloma,1,1,WES,skin04-c4-t2,0.054
Pcsk9,Morphologically normal,1,1,WES,hairfollicle05-b5-t3,0.091
Pcyt1b,HF papilloma,1,1,WES,hairfollicle04-c4-t3,0.075
Pdc,Morphologically normal,1,1,WES,skin04-c6-t2,0.052
Pde11a,Morphologically normal,1,1,WES,hairfollicle05-b5-t3,0.055
Pde1b,HF papilloma,1,1,WES,hairfollicle04-c5-t3,0.026
Pde3b,Morphologically normal,1,1,WES,hairfollicle05-e5-t3,0.034
Pde4c,Morphologically normal,1,1,WES,hairfollicle04-c6-t3,0.084
Pde4d,Morphologically normal,1,1,WES,hairfollicle05-c7-t2,0.128
Pde4dip,Morphologically normal,5,6,TES; WES,hairfollicle21-d1-w8; hairfollicle21-e5-w17; hairfollicle21-f6-w17; hairfollicle21-g2-w17; skin04-c6-t2,0.275
Pde4dip,HF papilloma,1,1,WES,hairfollicle04-c4-t3,0.044
Pde4dip,HF SCC,1,1,TES,hairfollicle21-b7-w14,0.313
Pde6b,HF papilloma,1,1,WES,hairfollicle04-c5-t3,0.029
Pde8a,Morphologically normal,1,1,WES,hairfollicle05-b5-t3,0.073
Pde8b,Morphologically normal,1,1,WES,hairfollicle04-c6-t3,0.075
Pde9a,Skin papilloma,1,1,WES,skin04-c2-t2,0.088
Pdgfra,HF papilloma,1,1,WES,hairfollicle04-c2-t3,0.032
Pdgfrb,Morphologically normal,1,1,WES,hairfollicle05-e5-t3,0.035
Pdha1,Morphologically normal,1,2,WES,hairfollicle05-e5-t3,0.043
Pdhb,Morphologically normal,1,1,WES,hairfollicle05-e5-t3,0.024
Pdhx,Skin papilloma,1,1,WES,skin04-c5-t2,0.048
Pdk1,Morphologically normal,1,1,WES,hairfollicle05-c7-t2,0.107
Pdk3,HF papilloma,1,1,WES,hairfollicle04-c2-t3,0.032
Pdlim5,Skin papilloma,1,1,WES,skin04-c5-t2,0.071
Pdp2,Morphologically normal,1,1,WES,hairfollicle04-c6-t3,0.104
Pdpk1,Morphologically normal,1,1,WES,hairfollicle05-c7-t2,0.067
Pdpn,HF papilloma,1,1,WES,hairfollicle04-c5-t3,0.05
Pdpr,Morphologically normal,1,1,WES,hairfollicle05-b1-t3,0.107
Pds5a,Morphologically normal,2,2,WES,hairfollicle05-b5-t3; hairfollicle05-e5-t3,0.124
Pdxp,Skin papilloma,1,1,WES,skin04-c5-t2,0.063
Pdzd4,Morphologically normal,1,1,WES,hairfollicle05-e5-t3,0.025
Pdzd8,Morphologically normal,2,2,WES,hairfollicle05-b5-t3; hairfollicle05-c7-t2,0.103
Pdzph1,Morphologically normal,1,1,WES,hairfollicle05-e5-t3,0.045
Pdzrn3,Morphologically normal,1,1,WES,hairfollicle05-c7-t2,0.095
Pdzrn4,Morphologically normal,1,1,WES,hairfollicle05-e5-t3,0.032
Peak1,Morphologically normal,1,2,WES,hairfollicle05-c7-t2,0.125
Pecam1,Morphologically normal,1,1,WES,skin05-e5-t2,0.024
Pecam1,Skin papilloma,1,1,WES,skin04-c5-t2,0.019
Pecr,Morphologically normal,1,1,WES,hairfollicle05-c7-t2,0.121
Peg10,Morphologically normal,8,6,TES; WES,hairfollicle05-c7-t2; hairfollicle21-c1-w17; hairfollicle21-c5-w14; hairfollicle21-f2-w14; hairfollicle21-f4-w19; hairfollicle21-g3-w8; hairfollicle21-g7-w19; hairfollicle21-g7-w8,0.333
Peg10,HF papilloma,1,1,TES,hairfollicle21-f1-w14,0.04
Peg10,HF SCC,4,4,TES,hairfollicle21-c6-w14; hairfollicle21-c6-w17; hairfollicle21-f3-w8; hairfollicle21-g3-w17,0.118
Peg3,Morphologically normal,1,1,WES,hairfollicle05-e5-t3,0.044
Pelp1,Morphologically normal,1,1,WES,hairfollicle05-c7-t2,0.13
Penk,Morphologically normal,1,1,WES,hairfollicle05-b5-t3,0.094
Per1,HF papilloma,1,1,WES,hairfollicle04-c2-t3,0.043
Perm1,Morphologically normal,2,2,WES,hairfollicle05-c7-t2; skin05-b5-t2,0.095
Pes1,Morphologically normal,1,1,WES,hairfollicle05-e5-t3,0.024
Pfas,Morphologically normal,1,1,WES,hairfollicle05-b5-t3,0.075
Pfkl,Morphologically normal,1,1,WES,hairfollicle05-c7-t2,0.119
Pfkm,Morphologically normal,1,1,WES,hairfollicle05-c7-t2,0.077
Pfpl,HF papilloma,1,1,WES,hairfollicle04-c5-t3,0.021
Pgap1,Morphologically normal,1,1,WES,skin05-b1-t2,0.1
Pgbd5,Skin papilloma,1,1,WES,skin04-c5-t2,0.056
Pgc,HF papilloma,1,1,WES,hairfollicle04-c2-t3,0.031
Pggt1b,HF papilloma,1,1,WES,hairfollicle04-c4-t3,0.069
Pgm2l1,Morphologically normal,1,1,WES,hairfollicle05-c7-t2,0.077
Pgr,Morphologically normal,1,1,WES,hairfollicle04-c6-t3,0.084
Pgr,HF papilloma,1,1,WES,hairfollicle04-c5-t3,0.031
Phactr2,Morphologically normal,1,1,WES,hairfollicle04-c6-t3,0.073
Phactr2,HF papilloma,2,2,WES,hairfollicle04-c2-t3; hairfollicle04-c5-t3,0.04
Phactr3,Skin papilloma,1,1,WES,skin04-c4-t2,0.085
Phactr4,Morphologically normal,1,1,WES,hairfollicle05-c7-t2,0.104
Phc1,Morphologically normal,1,1,WES,hairfollicle05-c7-t2,0.107
Pheta1,HF papilloma,1,1,WES,hairfollicle04-c2-t3,0.045
Phex,Morphologically normal,1,1,WES,hairfollicle05-e5-t3,0.043
Phf12,Morphologically normal,1,1,WES,skin05-c7-t2,0.067
Phf13,Morphologically normal,2,2,WES,hairfollicle05-c7-t2; skin05-b1-t2,0.081
Phf13,Skin papilloma,1,1,WES,skin04-c2-t2,0.049
Phf2,Morphologically normal,1,1,WES,hairfollicle05-e5-t3,0.035
Phf21b,Morphologically normal,1,1,WES,skin04-c6-t2,0.041
Phf7,Morphologically normal,1,1,WES,skin04-c6-t2,0.051
Phf8,Morphologically normal,2,2,WES,hairfollicle05-b1-t3; hairfollicle05-e5-t3,0.21
Phka1,Morphologically normal,1,1,WES,hairfollicle05-b1-t3,0.096
Phka2,Skin papilloma,1,1,WES,skin04-c5-t2,0.071
Phkg1,Morphologically normal,1,1,WES,hairfollicle05-e5-t3,0.029
Phldb1,Morphologically normal,1,1,WES,skin05-e5-t2,0.032
Phldb3,Skin papilloma,1,1,WES,skin04-c4-t2,0.055
Phrf1,Morphologically normal,2,2,WES,hairfollicle05-b1-t3; hairfollicle05-e5-t3,0.185
Phtf2,Morphologically normal,1,1,WES,skin05-b5-t2,0.047
Pi4ka,Morphologically normal,1,1,WES,hairfollicle05-e5-t3,0.027
Pias1,HF papilloma,1,1,WES,hairfollicle04-c2-t3,0.037
Pick1,Morphologically normal,1,1,WES,hairfollicle05-c7-t2,0.072
Pid1,Morphologically normal,1,1,WES,hairfollicle05-b5-t3,0.087
Piezo1,Morphologically normal,1,1,WES,skin05-e5-t2,0.07
Piezo2,Morphologically normal,2,2,WES,hairfollicle05-b5-t3; hairfollicle05-e5-t3,0.135
Piga,Morphologically normal,1,1,WES,hairfollicle05-c7-t2,0.114
Pigg,Morphologically normal,1,1,WES,hairfollicle05-e5-t3,0.02
Pigk,Morphologically normal,1,1,WES,hairfollicle05-e5-t3,0.04
Pign,Morphologically normal,1,1,WES,hairfollicle05-b5-t3,0.068
Pign,HF SCC,1,1,TES,hairfollicle21-c7-w8,0.444
Pigq,Morphologically normal,1,1,WES,skin05-c7-t2,0.077
Pigr,Morphologically normal,1,1,WES,hairfollicle05-c7-t2,0.133
Pigt,Morphologically normal,1,1,WES,hairfollicle05-e5-t3,0.038
Pigu,Morphologically normal,1,1,WES,skin04-c6-t2,0.079
Pih1d1,Morphologically normal,1,1,WES,hairfollicle05-c7-t2,0.073
Pih1d2,Morphologically normal,1,1,WES,hairfollicle04-c6-t3,0.059
Pik3ap1,Morphologically normal,1,1,WES,hairfollicle05-e5-t3,0.038
Pik3c2g,Skin papilloma,1,1,WES,skin04-c2-t2,0.07
Pik3c3,Morphologically normal,1,1,WES,hairfollicle05-b5-t3,0.081
Pik3cg,Morphologically normal,1,1,WES,hairfollicle05-e5-t3,0.024
Pik3cg,HF papilloma,1,1,WES,hairfollicle04-c5-t3,0.023
Pik3r2,Morphologically normal,1,1,WES,hairfollicle04-c6-t3,0.046
Pik3r4,Morphologically normal,1,1,WES,hairfollicle05-b5-t3,0.083
Pik3r5,Morphologically normal,1,1,WES,skin04-c6-t2,0.025
Pik3r6,Morphologically normal,1,1,WES,hairfollicle05-e5-t3,0.037
Pikfyve,Morphologically normal,1,1,WES,skin04-c6-t2,0.035
Pilrb2,Morphologically normal,1,1,WES,hairfollicle05-e5-t3,0.027
Pim3,Morphologically normal,1,1,WES,skin04-c6-t2,0.031
Pinx1,Morphologically normal,2,1,WES,hairfollicle05-c7-t2; skin05-c7-t2,0.115
Pip5k1b,HF papilloma,1,1,WES,hairfollicle04-c5-t3,0.043
Pirb,Morphologically normal,1,1,WES,hairfollicle05-e5-t3,0.038
Pirb,HF papilloma,1,1,WES,hairfollicle04-c4-t3,0.048
Pitpnb,Morphologically normal,1,1,WES,hairfollicle05-b1-t3,0.143
Pitx1,Morphologically normal,1,1,WES,skin04-c6-t2,0.046
Piwil1,Morphologically normal,1,1,WES,skin04-c6-t2,0.029
Pja2,Morphologically normal,1,1,WES,hairfollicle05-c7-t2,0.114
Pkd1,Morphologically normal,2,3,WES,hairfollicle05-c7-t2; skin04-c6-t2,0.056
Pkd1l2,HF papilloma,1,1,WES,hairfollicle04-c2-t3,0.026
Pkd1l3,Morphologically normal,4,4,WES,hairfollicle05-b1-t3; hairfollicle05-b5-t3; hairfollicle05-c7-t2; hairfollicle05-e5-t3,0.111
Pkd1l3,HF papilloma,2,2,WES,hairfollicle04-c4-t3; hairfollicle04-c5-t3,0.038
Pkd1l3,Skin papilloma,1,1,WES,skin04-c2-t2,0.018
Pkd2,Skin papilloma,1,1,WES,skin04-c5-t2,0.05
Pkd2l1,Morphologically normal,1,2,WES,hairfollicle04-c6-t3,0.083
Pkd2l1,HF papilloma,1,1,WES,hairfollicle04-c5-t3,0.039
Pkhd1,Morphologically normal,1,1,WES,hairfollicle04-c6-t3,0.052
Pkhd1,HF papilloma,1,1,WES,hairfollicle04-c4-t3,0.082
Pkhd1,HF SCC,5,5,TES,hairfollicle21-b6-w14; hairfollicle21-b7-w8; hairfollicle21-e4-w14; hairfollicle21-f4-w8; hairfollicle21-g6-w19,0.555
Pkhd1l1,Morphologically normal,2,2,WES,hairfollicle04-c6-t3; hairfollicle05-c7-t2,0.244
Pkm,Morphologically normal,1,1,WES,hairfollicle05-e5-t3,0.026
Pkn1,Morphologically normal,1,1,WES,hairfollicle05-e5-t3,0.031
Pkn1,Skin papilloma,1,1,WES,skin04-c5-t2,0.091
Pkn3,Morphologically normal,1,1,WES,hairfollicle05-c7-t2,0.106
Pkp1,Morphologically normal,1,1,WES,hairfollicle05-b1-t3,0.156
Pkp2,Morphologically normal,1,1,WES,hairfollicle05-b1-t3,0.2
Pkp2,HF papilloma,1,1,WES,hairfollicle04-c2-t3,0.048
Pkp4,HF papilloma,1,1,WES,hairfollicle04-c5-t3,0.03
Pkp4,Skin papilloma,1,1,WES,skin04-c5-t2,0.097
Pla2g2c,HF papilloma,1,1,WES,hairfollicle04-c2-t3,0.059
Pla2g4c,Morphologically normal,1,1,WES,hairfollicle05-e5-t3,0.024
Pla2g4d,Morphologically normal,1,1,WES,hairfollicle05-e5-t3,0.05
Pla2r1,Morphologically normal,1,1,WES,hairfollicle05-b5-t3,0.079
Plat,HF papilloma,1,1,WES,hairfollicle04-c5-t3,0.028
Plb1,Morphologically normal,1,1,WES,skin05-a6,0.044
Plbd1,Morphologically normal,1,1,WES,hairfollicle05-b5-t3,0.077
Plcb1,Morphologically normal,1,1,TES,hairfollicle21-e5-w17,0.107
Plcb2,HF papilloma,2,2,WES,hairfollicle04-c4-t3; hairfollicle04-c5-t3,0.064
Plcd4,Morphologically normal,2,2,WES,hairfollicle05-e5-t3; skin04-c6-t2,0.037
Plce1,HF papilloma,1,1,WES,hairfollicle04-c4-t3,0.036
Plce1,Skin papilloma,1,1,WES,skin04-c5-t2,0.065
Plch1,Morphologically normal,2,2,WES,hairfollicle05-c7-t2; hairfollicle05-e5-t3,0.12
Plch1,HF papilloma,1,1,WES,hairfollicle04-c5-t3,0.044
Plch2,Morphologically normal,1,1,WES,hairfollicle05-e5-t3,0.034
Plcl2,Morphologically normal,1,1,WES,hairfollicle04-c6-t3,0.062
Plcz1,Morphologically normal,1,1,WES,hairfollicle05-b1-t3,0.187
Pld3,Morphologically normal,1,1,WES,hairfollicle05-b5-t3,0.12
Plec,Morphologically normal,1,1,WES,skin04-c6-t2,0.044
Plekha4,Morphologically normal,2,2,WES,hairfollicle05-c7-t2; skin05-b5-t2,0.111
Plekha7,Morphologically normal,1,1,WES,hairfollicle05-b1-t3,0.103
Plekha7,HF papilloma,1,1,WES,hairfollicle04-c5-t3,0.048
Plekhg1,Morphologically normal,1,1,WES,skin05-b5-t2,0.041
Plekhg1,Skin papilloma,1,1,WES,skin04-c2-t2,0.033
Plekhg2,Morphologically normal,1,1,WES,hairfollicle04-c6-t3,0.055
Plekhg3,Morphologically normal,1,1,WES,skin04-c6-t2,0.022
Plekhg4,Morphologically normal,2,2,WES,hairfollicle05-b5-t3; hairfollicle05-e5-t3,0.085
Plekhg4,HF papilloma,1,1,WES,hairfollicle04-c2-t3,0.036
Plekhj1,Morphologically normal,1,1,WES,hairfollicle05-b5-t3,0.065
Plekhm1,Morphologically normal,1,1,WES,hairfollicle05-b1-t3,0.13
Plekho1,HF papilloma,1,1,WES,hairfollicle04-c2-t3,0.043
Plekho2,Morphologically normal,1,1,WES,hairfollicle05-e5-t3,0.023
Plekho2,HF papilloma,1,1,WES,hairfollicle04-c5-t3,0.027
Plk1,Morphologically normal,1,1,WES,hairfollicle04-c6-t3,0.054
Plk2,Morphologically normal,1,1,WES,skin04-b5,0.027
Plk2,Skin papilloma,1,1,WES,skin04-c4-t2,0.061
Plod1,HF papilloma,1,1,WES,hairfollicle04-c4-t3,0.042
Plod2,Morphologically normal,1,1,WES,hairfollicle05-e5-t3,0.039
Plp1,Morphologically normal,1,1,WES,skin05-c6,0.027
Plpp4,Morphologically normal,2,2,WES,hairfollicle05-c7-t2; skin05-e5-t2,0.136
Plppr1,Morphologically normal,1,1,WES,hairfollicle05-c7-t2,0.097
Plppr5,Morphologically normal,1,1,WES,hairfollicle04-c6-t3,0.109
Pltp,Morphologically normal,1,1,WES,hairfollicle05-c7-t2,0.103
Plxdc2,Morphologically normal,1,1,WES,hairfollicle05-c7-t2,0.167
Plxna3,Morphologically normal,1,1,WES,hairfollicle05-c7-t2,0.059
Plxna3,Skin papilloma,1,1,WES,skin04-c5-t2,0.034
Plxna4,Morphologically normal,1,1,WES,hairfollicle05-e5-t3,0.03
Plxna4,HF papilloma,1,1,WES,hairfollicle04-c5-t3,0.024
Plxnb1,Morphologically normal,3,3,WES,hairfollicle05-b1-t3; hairfollicle05-e5-t3; skin04-c6-t2,0.115
Plxnb1,HF papilloma,1,1,WES,hairfollicle04-c2-t3,0.046
Plxnb2,Morphologically normal,2,2,WES,hairfollicle05-e5-t3; skin05-c7-t2,0.059
Plxnb3,Morphologically normal,3,5,WES,hairfollicle04-c6-t3; hairfollicle05-b1-t3; skin04-c6-t2,0.115
Plxnd1,Morphologically normal,1,2,WES,hairfollicle04-c6-t3,0.091
Plxnd1,Skin papilloma,1,1,WES,skin04-c2-t2,0.053
Pmel,Morphologically normal,1,1,WES,hairfollicle04-c6-t3,0.032
Pmepa1,Morphologically normal,1,1,WES,hairfollicle05-e5-t3,0.027
Pmm1,Morphologically normal,2,2,WES,hairfollicle05-b1-t3; skin05-c7-t2,0.115
Pmpcb,Morphologically normal,1,1,WES,hairfollicle05-e5-t3,0.028
Pms2,Morphologically normal,1,1,WES,hairfollicle04-c6-t3,0.08
Pmvk,Morphologically normal,1,1,WES,hairfollicle05-e5-t3,0.028
Pnkp,Morphologically normal,1,1,WES,hairfollicle05-e5-t3,0.029
Pnliprp1,Morphologically normal,1,1,WES,hairfollicle05-c7-t2,0.13
Pnma1,Morphologically normal,1,1,WES,skin05-b5-t2,0.049
Pnma5,HF papilloma,1,1,WES,hairfollicle04-c4-t3,0.036
Pnoc,Skin papilloma,1,1,WES,skin04-c2-t2,0.075
Pnp,HF papilloma,1,1,WES,hairfollicle04-c5-t3,0.03
Pnpla5,Morphologically normal,1,1,WES,hairfollicle05-b1-t3,0.2
Pnpla6,Morphologically normal,3,3,WES,hairfollicle03-a3; hairfollicle05-b5-t3; skin04-c6-t2,0.416
Pnpla7,Morphologically normal,1,1,WES,hairfollicle04-c6-t3,0.048
Podn,Skin papilloma,1,1,WES,skin04-c5-t2,0.043
Pofut1,Morphologically normal,1,2,WES,hairfollicle05-e5-t3,0.028
Pofut2,Morphologically normal,1,1,WES,hairfollicle05-c7-t2,0.094
Poglut1,Morphologically normal,1,1,WES,hairfollicle05-b1-t3,0.125
Poglut3,Morphologically normal,1,1,WES,hairfollicle05-c7-t2,0.136
Pogz,Morphologically normal,1,1,WES,skin04-c6-t2,0.075
Pola1,Morphologically normal,1,1,WES,hairfollicle05-b5-t3,0.094
Pola1,Skin papilloma,1,1,WES,skin04-c5-t2,0.1
Pola2,Morphologically normal,1,1,WES,hairfollicle05-e5-t3,0.024
Pole,Morphologically normal,2,2,WES,hairfollicle05-e5-t3; skin04-c6-t2,0.052
Polg,Morphologically normal,1,1,WES,skin04-c6-t2,0.065
Poli,Morphologically normal,1,1,WES,hairfollicle05-e5-t3,0.032
Polm,HF papilloma,1,1,WES,hairfollicle04-c2-t3,0.025
Polr1a,Morphologically normal,1,1,WES,hairfollicle05-c7-t2,0.06
Polr1a,Skin papilloma,1,1,WES,skin04-c5-t2,0.039
Polr1b,Morphologically normal,1,1,WES,hairfollicle05-b1-t3,0.156
Polr2b,Morphologically normal,1,1,WES,hairfollicle05-b5-t3,0.1
Polr2b,Skin papilloma,1,1,WES,skin04-c4-t2,0.081
Polr2i,Morphologically normal,1,1,WES,hairfollicle05-b1-t3,0.133
Polr3a,HF papilloma,1,1,WES,hairfollicle04-c5-t3,0.074
Polr3a,Skin papilloma,1,1,WES,skin04-c5-t2,0.045
Polrmt,Skin papilloma,1,1,WES,skin04-c5-t2,0.067
Pom121,Morphologically normal,1,1,WES,hairfollicle05-b1-t3,0.111
Pom121l12,Morphologically normal,1,1,WES,hairfollicle04-c6-t3,0.045
Pomc,Skin papilloma,1,1,WES,skin04-c5-t2,0.039
Pomt1,Morphologically normal,1,1,WES,hairfollicle05-c7-t2,0.115
Popdc2,Skin papilloma,1,1,WES,skin04-c5-t2,0.037
Porcn,Morphologically normal,1,1,WES,skin05-b5-t2,0.061
Pot1a,Skin papilloma,1,1,WES,skin04-c4-t2,0.1
Pot1b,Morphologically normal,1,1,WES,hairfollicle05-b1-t3,0.12
Pou1f1,Skin papilloma,1,1,WES,skin04-c5-t2,0.068
Pou2f1,Morphologically normal,1,1,WES,hairfollicle05-e5-t3,0.024
Pou2f2,Morphologically normal,2,2,WES,hairfollicle05-c7-t2; skin04-c6-t2,0.071
Pou2f3,Morphologically normal,1,1,WES,hairfollicle05-c7-t2,0.13
Pou3f2,Morphologically normal,1,1,TES,hairfollicle21-g1-w17,0.142
Pou6f2,Morphologically normal,1,1,WES,hairfollicle05-e5-t3,0.062
Ppara,Morphologically normal,1,1,WES,hairfollicle05-e5-t3,0.031
Ppargc1b,Skin papilloma,1,1,WES,skin04-c5-t2,0.028
Ppcs,HF papilloma,1,1,WES,hairfollicle04-c5-t3,0.036
Ppfia1,Morphologically normal,1,1,WES,hairfollicle05-b1-t3,0.136
Ppfia2,Morphologically normal,1,1,WES,hairfollicle05-b5-t3,0.083
Ppfia4,Morphologically normal,2,2,WES,hairfollicle05-c7-t2; hairfollicle05-e5-t3,0.071
Ppil2,Morphologically normal,1,1,WES,hairfollicle05-c7-t2,0.094
Ppip5k1,HF papilloma,1,1,WES,hairfollicle04-c5-t3,0.02
Ppip5k2,HF papilloma,1,1,WES,hairfollicle04-c4-t3,0.065
Ppl,Morphologically normal,2,2,WES,hairfollicle03-a3; skin04-b5,0.318
Ppl,Skin papilloma,1,1,WES,skin04-c4-t2,0.045
Ppm1d,Morphologically normal,1,1,WES,skin04-c6-t2,0.045
Ppm1g,HF papilloma,1,1,WES,hairfollicle04-c2-t3,0.026
Ppox,Morphologically normal,1,1,WES,hairfollicle05-e5-t3,0.027
Ppp1r12b,Morphologically normal,1,1,WES,hairfollicle05-c7-t2,0.103
Ppp1r12b,Skin papilloma,1,1,WES,skin04-c5-t2,0.068
Ppp1r14d,HF papilloma,1,1,WES,hairfollicle04-c5-t3,0.026
Ppp1r14d,Skin papilloma,1,1,WES,skin04-c2-t2,0.067
Ppp1r16b,Morphologically normal,1,1,WES,hairfollicle05-c7-t2,0.081
Ppp1r1a,Morphologically normal,1,1,WES,hairfollicle05-e5-t3,0.023
Ppp1r3g,Morphologically normal,1,1,WES,skin04-c6-t2,0.048
Ppp1r8,Morphologically normal,1,1,WES,hairfollicle05-b5-t3,0.085
Ppp1r9a,Morphologically normal,1,1,WES,hairfollicle05-e5-t3,0.052
Ppp1r9a,HF papilloma,1,1,WES,hairfollicle04-c5-t3,0.029
Ppp2r2b,Morphologically normal,2,2,WES,hairfollicle04-c6-t3; hairfollicle05-b1-t3,0.143
Ppp3cb,Skin papilloma,1,1,WES,skin04-c4-t2,0.06
Ppp3cc,Morphologically normal,1,1,WES,skin05-b1-t2,0.07
Ppp4r1,Morphologically normal,1,1,WES,skin05-e5-t2,0.055
Ppp5c,Morphologically normal,1,1,WES,hairfollicle05-e5-t3,0.032
Ppp6r2,Morphologically normal,1,1,WES,hairfollicle05-b1-t3,0.167
Pprc1,Skin papilloma,1,1,WES,skin04-c5-t2,0.036
Ppt1,Skin papilloma,1,1,WES,skin04-c4-t2,0.054
Prag1,Morphologically normal,1,1,WES,hairfollicle05-b5-t3,0.111
Pram1,Morphologically normal,1,1,WES,hairfollicle04-c6-t3,0.05
Pramef6,Morphologically normal,1,1,WES,hairfollicle04-c6-t3,0.063
Pramef8,HF papilloma,1,1,WES,hairfollicle04-c4-t3,0.035
Pramel5,Morphologically normal,1,1,WES,hairfollicle05-e5-t3,0.024
Pramel6,HF papilloma,1,1,WES,hairfollicle04-c5-t3,0.036
Prb1,HF papilloma,1,2,WES,hairfollicle04-c4-t3,0.07
Prdm1,Morphologically normal,1,1,WES,hairfollicle05-b1-t3,0.151
Prdm1,HF papilloma,1,1,WES,hairfollicle04-c2-t3,0.026
Prdm12,Morphologically normal,1,1,WES,hairfollicle04-c6-t3,0.069
Prdm13,Morphologically normal,1,1,WES,skin05-b1-t2,0.067
Prdm14,HF papilloma,1,1,WES,hairfollicle04-c5-t3,0.031
Prdm16,Morphologically normal,1,1,WES,hairfollicle05-c7-t2,0.159
Prdm2,Morphologically normal,1,1,WES,hairfollicle05-c7-t2,0.069
Prdm9,Morphologically normal,4,4,WES,hairfollicle04-c6-t3; hairfollicle05-b5-t3; hairfollicle05-e5-t3; skin05-e5-t2,0.059
Prdm9,Skin papilloma,1,1,WES,skin04-c5-t2,0.057
Prdx5,Morphologically normal,1,1,WES,hairfollicle05-c7-t2,0.119
Prdx6b,Skin papilloma,1,1,WES,skin04-c5-t2,0.036
Prelp,Skin papilloma,1,1,WES,skin04-c5-t2,0.083
Prex2,Morphologically normal,2,2,WES,hairfollicle05-b1-t3; hairfollicle05-e5-t3,0.149
Prg4,Morphologically normal,5,4,WES,hairfollicle03-a3; hairfollicle04-c6-t3; hairfollicle05-b1-t3; hairfollicle05-b5-t3; hairfollicle05-e5-t3,0.104
Prg4,HF papilloma,1,1,WES,hairfollicle04-c5-t3,0.017
Prh1,Morphologically normal,2,2,WES,hairfollicle05-c7-t2; skin05-e5-t2,0.097
Prkca,HF papilloma,1,1,WES,hairfollicle04-c4-t3,0.118
Prkcg,Morphologically normal,1,1,WES,skin04-c6-t2,0.022
Prkch,Morphologically normal,1,1,WES,hairfollicle05-c7-t2,0.1
Prkcz,Morphologically normal,1,1,WES,hairfollicle05-b5-t3,0.079
Prkdc,Morphologically normal,1,1,WES,hairfollicle05-b5-t3,0.071
Prkdc,Skin papilloma,1,1,WES,skin04-c5-t2,0.07
Prkg1,Morphologically normal,1,1,WES,hairfollicle04-c6-t3,0.053
Prkn,Morphologically normal,1,1,WES,hairfollicle05-c7-t2,0.074
Prkn,HF papilloma,1,1,WES,hairfollicle04-c5-t3,0.04
Prkx,Morphologically normal,1,1,WES,hairfollicle05-b5-t3,0.07
Prl2a1,HF papilloma,1,1,WES,hairfollicle04-c5-t3,0.049
Prl2c2,Skin papilloma,1,1,WES,skin04-c5-t2,0.039
Prl3d1,HF papilloma,1,1,WES,hairfollicle04-c2-t3,0.026
Prl3d3,HF papilloma,1,1,WES,hairfollicle04-c5-t3,0.05
Prl7b1,Morphologically normal,1,1,WES,skin05-e5-t2,0.085
Prm2,Morphologically normal,1,1,WES,hairfollicle04-c6-t3,0.066
Prmt1,Morphologically normal,1,1,WES,skin05-e5-t2,0.077
Prmt6,HF papilloma,1,1,WES,hairfollicle04-c2-t3,0.027
Prmt8,HF papilloma,1,2,WES,hairfollicle04-c5-t3,0.095
Prmt9,Morphologically normal,1,1,WES,hairfollicle05-c7-t2,0.1
Prodh,Morphologically normal,1,1,WES,skin05-e5-t2,0.073
Prodh2,Morphologically normal,1,1,WES,hairfollicle05-b5-t3,0.113
Prok1,Morphologically normal,1,1,WES,skin05-b5-t2,0.083
Prom2,Morphologically normal,1,1,WES,hairfollicle05-c7-t2,0.079
Prop1,Morphologically normal,1,1,WES,hairfollicle05-c7-t2,0.094
Pros1,Morphologically normal,1,1,WES,skin05-c7-t2,0.088
Proser2,Morphologically normal,1,1,WES,skin05-b5-t2,0.077
Prox1,Morphologically normal,2,2,WES,hairfollicle05-b1-t3; hairfollicle05-b5-t3,0.227
Prpf18,Morphologically normal,1,1,WES,hairfollicle05-e5-t3,0.048
Prpf40a,Skin papilloma,1,1,WES,skin04-c5-t2,0.1
Prpf4b,HF papilloma,1,1,WES,hairfollicle04-c4-t3,0.054
Prpf6,HF papilloma,1,1,WES,hairfollicle04-c5-t3,0.085
Prpf8,Morphologically normal,1,1,WES,skin05-e5-t2,0.047
Prpmp5,Morphologically normal,4,5,WES,hairfollicle04-c6-t3; hairfollicle05-b1-t3; hairfollicle05-b5-t3; hairfollicle05-e5-t3,0.116
Prpmp5,HF papilloma,2,1,WES,hairfollicle04-c2-t3; hairfollicle04-c4-t3,0.043
Prps1,Morphologically normal,1,1,WES,hairfollicle05-e5-t3,0.052
Prps1l3,Morphologically normal,1,1,WES,hairfollicle05-e5-t3,0.023
Prr12,Morphologically normal,1,1,WES,hairfollicle05-b5-t3,0.074
Prr16,Morphologically normal,1,1,WES,hairfollicle05-b1-t3,0.181
Prr33,Morphologically normal,1,1,WES,hairfollicle05-b1-t3,0.136
Prr33,HF papilloma,1,1,WES,hairfollicle04-c4-t3,0.097
Prrc2a,Morphologically normal,1,1,WES,hairfollicle04-c6-t3,0.087
Prrc2b,Morphologically normal,1,1,WES,skin05-b5-t2,0.053
Prrc2b,HF papilloma,1,1,WES,hairfollicle04-c4-t3,0.052
Prrg4,Morphologically normal,1,1,WES,skin04-c6-t2,0.083
Prrt4,Morphologically normal,1,1,WES,skin04-c6-t2,0.045
Prrx2,Morphologically normal,1,1,WES,hairfollicle05-c7-t2,0.1
Prss12,Morphologically normal,1,1,WES,hairfollicle05-e5-t3,0.029
Prss2,Morphologically normal,1,1,WES,skin05-e5-t2,0.018
Prss22,Skin papilloma,1,1,WES,skin04-c4-t2,0.063
Prss28,Morphologically normal,2,2,WES,hairfollicle04-c6-t3; hairfollicle05-c7-t2,0.106
Prss34,Morphologically normal,1,1,WES,skin04-c6-t2,0.02
Prss34,HF papilloma,1,1,WES,hairfollicle04-c2-t3,0.048
Prss39,Morphologically normal,1,1,WES,hairfollicle05-e5-t3,0.033
Prss44,HF papilloma,1,1,WES,hairfollicle04-c4-t3,0.08
Prss53,Morphologically normal,1,1,WES,hairfollicle05-c7-t2,0.077
Prtg,Morphologically normal,2,2,WES,hairfollicle04-g2-t2; hairfollicle05-b1-t3,0.416
Prune2,Morphologically normal,1,1,WES,hairfollicle05-c7-t2,0.124
Prxl2c,Morphologically normal,1,1,WES,hairfollicle05-b1-t3,0.13
Psd2,Morphologically normal,1,1,WES,hairfollicle05-e5-t3,0.052
Psd2,HF papilloma,1,1,WES,hairfollicle04-c5-t3,0.033
Psg20,Morphologically normal,1,1,WES,hairfollicle05-e5-t3,0.032
Psg20,Skin papilloma,1,1,WES,skin04-c5-t2,0.018
Psg25,Morphologically normal,1,1,WES,hairfollicle05-e5-t3,0.028
Psg26,HF papilloma,1,1,WES,hairfollicle04-c4-t3,0.049
Psg28,Morphologically normal,1,1,WES,hairfollicle05-e5-t3,0.015
Psg28,HF papilloma,1,1,WES,hairfollicle04-c5-t3,0.029
Psg29,HF papilloma,1,1,WES,hairfollicle04-c5-t3,0.04
Psma1,Morphologically normal,2,2,WES,hairfollicle05-c7-t2; skin04-c6-t2,0.136
Psma3,Morphologically normal,1,1,WES,hairfollicle05-b5-t3,0.071
Psmc1,Skin papilloma,1,1,WES,skin04-c5-t2,0.03
Psmc3,Morphologically normal,1,1,WES,hairfollicle04-c6-t3,0.045
Psmd10,Morphologically normal,1,1,WES,hairfollicle04-c6-t3,0.127
Psmd13,Morphologically normal,1,1,WES,hairfollicle05-b1-t3,0.231
Psme1,Morphologically normal,1,1,WES,skin05-b1-t2,0.082
Psme1,Skin papilloma,1,1,WES,skin04-c5-t2,0.057
Psme2b,HF papilloma,1,1,WES,hairfollicle04-c2-t3,0.022
Psme4,Morphologically normal,3,3,TES; WES,hairfollicle05-c7-t2; hairfollicle05-e5-t3; hairfollicle21-d1-w8,0.167
Psme4,HF SCC,1,1,TES,hairfollicle21-e3-w14,0.24
Psme4,Skin papilloma,2,2,WES,skin04-c4-t2; skin04-c5-t2,0.1
Pstpip2,Morphologically normal,1,1,WES,hairfollicle05-e5-t3,0.06
Ptbp1,Morphologically normal,1,1,WES,hairfollicle05-e5-t3,0.035
Ptcd1,Morphologically normal,1,1,WES,hairfollicle05-b1-t3,0.125
Ptch1,Morphologically normal,4,4,TES; WES,hairfollicle05-e5-t3; hairfollicle21-b5-w8; hairfollicle21-f6-w17; hairfollicle21-g3-w14,0.206
Ptch1,HF SCC,1,2,TES,hairfollicle21-e3-w14,0.125
Ptch1,Skin papilloma,1,1,WES,skin05-b6,0.067
Ptchd4,Morphologically normal,1,1,WES,hairfollicle05-e5-t3,0.032
Ptchd4,HF papilloma,1,1,WES,hairfollicle04-c2-t3,0.033
Ptchd4,Skin papilloma,1,1,WES,skin04-c5-t2,0.047
Ptdss2,Morphologically normal,1,1,WES,hairfollicle05-c7-t2,0.302
Pten,Morphologically normal,2,1,TES,hairfollicle21-c3-w17; hairfollicle21-g4-w14,0.944
Pten,HF papilloma,1,1,TES,hairfollicle21-e2-w14,0.051
Pten,HF SCC,1,1,TES,hairfollicle21-f4-w17,0.039
Ptger3,Morphologically normal,1,1,WES,hairfollicle04-c6-t3,0.083
Ptgfr,Morphologically normal,1,1,WES,hairfollicle05-b1-t3,0.141
Ptgis,Morphologically normal,1,1,WES,hairfollicle05-e5-t3,0.036
Ptgr2,Morphologically normal,1,1,WES,hairfollicle03-a3,0.722
Ptgs1,HF papilloma,1,1,WES,hairfollicle04-c2-t3,0.016
Ptk2b,Morphologically normal,2,3,WES,hairfollicle03-a3; hairfollicle05-b1-t3,0.539
Ptp4a3,Morphologically normal,1,1,WES,hairfollicle05-c7-t2,0.165
Ptpn13,HF papilloma,1,1,WES,hairfollicle04-c5-t3,0.037
Ptpn20,Morphologically normal,1,1,WES,hairfollicle05-e5-t3,0.045
Ptpn5,Morphologically normal,1,1,WES,hairfollicle05-e5-t3,0.035
Ptpn7,Morphologically normal,1,1,WES,hairfollicle05-c7-t2,0.12
Ptprd,Morphologically normal,1,1,WES,skin05-b1-t2,0.067
Ptprg,Morphologically normal,1,1,WES,hairfollicle04-c6-t3,0.067
Ptprh,HF papilloma,1,1,WES,hairfollicle04-c2-t3,0.026
Ptprk,Skin papilloma,1,2,WES,skin04-c2-t2,0.061
Ptprm,Morphologically normal,2,2,TES; WES,hairfollicle21-d4-w17; skin05-c7-t2,0.054
Ptprm,HF papilloma,1,1,WES,hairfollicle04-c4-t3,0.055
Ptprn,Morphologically normal,1,1,WES,hairfollicle05-e5-t3,0.022
Ptprn2,Morphologically normal,1,1,WES,skin05-b1-t2,0.061
Ptpro,Skin papilloma,1,1,WES,skin04-c5-t2,0.07
Ptprq,Skin papilloma,1,1,WES,skin04-c5-t2,0.05
Ptprs,Morphologically normal,1,1,WES,skin04-c6-t2,0.067
Ptprt,Morphologically normal,1,1,TES,hairfollicle21-f6-w8,0.189
Ptprt,HF papilloma,1,1,TES,hairfollicle21-e1-w14,0.054
Ptprt,HF SCC,4,4,TES,hairfollicle21-b7-w8; hairfollicle21-c6-w14; hairfollicle21-c7-w8; hairfollicle21-f4-w17,0.714
Ptpru,Morphologically normal,2,2,WES,hairfollicle04-c6-t3; skin04-c6-t2,0.056
Ptprv,Morphologically normal,1,1,WES,hairfollicle05-c7-t2,0.125
Ptprv,HF papilloma,1,1,WES,hairfollicle04-c2-t3,0.034
Pttg1,Morphologically normal,1,1,WES,skin04-c6-t2,0.065
Pudp,Morphologically normal,1,1,WES,hairfollicle05-c7-t2,0.111
Pum1,Morphologically normal,1,1,WES,hairfollicle05-e5-t3,0.041
Pum2,Skin papilloma,1,1,WES,skin04-c2-t2,0.032
Pum3,Morphologically normal,1,1,WES,hairfollicle05-b5-t3,0.074
Pum3,Skin papilloma,1,1,WES,skin04-c5-t2,0.039
Purg,Morphologically normal,1,1,WES,hairfollicle05-c7-t2,0.095
Pus10,Morphologically normal,1,1,WES,hairfollicle05-c7-t2,0.099
Pus7,Morphologically normal,1,1,WES,hairfollicle05-e5-t3,0.029
Pus7l,HF papilloma,1,1,WES,hairfollicle04-c2-t3,0.024
Pwp1,Morphologically normal,1,1,WES,skin04-c6-t2,0.079
Pwwp3b,Morphologically normal,1,1,WES,hairfollicle05-e5-t3,0.053
Pxdc1,Morphologically normal,1,1,WES,hairfollicle04-c6-t3,0.044
Pygb,Morphologically normal,2,2,WES,hairfollicle03-a3; skin04-c6-t2,0.352
Pygm,Morphologically normal,2,2,WES,hairfollicle04-c6-t3; skin04-c6-t2,0.041
Qdpr,Morphologically normal,1,1,WES,hairfollicle05-e5-t3,0.02
Qpct,Morphologically normal,1,1,WES,skin05-b1-t2,0.1
Qsox1,Skin papilloma,1,1,WES,skin04-c4-t2,0.077
Qtrt1,Morphologically normal,1,1,WES,skin04-c6-t2,0.059
Qtrt2,HF papilloma,1,1,WES,hairfollicle04-c4-t3,0.048
R3hcc1l,Morphologically normal,1,1,WES,hairfollicle05-e5-t3,0.03
R3hdml,Morphologically normal,1,1,WES,hairfollicle05-c7-t2,0.065
Rab11fip1,Morphologically normal,1,1,WES,hairfollicle05-c7-t2,0.115
Rab11fip5,HF papilloma,1,1,WES,hairfollicle04-c2-t3,0.035
Rab21,Morphologically normal,1,1,WES,hairfollicle05-e5-t3,0.021
Rab23,Morphologically normal,1,1,WES,hairfollicle05-b1-t3,0.13
Rab37,HF papilloma,1,1,WES,hairfollicle04-c5-t3,0.037
Rab3il1,Morphologically normal,1,1,WES,hairfollicle05-c7-t2,0.116
Rab44,HF papilloma,1,1,WES,hairfollicle04-c5-t3,0.032
Rab8b,Morphologically normal,1,1,WES,skin04-c6-t2,0.06
Rabgap1l,Morphologically normal,1,1,WES,hairfollicle05-e5-t3,0.031
Rabl3,Morphologically normal,1,1,WES,skin04-c6-t2,0.083
Racgap1,Morphologically normal,1,1,WES,hairfollicle05-c7-t2,0.083
Rad51ap1,Morphologically normal,1,1,WES,hairfollicle05-c7-t2,0.075
Rad51b,HF papilloma,1,1,WES,hairfollicle04-c5-t3,0.032
Rad51b,Skin papilloma,1,1,WES,skin04-c5-t2,0.073
Rad51d,Morphologically normal,1,1,WES,hairfollicle05-e5-t3,0.03
Rad54l,Morphologically normal,2,2,WES,hairfollicle05-e5-t3; skin05-b1-t2,0.084
Rad9a,Morphologically normal,1,1,WES,skin04-c6-t2,0.071
Raet1d,Morphologically normal,1,1,WES,hairfollicle05-e5-t3,0.052
Rag1,Morphologically normal,2,2,WES,hairfollicle04-c6-t3; hairfollicle05-e5-t3,0.114
Rai1,HF papilloma,1,1,WES,hairfollicle04-c2-t3,0.022
Rai14,Morphologically normal,1,1,WES,skin04-c6-t2,0.032
Rala,Morphologically normal,1,1,WES,hairfollicle05-e5-t3,0.061
Ralbp1,HF papilloma,1,1,WES,hairfollicle04-c5-t3,0.029
Ralgapa1,Morphologically normal,1,2,WES,skin05-c7-t2,0.086
Ralgds,Morphologically normal,1,1,WES,hairfollicle05-c7-t2,0.115
Ralgps2,Skin papilloma,1,1,WES,skin04-c5-t2,0.054
Ramp1,HF papilloma,1,1,WES,hairfollicle04-c5-t3,0.037
Ran,Morphologically normal,3,3,WES,hairfollicle04-c6-t3; hairfollicle05-e5-t3; skin04-c6-t2,0.081
Ran,HF papilloma,3,3,WES,hairfollicle04-c2-t3; hairfollicle04-c4-t3; hairfollicle04-c5-t3,0.127
Ran,Skin papilloma,3,4,WES,skin04-c2-t2; skin04-c4-t2; skin04-c5-t2,0.081
Ranbp2,Morphologically normal,1,1,WES,hairfollicle05-e5-t3,0.056
Ranbp2,Skin papilloma,1,1,WES,skin04-c5-t2,0.035
Ranbp3,Skin papilloma,1,1,WES,skin04-c5-t2,0.049
Rap1gap,HF papilloma,1,1,WES,hairfollicle04-c5-t3,0.02
Rap1gap2,HF papilloma,1,1,WES,hairfollicle04-c5-t3,0.041
Rap1gds1,Morphologically normal,1,1,WES,hairfollicle05-e5-t3,0.028
Rap1gds1,Skin papilloma,1,1,WES,skin04-c5-t2,0.058
Rapgef2,HF papilloma,1,1,WES,hairfollicle04-c4-t3,0.074
Rapgef3,Morphologically normal,2,2,WES,hairfollicle05-c7-t2; skin04-c6-t2,0.103
Rapgef3,Skin papilloma,1,1,WES,skin04-c5-t2,0.031
Rapgef6,Morphologically normal,1,1,WES,hairfollicle05-c7-t2,0.131
Rapgefl1,Morphologically normal,1,1,WES,hairfollicle05-e5-t3,0.028
Rasa1,Morphologically normal,3,4,TES,hairfollicle21-d1-w8; hairfollicle21-f6-w8; skin21-g1-w19,0.306
Rasa1,HF SCC,1,1,TES,hairfollicle21-f6-w19,0.093
Rasal1,HF papilloma,1,1,WES,hairfollicle04-c5-t3,0.024
Rasal2,Morphologically normal,1,1,WES,hairfollicle05-b5-t3,0.083
Rasal3,Morphologically normal,1,1,WES,skin04-c6-t2,0.024
Rasd2,HF papilloma,1,1,WES,hairfollicle04-c5-t3,0.028
Rasd2,Skin papilloma,1,1,WES,skin04-c2-t2,0.055
Rasef,HF papilloma,1,1,WES,hairfollicle04-c4-t3,0.048
Rasgef1a,HF papilloma,1,1,WES,hairfollicle04-c5-t3,0.048
Rasgef1b,Morphologically normal,1,1,WES,hairfollicle04-c6-t3,0.057
Rasgef1c,Morphologically normal,1,1,WES,hairfollicle04-c6-t3,0.043
Rasgrf1,Morphologically normal,1,1,WES,hairfollicle04-c6-t3,0.121
Rasgrf2,Morphologically normal,1,1,WES,hairfollicle05-b5-t3,0.066
Raver1,Morphologically normal,1,1,WES,skin04-c6-t2,0.061
Rb1,Morphologically normal,2,2,TES,hairfollicle21-f2-w14; hairfollicle21-g6-w17,0.667
Rb1cc1,Morphologically normal,1,1,WES,hairfollicle05-c7-t2,0.111
Rbak,Morphologically normal,1,2,WES,hairfollicle05-e5-t3,0.03
Rbbp6,Skin papilloma,1,1,WES,skin04-c5-t2,0.058
Rbbp8nl,Morphologically normal,1,1,WES,hairfollicle05-e5-t3,0.022
Rbfox2,HF papilloma,1,1,WES,hairfollicle04-c4-t3,0.089
Rbks,Morphologically normal,1,1,WES,hairfollicle05-e5-t3,0.028
Rbm10,Skin papilloma,1,2,WES,skin04-c5-t2,0.083
Rbm12,Morphologically normal,4,5,WES,hairfollicle05-c7-t2; skin04-c6-t2; skin05-b1-t2; skin05-e5-t2,0.065
Rbm14,Morphologically normal,1,1,WES,hairfollicle05-b1-t3,0.208
Rbm15b,Morphologically normal,1,1,WES,hairfollicle05-b5-t3,0.062
Rbm17,Morphologically normal,1,1,WES,hairfollicle05-c7-t2,0.207
Rbm19,Morphologically normal,1,1,WES,hairfollicle05-e5-t3,0.025
Rbm22,HF papilloma,1,1,WES,hairfollicle04-c4-t3,0.054
Rbm27,Skin papilloma,1,1,WES,skin04-c4-t2,0.097
Rbm28,Morphologically normal,1,1,WES,hairfollicle05-c7-t2,0.091
Rbm3,Skin papilloma,1,1,WES,skin04-c4-t2,0.031
Rbm41,Morphologically normal,1,1,WES,skin04-c6-t2,0.048
Rbm47,Morphologically normal,1,1,WES,skin05-b5-t2,0.04
Rbm5,HF papilloma,2,2,WES,hairfollicle04-c4-t3; hairfollicle04-c5-t3,0.064
Rbm6,Morphologically normal,1,1,WES,hairfollicle05-b5-t3,0.118
Rbm8a,Morphologically normal,1,1,WES,hairfollicle05-e5-t3,0.034
Rbms1,Morphologically normal,1,1,WES,skin05-b1-t2,0.063
Rbms3,Skin papilloma,1,1,WES,skin04-c2-t2,0.028
Rbmx,Morphologically normal,1,1,WES,hairfollicle05-c7-t2,0.143
Rbp3,HF papilloma,1,1,WES,hairfollicle04-c5-t3,0.083
Rbpj,Morphologically normal,1,1,WES,skin04-c6-t2,0.065
Rbsn,Morphologically normal,1,1,WES,hairfollicle05-b1-t3,0.143
Rbsn,Skin papilloma,1,1,WES,skin04-c4-t2,0.047
Rbx1,Morphologically normal,1,1,WES,hairfollicle05-b5-t3,0.178
Rc3h1,Morphologically normal,2,2,WES,hairfollicle04-c6-t3; hairfollicle05-e5-t3,0.053
Rc3h2,HF papilloma,1,1,WES,hairfollicle04-c5-t3,0.037
Rcc2,Morphologically normal,1,1,WES,hairfollicle05-e5-t3,0.024
Rcl1,Morphologically normal,1,1,WES,skin04-c6-t2,0.061
Rcn3,Morphologically normal,2,2,WES,hairfollicle04-c6-t3; skin05-b5-t2,0.073
Rcn3,Skin papilloma,1,1,WES,skin04-c5-t2,0.088
Rdh12,Morphologically normal,1,1,WES,hairfollicle05-e5-t3,0.025
Rdh5,Morphologically normal,1,1,WES,skin04-c6-t2,0.088
Rdh7,Morphologically normal,1,1,WES,hairfollicle05-b1-t3,0.166
Rdh9,Morphologically normal,1,1,WES,hairfollicle05-b5-t3,0.068
Rdx,Morphologically normal,1,1,WES,hairfollicle04-c6-t3,0.077
Reck,Morphologically normal,2,2,WES,hairfollicle05-e5-t3; skin04-c6-t2,0.04
Recql,Morphologically normal,2,3,WES,hairfollicle05-c7-t2; skin04-c6-t2,0.114
Recql4,Morphologically normal,1,1,WES,skin05-b1-t2,0.056
Reg1,Morphologically normal,2,2,WES,hairfollicle04-c6-t3; hairfollicle05-c7-t2,0.132
Reg3g,HF papilloma,2,2,WES,hairfollicle04-c2-t3; hairfollicle04-c4-t3,0.061
Rel,Morphologically normal,1,1,WES,hairfollicle05-e5-t3,0.03
Relb,Morphologically normal,1,1,WES,hairfollicle05-c7-t2,0.094
Rell1,Morphologically normal,1,1,WES,hairfollicle04-c6-t3,0.106
Reln,Morphologically normal,1,1,WES,hairfollicle05-c7-t2,0.149
Reln,HF papilloma,1,1,WES,hairfollicle04-c4-t3,0.077
Reps1,Morphologically normal,2,2,WES,hairfollicle05-e5-t3; skin04-c6-t2,0.053
Resp18,Skin papilloma,1,1,WES,skin04-c5-t2,0.045
Retsat,Morphologically normal,1,1,WES,skin04-c6-t2,0.05
Rexo1,Morphologically normal,1,1,TES,hairfollicle21-g1-w8,0.154
Rexo1,HF SCC,1,1,TES,hairfollicle21-c7-w8,0.352
Rexo5,Morphologically normal,2,2,WES,skin04-c6-t2; skin05-b1-t2,0.048
Rfc1,HF papilloma,1,1,WES,hairfollicle04-c2-t3,0.04
Rfc3,Morphologically normal,1,1,WES,skin05-e5-t2,0.026
Rfc4,Morphologically normal,1,1,WES,skin04-c6-t2,0.064
Rfx3,Morphologically normal,1,1,WES,hairfollicle05-c7-t2,0.167
Rfx3,Skin papilloma,1,1,WES,skin04-c5-t2,0.063
Rgl3,Morphologically normal,1,1,WES,hairfollicle05-c7-t2,0.075
Rgl3,Skin papilloma,1,1,WES,skin04-c5-t2,0.034
Rgmb,Morphologically normal,1,1,WES,hairfollicle05-e5-t3,0.02
Rgs12,Morphologically normal,1,1,WES,skin05-b5-t2,0.077
Rgs12,HF papilloma,1,1,WES,hairfollicle04-c2-t3,0.031
Rgs12,Skin papilloma,1,1,WES,skin04-c4-t2,0.063
Rgs16,Morphologically normal,1,1,WES,hairfollicle05-c7-t2,0.097
Rgs16,Skin papilloma,1,1,WES,skin03-f6,0.026
Rgs19,Morphologically normal,1,1,WES,hairfollicle05-e5-t3,0.031
Rgs3,Morphologically normal,1,1,WES,skin05-c7-t2,0.077
Rgs3,Skin papilloma,1,1,WES,skin04-c5-t2,0.036
Rgs6,Morphologically normal,2,2,WES,hairfollicle05-c7-t2; hairfollicle05-e5-t3,0.131
Rgs7,Morphologically normal,1,1,WES,hairfollicle05-e5-t3,0.029
Rgsl1,Skin papilloma,1,1,WES,skin04-c5-t2,0.057
Rhbdd2,Morphologically normal,1,1,WES,hairfollicle05-b5-t3,0.207
Rhbdd2,Skin papilloma,1,1,WES,skin04-c5-t2,0.1
Rhbdd3,Morphologically normal,1,1,WES,hairfollicle05-e5-t3,0.024
Rhbdf2,HF SCC,4,4,TES,hairfollicle21-b6-w14; hairfollicle21-b7-w8; hairfollicle21-c6-w8; hairfollicle21-c7-w8,0.651
Rhoa,Morphologically normal,1,1,WES,hairfollicle05-b1-t3,0.199
Rhobtb2,Morphologically normal,1,1,WES,hairfollicle05-e5-t3,0.036
Rhod,Morphologically normal,1,1,WES,hairfollicle05-e5-t3,0.022
Rhot1,HF papilloma,1,1,WES,hairfollicle04-c4-t3,0.054
Rhox1,Morphologically normal,1,1,WES,hairfollicle04-c6-t3,0.081
Rhox12,Morphologically normal,1,1,WES,hairfollicle04-c6-t3,0.04
Rhox2c,HF papilloma,1,1,WES,hairfollicle04-c5-t3,0.028
Rhox3g,Morphologically normal,1,1,WES,hairfollicle05-e5-t3,0.02
Rhox9,Morphologically normal,1,1,WES,hairfollicle04-c6-t3,0.113
Rhox9,HF papilloma,1,1,WES,hairfollicle04-c4-t3,0.041
Rimbp2,Morphologically normal,1,1,WES,hairfollicle05-e5-t3,0.026
Rimklb,Morphologically normal,1,1,WES,skin04-c6-t2,0.054
Rims4,Morphologically normal,1,1,WES,hairfollicle05-b1-t3,0.181
Rims4,Skin papilloma,1,1,WES,skin04-c5-t2,0.07
Rin2,Morphologically normal,1,1,WES,hairfollicle05-e5-t3,0.052
Rin3,Morphologically normal,1,1,WES,skin05-e5-t2,0.063
Riok2,Skin papilloma,1,1,WES,skin04-c4-t2,0.054
Ripk4,Morphologically normal,1,1,TES,hairfollicle21-f5-w17,0.182
Ripk4,Skin papilloma,1,1,WES,skin04-c2-t2,0.034
Ripor2,Morphologically normal,1,1,WES,hairfollicle05-e5-t3,0.037
Rlbp1,Morphologically normal,1,2,WES,hairfollicle05-c7-t2,0.08
Rmc1,Morphologically normal,1,1,WES,hairfollicle05-c7-t2,0.1
Rnase1,HF papilloma,1,1,WES,hairfollicle04-c4-t3,0.055
Rnase2b,Morphologically normal,1,1,WES,hairfollicle05-e5-t3,0.032
Rnf113a1,Morphologically normal,1,1,WES,hairfollicle05-c7-t2,0.096
Rnf113a1,HF papilloma,1,1,WES,hairfollicle04-c2-t3,0.021
Rnf114,Morphologically normal,1,1,WES,hairfollicle04-c6-t3,0.052
Rnf123,Morphologically normal,1,1,WES,hairfollicle05-e5-t3,0.027
Rnf145,Morphologically normal,1,1,WES,hairfollicle05-e5-t3,0.048
Rnf214,Morphologically normal,1,1,WES,skin04-c6-t2,0.036
Rnf216,Morphologically normal,1,1,WES,skin05-e5-t2,0.055
Rnf31,Morphologically normal,1,1,WES,skin05-c7-t2,0.045
Rnf38,Morphologically normal,1,1,WES,skin04-c6-t2,0.1
Rnf39,Skin papilloma,1,1,WES,skin04-c5-t2,0.079
Rnf44,Morphologically normal,1,1,WES,hairfollicle05-c7-t2,0.09
Rnf44,HF papilloma,1,1,WES,hairfollicle04-c5-t3,0.033
Rngtt,Morphologically normal,1,1,WES,hairfollicle05-b1-t3,0.176
Rngtt,Skin papilloma,1,1,WES,skin04-c2-t2,0.049
Rnh1,Morphologically normal,1,1,WES,hairfollicle05-e5-t3,0.024
Rnpc3,Morphologically normal,1,1,WES,hairfollicle05-b5-t3,0.1
Rnps1,Skin papilloma,1,1,WES,skin04-c4-t2,0.093
Ro60,Morphologically normal,1,1,WES,hairfollicle05-c7-t2,0.083
Rock2,Morphologically normal,1,1,WES,hairfollicle05-c7-t2,0.13
Ror1,Morphologically normal,1,1,WES,hairfollicle05-c7-t2,0.083
Ror2,Morphologically normal,2,2,WES,hairfollicle05-b5-t3; skin04-c6-t2,0.071
Ros1,Morphologically normal,2,2,TES; WES,hairfollicle05-c7-t2; hairfollicle21-g1-w8,0.2
Ros1,HF SCC,3,3,TES,hairfollicle21-b7-w8; hairfollicle21-c7-w8; hairfollicle21-f4-w17,0.4
Rp1l1,Morphologically normal,1,1,WES,hairfollicle05-b5-t3,0.093
Rpa1,HF SCC,1,1,TES,hairfollicle21-b6-w14,0.25
Rpap2,Morphologically normal,1,1,WES,skin05-b5-t2,0.061
Rpe65,Morphologically normal,1,1,WES,hairfollicle05-c7-t2,0.097
Rpgrip1,Morphologically normal,2,2,TES,hairfollicle21-g2-w17; hairfollicle21-g3-w14,0.75
Rpgrip1,HF papilloma,2,2,TES,hairfollicle21-d2-w8; hairfollicle21-d6-w17,0.165
Rpgrip1,HF SCC,1,1,TES,hairfollicle21-c6-w14,0.032
Rpgrip1l,Morphologically normal,1,1,WES,hairfollicle05-c7-t2,0.097
Rph3al,Morphologically normal,1,1,WES,skin04-c6-t2,0.032
Rpl10-ps3,HF papilloma,1,1,TES,hairfollicle21-f1-w14,0.079
Rpl10l,HF papilloma,1,1,WES,hairfollicle04-c2-t3,0.027
Rpl11,Morphologically normal,1,1,WES,skin04-c6-t2,0.022
Rpl14,Morphologically normal,1,1,WES,hairfollicle05-b5-t3,0.064
Rpl39,Morphologically normal,1,1,WES,hairfollicle05-b1-t3,0.286
Rpl7l1,Morphologically normal,1,1,WES,hairfollicle05-c7-t2,0.1
Rpn1,Morphologically normal,1,1,WES,hairfollicle05-c7-t2,0.119
Rpn1,Skin papilloma,1,1,WES,skin04-c5-t2,0.039
Rpp30,Morphologically normal,1,1,WES,hairfollicle05-e5-t3,0.028
Rprd1b,Morphologically normal,1,1,WES,hairfollicle04-c6-t3,0.107
Rprd2,Morphologically normal,1,1,WES,hairfollicle05-b1-t3,0.116
Rps15a,Morphologically normal,1,1,WES,hairfollicle05-e5-t3,0.021
Rps2,Skin papilloma,1,1,WES,skin04-c5-t2,0.071
Rps27a,Morphologically normal,1,2,WES,hairfollicle05-c7-t2,0.182
Rps6ka3,HF papilloma,1,1,WES,hairfollicle04-c5-t3,0.079
Rps6ka4,Morphologically normal,1,1,WES,hairfollicle04-c6-t3,0.052
Rps6ka5,Morphologically normal,1,1,WES,hairfollicle04-c6-t3,0.116
Rps6ka5,Skin papilloma,1,1,WES,skin04-c5-t2,0.051
Rptn,Morphologically normal,3,3,WES,skin05-b1-t2; skin05-b5-t2; skin05-e5-t2,0.052
Rptn,HF papilloma,1,1,WES,hairfollicle04-c5-t3,0.025
Rptn,Skin papilloma,1,1,WES,skin04-c2-t2,0.091
Rptor,Morphologically normal,2,2,WES,hairfollicle04-c6-t3; hairfollicle05-e5-t3,0.045
Rras2,HF SCC,2,2,TES,hairfollicle21-c7-w14; hairfollicle21-e3-w14,0.293
Rrbp1,Morphologically normal,1,1,WES,hairfollicle05-e5-t3,0.02
Rreb1,Skin papilloma,1,1,WES,skin04-c5-t2,0.04
Rrp1,Morphologically normal,1,1,WES,skin05-c7-t2,0.069
Rrp12,Morphologically normal,2,3,WES,hairfollicle05-c7-t2; hairfollicle05-e5-t3,0.1
Rrs1,Morphologically normal,3,4,WES,hairfollicle04-c6-t3; skin04-c6-t2; skin05-b1-t2,0.216
Rrs1,HF papilloma,3,3,WES,hairfollicle04-c2-t3; hairfollicle04-c4-t3; hairfollicle04-c5-t3,0.314
Rrs1,Skin papilloma,3,3,WES,skin04-c2-t2; skin04-c4-t2; skin04-c5-t2,0.1
Rsc1a1,Morphologically normal,1,1,WES,hairfollicle05-c7-t2,0.158
Rsph14,Morphologically normal,1,1,WES,hairfollicle05-c7-t2,0.144
Rsph6a,Morphologically normal,1,1,WES,hairfollicle05-b1-t3,0.187
Rsrc1,HF papilloma,1,1,WES,hairfollicle04-c2-t3,0.022
Rtel1,Morphologically normal,1,1,WES,hairfollicle05-e5-t3,0.031
Rtl3,Morphologically normal,1,1,WES,hairfollicle05-b1-t3,0.136
Rtl3,HF papilloma,1,1,WES,hairfollicle04-c4-t3,0.07
Rtl5,Morphologically normal,1,1,WES,skin04-c6-t2,0.075
Rtl6,Morphologically normal,1,1,WES,skin05-e5-t2,0.083
Rtl6,HF papilloma,1,1,WES,hairfollicle04-c2-t3,0.03
Rtn3,Morphologically normal,1,1,WES,skin04-c6-t2,0.023
Rtn4,Morphologically normal,1,1,WES,hairfollicle05-e5-t3,0.037
Rtn4ip1,Morphologically normal,1,1,WES,hairfollicle05-e5-t3,0.021
Rtn4r,Skin papilloma,1,1,WES,skin04-c4-t2,0.051
Rtp3,Skin papilloma,1,2,WES,skin04-c5-t2,0.029
Rttn,Morphologically normal,2,2,WES,hairfollicle05-b5-t3; hairfollicle05-e5-t3,0.081
Rttn,HF papilloma,1,1,WES,hairfollicle04-c2-t3,0.035
Rufy1,Morphologically normal,1,1,WES,hairfollicle03-a3,0.462
Rundc3a,Morphologically normal,1,1,WES,hairfollicle05-e5-t3,0.021
Runx3,Morphologically normal,1,1,WES,hairfollicle05-e5-t3,0.022
Rusc1,Morphologically normal,1,1,WES,hairfollicle05-e5-t3,0.043
Rusc2,Morphologically normal,1,1,WES,hairfollicle05-e5-t3,0.031
Ruvbl2,HF papilloma,1,1,WES,hairfollicle04-c4-t3,0.065
Rwdd3,Morphologically normal,1,1,WES,hairfollicle05-b1-t3,0.136
Rxfp2,Morphologically normal,1,1,WES,hairfollicle05-b5-t3,0.086
Rxfp4,Morphologically normal,1,1,WES,skin05-b5-t2,0.084
Rxrg,Morphologically normal,1,1,WES,hairfollicle05-b5-t3,0.076
Rybp,Morphologically normal,1,1,WES,hairfollicle04-c6-t3,0.038
Ryr1,Morphologically normal,1,2,WES,hairfollicle05-c7-t2,0.117
Ryr1,Skin papilloma,1,1,WES,skin04-c2-t2,0.051
Ryr2,Morphologically normal,6,6,TES; WES,hairfollicle05-b1-t3; hairfollicle05-b5-t3; hairfollicle05-c7-t2; hairfollicle21-c5-w17; hairfollicle21-e5-w17; hairfollicle21-f6-w8,0.25
Ryr2,HF papilloma,1,1,TES,hairfollicle21-e1-w14,0.035
Ryr2,HF SCC,3,4,TES,hairfollicle21-b6-w14; hairfollicle21-b6-w8; hairfollicle21-c6-w14,0.5
Ryr2,Skin papilloma,1,1,WES,skin04-c5-t2,0.03
Ryr3,Morphologically normal,3,4,WES,hairfollicle04-c6-t3; hairfollicle05-e5-t3; skin05-b5-t2,0.068
Ryr3,HF papilloma,1,1,WES,hairfollicle04-c4-t3,0.078
S100a7a,Morphologically normal,1,1,WES,hairfollicle05-b5-t3,0.151
S1pr1,Morphologically normal,1,1,WES,hairfollicle05-b5-t3,0.077
Saa3,HF papilloma,1,1,WES,hairfollicle04-c2-t3,0.038
Saal1,Morphologically normal,1,1,WES,hairfollicle04-c6-t3,0.059
Sac3d1,Morphologically normal,1,1,WES,skin04-c6-t2,0.027
Sacs,Morphologically normal,3,3,WES,hairfollicle05-b1-t3; hairfollicle05-c7-t2; skin05-c7-t2,0.103
Sacs,HF papilloma,1,1,WES,hairfollicle04-c5-t3,0.033
Safb2,Morphologically normal,1,1,WES,hairfollicle05-c7-t2,0.099
Sall1,Morphologically normal,1,1,TES,hairfollicle21-c2-w17,0.702
Sall1,HF papilloma,2,3,TES; WES,hairfollicle04-c2-t3; hairfollicle21-f1-w8,0.658
Sall3,Morphologically normal,1,1,WES,hairfollicle04-c6-t3,0.094
Sall3,HF papilloma,1,2,WES,hairfollicle04-c5-t3,0.037
Sall4,Morphologically normal,1,1,WES,hairfollicle05-e5-t3,0.022
Sall4,HF papilloma,1,1,WES,hairfollicle04-c2-t3,0.025
Samd14,Morphologically normal,1,1,WES,hairfollicle05-c7-t2,0.1
Samhd1,Morphologically normal,1,1,WES,skin04-c6-t2,0.029
Saraf,Morphologically normal,1,2,WES,hairfollicle05-c7-t2,0.143
Sarm1,Skin papilloma,2,2,WES,skin04-c4-t2; skin04-c5-t2,0.073
Sart3,Skin papilloma,1,1,WES,skin04-c5-t2,0.062
Sash3,Skin papilloma,1,1,WES,skin04-c5-t2,0.061
Sass6,Morphologically normal,1,1,WES,hairfollicle05-e5-t3,0.042
Satb1,Skin papilloma,1,1,WES,skin04-c5-t2,0.029
Satb2,Morphologically normal,1,1,WES,hairfollicle05-b1-t3,0.136
Sav1,Morphologically normal,1,1,WES,hairfollicle05-e5-t3,0.028
Sbf1,Morphologically normal,1,1,WES,skin05-b5-t2,0.058
Sbf2,Morphologically normal,1,1,WES,hairfollicle05-c7-t2,0.136
Sbno1,HF papilloma,1,1,WES,hairfollicle04-c4-t3,0.057
Sbsn,Morphologically normal,3,3,WES,hairfollicle05-b1-t3; hairfollicle05-b5-t3; hairfollicle05-e5-t3,0.206
Sbsn,HF papilloma,1,1,WES,hairfollicle04-c5-t3,0.02
Scaf11,Morphologically normal,2,2,WES,hairfollicle05-b5-t3; skin05-c6,0.091
Scamp3,Skin papilloma,1,1,WES,skin04-c4-t2,0.079
Scamp4,Morphologically normal,1,1,WES,skin04-c6-t2,0.058
Scamp4,Skin papilloma,1,1,WES,skin04-c5-t2,0.091
Scfd1,Morphologically normal,1,1,WES,skin05-c7-t2,0.097
Scg3,Morphologically normal,1,1,WES,skin05-e5-t2,0.048
Scgb1a1,Morphologically normal,1,1,WES,hairfollicle05-e5-t3,0.026
Scgb1b3,Skin papilloma,1,1,WES,skin04-c4-t2,0.057
Scn10a,HF papilloma,1,1,WES,hairfollicle04-c2-t3,0.026
Scn10a,HF SCC,1,1,TES,hairfollicle21-c6-w8,0.5
Scn11a,Morphologically normal,3,3,WES,hairfollicle04-c6-t3; hairfollicle05-b5-t3; skin04-c6-t2,0.148
Scn1a,Morphologically normal,3,4,TES; WES,hairfollicle05-c7-t2; hairfollicle05-e5-t3; hairfollicle21-d1-w8,0.417
Scn1a,HF SCC,2,2,TES,hairfollicle21-c7-w8; hairfollicle21-f6-w19,0.3
Scn2a,Morphologically normal,2,2,TES; WES,hairfollicle05-b5-t3; hairfollicle21-g2-w14,0.248
Scn2a,HF papilloma,1,1,TES,hairfollicle21-e2-w14,0.105
Scn2a,HF SCC,1,1,TES,hairfollicle21-f6-w19,0.188
Scn3a,Morphologically normal,1,1,TES,skin21-g3-w19,0.01
Scn4a,Morphologically normal,1,1,TES,hairfollicle21-c5-w14,0.062
Scn5a,Morphologically normal,3,4,TES; WES,hairfollicle05-c7-t2; skin04-c6-t2; skin21-d1-w19,0.12
Scn7a,Morphologically normal,2,2,WES,hairfollicle05-e5-t3; skin05-e5-t2,0.046
Scn8a,Morphologically normal,1,1,TES,skin21-g1-w19,0.039
Scn8a,HF SCC,1,1,TES,hairfollicle21-f6-w19,0.2
Scn9a,Morphologically normal,3,3,TES; WES,hairfollicle04-c6-t3; hairfollicle05-c7-t2; hairfollicle21-f6-w8,0.2
Scn9a,HF papilloma,1,1,WES,hairfollicle04-c2-t3,0.026
Scnn1g,Morphologically normal,1,1,WES,skin05-b1-t2,0.077
Scrib,Morphologically normal,1,1,WES,skin04-c6-t2,0.063
Scrn2,Morphologically normal,1,1,WES,hairfollicle05-b5-t3,0.061
Scube1,Skin papilloma,1,1,WES,skin04-c5-t2,0.023
Scyl2,HF papilloma,1,1,WES,hairfollicle04-c5-t3,0.035
Sdha,Morphologically normal,1,1,WES,hairfollicle05-c7-t2,0.126
Sdhaf4,Skin papilloma,1,1,WES,skin04-c4-t2,0.083
Sdk1,Morphologically normal,2,2,WES,hairfollicle04-c6-t3; skin05-e5-t2,0.094
Sdk1,HF papilloma,1,1,WES,hairfollicle04-c4-t3,0.085
Sdk2,Morphologically normal,2,2,WES,hairfollicle05-c7-t2; skin05-b5-t2,0.081
Sec14l1,Morphologically normal,1,1,WES,skin04-c6-t2,0.067
Sec14l2,Skin papilloma,1,1,WES,skin04-c2-t2,0.061
Sec14l3,Skin papilloma,1,1,WES,skin04-c5-t2,0.048
Sec16a,Morphologically normal,1,1,WES,skin05-b1-t2,0.055
Sec16b,Morphologically normal,1,1,WES,hairfollicle05-c7-t2,0.103
Sec22c,Morphologically normal,1,1,WES,skin05-b1-t2,0.083
Sec23ip,Morphologically normal,1,1,WES,skin04-c6-t2,0.057
Sec24b,Morphologically normal,2,2,TES,hairfollicle21-f2-w17; skin21-g1-w19,0.144
Sec24d,Morphologically normal,1,1,WES,hairfollicle05-e5-t3,0.031
Sec31a,Morphologically normal,1,1,WES,hairfollicle05-c7-t2,0.107
Sec31b,Morphologically normal,1,1,WES,skin05-b5-t2,0.084
Sec31b,HF papilloma,2,2,WES,hairfollicle04-c2-t3; hairfollicle04-c4-t3,0.053
Secisbp2l,HF papilloma,1,1,WES,hairfollicle04-c5-t3,0.034
Sectm1b,HF papilloma,1,1,WES,hairfollicle04-c2-t3,0.025
Selenbp2,Morphologically normal,1,1,WES,hairfollicle05-e5-t3,0.02
Sell,HF papilloma,1,1,WES,hairfollicle04-c2-t3,0.041
Sell,Skin papilloma,1,1,WES,skin04-c4-t2,0.043
Selp,Morphologically normal,2,2,WES,hairfollicle04-c6-t3; hairfollicle05-b1-t3,0.15
Selplg,Morphologically normal,1,1,WES,hairfollicle05-c7-t2,0.097
Selplg,HF papilloma,1,1,WES,hairfollicle04-c5-t3,0.015
Selplg,Skin papilloma,1,2,WES,skin04-c4-t2,0.011
Sema3a,HF papilloma,1,1,WES,hairfollicle04-c4-t3,0.05
Sema3f,Morphologically normal,2,2,WES,hairfollicle03-e6; hairfollicle05-e5-t3,0.152
Sema3g,Morphologically normal,1,1,WES,skin04-c6-t2,0.036
Sema3g,HF papilloma,1,1,WES,hairfollicle04-c4-t3,0.057
Sema6b,Morphologically normal,1,2,WES,hairfollicle05-b1-t3,0.109
Sema6c,Morphologically normal,2,2,WES,hairfollicle05-b5-t3; skin05-b1-t2,0.059
Sema7a,Morphologically normal,1,1,WES,skin04-c6-t2,0.041
Senp2,HF papilloma,2,2,WES,hairfollicle04-c2-t3; hairfollicle04-c4-t3,0.054
Septin12,Morphologically normal,1,1,WES,hairfollicle05-c7-t2,0.119
Septin4,HF papilloma,1,1,WES,hairfollicle04-c2-t3,0.031
Septin5,Morphologically normal,1,1,WES,hairfollicle04-c6-t3,0.04
Septin8,Morphologically normal,1,1,WES,hairfollicle05-c7-t2,0.119
Septin9,Morphologically normal,1,2,WES,hairfollicle05-c7-t2,0.068
Serinc5,HF papilloma,1,1,WES,hairfollicle04-c2-t3,0.039
Serpina10,Morphologically normal,2,2,WES,hairfollicle05-c7-t2; skin04-c6-t2,0.071
Serpina11,Morphologically normal,1,1,WES,hairfollicle04-c6-t3,0.119
Serpina1b,HF papilloma,1,1,WES,hairfollicle04-c4-t3,0.039
Serpina1d,Skin papilloma,1,1,WES,skin04-c2-t2,0.055
Serpina3k,Morphologically normal,1,1,WES,skin03-f5,0.064
Serpinb1c,Morphologically normal,1,1,WES,hairfollicle05-e5-t3,0.028
Serpinb1c,HF papilloma,1,1,WES,hairfollicle04-c2-t3,0.031
Serpinb6e,Morphologically normal,1,1,WES,skin05-b5-t2,0.083
Serpinh1,Morphologically normal,1,1,WES,hairfollicle05-e5-t3,0.028
Sesn3,Morphologically normal,1,1,WES,hairfollicle05-e5-t3,0.022
Setbp1,Morphologically normal,2,3,WES,hairfollicle05-b5-t3; hairfollicle05-c7-t2,0.091
Setd1a,Morphologically normal,1,2,WES,hairfollicle05-e5-t3,0.033
Setd2,Morphologically normal,3,3,TES; WES,hairfollicle05-e5-t3; hairfollicle21-d1-w8; hairfollicle21-d4-w17,0.342
Setd2,HF papilloma,1,1,TES,hairfollicle21-e2-w14,0.074
Setd2,HF SCC,2,1,TES,hairfollicle21-b6-w14; hairfollicle21-b7-w8,0.5
Setd3,Morphologically normal,1,1,WES,hairfollicle05-e5-t3,0.025
Setd5,Morphologically normal,1,1,WES,hairfollicle05-c7-t2,0.107
Setdb1,Morphologically normal,1,1,WES,hairfollicle05-e5-t3,0.082
Setx,Morphologically normal,1,1,TES,hairfollicle21-e5-w17,0.637
Sez6l2,Morphologically normal,1,1,WES,hairfollicle05-e5-t3,0.03
Sf3a1,Morphologically normal,1,1,WES,hairfollicle05-c7-t2,0.13
Sf3b3,Morphologically normal,1,1,WES,hairfollicle05-e5-t3,0.058
Sfmbt2,Morphologically normal,1,1,WES,skin05-c7-t2,0.052
Sfmbt2,Skin papilloma,1,1,WES,skin04-c5-t2,0.037
Sfr1,Skin papilloma,1,1,WES,skin04-c4-t2,0.027
Sfrp4,Morphologically normal,1,1,WES,hairfollicle05-e5-t3,0.051
Sfswap,HF papilloma,1,1,WES,hairfollicle04-c4-t3,0.043
Sft2d2,Morphologically normal,1,1,WES,skin04-c6-t2,0.038
Sftpb,Morphologically normal,1,1,WES,hairfollicle05-b5-t3,0.091
Sfxn3,Morphologically normal,1,1,WES,hairfollicle05-e5-t3,0.037
Sfxn5,HF papilloma,1,1,WES,hairfollicle04-c5-t3,0.033
Sgcg,Skin papilloma,1,1,WES,skin04-c5-t2,0.061
Sgk2,HF papilloma,1,1,WES,hairfollicle04-c5-t3,0.027
Sgo1,Skin papilloma,1,1,WES,skin04-c5-t2,0.062
Sgpp2,Morphologically normal,1,1,WES,hairfollicle05-e5-t3,0.036
Sgsh,HF papilloma,1,1,WES,hairfollicle04-c2-t3,0.013
Sgsm1,Morphologically normal,3,3,WES,hairfollicle05-b5-t3; hairfollicle05-e5-t3; skin05-e5-t2,0.078
Sgsm1,HF papilloma,1,1,WES,hairfollicle04-c5-t3,0.04
Sgsm2,Morphologically normal,1,1,WES,hairfollicle05-e5-t3,0.034
Sgsm2,Skin papilloma,1,1,WES,skin04-c5-t2,0.068
Sgta,Morphologically normal,1,1,WES,hairfollicle05-e5-t3,0.02
Sh2d3c,Skin papilloma,1,1,WES,skin04-c5-t2,0.065
Sh3bgrl3,Morphologically normal,1,1,WES,hairfollicle05-c7-t2,0.103
Sh3bp1,Morphologically normal,1,1,WES,hairfollicle05-c7-t2,0.108
Sh3bp2,Morphologically normal,1,1,WES,hairfollicle04-c6-t3,0.065
Sh3bp4,HF papilloma,1,1,WES,hairfollicle04-c5-t3,0.029
Sh3gl1,Morphologically normal,1,1,WES,hairfollicle05-e5-t3,0.042
Sh3gl2,Morphologically normal,1,1,WES,hairfollicle04-c6-t3,0.043
Sh3kbp1,Skin papilloma,1,1,WES,skin04-c5-t2,0.028
Sh3pxd2a,Skin papilloma,1,1,WES,skin04-c5-t2,0.032
Sh3pxd2b,Morphologically normal,1,1,WES,skin05-e5-t2,0.088
Sh3rf1,Skin papilloma,1,1,WES,skin04-c5-t2,0.1
Sh3tc1,Morphologically normal,3,3,WES,hairfollicle05-b1-t3; hairfollicle05-c7-t2; skin05-e5-t2,0.156
Sh3tc1,HF papilloma,1,1,WES,hairfollicle04-c2-t3,0.037
Sh3tc1,Skin papilloma,1,1,WES,skin04-c5-t2,0.067
Sh3tc2,Morphologically normal,2,2,WES,hairfollicle05-c7-t2; skin05-b5-t2,0.093
Shank1,Morphologically normal,1,1,WES,hairfollicle04-c6-t3,0.148
Shank3,Morphologically normal,1,1,WES,hairfollicle04-c6-t3,0.065
Shbg,Morphologically normal,1,1,WES,hairfollicle05-b1-t3,0.273
Shc4,Morphologically normal,1,1,WES,skin04-c6-t2,0.048
Shd,Skin papilloma,1,1,WES,skin04-c5-t2,0.052
Shf,HF papilloma,1,1,WES,hairfollicle04-c4-t3,0.114
Shisa3,Morphologically normal,1,1,WES,skin04-c6-t2,0.091
Shisa9,Skin papilloma,1,1,WES,skin04-c5-t2,0.094
Shoc1,Morphologically normal,1,1,WES,hairfollicle05-c7-t2,0.123
Shpk,Morphologically normal,1,1,WES,skin04-c6-t2,0.054
Shprh,Skin papilloma,1,1,WES,skin04-c5-t2,0.036
Shroom2,Morphologically normal,1,1,WES,hairfollicle04-c6-t3,0.036
Shroom3,Skin papilloma,1,1,WES,skin04-c4-t2,0.071
Shroom4,Morphologically normal,1,1,WES,hairfollicle05-b5-t3,0.075
Shtn1,Morphologically normal,1,1,WES,hairfollicle05-b1-t3,0.1
Siah1b,Morphologically normal,1,1,WES,hairfollicle04-c6-t3,0.065
Siah2,HF papilloma,1,1,WES,hairfollicle04-c2-t3,0.048
Siglec1,Morphologically normal,2,3,WES,hairfollicle05-b1-t3; hairfollicle05-e5-t3,0.273
Siglecf,Morphologically normal,2,2,WES,hairfollicle04-c6-t3; hairfollicle05-e5-t3,0.067
Siglecg,Skin papilloma,1,1,WES,skin04-c5-t2,0.084
Sik1,Morphologically normal,1,1,WES,skin05-c7-t2,0.097
Sik2,Morphologically normal,1,2,WES,hairfollicle05-e5-t3,0.032
Sik3,Morphologically normal,1,1,WES,hairfollicle04-c6-t3,0.11
Sil1,Morphologically normal,1,1,WES,hairfollicle05-e5-t3,0.038
Sim1,Morphologically normal,1,1,WES,hairfollicle05-c7-t2,0.115
Simc1,Morphologically normal,2,4,WES,hairfollicle05-b1-t3; hairfollicle05-b5-t3,0.095
Simc1,Skin papilloma,1,2,WES,skin04-c5-t2,0.021
Sin3b,Morphologically normal,2,2,WES,hairfollicle04-c6-t3; hairfollicle05-c7-t2,0.107
Sin3b,Skin papilloma,1,1,WES,skin04-c2-t2,0.039
Sipa1,Morphologically normal,2,2,WES,hairfollicle05-e5-t3; skin04-c6-t2,0.024
Sipa1l2,Morphologically normal,2,2,WES,hairfollicle05-e5-t3; skin04-c6-t2,0.062
Sipa1l3,Skin papilloma,1,1,WES,skin04-c5-t2,0.1
Sirpb1b,Morphologically normal,7,2,WES,hairfollicle05-b1-t3; hairfollicle05-b5-t3; hairfollicle05-c7-t2; hairfollicle05-e5-t3; skin05-b1-t2; skin05-b5-t2; skin05-e5-t2,0.421
Sirpb1c,Morphologically normal,1,1,WES,hairfollicle05-b1-t3,0.2
Sirt3,Morphologically normal,1,1,WES,hairfollicle04-c6-t3,0.054
Sirt6,Skin papilloma,1,1,WES,skin04-c5-t2,0.044
Six4,HF papilloma,2,2,WES,hairfollicle04-c2-t3; hairfollicle04-c5-t3,0.044
Skap1,Morphologically normal,2,3,WES,hairfollicle04-c6-t3; hairfollicle05-e5-t3,0.072
Skil,Morphologically normal,1,1,WES,hairfollicle05-e5-t3,0.04
Skint3,Morphologically normal,1,1,WES,hairfollicle04-c6-t3,0.054
Skint6,HF papilloma,1,1,WES,hairfollicle04-c4-t3,0.028
Skiv2l,Morphologically normal,1,1,WES,hairfollicle05-c7-t2,0.142
Skor1,Morphologically normal,2,2,WES,hairfollicle05-e5-t3; skin04-c6-t2,0.051
Sla,Morphologically normal,1,1,WES,skin05-e5-t2,0.046
Slamf7,Skin papilloma,1,1,WES,skin04-c4-t2,0.031
Slbp,Morphologically normal,1,1,WES,hairfollicle05-c7-t2,0.067
Slbp,HF papilloma,1,1,WES,hairfollicle04-c4-t3,0.059
Slc10a7,Morphologically normal,1,1,WES,hairfollicle05-e5-t3,0.062
Slc12a2,Morphologically normal,2,2,WES,hairfollicle04-c6-t3; hairfollicle05-b5-t3,0.09
Slc12a3,Morphologically normal,1,1,WES,hairfollicle04-c6-t3,0.071
Slc12a3,Skin papilloma,1,1,WES,skin04-c2-t2,0.024
Slc12a5,HF papilloma,1,1,WES,hairfollicle04-c4-t3,0.045
Slc12a6,Morphologically normal,1,1,WES,hairfollicle05-c7-t2,0.107
Slc12a7,Morphologically normal,1,1,WES,hairfollicle05-e5-t3,0.037
Slc12a8,Morphologically normal,1,1,WES,hairfollicle05-c7-t2,0.097
Slc13a1,HF papilloma,1,1,TES,hairfollicle21-e1-w14,0.06
Slc13a1,HF SCC,1,1,TES,hairfollicle21-b6-w14,0.5
Slc13a5,HF papilloma,1,1,WES,hairfollicle04-c5-t3,0.048
Slc14a1,Morphologically normal,2,2,WES,hairfollicle05-e5-t3; skin04-c6-t2,0.083
Slc14a1,Skin papilloma,1,1,WES,skin04-c5-t2,0.091
Slc14a2,Skin papilloma,1,1,WES,skin04-c5-t2,0.052
Slc15a2,Morphologically normal,1,1,WES,hairfollicle05-b5-t3,0.065
Slc15a5,Morphologically normal,1,1,WES,skin04-c6-t2,0.046
Slc16a12,Morphologically normal,1,1,WES,hairfollicle04-c6-t3,0.07
Slc16a5,HF papilloma,1,1,WES,hairfollicle04-c5-t3,0.064
Slc17a6,Morphologically normal,1,1,WES,hairfollicle05-c7-t2,0.096
Slc17a6,Skin papilloma,1,1,WES,skin04-c4-t2,0.031
Slc17a9,Morphologically normal,1,1,WES,skin04-c6-t2,0.032
Slc18a2,Morphologically normal,1,1,WES,hairfollicle05-e5-t3,0.026
Slc18b1,Morphologically normal,1,1,WES,hairfollicle05-e5-t3,0.052
Slc19a3,Morphologically normal,1,1,WES,hairfollicle05-c7-t2,0.104
Slc1a3,Morphologically normal,1,1,WES,hairfollicle05-e5-t3,0.036
Slc20a2,Morphologically normal,1,1,WES,hairfollicle05-c7-t2,0.097
Slc22a13,Morphologically normal,1,1,WES,hairfollicle04-c6-t3,0.044
Slc22a16,Skin papilloma,1,1,WES,skin04-c5-t2,0.05
Slc22a19,Skin papilloma,1,1,WES,skin04-c2-t2,0.071
Slc22a23,Morphologically normal,1,1,WES,hairfollicle05-b5-t3,0.061
Slc22a3,Morphologically normal,1,1,WES,hairfollicle05-c7-t2,0.083
Slc22a6,Morphologically normal,1,1,WES,hairfollicle04-c6-t3,0.068
Slc23a1,Morphologically normal,1,1,WES,hairfollicle04-c6-t3,0.093
Slc24a5,Morphologically normal,1,1,WES,skin05-e5-t2,0.088
Slc25a17,Morphologically normal,1,1,WES,hairfollicle04-c6-t3,0.026
Slc25a19,Morphologically normal,1,1,WES,skin05-b5-t2,0.07
Slc25a31,Skin papilloma,1,1,WES,skin04-c2-t2,0.081
Slc25a35,Morphologically normal,1,1,WES,hairfollicle05-b5-t3,0.062
Slc25a39,Morphologically normal,1,1,WES,hairfollicle05-c7-t2,0.1
Slc25a40,Morphologically normal,1,1,WES,hairfollicle04-c6-t3,0.067
Slc25a45,Skin papilloma,1,1,WES,skin04-c5-t2,0.047
Slc26a1,Morphologically normal,2,2,WES,skin04-c6-t2; skin05-e5-t2,0.094
Slc26a11,Morphologically normal,1,1,WES,hairfollicle04-c6-t3,0.043
Slc26a8,Skin papilloma,1,1,WES,skin04-c5-t2,0.066
Slc26a9,Morphologically normal,1,1,WES,skin05-b5-t2,0.056
Slc27a5,Morphologically normal,1,1,WES,hairfollicle04-c6-t3,0.135
Slc28a1,Morphologically normal,1,1,WES,skin05-b1-t2,0.079
Slc28a2,HF papilloma,1,1,WES,hairfollicle04-c2-t3,0.016
Slc29a3,HF papilloma,1,1,WES,hairfollicle04-c5-t3,0.037
Slc29a4,Morphologically normal,1,1,WES,skin05-b1-t2,0.042
Slc2a10,Morphologically normal,1,1,WES,hairfollicle04-c6-t3,0.087
Slc2a4,Morphologically normal,1,1,WES,hairfollicle05-b5-t3,0.116
Slc2a6,Morphologically normal,1,1,WES,skin05-e5-t2,0.073
Slc2a7,Morphologically normal,1,1,WES,hairfollicle05-c7-t2,0.079
Slc30a1,Morphologically normal,1,1,WES,hairfollicle05-e5-t3,0.026
Slc34a1,Morphologically normal,1,1,WES,skin04-c6-t2,0.048
Slc34a1,Skin papilloma,1,1,WES,skin04-c5-t2,0.049
Slc34a2,Morphologically normal,1,1,WES,hairfollicle03-a3,0.286
Slc34a3,Skin papilloma,1,1,WES,skin04-c2-t2,0.042
Slc35a2,HF papilloma,2,2,WES,hairfollicle04-c4-t3; hairfollicle04-c5-t3,0.083
Slc35a5,Morphologically normal,1,1,WES,skin04-c6-t2,0.045
Slc35c2,HF papilloma,1,2,WES,hairfollicle04-c2-t3,0.047
Slc35e3,Morphologically normal,1,1,WES,hairfollicle04-c6-t3,0.057
Slc35f6,Morphologically normal,1,1,WES,skin04-c6-t2,0.043
Slc35g1,Morphologically normal,1,2,WES,skin05-e5-t2,0.019
Slc36a3,Morphologically normal,1,1,WES,hairfollicle04-c6-t3,0.087
Slc37a2,Morphologically normal,1,1,WES,hairfollicle05-b5-t3,0.073
Slc38a10,Morphologically normal,1,1,WES,hairfollicle04-c6-t3,0.059
Slc38a10,HF papilloma,1,1,WES,hairfollicle04-c5-t3,0.045
Slc38a6,Morphologically normal,1,1,WES,hairfollicle05-c7-t2,0.123
Slc39a10,Morphologically normal,1,1,WES,hairfollicle05-c7-t2,0.071
Slc39a2,Morphologically normal,1,1,WES,hairfollicle05-b5-t3,0.073
Slc39a4,Morphologically normal,1,1,WES,hairfollicle05-e5-t3,0.044
Slc39a6,Morphologically normal,2,1,WES,skin05-c7-t2; skin05-e5-t2,0.044
Slc39a6,Skin papilloma,1,1,WES,skin04-c4-t2,0.027
Slc39a8,Morphologically normal,1,1,WES,hairfollicle05-e5-t3,0.037
Slc3a2,Skin papilloma,1,1,WES,skin04-c5-t2,0.043
Slc40a1,Morphologically normal,1,1,WES,hairfollicle05-c7-t2,0.1
Slc41a2,HF papilloma,1,1,WES,hairfollicle04-c2-t3,0.024
Slc44a2,Morphologically normal,1,1,WES,hairfollicle05-b1-t3,0.214
Slc44a5,HF papilloma,1,1,WES,hairfollicle04-c4-t3,0.061
Slc45a1,Morphologically normal,1,1,WES,skin04-c6-t2,0.055
Slc45a2,HF papilloma,1,1,WES,hairfollicle04-c4-t3,0.057
Slc4a1,Morphologically normal,1,1,WES,hairfollicle05-e5-t3,0.039
Slc4a11,Morphologically normal,1,1,WES,skin05-b5-t2,0.1
Slc4a4,Morphologically normal,1,2,WES,hairfollicle04-c6-t3,0.083
Slc4a5,Morphologically normal,2,3,WES,hairfollicle05-c7-t2; hairfollicle05-e5-t3,0.105
Slc4a8,Morphologically normal,1,1,WES,skin04-c6-t2,0.054
Slc4a8,Skin papilloma,1,1,WES,skin04-c5-t2,0.054
Slc52a2,Skin papilloma,1,1,WES,skin04-c5-t2,0.055
Slc5a1,HF papilloma,1,1,WES,hairfollicle04-c4-t3,0.073
Slc5a10,Morphologically normal,2,2,WES,hairfollicle05-c7-t2; skin04-c6-t2,0.107
Slc5a10,Skin papilloma,1,1,WES,skin04-c5-t2,0.081
Slc5a11,HF papilloma,1,1,WES,hairfollicle04-c5-t3,0.027
Slc5a12,Morphologically normal,1,1,WES,hairfollicle04-c6-t3,0.063
Slc5a4b,Skin papilloma,1,1,WES,skin04-c2-t2,0.04
Slc6a11,HF papilloma,1,1,WES,hairfollicle04-c2-t3,0.029
Slc6a13,Morphologically normal,1,1,WES,hairfollicle05-c7-t2,0.12
Slc6a15,HF papilloma,1,1,WES,hairfollicle04-c2-t3,0.024
Slc6a18,Morphologically normal,1,1,WES,hairfollicle05-b1-t3,0.158
Slc6a19,Skin papilloma,1,1,WES,skin04-c5-t2,0.097
Slc6a4,Morphologically normal,2,2,WES,hairfollicle04-c6-t3; hairfollicle05-e5-t3,0.122
Slc6a5,Morphologically normal,1,1,WES,hairfollicle05-b5-t3,0.075
Slc6a6,Skin papilloma,1,1,WES,skin04-c5-t2,0.071
Slc7a11,Morphologically normal,1,1,WES,hairfollicle05-e5-t3,0.058
Slc7a15,Skin papilloma,1,1,WES,skin04-c5-t2,0.059
Slc7a2,Morphologically normal,1,1,WES,hairfollicle05-e5-t3,0.031
Slc7a3,Morphologically normal,1,1,WES,hairfollicle05-c7-t2,0.068
Slc8a3,Morphologically normal,1,1,WES,hairfollicle05-e5-t3,0.047
Slc9a1,Morphologically normal,2,2,WES,hairfollicle05-c7-t2; skin05-e5-t2,0.088
Slco1a4,Skin papilloma,1,1,WES,skin04-c4-t2,0.047
Slco1b2,Morphologically normal,1,1,WES,hairfollicle05-c7-t2,0.174
Slco3a1,Morphologically normal,1,1,WES,hairfollicle05-c7-t2,0.099
Slco4a1,Morphologically normal,1,1,WES,hairfollicle05-e5-t3,0.025
Slco4c1,Morphologically normal,1,1,WES,hairfollicle05-b5-t3,0.102
Slco5a1,Morphologically normal,1,1,WES,hairfollicle05-e5-t3,0.047
Slf2,Morphologically normal,2,2,WES,hairfollicle05-c7-t2; skin05-c7-t2,0.167
Slf2,HF papilloma,1,1,WES,hairfollicle04-c5-t3,0.107
Slfn1,Morphologically normal,1,1,WES,skin05-c7-t2,0.03
Slfn14,Skin papilloma,1,1,WES,skin04-c2-t2,0.03
Slfn2,HF papilloma,1,1,WES,hairfollicle04-c5-t3,0.039
Slfn4,Skin papilloma,1,1,WES,skin04-c5-t2,0.033
Slfn5,Morphologically normal,1,1,WES,skin05-b5-t2,0.026
Slfn9,Morphologically normal,1,1,WES,hairfollicle05-c7-t2,0.19
Slfn9,HF papilloma,1,1,WES,hairfollicle04-c5-t3,0.045
Slit1,Morphologically normal,1,1,WES,hairfollicle05-e5-t3,0.039
Slit2,Morphologically normal,1,1,WES,hairfollicle05-e5-t3,0.035
Slit3,Morphologically normal,2,2,TES; WES,hairfollicle05-e5-t3; hairfollicle21-d1-w8,0.341
Slit3,HF papilloma,1,1,TES,hairfollicle21-e2-w14,0.055
Slit3,Skin papilloma,1,1,WES,skin04-c4-t2,0.057
Slitrk4,Morphologically normal,1,1,WES,hairfollicle05-b1-t3,0.12
Slitrk5,Morphologically normal,1,1,WES,hairfollicle05-c7-t2,0.096
Slk,Skin papilloma,1,1,WES,skin04-c5-t2,0.075
Sltm,Morphologically normal,2,2,WES,hairfollicle05-b1-t3; hairfollicle05-c7-t2,0.222
Smad2,Morphologically normal,1,1,WES,hairfollicle05-e5-t3,0.032
Smad2,Skin papilloma,1,1,WES,skin04-c5-t2,0.048
Smad3,Morphologically normal,1,1,WES,hairfollicle05-c7-t2,0.149
Smad4,Morphologically normal,1,1,TES,hairfollicle21-f6-w8,0.219
Smad6,Morphologically normal,1,1,WES,hairfollicle05-c7-t2,0.088
Smad9,Morphologically normal,1,1,WES,hairfollicle04-c6-t3,0.046
Smap2,Morphologically normal,1,1,WES,hairfollicle05-b1-t3,0.131
Smarca2,Morphologically normal,2,2,TES; WES,hairfollicle05-e5-t3; hairfollicle21-c3-w17,0.1
Smarca2,HF SCC,1,2,TES,hairfollicle21-g6-w19,0.179
Smarca4,Morphologically normal,5,4,TES; WES,hairfollicle04-c6-t3; hairfollicle05-c7-t2; hairfollicle21-d4-w17; hairfollicle21-e5-w17; hairfollicle21-g1-w8,0.15
Smarca4,HF papilloma,1,1,TES,hairfollicle21-f1-w8,0.104
Smarca4,HF SCC,1,1,TES,hairfollicle21-c6-w14,0.071
Smarca4,Skin papilloma,1,1,WES,skin04-c5-t2,0.066
Smarcad1,Morphologically normal,1,1,WES,hairfollicle05-e5-t3,0.023
Smarcc1,Morphologically normal,1,2,WES,skin04-c6-t2,0.071
Smarcd1,Morphologically normal,1,1,WES,hairfollicle05-b5-t3,0.155
Smarce1,Morphologically normal,1,1,WES,hairfollicle05-c7-t2,0.187
Smc1a,Morphologically normal,1,1,WES,hairfollicle05-b1-t3,0.118
Smcr8,Skin papilloma,1,1,WES,skin04-c5-t2,0.089
Smg1,Morphologically normal,9,11,TES; WES,hairfollicle05-b1-t3; hairfollicle05-c7-t2; hairfollicle21-d1-w8; hairfollicle21-d4-w8; hairfollicle21-f2-w17; hairfollicle21-f6-w17; hairfollicle21-g1-w17; hairfollicle21-g7-w19; skin04-c6-t2,0.645
Smg1,HF papilloma,3,4,TES,hairfollicle21-e1-w17; hairfollicle21-e2-w14; hairfollicle21-f1-w14,0.234
Smg1,HF SCC,3,5,TES,hairfollicle21-b6-w14; hairfollicle21-b7-w8; hairfollicle21-g4-w17,0.826
Smg5,Morphologically normal,1,1,WES,hairfollicle05-e5-t3,0.023
Smg9,Morphologically normal,2,2,WES,hairfollicle04-c6-t3; hairfollicle05-b1-t3,0.188
Smg9,Skin papilloma,1,1,WES,skin04-c4-t2,0.101
Smo,Morphologically normal,2,2,TES,hairfollicle21-d1-w8; hairfollicle21-f6-w8,0.355
Smo,HF papilloma,1,1,TES,hairfollicle21-f1-w8,0.18
Smok2a,Morphologically normal,1,2,WES,hairfollicle05-e5-t3,0.013
Smpd4,Morphologically normal,1,1,WES,skin04-c6-t2,0.038
Smr3a,Morphologically normal,1,1,WES,skin05-c7-t2,0.097
Smr3a,Skin papilloma,1,1,WES,skin04-c5-t2,0.059
Smtn,Skin papilloma,1,1,WES,skin04-c4-t2,0.038
Smtnl2,Morphologically normal,3,3,WES,hairfollicle05-b1-t3; hairfollicle05-b5-t3; hairfollicle05-e5-t3,0.136
Snai3,Morphologically normal,1,1,WES,hairfollicle05-e5-t3,0.045
Snapc2,Morphologically normal,1,1,WES,hairfollicle05-e5-t3,0.026
Snapc4,Skin papilloma,1,1,WES,skin04-c5-t2,0.024
Snd1,HF papilloma,1,1,WES,hairfollicle04-c2-t3,0.031
Sned1,Morphologically normal,1,1,WES,skin05-b1-t2,0.092
Snf8,Morphologically normal,2,2,WES,hairfollicle04-c6-t3; skin05-b5-t2,0.071
Snph,Skin papilloma,1,1,WES,skin04-c5-t2,0.04
Snrnp40,Morphologically normal,2,2,WES,hairfollicle04-g2-t2; hairfollicle05-b5-t3,0.333
Snta1,Morphologically normal,1,1,WES,skin05-e5-t2,0.083
Snu13,Morphologically normal,2,1,WES,skin04-c6-t2; skin05-b5-t2,0.101
Snupn,Skin papilloma,1,1,WES,skin04-c4-t2,0.094
Snx18,Morphologically normal,1,1,WES,hairfollicle05-e5-t3,0.027
Snx21,Morphologically normal,1,2,WES,skin05-b5-t2,0.1
Snx25,HF SCC,2,2,TES,hairfollicle21-c6-w8; hairfollicle21-e3-w14,0.182
Snx29,Morphologically normal,1,1,WES,hairfollicle05-b1-t3,0.205
Snx30,Morphologically normal,1,1,WES,skin05-e5-t2,0.061
Snx4,Morphologically normal,1,1,WES,skin04-c6-t2,0.037
Snx9,HF papilloma,1,1,WES,hairfollicle04-c2-t3,0.036
Soat2,Morphologically normal,1,1,TES,hairfollicle21-d1-w8,0.088
Sod3,Morphologically normal,1,1,WES,hairfollicle05-e5-t3,0.031
Soga1,Skin papilloma,1,1,WES,skin04-c4-t2,0.028
Son,Morphologically normal,3,2,WES,hairfollicle05-c7-t2; hairfollicle05-e5-t3; skin05-b1-t2,0.071
Sorbs2,Morphologically normal,1,1,WES,hairfollicle05-b5-t3,0.158
Sorbs3,Morphologically normal,1,1,WES,hairfollicle05-b1-t3,0.214
Sorcs3,Morphologically normal,1,1,WES,hairfollicle05-e5-t3,0.023
Sord,Morphologically normal,1,1,WES,hairfollicle05-e5-t3,0.029
Sort1,Morphologically normal,1,1,WES,hairfollicle05-c7-t2,0.084
Sos1,HF papilloma,1,1,WES,hairfollicle03-f6-t2,0.136
Sos2,Morphologically normal,2,2,WES,hairfollicle05-e5-t3; skin05-e5-t2,0.077
Sowahb,Morphologically normal,1,1,WES,hairfollicle05-c7-t2,0.115
Sox14,Morphologically normal,1,1,WES,hairfollicle05-c7-t2,0.119
Sox2,HF SCC,1,1,TES,hairfollicle21-c6-w14,0.024
Sox30,Morphologically normal,1,1,WES,hairfollicle05-e5-t3,0.061
Sox5,Morphologically normal,1,1,WES,hairfollicle05-c7-t2,0.094
Sox6,Morphologically normal,1,1,WES,hairfollicle05-e5-t3,0.029
Sp1,Morphologically normal,1,1,WES,hairfollicle05-e5-t3,0.041
Sp110,Morphologically normal,1,1,WES,hairfollicle05-e5-t3,0.047
Sp140,Morphologically normal,3,4,WES,hairfollicle05-b1-t3; hairfollicle05-c7-t2; skin04-c6-t2,0.285
Sp140,HF papilloma,1,1,WES,hairfollicle04-c4-t3,0.266
Sp140,Skin papilloma,2,1,WES,skin04-c2-t2; skin04-c5-t2,0.059
Sp8,HF papilloma,1,1,WES,hairfollicle04-c5-t3,0.052
Spa17,Morphologically normal,1,1,WES,skin04-c6-t2,0.066
Spag1,Morphologically normal,1,1,WES,skin05-e5-t2,0.077
Spag16,HF papilloma,1,1,WES,hairfollicle04-c2-t3,0.033
Spag17,Morphologically normal,2,2,WES,hairfollicle04-c6-t3; hairfollicle05-e5-t3,0.047
Spag17,HF papilloma,1,1,WES,hairfollicle04-c5-t3,0.046
Spag9,Morphologically normal,1,1,WES,skin04-c6-t2,0.097
Spam1,Morphologically normal,1,1,WES,hairfollicle05-e5-t3,0.045
Sparc,Morphologically normal,1,1,WES,skin04-c6-t2,0.049
Sparcl1,Morphologically normal,1,1,WES,hairfollicle05-b1-t3,0.175
Spata18,Morphologically normal,1,1,WES,hairfollicle05-b5-t3,0.079
Spata31,Morphologically normal,1,1,WES,hairfollicle04-c6-t3,0.089
Spata31d1a,Morphologically normal,2,2,WES,hairfollicle04-c6-t3; hairfollicle05-b5-t3,0.09
Spata31d1b,Morphologically normal,1,1,WES,hairfollicle05-e5-t3,0.044
Spata31d1d,Morphologically normal,1,1,WES,hairfollicle04-c6-t3,0.03
Spata46,Morphologically normal,1,1,WES,skin05-b5-t2,0.049
Spata5,Morphologically normal,1,1,WES,hairfollicle05-c7-t2,0.115
Spata5,HF papilloma,1,1,WES,hairfollicle04-c5-t3,0.033
Spatc1l,Skin papilloma,1,1,WES,skin04-c5-t2,0.036
Spats2,Morphologically normal,1,1,WES,hairfollicle05-c7-t2,0.136
Spats2l,HF papilloma,1,1,WES,hairfollicle04-c5-t3,0.048
Spats2l,Skin papilloma,1,1,WES,skin04-c5-t2,0.083
Speer2,Morphologically normal,1,1,WES,hairfollicle05-b1-t3,0.214
Speer4a,Morphologically normal,2,2,WES,hairfollicle05-c7-t2; skin05-a6,0.148
Speer4a,HF papilloma,1,1,WES,hairfollicle04-c4-t3,0.227
Speer4b,Morphologically normal,3,2,WES,hairfollicle04-c6-t3; hairfollicle05-b1-t3; hairfollicle05-b5-t3,0.304
Speer4f2,Morphologically normal,2,2,WES,skin04-c6-t2; skin05-b5-t2,0.076
Speer4f2,Skin papilloma,1,1,WES,skin04-c2-t2,0.052
Spen,Morphologically normal,2,2,TES; WES,hairfollicle05-e5-t3; hairfollicle21-g6-w17,0.667
Spen,HF SCC,2,3,TES,hairfollicle21-b7-w8; hairfollicle21-c6-w14,0.95
Spice1,Skin papilloma,1,1,WES,skin04-c5-t2,0.042
Spin2f,Morphologically normal,10,1,WES,hairfollicle04-c6-t3; hairfollicle05-b1-t3; hairfollicle05-b5-t3; hairfollicle05-c7-t2; hairfollicle05-e5-t3; skin04-c6-t2; skin05-b1-t2; skin05-b5-t2; skin05-c7-t2; skin05-e5-t2,0.474
Spin2f,HF papilloma,3,1,WES,hairfollicle04-c2-t3; hairfollicle04-c4-t3; hairfollicle04-c5-t3,0.423
Spin2f,Skin papilloma,3,1,WES,skin04-c2-t2; skin04-c4-t2; skin04-c5-t2,0.028
Spo11,HF papilloma,1,1,WES,hairfollicle04-c4-t3,0.058
Spocd1,Morphologically normal,1,1,WES,hairfollicle05-c7-t2,0.115
Spop,HF papilloma,1,1,WES,hairfollicle04-c4-t3,0.061
Spopfm2,Morphologically normal,1,1,WES,hairfollicle05-b5-t3,0.113
Spopfm2,HF papilloma,1,1,WES,hairfollicle04-c5-t3,0.026
Sppl2b,Morphologically normal,1,1,WES,hairfollicle05-e5-t3,0.089
Sppl2c,Morphologically normal,2,2,WES,hairfollicle05-b5-t3; hairfollicle05-e5-t3,0.163
Sppl3,Morphologically normal,1,1,WES,skin05-e5-t2,0.045
Sprr1b,Morphologically normal,1,1,WES,skin05-b1-t2,0.034
Sprr2g,Morphologically normal,1,1,WES,skin04-c6-t2,0.06
Sprr2i,HF papilloma,1,1,WES,hairfollicle04-c2-t3,0.021
Sprr2j-ps,Morphologically normal,1,1,WES,hairfollicle04-c6-t3,0.064
Spryd3,Skin papilloma,1,1,WES,skin04-c2-t2,0.054
Spta1,Morphologically normal,2,2,WES,hairfollicle04-c6-t3; skin04-c6-t2,0.068
Sptan1,Skin papilloma,1,1,WES,skin04-c2-t2,0.05
Sptb,Morphologically normal,2,2,WES,hairfollicle04-c6-t3; hairfollicle05-e5-t3,0.058
Sptbn1,Morphologically normal,2,2,WES,hairfollicle05-b5-t3; hairfollicle05-c7-t2,0.055
Sptbn2,Morphologically normal,2,2,WES,hairfollicle05-c7-t2; hairfollicle05-e5-t3,0.12
Sptbn5,HF papilloma,1,1,WES,hairfollicle04-c2-t3,0.042
Spz1,Morphologically normal,1,1,WES,hairfollicle05-e5-t3,0.042
Spz1,Skin papilloma,1,1,WES,skin04-c2-t2,0.07
Sqstm1,Morphologically normal,1,1,WES,hairfollicle03-a3,0.534
Srcap,Morphologically normal,2,2,WES,hairfollicle05-c7-t2; hairfollicle05-e5-t3,0.176
Srd5a1,Morphologically normal,1,1,WES,hairfollicle05-e5-t3,0.043
Srgap1,HF papilloma,1,1,WES,hairfollicle04-c2-t3,0.027
Srgap1,Skin papilloma,1,1,WES,skin04-c2-t2,0.063
Srgap2,Morphologically normal,1,1,WES,skin05-e5-t2,0.025
Srms,Morphologically normal,1,1,WES,hairfollicle05-e5-t3,0.021
Srp68,Morphologically normal,1,1,WES,hairfollicle05-e5-t3,0.027
Srpk3,HF papilloma,1,1,WES,hairfollicle04-c5-t3,0.031
Srpk3,Skin papilloma,1,1,WES,skin04-c4-t2,0.046
Srpr,Morphologically normal,1,1,WES,hairfollicle05-e5-t3,0.035
Srpx,Morphologically normal,1,1,WES,skin04-c6-t2,0.081
Srrm1,Morphologically normal,1,2,WES,hairfollicle05-c7-t2,0.143
Srrm2,Morphologically normal,1,1,WES,hairfollicle05-c7-t2,0.107
Srrm3,Morphologically normal,1,1,WES,skin05-e5-t2,0.068
Srsf5,Morphologically normal,1,1,WES,hairfollicle04-c6-t3,0.07
Ss18l1,Skin papilloma,1,1,WES,skin04-c2-t2,0.061
Ssbp3,Morphologically normal,1,2,WES,hairfollicle05-c7-t2,0.227
Ssbp3,HF papilloma,1,1,WES,hairfollicle04-c2-t3,0.028
Ssh1,Morphologically normal,1,1,WES,hairfollicle05-c7-t2,0.103
Ssh2,Morphologically normal,1,1,WES,skin04-c6-t2,0.037
Ssmem1,Morphologically normal,1,1,WES,skin05-b5-t2,0.045
Sspo,Morphologically normal,2,2,WES,hairfollicle05-b1-t3; skin05-b5-t2,0.142
Sspo,HF papilloma,2,2,WES,hairfollicle04-c2-t3; hairfollicle04-c5-t3,0.033
Ssr4,Morphologically normal,1,1,WES,hairfollicle04-g2-t2,0.356
Ssr4,HF papilloma,1,1,WES,hairfollicle05-b6-t2,0.333
St13,Morphologically normal,1,1,WES,hairfollicle05-e5-t3,0.072
St14,Morphologically normal,1,1,WES,hairfollicle05-b1-t3,0.186
St18,Morphologically normal,1,1,WES,hairfollicle05-b1-t3,0.157
St18,HF papilloma,1,1,WES,hairfollicle04-c2-t3,0.035
St3gal2,Morphologically normal,1,1,WES,hairfollicle05-e5-t3,0.037
St3gal3,Morphologically normal,1,1,WES,hairfollicle05-c7-t2,0.107
St3gal5,Skin papilloma,1,1,WES,skin04-c5-t2,0.065
St3gal6,Morphologically normal,1,1,WES,skin05-b5-t2,0.071
St6galnac5,Morphologically normal,1,1,TES,hairfollicle21-g5-w17,0.3
St6galnac5,HF SCC,1,1,TES,hairfollicle21-g4-w17,0.429
St8sia5,Skin papilloma,1,1,WES,skin04-c5-t2,0.035
Stab1,Morphologically normal,2,2,WES,hairfollicle05-c7-t2; skin04-c6-t2,0.092
Stab1,Skin papilloma,1,1,WES,skin04-c5-t2,0.045
Stac2,Morphologically normal,1,1,WES,skin04-c6-t2,0.045
Stag1,Morphologically normal,1,1,WES,hairfollicle04-c6-t3,0.037
Stag3,Morphologically normal,1,1,WES,skin04-c6-t2,0.044
Stag3,HF papilloma,1,1,WES,hairfollicle04-c5-t3,0.051
Stag3,Skin papilloma,1,1,WES,skin04-c2-t2,0.1
Stard9,Morphologically normal,3,3,WES,hairfollicle05-b1-t3; hairfollicle05-b5-t3; hairfollicle05-c7-t2,0.148
Stat1,HF papilloma,1,1,WES,hairfollicle04-c4-t3,0.05
Stat2,Morphologically normal,1,1,WES,hairfollicle04-c6-t3,0.047
Stat2,HF papilloma,1,1,WES,hairfollicle04-c5-t3,0.021
Stat5b,Morphologically normal,1,1,WES,skin05-b5-t2,0.038
Stau1,Morphologically normal,1,1,WES,hairfollicle05-e5-t3,0.02
Stau2,Morphologically normal,1,1,WES,hairfollicle05-c7-t2,0.1
Stil,Morphologically normal,3,4,WES,hairfollicle04-c6-t3; hairfollicle05-c7-t2; hairfollicle05-e5-t3,0.103
Stk25,Morphologically normal,1,1,WES,skin05-b1-t2,0.061
Stk36,Morphologically normal,1,1,WES,skin05-b5-t2,0.053
Stk38l,Morphologically normal,1,1,WES,hairfollicle05-b5-t3,0.064
Stk40,Morphologically normal,1,1,WES,hairfollicle05-c7-t2,0.079
Stmn1,Morphologically normal,1,1,WES,skin05-b1-t2,0.025
Stoml1,Morphologically normal,1,1,WES,skin05-e5-t2,0.083
Ston2,Morphologically normal,1,1,WES,skin04-c6-t2,0.034
Stox1,Morphologically normal,1,1,WES,hairfollicle05-b1-t3,0.175
Stox2,HF papilloma,1,1,WES,hairfollicle04-c2-t3,0.036
Stra6,Morphologically normal,2,2,WES,hairfollicle04-c6-t3; hairfollicle05-c7-t2,0.13
Strc,Morphologically normal,1,1,WES,hairfollicle05-c7-t2,0.103
Strip2,Morphologically normal,1,1,WES,hairfollicle04-c6-t3,0.083
Strn4,Morphologically normal,1,1,WES,hairfollicle05-e5-t3,0.025
Stx16,Morphologically normal,2,2,WES,hairfollicle05-c7-t2; skin05-c7-t2,0.243
Stx1a,Morphologically normal,1,1,WES,hairfollicle05-b5-t3,0.14
Stx3,Morphologically normal,1,1,WES,hairfollicle05-e5-t3,0.049
Stxbp1,Morphologically normal,1,1,WES,hairfollicle04-c6-t3,0.047
Stxbp5l,HF papilloma,1,1,WES,hairfollicle04-c4-t3,0.068
Styk1,Morphologically normal,1,1,WES,hairfollicle04-c6-t3,0.042
Sucla2,Morphologically normal,1,1,WES,skin04-c6-t2,0.073
Suds3,Morphologically normal,1,1,WES,hairfollicle03-a3,0.602
Sult2a3,Morphologically normal,1,1,WES,hairfollicle04-c6-t3,0.06
Sult2b1,Morphologically normal,1,1,WES,hairfollicle05-c7-t2,0.126
Sult4a1,Morphologically normal,1,1,WES,hairfollicle05-b5-t3,0.088
Sumf1,Morphologically normal,1,1,WES,hairfollicle05-b1-t3,0.156
Sumf2,Morphologically normal,1,1,WES,hairfollicle05-b5-t3,0.155
Sun1,HF papilloma,1,1,WES,hairfollicle04-c2-t3,0.051
Sun3,Morphologically normal,1,1,WES,hairfollicle05-e5-t3,0.023
Sun3,Skin papilloma,1,1,WES,skin04-c4-t2,0.057
Supt16,Morphologically normal,1,1,WES,hairfollicle04-c6-t3,0.088
Supt5,Morphologically normal,1,1,WES,skin04-c6-t2,0.052
Suz12,Morphologically normal,1,1,WES,skin04-c6-t2,0.097
Svep1,Morphologically normal,2,4,WES,hairfollicle05-b5-t3; hairfollicle05-e5-t3,0.049
Svs1,Morphologically normal,1,1,WES,hairfollicle05-b5-t3,0.068
Swsap1,Skin papilloma,1,1,WES,skin04-c2-t2,0.042
Sycp2,Morphologically normal,1,1,WES,hairfollicle04-c6-t3,0.135
Sycp2l,Morphologically normal,1,1,WES,skin04-c6-t2,0.053
Syk,HF papilloma,1,1,WES,hairfollicle04-c5-t3,0.034
Syn1,Morphologically normal,1,1,WES,hairfollicle05-e5-t3,0.023
Syn1,Skin papilloma,1,1,WES,skin04-c4-t2,0.097
Syn2,HF papilloma,1,1,WES,hairfollicle04-c5-t3,0.032
Syna,Morphologically normal,1,1,WES,hairfollicle05-b5-t3,0.1
Syne1,Morphologically normal,9,9,TES; WES,hairfollicle05-c7-t2; hairfollicle05-e5-t3; hairfollicle21-c5-w17; hairfollicle21-d1-w8; hairfollicle21-d4-w17; hairfollicle21-e5-w17; hairfollicle21-f5-w17; hairfollicle21-f6-w17; hairfollicle21-g2-w19,0.524
Syne1,HF papilloma,2,3,TES; WES,hairfollicle04-c2-t3; hairfollicle21-f1-w8,0.187
Syne1,HF SCC,5,8,TES,hairfollicle21-b6-w14; hairfollicle21-b7-w8; hairfollicle21-c6-w14; hairfollicle21-c7-w8; hairfollicle21-e3-w14,0.578
Syne1,Skin papilloma,1,2,WES,skin04-c5-t2,0.097
Syne2,Morphologically normal,8,10,TES; WES,hairfollicle05-b1-t3; hairfollicle05-c7-t2; hairfollicle05-e5-t3; hairfollicle21-c1-w17; hairfollicle21-c5-w14; hairfollicle21-d1-w8; hairfollicle21-e5-w17; hairfollicle21-g4-w14,0.385
Syne2,HF papilloma,4,4,TES; WES,hairfollicle04-c4-t3; hairfollicle21-d2-w8; hairfollicle21-e2-w14; hairfollicle21-e2-w8,0.556
Syne2,HF SCC,6,7,TES,hairfollicle21-b6-w14; hairfollicle21-b7-w8; hairfollicle21-c6-w8; hairfollicle21-c7-w8; hairfollicle21-e4-w14; hairfollicle21-f3-w8,0.454
Syne3,Morphologically normal,1,1,WES,skin04-c6-t2,0.034
Syne3,Skin papilloma,1,1,WES,skin04-c4-t2,0.028
Syngr1,Morphologically normal,1,1,WES,skin04-c6-t2,0.031
Synj1,Morphologically normal,1,1,WES,hairfollicle05-e5-t3,0.026
Synj2,Morphologically normal,1,1,WES,hairfollicle05-c7-t2,0.1
Synm,HF papilloma,1,1,TES,hairfollicle21-f1-w8,0.201
Synpo,Morphologically normal,1,1,WES,hairfollicle05-c7-t2,0.097
Synpo,Skin papilloma,1,1,WES,skin04-c5-t2,0.046
Synpo2l,Skin papilloma,1,1,WES,skin04-c5-t2,0.079
Synrg,Morphologically normal,1,1,WES,hairfollicle05-c7-t2,0.061
Syt1,Morphologically normal,1,1,WES,hairfollicle05-e5-t3,0.021
Syt10,HF papilloma,1,1,WES,hairfollicle04-c2-t3,0.034
Syt11,Morphologically normal,1,1,WES,hairfollicle05-b1-t3,0.15
Syt14,Morphologically normal,1,1,WES,hairfollicle05-e5-t3,0.038
Syt14,HF papilloma,1,1,WES,hairfollicle04-c4-t3,0.037
Syt16,Morphologically normal,1,1,WES,hairfollicle05-c7-t2,0.116
Syt4,Morphologically normal,1,1,WES,hairfollicle05-e5-t3,0.054
Syt6,Morphologically normal,2,2,WES,hairfollicle05-b1-t3; hairfollicle05-e5-t3,0.159
Sytl1,Morphologically normal,1,1,WES,hairfollicle05-e5-t3,0.02
Sytl2,Morphologically normal,1,1,WES,hairfollicle05-c7-t2,0.137
Szt2,Morphologically normal,1,2,WES,skin05-e5-t2,0.088
Szt2,HF papilloma,1,1,WES,hairfollicle04-c5-t3,0.068
Szt2,Skin papilloma,1,1,WES,skin04-c2-t2,0.067
Taar2,Morphologically normal,1,1,WES,skin04-c6-t2,0.063
Taar6,Morphologically normal,1,1,WES,hairfollicle05-c7-t2,0.068
Taar7a,Morphologically normal,1,1,WES,skin05-c7-t2,0.032
Taar7a,Skin papilloma,1,1,WES,skin04-c2-t2,0.022
Taar7e,Morphologically normal,1,1,WES,skin04-c6-t2,0.028
Taar8c,HF papilloma,1,1,WES,hairfollicle04-c4-t3,0.049
Tab2,Morphologically normal,1,1,WES,hairfollicle05-e5-t3,0.022
Tab3,Skin papilloma,1,1,WES,skin04-c5-t2,0.065
Tacc1,HF papilloma,1,1,WES,hairfollicle04-c5-t3,0.014
Tacc2,Morphologically normal,1,1,WES,hairfollicle05-c7-t2,0.115
Tacc3,Morphologically normal,1,1,WES,skin05-b5-t2,0.012
Tacr1,HF papilloma,1,1,WES,hairfollicle04-c5-t3,0.044
Taf12,Morphologically normal,1,1,WES,hairfollicle05-c7-t2,0.175
Taf15,Morphologically normal,2,2,WES,hairfollicle05-b1-t3; skin04-c6-t2,0.095
Taf1c,Morphologically normal,1,1,WES,hairfollicle05-e5-t3,0.027
Taf2,HF SCC,1,1,TES,hairfollicle21-c6-w14,0.039
Taf4b,Morphologically normal,1,1,WES,hairfollicle05-b5-t3,0.065
Taf5l,Morphologically normal,1,1,WES,skin04-c6-t2,0.056
Taf7,Morphologically normal,1,1,WES,hairfollicle05-c7-t2,0.094
Tafa2,Morphologically normal,1,1,WES,hairfollicle05-c7-t2,0.158
Tagap,Morphologically normal,1,1,WES,hairfollicle05-b5-t3,0.065
Tango2,Morphologically normal,2,1,WES,hairfollicle05-c7-t2; skin05-c7-t2,0.08
Tango6,Morphologically normal,1,1,WES,hairfollicle05-c7-t2,0.095
Tank,Morphologically normal,1,1,WES,hairfollicle05-b5-t3,0.073
Tarbp1,Morphologically normal,1,1,WES,skin05-b1-t2,0.038
Tarm1,Morphologically normal,1,1,WES,hairfollicle05-e5-t3,0.058
Tas1r1,Skin papilloma,1,1,WES,skin04-c5-t2,0.1
Tas1r3,Morphologically normal,1,1,WES,skin04-c6-t2,0.047
Tas2r130,HF papilloma,1,1,WES,hairfollicle04-c4-t3,0.06
Tas2r130,Skin papilloma,1,1,WES,skin04-c4-t2,0.04
Tas2r134,Morphologically normal,1,1,WES,skin05-b5-t2,0.031
Tas2r137,Skin papilloma,1,1,WES,skin04-c5-t2,0.036
Tasor2,Morphologically normal,1,1,WES,hairfollicle05-c7-t2,0.088
Tat,HF papilloma,1,1,WES,hairfollicle04-c4-t3,0.044
Tatdn2,Skin papilloma,1,1,WES,skin04-c4-t2,0.048
Tbc1d10c,Morphologically normal,1,1,WES,hairfollicle05-e5-t3,0.023
Tbc1d13,Morphologically normal,2,2,WES,hairfollicle05-c7-t2; skin04-c6-t2,0.088
Tbc1d16,HF papilloma,1,1,WES,hairfollicle04-c4-t3,0.039
Tbc1d21,Morphologically normal,1,1,WES,hairfollicle05-e5-t3,0.053
Tbc1d22a,Morphologically normal,1,1,WES,skin05-b5-t2,0.088
Tbc1d25,Morphologically normal,1,1,WES,hairfollicle05-b5-t3,0.117
Tbc1d30,Morphologically normal,1,1,WES,hairfollicle05-b1-t3,0.2
Tbc1d4,HF papilloma,1,1,WES,hairfollicle04-c4-t3,0.088
Tbc1d5,Morphologically normal,2,2,TES; WES,hairfollicle05-e5-t3; hairfollicle21-c5-w14,0.051
Tbc1d5,Skin papilloma,1,1,WES,skin04-c5-t2,0.07
Tbc1d8,Morphologically normal,1,1,WES,skin04-c6-t2,0.062
Tbc1d9b,Morphologically normal,1,1,WES,hairfollicle05-e5-t3,0.043
Tbc1d9b,HF papilloma,1,1,WES,hairfollicle04-c4-t3,0.054
Tbcb,Morphologically normal,2,2,WES,hairfollicle05-c7-t2; hairfollicle05-e5-t3,0.096
Tbcd,Morphologically normal,1,1,WES,hairfollicle03-a3,0.864
Tbck,Morphologically normal,1,1,WES,hairfollicle05-c7-t2,0.096
Tbl1x,Morphologically normal,1,1,WES,hairfollicle04-c6-t3,0.036
Tbl3,Morphologically normal,1,1,WES,hairfollicle04-c6-t3,0.06
Tbrg4,Morphologically normal,1,1,WES,hairfollicle05-e5-t3,0.018
Tbx15,Morphologically normal,1,1,WES,skin04-c6-t2,0.091
Tbx18,HF papilloma,1,1,WES,hairfollicle04-c2-t3,0.026
Tbx18,Skin papilloma,1,1,WES,skin04-c2-t2,0.037
Tbx19,Morphologically normal,1,1,WES,hairfollicle05-b1-t3,0.119
Tbx2,Morphologically normal,1,1,WES,skin05-e5-t2,0.083
Tbxas1,HF papilloma,1,1,WES,hairfollicle04-c2-t3,0.025
Tcaf3,Morphologically normal,1,1,WES,hairfollicle04-c6-t3,0.041
Tcaf3,HF papilloma,1,1,WES,hairfollicle04-c2-t3,0.02
Tcam1,HF papilloma,1,1,WES,hairfollicle04-c2-t3,0.038
Tcea3,Morphologically normal,1,1,WES,hairfollicle04-c6-t3,0.043
Tceanc2,Morphologically normal,1,1,WES,hairfollicle05-c7-t2,0.235
Tcerg1,Morphologically normal,1,1,TES,hairfollicle21-f2-w14,0.179
Tcf20,Morphologically normal,1,1,WES,hairfollicle05-c7-t2,0.136
Tcf21,HF papilloma,1,1,WES,hairfollicle04-c5-t3,0.024
Tcf3,Morphologically normal,1,1,WES,skin04-c6-t2,0.056
Tcfl5,Morphologically normal,1,1,WES,hairfollicle05-c7-t2,0.067
Tchh,Morphologically normal,1,2,WES,hairfollicle04-c6-t3,0.076
Tchh,HF papilloma,1,3,WES,hairfollicle04-c5-t3,0.03
Tchp,Morphologically normal,1,1,WES,hairfollicle05-b5-t3,0.081
Tcp10a,Morphologically normal,1,1,WES,skin04-c6-t2,0.048
Tctex1d2,Skin papilloma,1,1,WES,skin04-c4-t2,0.043
Tctex1d4,HF papilloma,1,1,WES,hairfollicle04-c5-t3,0.025
Tdp1,HF papilloma,1,1,WES,hairfollicle04-c4-t3,0.069
Tdrd1,HF papilloma,1,1,WES,hairfollicle04-c2-t3,0.028
Tdrd12,Morphologically normal,1,1,WES,hairfollicle05-c7-t2,0.125
Tdrd3,Morphologically normal,1,1,WES,hairfollicle05-c7-t2,0.071
Tdrd6,Morphologically normal,2,3,WES,hairfollicle04-c6-t3; hairfollicle05-c7-t2,0.517
Tdrd9,HF papilloma,1,1,WES,hairfollicle04-c5-t3,0.035
Tead1,Morphologically normal,1,1,WES,skin05-c7-t2,0.085
Tecpr1,Morphologically normal,1,1,WES,skin04-c6-t2,0.088
Tecpr1,Skin papilloma,2,2,WES,skin04-c2-t2; skin04-c4-t2,0.071
Tecta,Morphologically normal,1,1,WES,hairfollicle05-e5-t3,0.037
Tedc2,Morphologically normal,1,1,WES,hairfollicle04-c6-t3,0.045
Tefm,Morphologically normal,1,1,WES,skin04-c6-t2,0.1
Tek,Morphologically normal,1,1,WES,hairfollicle03-a3,0.583
Telo2,Morphologically normal,2,2,WES,hairfollicle05-c7-t2; hairfollicle05-e5-t3,0.062
Tenm1,Morphologically normal,2,2,WES,hairfollicle05-e5-t3; skin04-c6-t2,0.061
Tenm2,Morphologically normal,3,3,WES,hairfollicle04-c6-t3; hairfollicle05-b1-t3; hairfollicle05-e5-t3,0.214
Tenm3,Morphologically normal,2,2,WES,hairfollicle05-e5-t3; skin05-c7-t2,0.089
Tenm3,Skin papilloma,1,1,WES,skin04-c5-t2,0.028
Tenm4,Morphologically normal,1,1,WES,hairfollicle05-b5-t3,0.196
Tent5a,Morphologically normal,1,1,WES,hairfollicle05-b5-t3,0.071
Tepsin,HF papilloma,1,1,WES,hairfollicle04-c2-t3,0.039
Tert,Morphologically normal,1,1,WES,skin05-e5-t2,0.049
Tet2,HF papilloma,1,1,TES,hairfollicle21-f1-w8,0.275
Tet2,HF SCC,1,1,TES,hairfollicle21-c6-w14,0.03
Tet3,Morphologically normal,1,1,WES,skin05-e5-t2,0.077
Tex11,Skin papilloma,1,1,WES,skin04-c5-t2,0.045
Tex12,Morphologically normal,1,1,WES,hairfollicle05-e5-t3,0.052
Tex14,Morphologically normal,2,2,WES,hairfollicle05-c7-t2; hairfollicle05-e5-t3,0.077
Tex24,Morphologically normal,2,3,WES,hairfollicle04-c6-t3; hairfollicle05-e5-t3,0.075
Tex261,Morphologically normal,1,1,WES,skin05-e5-t2,0.063
Tex33,Morphologically normal,1,1,WES,hairfollicle05-b5-t3,0.066
Tex37,Morphologically normal,1,1,WES,hairfollicle05-e5-t3,0.037
Tex38,Morphologically normal,1,1,WES,hairfollicle05-c7-t2,0.1
Tex43,Skin papilloma,1,1,WES,skin04-c2-t2,0.029
Tex44,Morphologically normal,1,1,WES,skin05-b5-t2,0.037
Tex46,Morphologically normal,1,1,WES,hairfollicle05-b5-t3,0.068
Tfap2c,Skin papilloma,1,1,WES,skin04-c5-t2,0.061
Tfcp2l1,Morphologically normal,1,1,WES,hairfollicle05-e5-t3,0.037
Tfdp2,Skin papilloma,1,1,WES,skin04-c5-t2,0.075
Tfeb,Morphologically normal,1,1,WES,hairfollicle05-c7-t2,0.125
Tfip11,Morphologically normal,1,1,WES,hairfollicle05-e5-t3,0.023
Tfr2,Morphologically normal,1,2,WES,hairfollicle05-b1-t3,0.125
Tg,Morphologically normal,2,2,WES,hairfollicle05-c7-t2; skin04-c6-t2,0.094
Tg,HF papilloma,1,1,WES,hairfollicle04-c5-t3,0.032
Tgm5,Skin papilloma,1,1,WES,skin04-c5-t2,0.083
Tgm6,Morphologically normal,1,1,WES,hairfollicle04-c6-t3,0.049
Tgm7,Skin papilloma,2,2,WES,skin04-c4-t2; skin04-c5-t2,0.047
Thada,Morphologically normal,1,1,WES,skin05-e5-t2,0.063
Thap1,Morphologically normal,1,1,WES,hairfollicle05-e5-t3,0.012
Thap1,HF papilloma,2,2,WES,hairfollicle04-c2-t3; hairfollicle04-c4-t3,0.341
Thap1,Skin papilloma,1,2,WES,skin04-c2-t2,0.031
Thap7,HF papilloma,1,1,WES,hairfollicle04-c4-t3,0.06
Thbs4,Morphologically normal,1,1,WES,skin04-c6-t2,0.056
Them4,Morphologically normal,1,1,WES,hairfollicle05-e5-t3,0.042
Themis,HF papilloma,1,1,WES,hairfollicle04-c2-t3,0.034
Thoc1,Morphologically normal,1,1,WES,hairfollicle05-e5-t3,0.035
Thoc2l,Morphologically normal,1,1,WES,hairfollicle05-c7-t2,0.119
Thop1,Morphologically normal,2,3,WES,hairfollicle04-c6-t3; skin04-c6-t2,0.067
Thrb,Morphologically normal,1,1,WES,hairfollicle04-c6-t3,0.049
Thsd1,Morphologically normal,1,1,WES,hairfollicle05-c7-t2,0.088
Thsd1,HF papilloma,1,1,WES,hairfollicle04-c4-t3,0.059
Thsd4,Morphologically normal,1,3,WES,hairfollicle05-c7-t2,0.098
Thsd7a,HF papilloma,1,1,WES,hairfollicle04-c5-t3,0.04
Thsd7b,Morphologically normal,1,1,WES,hairfollicle05-e5-t3,0.052
Thtpa,Morphologically normal,1,1,WES,hairfollicle05-c7-t2,0.09
Thumpd2,HF papilloma,1,1,WES,hairfollicle04-c5-t3,0.023
Thy1,Morphologically normal,1,1,WES,hairfollicle05-e5-t3,0.05
Tiam1,Morphologically normal,1,1,WES,hairfollicle05-b5-t3,0.077
Tiam1,Skin papilloma,1,1,WES,skin04-c5-t2,0.057
Tiam2,Morphologically normal,1,1,WES,hairfollicle04-c6-t3,0.043
Tiam2,Skin papilloma,1,1,WES,skin04-c5-t2,0.03
Timd2,HF papilloma,1,1,WES,hairfollicle04-c4-t3,0.107
Timeless,Morphologically normal,3,3,WES,hairfollicle05-b1-t3; hairfollicle05-c7-t2; skin04-c6-t2,0.136
Timm50,HF papilloma,1,1,WES,hairfollicle04-c5-t3,0.027
Timmdc1,Skin papilloma,1,1,WES,skin04-c2-t2,0.1
Tjp1,Skin papilloma,1,1,WES,skin04-c5-t2,0.048
Tktl1,Skin papilloma,1,1,WES,skin04-c5-t2,0.079
Tle4,Morphologically normal,1,1,WES,hairfollicle04-c6-t3,0.133
Tll1,Morphologically normal,1,1,WES,hairfollicle05-c7-t2,0.091
Tln1,Morphologically normal,3,3,WES,hairfollicle05-c7-t2; hairfollicle05-e5-t3; skin04-c6-t2,0.103
Tln1,HF papilloma,1,1,WES,hairfollicle04-c5-t3,0.03
Tln1,Skin papilloma,1,1,WES,skin04-c5-t2,0.055
Tln2,Morphologically normal,2,2,WES,hairfollicle04-c6-t3; hairfollicle05-e5-t3,0.035
Tlr11,Morphologically normal,2,3,WES,hairfollicle04-c6-t3; hairfollicle05-e5-t3,0.04
Tlr9,Morphologically normal,1,1,WES,hairfollicle05-c7-t2,0.051
Tm4sf1,Morphologically normal,1,1,WES,hairfollicle05-e5-t3,0.052
Tm4sf1,HF papilloma,1,1,WES,hairfollicle04-c2-t3,0.027
Tm4sf4,HF papilloma,1,1,WES,hairfollicle04-c5-t3,0.038
Tmbim7,Skin papilloma,1,1,WES,skin04-c5-t2,0.083
Tmc2,Morphologically normal,2,2,WES,hairfollicle05-e5-t3; skin04-c6-t2,0.048
Tmc3,Morphologically normal,1,1,WES,skin04-c6-t2,0.084
Tmc4,Skin papilloma,1,1,WES,skin04-c4-t2,0.075
Tmcc2,Morphologically normal,1,1,WES,hairfollicle05-c7-t2,0.074
Tmco5,Morphologically normal,1,1,WES,hairfollicle05-e5-t3,0.036
Tmed3,Morphologically normal,1,1,WES,hairfollicle05-e5-t3,0.038
Tmed9,Morphologically normal,1,1,WES,hairfollicle05-e5-t3,0.029
Tmeff1,Morphologically normal,1,1,WES,hairfollicle05-e5-t3,0.055
Tmem104,Morphologically normal,1,1,WES,hairfollicle05-b5-t3,0.077
Tmem120a,Morphologically normal,1,1,WES,skin04-c6-t2,0.052
Tmem120b,Morphologically normal,1,1,WES,hairfollicle05-b1-t3,0.119
Tmem130,Skin papilloma,1,1,WES,skin04-c5-t2,0.046
Tmem131,Morphologically normal,1,1,WES,skin05-b5-t2,0.084
Tmem131l,Morphologically normal,1,1,WES,hairfollicle04-c6-t3,0.081
Tmem145,Morphologically normal,1,1,WES,hairfollicle05-e5-t3,0.045
Tmem150c,Morphologically normal,1,1,WES,hairfollicle05-b1-t3,0.2
Tmem159,Morphologically normal,2,2,WES,hairfollicle05-c7-t2; hairfollicle05-e5-t3,0.086
Tmem163,Morphologically normal,1,1,WES,hairfollicle04-c6-t3,0.135
Tmem175,Morphologically normal,1,1,WES,hairfollicle05-e5-t3,0.045
Tmem176a,Skin papilloma,1,1,WES,skin04-c5-t2,0.036
Tmem178b,HF papilloma,1,1,WES,hairfollicle04-c5-t3,0.025
Tmem178b,Skin papilloma,1,1,WES,skin04-c5-t2,0.026
Tmem179b,Morphologically normal,1,1,WES,skin04-c6-t2,0.061
Tmem201,Skin papilloma,1,1,WES,skin04-c2-t2,0.065
Tmem211,Morphologically normal,1,1,WES,skin05-e5-t2,0.034
Tmem214,Skin papilloma,1,1,WES,skin04-c2-t2,0.033
Tmem219,Skin papilloma,1,1,WES,skin04-c4-t2,0.06
Tmem229a,Morphologically normal,1,1,WES,hairfollicle04-c6-t3,0.099
Tmem237,Morphologically normal,1,1,WES,hairfollicle05-e5-t3,0.038
Tmem237,HF papilloma,1,1,WES,hairfollicle04-c5-t3,0.032
Tmem260,Morphologically normal,1,1,WES,hairfollicle04-c6-t3,0.071
Tmem268,Morphologically normal,1,1,WES,hairfollicle05-b5-t3,0.078
Tmem270,Morphologically normal,1,1,WES,hairfollicle05-e5-t3,0.029
Tmem29,Skin papilloma,1,1,WES,skin04-c5-t2,0.045
Tmem39a,Morphologically normal,1,1,WES,hairfollicle05-b5-t3,0.129
Tmem39b,HF papilloma,1,1,WES,hairfollicle04-c4-t3,0.056
Tmem41a,Morphologically normal,1,1,WES,hairfollicle05-b1-t3,0.142
Tmem43,Skin papilloma,1,1,WES,skin04-c4-t2,0.017
Tmem54,Morphologically normal,1,1,WES,hairfollicle05-e5-t3,0.019
Tmem63b,Morphologically normal,1,1,WES,hairfollicle05-b5-t3,0.07
Tmem63b,HF papilloma,1,1,WES,hairfollicle04-c2-t3,0.036
Tmem8b,HF papilloma,1,1,WES,hairfollicle04-c2-t3,0.042
Tmem94,Morphologically normal,1,1,WES,hairfollicle05-b5-t3,0.062
Tmem94,HF papilloma,1,1,WES,hairfollicle04-c4-t3,0.063
Tmem9b,HF papilloma,1,1,WES,hairfollicle04-c5-t3,0.025
Tmprss11a,Morphologically normal,1,2,WES,hairfollicle05-e5-t3,0.03
Tmprss11b,Morphologically normal,1,1,WES,skin04-c6-t2,0.043
Tmprss13,Morphologically normal,1,2,WES,skin05-b5-t2,0.081
Tmprss13,Skin papilloma,1,1,WES,skin04-c2-t2,0.072
Tmprss4,HF papilloma,1,1,WES,hairfollicle04-c2-t3,0.04
Tmprss5,Morphologically normal,1,1,WES,hairfollicle05-c7-t2,0.111
Tmprss5,HF papilloma,1,1,WES,hairfollicle04-c2-t3,0.037
Tmprss6,Skin papilloma,1,1,WES,skin04-c5-t2,0.042
Tmprss9,HF papilloma,1,2,WES,hairfollicle04-c5-t3,0.043
Tmprss9,Skin papilloma,1,1,WES,skin04-c5-t2,0.071
Tmx4,Morphologically normal,1,1,WES,hairfollicle05-e5-t3,0.045
Tnc,Morphologically normal,1,1,WES,skin05-b5-t2,0.063
Tnfrsf11a,Morphologically normal,1,1,WES,hairfollicle05-b5-t3,0.04
Tnfrsf14,HF papilloma,1,1,WES,hairfollicle04-c5-t3,0.058
Tnfrsf17,Morphologically normal,1,1,WES,hairfollicle05-c7-t2,0.085
Tnfrsf1b,Morphologically normal,1,1,WES,hairfollicle05-c7-t2,0.12
Tnfrsf21,Morphologically normal,1,1,WES,hairfollicle05-e5-t3,0.02
Tnfrsf26,Morphologically normal,1,1,WES,skin04-c6-t2,0.088
Tnfrsf8,HF papilloma,2,2,WES,hairfollicle04-c2-t3; hairfollicle04-c4-t3,0.08
Tnfsf15,Morphologically normal,1,1,WES,skin04-c6-t2,0.054
Tnfsf18,HF papilloma,1,1,WES,hairfollicle04-c4-t3,0.044
Tnik,Morphologically normal,1,1,WES,skin04-c6-t2,0.063
Tnip1,HF papilloma,1,1,WES,hairfollicle04-c2-t3,0.027
Tnk2,Morphologically normal,1,1,WES,hairfollicle05-b5-t3,0.075
Tnks,Morphologically normal,2,2,WES,hairfollicle04-c6-t3; hairfollicle05-e5-t3,0.036
Tnn,Morphologically normal,1,1,WES,hairfollicle04-c6-t3,0.049
Tnn,Skin papilloma,1,1,WES,skin04-c2-t2,0.042
Tnni3,Morphologically normal,1,1,WES,hairfollicle04-c6-t3,0.055
Tnni3k,Morphologically normal,1,1,WES,hairfollicle04-c6-t3,0.047
Tnnt3,Morphologically normal,1,1,WES,hairfollicle05-b5-t3,0.051
Tnp2,HF papilloma,1,1,WES,hairfollicle04-c5-t3,0.027
Tnpo2,Morphologically normal,1,1,WES,hairfollicle05-c7-t2,0.071
Tnpo3,Morphologically normal,1,1,WES,skin05-e5-t2,0.056
Tnr,Morphologically normal,2,2,TES,hairfollicle21-c5-w14; hairfollicle21-d1-w8,0.325
Tnr,HF papilloma,1,1,WES,hairfollicle04-c5-t3,0.041
Tnr,HF SCC,3,1,TES,hairfollicle21-b6-w14; hairfollicle21-e3-w14; hairfollicle21-f6-w19,0.666
Tnr,Skin papilloma,1,1,WES,skin04-c5-t2,0.043
Tnrc6a,Morphologically normal,1,2,WES,hairfollicle05-c7-t2,0.136
Tnrc6a,HF papilloma,1,1,WES,hairfollicle04-c5-t3,0.032
Tnrc6b,Morphologically normal,1,1,WES,skin04-c6-t2,0.065
Tnrc6c,Morphologically normal,2,2,WES,hairfollicle05-b5-t3; skin05-b1-t2,0.05
Tns1,Morphologically normal,1,1,WES,skin05-b5-t2,0.03
Tns1,Skin papilloma,1,1,WES,skin04-c5-t2,0.083
Tns3,Morphologically normal,1,1,WES,skin05-c7-t2,0.077
Tns4,Morphologically normal,1,1,WES,hairfollicle05-c7-t2,0.136
Tnxb,Morphologically normal,2,5,WES,hairfollicle05-c7-t2; skin04-c6-t2,0.115
Tnxb,HF papilloma,1,1,WES,hairfollicle04-c4-t3,0.088
Tnxb,Skin papilloma,1,1,WES,skin04-c4-t2,0.013
Tob1,Morphologically normal,3,4,TES,hairfollicle21-g4-w8; hairfollicle21-g6-w8; skin21-c6-w19,0.375
Tob1,HF SCC,1,1,TES,hairfollicle21-c7-w8,0.282
Tonsl,Morphologically normal,1,1,WES,hairfollicle05-e5-t3,0.021
Tonsl,Skin papilloma,1,1,WES,skin04-c5-t2,0.063
Top1mt,Morphologically normal,1,1,WES,hairfollicle05-c7-t2,0.097
Topors,Skin papilloma,1,1,WES,skin04-c5-t2,0.05
Tor1aip2,Morphologically normal,1,1,WES,hairfollicle05-e5-t3,0.032
Tor4a,Skin papilloma,1,1,WES,skin04-c5-t2,0.041
Tpp1,Morphologically normal,1,1,WES,hairfollicle05-b1-t3,0.105
Tpsab1,HF papilloma,1,1,WES,hairfollicle04-c5-t3,0.035
Tpsab1,Skin papilloma,1,1,WES,skin04-c4-t2,0.045
Trabd,Morphologically normal,1,1,WES,skin05-b5-t2,0.075
Trabd2b,Morphologically normal,1,1,WES,hairfollicle04-c6-t3,0.042
Traf6,Morphologically normal,1,1,WES,hairfollicle05-c7-t2,0.114
Traf6,HF papilloma,1,1,WES,hairfollicle04-c2-t3,0.032
Traf7,HF papilloma,1,1,WES,hairfollicle04-c2-t3,0.023
Traj19,Morphologically normal,1,1,WES,hairfollicle05-c7-t2,0.156
Traj57,Morphologically normal,1,1,WES,hairfollicle05-e5-t3,0.067
Trak2,Morphologically normal,1,3,WES,hairfollicle05-c7-t2,0.115
Trank1,Morphologically normal,1,1,WES,hairfollicle05-c7-t2,0.088
Trank1,HF papilloma,1,1,WES,hairfollicle04-c4-t3,0.037
Trappc11,Morphologically normal,1,1,WES,hairfollicle05-c7-t2,0.1
Trappc12,Morphologically normal,1,1,WES,hairfollicle05-e5-t3,0.023
Trappc9,Morphologically normal,1,1,TES,hairfollicle21-c2-w17,0.111
Trappc9,HF papilloma,1,1,WES,hairfollicle04-c4-t3,0.055
Trappc9,HF SCC,1,1,TES,hairfollicle21-c6-w8,0.364
Trappc9,Skin papilloma,1,1,TES,skin21-f1-w19,0.067
Trarg1,Skin papilloma,1,1,WES,skin04-c5-t2,0.032
Trav13-1,HF papilloma,1,1,WES,hairfollicle04-c2-t3,0.022
Trav13-2,Morphologically normal,1,1,WES,hairfollicle05-c7-t2,0.105
Trav14-3,Morphologically normal,1,1,WES,hairfollicle05-c7-t2,0.166
Trav2,Morphologically normal,1,1,WES,hairfollicle05-e5-t3,0.019
Trav3-4,Morphologically normal,1,1,WES,hairfollicle05-e5-t3,0.019
Trav4-4-dv10,HF papilloma,1,1,WES,hairfollicle04-c2-t3,0.013
Trav6-7-dv9,Morphologically normal,1,1,WES,hairfollicle05-c7-t2,0.1
Trav7-3,Morphologically normal,1,1,WES,hairfollicle05-c7-t2,0.148
Trav7-6,HF papilloma,1,1,WES,hairfollicle04-c5-t3,0.046
Trav9d-4,Morphologically normal,1,1,WES,hairfollicle04-c6-t3,0.046
Trbv13-1,Morphologically normal,1,1,WES,hairfollicle05-b5-t3,0.065
Trbv13-3,Morphologically normal,1,1,WES,hairfollicle05-e5-t3,0.029
Trdn,HF papilloma,1,2,WES,hairfollicle04-c5-t3,0.053
Trdv1,Morphologically normal,1,1,WES,hairfollicle05-b5-t3,0.07
Trem3,Morphologically normal,1,1,WES,hairfollicle05-e5-t3,0.041
Trem3,Skin papilloma,1,1,WES,skin04-c2-t2,0.051
Trex1,Morphologically normal,1,1,WES,hairfollicle05-c7-t2,0.128
Trgc1,HF papilloma,1,1,WES,hairfollicle04-c4-t3,0.044
Trgv3,Skin papilloma,1,1,WES,skin04-c5-t2,0.091
Trhde,HF papilloma,2,2,WES,hairfollicle04-c2-t3; hairfollicle04-c5-t3,0.044
Trhr2,HF papilloma,1,1,WES,hairfollicle04-c5-t3,0.044
Trib2,Morphologically normal,1,1,WES,hairfollicle05-e5-t3,0.031
Trim14,Skin papilloma,1,1,WES,skin04-c5-t2,0.049
Trim21,Morphologically normal,1,1,WES,skin05-b1-t2,0.035
Trim24,HF papilloma,1,1,WES,hairfollicle04-c5-t3,0.052
Trim27,Morphologically normal,1,1,WES,hairfollicle05-b1-t3,0.123
Trim28,Morphologically normal,2,3,WES,hairfollicle05-c7-t2; skin04-c6-t2,0.1
Trim3,Morphologically normal,1,1,WES,hairfollicle05-e5-t3,0.023
Trim30b,Morphologically normal,1,1,WES,hairfollicle05-e5-t3,0.025
Trim30c,Skin papilloma,1,1,WES,skin04-c5-t2,0.037
Trim31,HF papilloma,1,1,WES,hairfollicle04-c4-t3,0.048
Trim36,HF papilloma,1,1,WES,hairfollicle04-c2-t3,0.036
Trim38,Morphologically normal,1,2,WES,hairfollicle05-b5-t3,0.17
Trim40,Skin papilloma,1,1,WES,skin04-c5-t2,0.042
Trim45,HF papilloma,1,1,WES,hairfollicle04-c5-t3,0.039
Trim6,Morphologically normal,2,2,WES,hairfollicle05-c7-t2; hairfollicle05-e5-t3,0.13
Trim62,Morphologically normal,1,1,WES,skin04-c6-t2,0.04
Trim66,Morphologically normal,1,1,WES,hairfollicle05-c7-t2,0.074
Trim68,Morphologically normal,1,1,WES,hairfollicle05-c7-t2,0.1
Trim69,Morphologically normal,1,1,WES,hairfollicle05-c7-t2,0.1
Trim9,Morphologically normal,1,1,WES,skin04-c6-t2,0.081
Trio,Morphologically normal,4,5,WES,hairfollicle04-c6-t3; hairfollicle05-b1-t3; hairfollicle05-e5-t3; skin04-c6-t2,0.13
Trio,Skin papilloma,1,2,WES,skin04-c2-t2,0.088
Triobp,HF papilloma,1,1,WES,hairfollicle04-c5-t3,0.029
Trip10,Morphologically normal,1,1,WES,hairfollicle05-c7-t2,0.103
Trip12,Morphologically normal,1,1,WES,skin05-e5-t2,0.075
Trip13,Morphologically normal,1,1,WES,hairfollicle05-c7-t2,0.259
Trmt1,Morphologically normal,1,1,WES,skin05-e5-t2,0.081
Trmt11,Morphologically normal,1,1,WES,hairfollicle05-e5-t3,0.065
Trmt13,Morphologically normal,1,1,WES,hairfollicle05-b5-t3,0.07
Trmt1l,Morphologically normal,1,1,WES,hairfollicle05-b5-t3,0.062
Trmt2a,Skin papilloma,1,1,WES,skin04-c5-t2,0.05
Trmt6,Morphologically normal,1,1,WES,hairfollicle05-e5-t3,0.022
Tro,Morphologically normal,2,5,WES,hairfollicle05-b5-t3; skin05-b1-t2,0.059
Tro,HF papilloma,1,1,WES,hairfollicle04-c2-t3,0.02
Tro,Skin papilloma,1,1,WES,skin04-c5-t2,0.028
Trpc4,Morphologically normal,1,1,WES,skin04-c6-t2,0.056
Trpc5os,Morphologically normal,1,1,WES,skin04-c6-t2,0.065
Trpc7,Morphologically normal,1,1,WES,hairfollicle05-b1-t3,0.333
Trpc7,HF papilloma,1,1,WES,hairfollicle03-f6-t2,0.133
Trpm1,Morphologically normal,2,2,WES,hairfollicle05-b5-t3; hairfollicle05-e5-t3,0.077
Trpm1,Skin papilloma,1,1,WES,skin04-c4-t2,0.077
Trpm2,HF papilloma,1,2,WES,hairfollicle04-c4-t3,0.052
Trpm2,Skin papilloma,1,1,WES,skin04-c5-t2,0.037
Trpm6,Morphologically normal,2,2,WES,hairfollicle05-b5-t3; hairfollicle05-e5-t3,0.111
Trpm8,HF papilloma,1,1,WES,hairfollicle04-c5-t3,0.065
Trpv4,Morphologically normal,1,1,WES,skin04-c6-t2,0.071
Trpv6,Skin papilloma,1,2,WES,skin04-c2-t2,0.065
Trrap,Morphologically normal,4,4,TES; WES,hairfollicle05-e5-t3; hairfollicle21-e6-w17; hairfollicle21-f1-w17; skin05-b1-t2,0.227
Trrap,HF SCC,4,4,TES,hairfollicle21-b6-w14; hairfollicle21-b7-w8; hairfollicle21-c6-w14; hairfollicle21-c7-w8,0.593
Try5,HF papilloma,1,1,WES,hairfollicle04-c2-t3,0.026
Tsc1,HF SCC,1,1,TES,hairfollicle21-b6-w14,0.308
Tsc2,Morphologically normal,2,3,WES,hairfollicle05-b5-t3; hairfollicle05-e5-t3,0.128
Tsc22d1,HF papilloma,1,1,WES,hairfollicle04-c4-t3,0.043
Tsc22d4,Skin papilloma,1,1,WES,skin04-c5-t2,0.07
Tsfm,Morphologically normal,1,2,WES,hairfollicle05-e5-t3,0.023
Tsg101,Morphologically normal,1,1,WES,skin04-c6-t2,0.035
Tsga13,Morphologically normal,1,1,WES,hairfollicle05-e5-t3,0.025
Tshz2,Morphologically normal,1,1,WES,skin05-e5-t2,0.091
Tsku,Morphologically normal,1,1,WES,hairfollicle05-c7-t2,0.091
Tsnaxip1,Morphologically normal,1,1,WES,skin05-b1-t2,0.064
Tspan10,Skin papilloma,1,1,WES,skin04-c2-t2,0.047
Tspan3,Morphologically normal,1,1,WES,skin04-c6-t2,0.031
Tspan32,Morphologically normal,1,1,WES,hairfollicle05-c7-t2,0.107
Tspan9,Morphologically normal,1,1,WES,hairfollicle05-c7-t2,0.096
Tspo,Morphologically normal,1,1,WES,hairfollicle05-c7-t2,0.083
Tspoap1,Morphologically normal,1,1,WES,hairfollicle05-c7-t2,0.239
Tspyl3,Morphologically normal,1,1,WES,hairfollicle05-c7-t2,0.142
Tssk4,Morphologically normal,1,1,WES,skin04-c6-t2,0.023
Ttbk1,Morphologically normal,1,1,WES,hairfollicle04-c6-t3,0.052
Ttbk1,HF papilloma,1,1,WES,hairfollicle04-c2-t3,0.033
Ttc12,Morphologically normal,2,2,WES,hairfollicle05-b1-t3; hairfollicle05-c7-t2,0.231
Ttc21a,Morphologically normal,1,1,WES,hairfollicle05-e5-t3,0.029
Ttc21a,Skin papilloma,1,1,WES,skin04-c4-t2,0.075
Ttc22,Skin papilloma,2,2,WES,skin04-c2-t2; skin04-c5-t2,0.048
Ttc23,Skin papilloma,1,1,WES,skin04-c2-t2,0.101
Ttc24,Skin papilloma,1,1,WES,skin04-c2-t2,0.1
Ttc26,HF papilloma,1,1,WES,hairfollicle04-c2-t3,0.029
Ttc27,HF SCC,1,2,TES,hairfollicle21-b6-w14,0.332
Ttc28,HF papilloma,1,1,WES,hairfollicle04-c4-t3,0.043
Ttc30a1,Morphologically normal,1,1,WES,hairfollicle04-c6-t3,0.036
Ttc39c,Morphologically normal,1,1,WES,hairfollicle05-e5-t3,0.034
Ttc39c,HF papilloma,1,1,WES,hairfollicle04-c2-t3,0.034
Ttc39c,Skin papilloma,1,1,WES,skin04-c5-t2,0.03
Ttc4,Morphologically normal,1,1,WES,hairfollicle05-e5-t3,0.044
Ttc41,Morphologically normal,1,1,WES,hairfollicle05-c7-t2,0.096
Ttc5,Morphologically normal,1,1,WES,hairfollicle05-b5-t3,0.122
Ttc7,Skin papilloma,1,1,WES,skin04-c4-t2,0.07
Ttf2,Morphologically normal,1,1,WES,skin04-c6-t2,0.091
Ttll3,Morphologically normal,1,1,WES,skin05-b1-t2,0.094
Ttll6,Morphologically normal,1,1,WES,hairfollicle05-c7-t2,0.097
Ttll7,HF papilloma,1,1,WES,hairfollicle04-c5-t3,0.037
Ttn,Morphologically normal,7,16,WES,hairfollicle04-c6-t3; hairfollicle05-b5-t3; hairfollicle05-c7-t2; hairfollicle05-e5-t3; skin04-c6-t2; skin05-b1-t2; skin05-c7-t2,0.118
Ttn,HF papilloma,3,7,WES,hairfollicle04-c2-t3; hairfollicle04-c4-t3; hairfollicle04-c5-t3,0.058
Ttn,Skin papilloma,2,4,WES,skin04-c2-t2; skin04-c5-t2,0.056
Ttyh2,Morphologically normal,1,2,WES,hairfollicle05-e5-t3,0.078
Tuba3b,HF papilloma,1,1,WES,hairfollicle04-c2-t3,0.02
Tubb1,Morphologically normal,1,1,WES,hairfollicle05-b5-t3,0.062
Tubb3,HF papilloma,1,1,WES,hairfollicle04-c5-t3,0.063
Tubb5,Morphologically normal,1,1,WES,hairfollicle05-c7-t2,0.136
Tubg1,Morphologically normal,1,1,WES,hairfollicle05-e5-t3,0.019
Tubgcp2,Skin papilloma,1,1,WES,skin04-c5-t2,0.055
Tubgcp3,Morphologically normal,1,1,WES,hairfollicle05-c7-t2,0.115
Tubgcp5,Morphologically normal,1,1,WES,skin05-e5-t2,0.077
Tubgcp6,Morphologically normal,1,1,WES,hairfollicle05-e5-t3,0.018
Tubgcp6,Skin papilloma,1,1,WES,skin04-c5-t2,0.055
Tuft1,Morphologically normal,1,1,WES,hairfollicle04-c6-t3,0.057
Tut4,Morphologically normal,1,1,WES,hairfollicle05-e5-t3,0.046
Txlna,Morphologically normal,1,1,WES,hairfollicle04-c6-t3,0.069
Txndc15,Skin papilloma,1,1,WES,skin04-c5-t2,0.07
Txndc16,Morphologically normal,1,1,WES,hairfollicle05-e5-t3,0.056
Txndc2,Morphologically normal,2,3,WES,hairfollicle04-c6-t3; hairfollicle05-b1-t3,0.103
Txndc2,HF papilloma,1,2,WES,hairfollicle04-c5-t3,0.021
Txndc2,Skin papilloma,1,2,WES,skin04-c5-t2,0.011
Txndc5,Morphologically normal,1,1,WES,skin05-c7-t2,0.085
Txnip,Morphologically normal,1,1,WES,hairfollicle05-b1-t3,0.124
Txnrd3,Morphologically normal,1,1,WES,hairfollicle04-c6-t3,0.059
Tyms,Morphologically normal,1,1,WES,skin05-b5-t2,0.088
Tyr,Morphologically normal,2,2,WES,hairfollicle05-c7-t2; hairfollicle05-e5-t3,0.12
Tyro3,Morphologically normal,2,2,WES,hairfollicle05-b5-t3; hairfollicle05-c7-t2,0.079
Tyw1,Morphologically normal,1,1,WES,hairfollicle05-b1-t3,0.136
Uba1,Morphologically normal,2,2,WES,hairfollicle05-c7-t2; skin05-e5-t2,0.12
Uba1,HF papilloma,1,1,WES,hairfollicle04-c4-t3,0.046
Uba3,Morphologically normal,1,1,WES,skin04-g2,0.073
Uba6,HF papilloma,1,1,WES,hairfollicle04-c2-t3,0.025
Uba7,Morphologically normal,1,1,WES,skin03-e7,0.079
Ubac2,Morphologically normal,1,1,WES,hairfollicle05-b5-t3,0.068
Ubap2l,Morphologically normal,1,1,WES,hairfollicle05-e5-t3,0.038
Ubash3b,Morphologically normal,2,2,WES,hairfollicle05-e5-t3; skin04-c6-t2,0.071
Ubc,Morphologically normal,1,1,WES,hairfollicle05-b5-t3,0.096
Ube2b,Morphologically normal,1,1,WES,skin04-c6-t2,0.059
Ube2d2a,HF papilloma,1,1,WES,hairfollicle04-c5-t3,0.031
Ube2d2a,Skin papilloma,1,1,WES,skin04-c5-t2,0.053
Ube2dnl2,HF papilloma,1,1,WES,hairfollicle04-c4-t3,0.06
Ube2g2,Morphologically normal,1,1,WES,hairfollicle05-c7-t2,0.086
Ube2j1,Morphologically normal,1,1,WES,skin05-b1-t2,0.039
Ube2j1,Skin papilloma,1,1,WES,skin04-c2-t2,0.04
Ube2l3,HF papilloma,1,1,WES,hairfollicle04-c4-t3,0.044
Ube2l6,Morphologically normal,1,1,WES,hairfollicle05-b5-t3,0.159
Ube2o,Morphologically normal,1,1,WES,hairfollicle05-c7-t2,0.075
Ube3b,HF papilloma,1,1,WES,hairfollicle04-c5-t3,0.025
Ube4b,Morphologically normal,1,2,WES,skin04-c6-t2,0.091
Ubfd1,Morphologically normal,1,1,WES,hairfollicle04-c6-t3,0.043
Ubl4b,Morphologically normal,1,1,WES,hairfollicle04-c6-t3,0.074
Ubl7,Morphologically normal,1,1,WES,skin05-c7-t2,0.057
Ubn2,Morphologically normal,1,1,WES,hairfollicle04-c6-t3,0.082
Ubr2,Morphologically normal,1,1,WES,hairfollicle05-c7-t2,0.125
Ubr2,HF papilloma,1,1,WES,hairfollicle04-c2-t3,0.034
Ubr4,Morphologically normal,2,2,WES,hairfollicle05-b1-t3; skin05-c7-t2,0.231
Ubr5,Morphologically normal,2,3,WES,hairfollicle05-c7-t2; hairfollicle05-e5-t3,0.091
Uck1,Morphologically normal,1,1,WES,hairfollicle05-c7-t2,0.15
Uckl1,Morphologically normal,1,1,WES,hairfollicle05-b1-t3,0.2
Ucma,HF papilloma,1,1,WES,hairfollicle04-c4-t3,0.038
Ucp2,Morphologically normal,1,1,WES,hairfollicle05-b1-t3,0.111
Ufsp2,Morphologically normal,1,1,WES,hairfollicle05-e5-t3,0.032
Uggt2,Morphologically normal,1,1,WES,hairfollicle04-c6-t3,0.076
Ugp2,Morphologically normal,1,1,WES,hairfollicle05-e5-t3,0.028
Ugt1a6a,Morphologically normal,1,1,WES,hairfollicle03-a3,0.139
Ugt2a3,HF papilloma,1,1,WES,hairfollicle04-c5-t3,0.032
Ulk1,Morphologically normal,1,1,WES,hairfollicle05-c7-t2,0.108
Umodl1,HF papilloma,1,1,WES,hairfollicle04-c2-t3,0.036
Unc13a,Morphologically normal,1,1,WES,hairfollicle04-c6-t3,0.053
Unc13a,HF SCC,3,3,TES,hairfollicle21-b6-w8; hairfollicle21-c7-w8; hairfollicle21-e3-w14,0.379
Unc13b,Morphologically normal,2,2,TES; WES,hairfollicle05-e5-t3; hairfollicle21-d1-w8,0.443
Unc13b,Skin SCC,1,1,TES,skin21-b7-w19,0.045
Unc13c,Morphologically normal,2,2,WES,hairfollicle04-c6-t3; hairfollicle05-b5-t3,0.086
Unc13c,HF papilloma,1,1,TES,hairfollicle21-d1-w17,0.432
Unc45b,Morphologically normal,1,1,WES,hairfollicle05-c7-t2,0.091
Unc5c,Morphologically normal,1,1,WES,hairfollicle05-e5-t3,0.074
Unc5cl,Morphologically normal,1,1,WES,hairfollicle05-c7-t2,0.111
Unc5d,Morphologically normal,1,1,WES,skin05-c6,0.058
Unc79,Morphologically normal,2,2,WES,hairfollicle03-a3; hairfollicle05-e5-t3,0.5
Unc80,Morphologically normal,1,1,WES,hairfollicle04-c6-t3,0.094
Unk,Morphologically normal,2,2,WES,hairfollicle05-e5-t3; skin05-b5-t2,0.091
Unkl,Morphologically normal,1,1,WES,hairfollicle05-c7-t2,0.188
Uox,Morphologically normal,1,1,WES,hairfollicle05-c7-t2,0.2
Uox,HF papilloma,1,1,WES,hairfollicle04-c5-t3,0.038
Upf1,Skin papilloma,1,1,WES,skin04-c5-t2,0.059
Upk3a,Morphologically normal,1,1,WES,skin04-c6-t2,0.061
Upk3bl,HF papilloma,1,1,WES,hairfollicle04-c5-t3,0.059
Uqcrfs1,HF papilloma,1,1,WES,hairfollicle04-c2-t3,0.029
Uqcrh,Morphologically normal,1,1,WES,hairfollicle05-e5-t3,0.037
Urad,Morphologically normal,1,1,WES,hairfollicle05-b5-t3,0.068
Urb1,HF papilloma,1,1,WES,hairfollicle04-c4-t3,0.049
Urb2,Morphologically normal,1,1,WES,hairfollicle05-b5-t3,0.2
Uri1,Morphologically normal,1,1,WES,hairfollicle05-c7-t2,0.111
Usf2,Morphologically normal,1,1,WES,hairfollicle05-e5-t3,0.024
Ush1c,Morphologically normal,1,1,WES,skin03-g6,0.046
Ush2a,Morphologically normal,3,4,WES,hairfollicle04-c6-t3; hairfollicle05-b5-t3; hairfollicle05-e5-t3,0.073
Ush2a,HF papilloma,1,1,WES,hairfollicle04-c5-t3,0.044
Ush2a,Skin papilloma,1,1,WES,skin04-c5-t2,0.034
Ushbp1,Morphologically normal,1,1,WES,hairfollicle04-c6-t3,0.05
Usp10,HF papilloma,1,1,WES,hairfollicle04-c4-t3,0.051
Usp11,Skin papilloma,1,1,WES,skin04-c5-t2,0.063
Usp17lc,Skin papilloma,1,1,WES,skin04-c5-t2,0.052
Usp17ld,Morphologically normal,1,1,WES,skin04-c6-t2,0.035
Usp19,Morphologically normal,3,5,WES,hairfollicle05-b5-t3; hairfollicle05-c7-t2; hairfollicle05-e5-t3,0.111
Usp2,Morphologically normal,1,1,WES,skin04-c6-t2,0.061
Usp20,Morphologically normal,2,2,WES,hairfollicle05-b1-t3; skin05-e5-t2,0.129
Usp22,Morphologically normal,1,1,WES,skin05-e5-t2,0.042
Usp22,HF papilloma,1,1,WES,hairfollicle04-c5-t3,0.049
Usp24,HF papilloma,1,1,TES,hairfollicle21-f1-w8,0.241
Usp24,HF SCC,2,2,TES,hairfollicle21-b6-w8; hairfollicle21-c7-w8,0.375
Usp25,Skin papilloma,1,1,WES,skin04-c4-t2,0.068
Usp29,Morphologically normal,1,1,WES,hairfollicle05-c7-t2,0.104
Usp29,Skin papilloma,1,1,WES,skin04-c5-t2,0.04
Usp3,HF papilloma,1,1,WES,hairfollicle04-c4-t3,0.06
Usp3,Skin papilloma,1,1,WES,skin04-c2-t2,0.082
Usp34,Morphologically normal,1,1,WES,skin04-c6-t2,0.07
Usp37,Morphologically normal,1,1,WES,skin05-b5-t2,0.047
Usp37,Skin papilloma,1,1,WES,skin04-c5-t2,0.083
Usp48,Morphologically normal,1,1,WES,hairfollicle05-c7-t2,0.111
Usp54,Morphologically normal,1,1,WES,hairfollicle05-b5-t3,0.047
Usp54,HF papilloma,1,1,WES,hairfollicle04-c4-t3,0.072
Usp6nl,Morphologically normal,1,1,WES,hairfollicle04-c6-t3,0.055
Usp9x,Morphologically normal,1,1,WES,skin04-c6-t2,0.05
Usp9x,HF SCC,1,1,TES,hairfollicle21-c7-w14,0.983
Ust,Skin papilloma,1,1,WES,skin04-c5-t2,0.094
Utp14a,HF papilloma,1,1,WES,hairfollicle04-c5-t3,0.038
Utp20,Morphologically normal,1,1,WES,hairfollicle04-c6-t3,0.079
Uxs1,Morphologically normal,3,3,WES,hairfollicle04-c6-t3; hairfollicle05-b5-t3; skin05-b5-t2,0.043
Vamp5,Skin papilloma,1,1,WES,skin04-c5-t2,0.052
Vamp8,HF papilloma,1,1,WES,hairfollicle04-c5-t3,0.055
Vapb,Morphologically normal,1,1,WES,hairfollicle05-b1-t3,0.157
Vars2,Morphologically normal,1,2,WES,hairfollicle05-b1-t3,0.125
Vash1,Morphologically normal,1,1,WES,hairfollicle05-b1-t3,0.222
Vasn,Morphologically normal,1,1,WES,skin05-c7-t2,0.092
Vat1,Morphologically normal,1,1,WES,hairfollicle05-c7-t2,0.115
Vav1,Skin papilloma,1,1,WES,skin04-c5-t2,0.067
Vav2,Morphologically normal,1,1,WES,hairfollicle05-b5-t3,0.068
Vav2,HF papilloma,1,1,WES,hairfollicle04-c2-t3,0.021
Vav3,Morphologically normal,1,1,WES,hairfollicle05-e5-t3,0.057
Vcan,Morphologically normal,3,3,WES,hairfollicle05-b5-t3; hairfollicle05-e5-t3; skin04-c6-t2,0.088
Vcan,HF papilloma,1,1,WES,hairfollicle04-c4-t3,0.054
Vcl,Morphologically normal,1,1,WES,skin05-c7-t2,0.101
Vegfc,HF papilloma,1,2,WES,hairfollicle04-c4-t3,0.046
Veph1,HF papilloma,1,1,WES,hairfollicle04-c4-t3,0.038
Veph1,Skin papilloma,1,2,WES,skin04-c5-t2,0.048
Vgll1,Morphologically normal,1,1,WES,skin05-b5-t2,0.022
Vhl,Morphologically normal,1,1,TES,hairfollicle21-e5-w17,0.076
Vldlr,Morphologically normal,1,1,WES,hairfollicle05-e5-t3,0.026
Vmac,Morphologically normal,1,1,WES,hairfollicle05-c7-t2,0.083
Vmn1r113,HF papilloma,1,1,WES,hairfollicle04-c2-t3,0.026
Vmn1r12,Morphologically normal,1,1,WES,hairfollicle04-c6-t3,0.059
Vmn1r120,Morphologically normal,1,1,WES,hairfollicle04-c6-t3,0.051
Vmn1r15,HF papilloma,1,1,WES,hairfollicle04-c2-t3,0.048
Vmn1r15,Skin papilloma,1,1,WES,skin04-c5-t2,0.042
Vmn1r158,Morphologically normal,1,1,WES,hairfollicle05-e5-t3,0.017
Vmn1r174,Morphologically normal,2,2,WES,hairfollicle05-c7-t2; skin04-c6-t2,0.103
Vmn1r174,HF papilloma,1,1,WES,hairfollicle04-c5-t3,0.032
Vmn1r18,Morphologically normal,1,1,WES,hairfollicle05-c7-t2,0.093
Vmn1r18,Skin papilloma,1,1,WES,skin04-c5-t2,0.033
Vmn1r188,Morphologically normal,1,1,WES,hairfollicle04-c6-t3,0.08
Vmn1r197,HF papilloma,1,1,WES,hairfollicle04-c5-t3,0.022
Vmn1r198,HF papilloma,1,1,WES,hairfollicle04-c2-t3,0.026
Vmn1r199,Morphologically normal,1,1,WES,hairfollicle04-c6-t3,0.053
Vmn1r199,HF papilloma,1,1,WES,hairfollicle04-c4-t3,0.078
Vmn1r2,HF papilloma,1,1,WES,hairfollicle04-c4-t3,0.077
Vmn1r211,Morphologically normal,1,1,WES,skin04-c6-t2,0.027
Vmn1r211,Skin papilloma,1,1,WES,skin04-c5-t2,0.027
Vmn1r212,HF papilloma,1,1,WES,hairfollicle04-c5-t3,0.045
Vmn1r218,Morphologically normal,2,2,WES,hairfollicle04-c6-t3; skin05-e5-t2,0.088
Vmn1r22,HF papilloma,1,1,WES,hairfollicle04-c5-t3,0.017
Vmn1r22,Skin papilloma,1,1,WES,skin04-c5-t2,0.021
Vmn1r221,Morphologically normal,1,1,WES,hairfollicle05-b5-t3,0.094
Vmn1r238,Morphologically normal,1,1,WES,hairfollicle05-e5-t3,0.023
Vmn1r3,Morphologically normal,3,3,WES,hairfollicle05-b5-t3; hairfollicle05-c7-t2; hairfollicle05-e5-t3,0.25
Vmn1r30,Morphologically normal,1,1,WES,hairfollicle04-c6-t3,0.039
Vmn1r30,Skin papilloma,1,1,WES,skin04-c5-t2,0.025
Vmn1r4,HF papilloma,1,1,WES,hairfollicle04-c2-t3,0.041
Vmn1r50,Morphologically normal,1,1,WES,skin04-c6-t2,0.037
Vmn1r59,Morphologically normal,1,1,WES,hairfollicle04-c6-t3,0.035
Vmn1r60,HF papilloma,1,1,WES,hairfollicle04-c5-t3,0.043
Vmn1r61,Morphologically normal,2,2,WES,hairfollicle05-b1-t3; hairfollicle05-b5-t3,0.192
Vmn1r72,Skin papilloma,1,1,WES,skin04-c4-t2,0.064
Vmn1r73,Morphologically normal,1,1,WES,hairfollicle05-c7-t2,0.12
Vmn1r74,Morphologically normal,1,1,WES,skin04-c6-t2,0.077
Vmn1r8,Morphologically normal,1,1,WES,hairfollicle04-c6-t3,0.04
Vmn1r84,Morphologically normal,1,1,WES,hairfollicle05-c7-t2,0.097
Vmn1r85,HF papilloma,1,1,WES,hairfollicle04-c2-t3,0.028
Vmn2r-ps159,Morphologically normal,6,8,WES,hairfollicle04-c6-t3; hairfollicle05-b5-t3; hairfollicle05-e5-t3; skin04-c6-t2; skin05-b5-t2; skin05-c7-t2,0.356
Vmn2r-ps159,HF papilloma,3,5,WES,hairfollicle04-c2-t3; hairfollicle04-c4-t3; hairfollicle04-c5-t3,0.44
Vmn2r-ps159,Skin papilloma,3,3,WES,skin04-c2-t2; skin04-c4-t2; skin04-c5-t2,0.071
Vmn2r10,Morphologically normal,1,1,WES,skin05-b1-t2,0.042
Vmn2r10,HF papilloma,1,1,WES,hairfollicle04-c2-t3,0.021
Vmn2r10,Skin papilloma,1,1,WES,skin04-c2-t2,0.036
Vmn2r102,HF papilloma,1,1,WES,hairfollicle04-c5-t3,0.03
Vmn2r104,Morphologically normal,1,1,WES,skin05-c6,0.046
Vmn2r106,Morphologically normal,1,1,WES,skin04-c6-t2,0.081
Vmn2r107,Morphologically normal,1,1,WES,hairfollicle04-c6-t3,0.066
Vmn2r109,Morphologically normal,1,1,WES,hairfollicle05-c7-t2,0.136
Vmn2r111,Morphologically normal,1,1,WES,hairfollicle05-c7-t2,0.176
Vmn2r112,HF papilloma,1,1,WES,hairfollicle04-c4-t3,0.03
Vmn2r114,Morphologically normal,6,4,WES,hairfollicle05-b1-t3; hairfollicle05-b5-t3; hairfollicle05-c7-t2; skin05-b1-t2; skin05-c7-t2; skin05-e5-t2,0.395
Vmn2r115,Morphologically normal,11,11,WES,hairfollicle03-e6; hairfollicle05-b1-t3; hairfollicle05-b5-t3; hairfollicle05-c6; hairfollicle05-c7-t2; hairfollicle05-e5-t3; skin04-c6-t2; skin05-b1-t2; skin05-b5-t2; skin05-c7-t2; skin05-e5-t2,0.656
Vmn2r115,HF papilloma,1,1,WES,hairfollicle03-f6-t2,0.451
Vmn2r116,Morphologically normal,1,3,WES,skin04-c6-t2,0.016
Vmn2r116,HF papilloma,2,3,WES,hairfollicle04-c2-t3; hairfollicle04-c5-t3,0.057
Vmn2r116,Skin papilloma,1,1,WES,skin04-c4-t2,0.04
Vmn2r117,Morphologically normal,12,10,WES,hairfollicle04-c6-t3; hairfollicle05-b1-t3; hairfollicle05-b5-t3; hairfollicle05-c7-t2; hairfollicle05-e5-t3; skin03-e7; skin04-c6-t2; skin05-b1-t2; skin05-b5-t2; skin05-c6; skin05-c7-t2; skin05-e5-t2,0.249
Vmn2r117,HF papilloma,4,6,WES,hairfollicle04-c2-t3; hairfollicle04-c4-t3; hairfollicle04-c5-t3; hairfollicle05-b6-t2,0.3
Vmn2r117,Skin papilloma,3,5,WES,skin04-c2-t2; skin04-c4-t2; skin04-c5-t2,0.065
Vmn2r118,Morphologically normal,1,1,WES,hairfollicle05-c7-t2,0.091
Vmn2r121,Morphologically normal,2,2,WES,hairfollicle04-c6-t3; hairfollicle05-c7-t2,0.149
Vmn2r121,Skin papilloma,1,1,WES,skin03-f6,0.076
Vmn2r124,Morphologically normal,1,1,WES,hairfollicle04-c6-t3,0.037
Vmn2r126,HF papilloma,1,1,WES,hairfollicle04-c4-t3,0.056
Vmn2r128,HF papilloma,1,1,WES,hairfollicle04-c2-t3,0.023
Vmn2r128,Skin papilloma,1,1,WES,skin04-c5-t2,0.068
Vmn2r14,HF papilloma,1,1,WES,hairfollicle04-c2-t3,0.029
Vmn2r15,Morphologically normal,1,1,WES,hairfollicle05-b5-t3,0.065
Vmn2r19,Morphologically normal,1,1,WES,hairfollicle05-b1-t3,0.103
Vmn2r23,Morphologically normal,1,1,WES,hairfollicle04-c6-t3,0.063
Vmn2r23,Skin papilloma,1,1,WES,skin04-c5-t2,0.041
Vmn2r24,Morphologically normal,2,2,WES,hairfollicle05-b1-t3; hairfollicle05-c7-t2,0.091
Vmn2r25,HF papilloma,1,1,WES,hairfollicle04-c4-t3,0.037
Vmn2r27,Morphologically normal,1,1,WES,hairfollicle05-e5-t3,0.025
Vmn2r28,Morphologically normal,1,1,WES,hairfollicle05-e5-t3,0.02
Vmn2r3,Morphologically normal,1,1,WES,hairfollicle05-e5-t3,0.021
Vmn2r4,Morphologically normal,1,1,WES,hairfollicle04-c6-t3,0.039
Vmn2r44,Skin papilloma,1,1,WES,skin04-c5-t2,0.039
Vmn2r53,Morphologically normal,1,1,WES,hairfollicle05-b1-t3,0.164
Vmn2r57,Morphologically normal,1,1,WES,hairfollicle05-e5-t3,0.048
Vmn2r6,Morphologically normal,1,1,WES,skin05-b1-t2,0.063
Vmn2r6,HF papilloma,1,1,WES,hairfollicle04-c4-t3,0.071
Vmn2r72,Morphologically normal,2,2,WES,hairfollicle05-c7-t2; hairfollicle05-e5-t3,0.103
Vmn2r73,Skin papilloma,1,1,WES,skin04-c5-t2,0.041
Vmn2r76,HF papilloma,1,1,WES,hairfollicle04-c2-t3,0.028
Vmn2r77,Morphologically normal,1,1,WES,hairfollicle04-c6-t3,0.13
Vmn2r79,Morphologically normal,1,1,WES,hairfollicle04-c6-t3,0.075
Vmn2r8,Morphologically normal,1,1,WES,hairfollicle04-c6-t3,0.061
Vmn2r80,Morphologically normal,1,2,TES,hairfollicle21-g4-w14,0.308
Vmn2r81,HF papilloma,1,1,TES,hairfollicle21-d2-w8,0.187
Vmn2r82,Morphologically normal,1,1,WES,hairfollicle05-e5-t3,0.038
Vmn2r82,HF SCC,1,1,TES,hairfollicle21-c6-w8,0.249
Vmn2r83,HF papilloma,1,1,TES,hairfollicle21-f1-w8,0.182
Vmn2r88,HF papilloma,1,2,WES,hairfollicle04-c4-t3,0.086
Vmn2r89,Morphologically normal,4,3,WES,hairfollicle04-c6-t3; hairfollicle05-b5-t3; hairfollicle05-c7-t2; skin04-c6-t2,0.159
Vmn2r89,HF papilloma,1,1,WES,hairfollicle04-c5-t3,0.121
Vmn2r89,Skin papilloma,3,1,WES,skin04-c2-t2; skin04-c4-t2; skin04-c5-t2,0.097
Vmn2r92,Morphologically normal,1,1,WES,hairfollicle05-e5-t3,0.039
Vmn2r93,Morphologically normal,1,1,WES,hairfollicle05-e5-t3,0.027
Vnn1,Morphologically normal,1,1,WES,skin04-c6-t2,0.081
Vnn3,Skin papilloma,1,1,WES,skin04-c2-t2,0.057
Vpreb1,Morphologically normal,1,1,WES,skin05-b1-t2,0.048
Vps11,Morphologically normal,1,1,WES,skin04-c6-t2,0.077
Vps13a,Morphologically normal,1,1,WES,hairfollicle05-c6,0.612
Vps13b,Morphologically normal,1,1,TES,hairfollicle21-c5-w14,0.046
Vps13b,HF papilloma,1,2,TES,hairfollicle21-f1-w8,0.25
Vps13b,HF SCC,1,1,TES,hairfollicle21-b7-w8,0.5
Vps13c,Morphologically normal,2,2,WES,hairfollicle05-c7-t2; hairfollicle05-e5-t3,0.103
Vps13c,HF papilloma,1,1,WES,hairfollicle04-c2-t3,0.037
Vps18,Morphologically normal,2,2,WES,hairfollicle05-e5-t3; skin05-b1-t2,0.083
Vps4a,Morphologically normal,2,2,WES,hairfollicle05-b5-t3; skin04-c6-t2,0.074
Vps4b,HF papilloma,1,1,WES,hairfollicle04-c4-t3,0.068
Vps53,Morphologically normal,2,3,WES,hairfollicle04-c6-t3; hairfollicle05-c7-t2,0.119
Vps8,Morphologically normal,1,1,WES,hairfollicle05-b5-t3,0.089
Vps9d1,Morphologically normal,1,1,WES,skin04-c6-t2,0.088
Vrtn,Morphologically normal,1,1,WES,hairfollicle05-e5-t3,0.021
Vsig1,HF papilloma,1,1,WES,hairfollicle04-c5-t3,0.074
Vsir,Morphologically normal,1,1,WES,hairfollicle05-b1-t3,0.157
Vstm4,Morphologically normal,2,2,WES,hairfollicle05-c7-t2; hairfollicle05-e5-t3,0.083
Vstm5,Morphologically normal,1,1,WES,skin05-e5-t2,0.056
Vtn,Morphologically normal,1,1,WES,hairfollicle05-b5-t3,0.073
Vwa5b1,HF papilloma,1,1,WES,hairfollicle04-c4-t3,0.087
Vwa5b2,Morphologically normal,1,1,WES,hairfollicle05-b5-t3,0.073
Vwa8,Morphologically normal,1,1,WES,skin05-e5-t2,0.037
Vwc2,Skin papilloma,1,1,WES,skin04-c4-t2,0.03
Vwce,HF papilloma,1,1,WES,hairfollicle04-c5-t3,0.04
Vwf,HF papilloma,1,1,WES,hairfollicle04-c2-t3,0.037
Wapl,Morphologically normal,1,1,WES,hairfollicle05-b5-t3,0.108
Wasf2,Morphologically normal,1,1,WES,hairfollicle04-c6-t3,0.053
Washc2,Morphologically normal,1,1,WES,skin05-e5-t2,0.064
Washc5,HF papilloma,1,1,WES,hairfollicle04-c4-t3,0.038
Wbp2,HF papilloma,1,1,WES,hairfollicle04-c4-t3,0.05
Wbp2nl,Morphologically normal,1,1,WES,hairfollicle05-e5-t3,0.025
Wdfy3,Morphologically normal,1,1,WES,hairfollicle04-c6-t3,0.056
Wdfy3,HF papilloma,1,1,WES,hairfollicle04-c2-t3,0.031
Wdfy4,Morphologically normal,2,4,WES,hairfollicle05-c7-t2; hairfollicle05-e5-t3,0.083
Wdfy4,HF papilloma,2,2,WES,hairfollicle04-c4-t3; hairfollicle04-c5-t3,0.038
Wdhd1,Morphologically normal,1,1,WES,skin05-e5-t2,0.057
Wdr13,HF papilloma,1,1,WES,hairfollicle04-c5-t3,0.024
Wdr17,Morphologically normal,1,1,WES,skin04-c6-t2,0.05
Wdr24,Morphologically normal,1,1,WES,hairfollicle05-b5-t3,0.088
Wdr26,Morphologically normal,1,1,WES,hairfollicle05-c7-t2,0.104
Wdr4,Skin papilloma,1,1,WES,skin04-c4-t2,0.04
Wdr41,Morphologically normal,1,1,WES,skin05-b5-t2,0.07
Wdr41,HF papilloma,1,1,WES,hairfollicle04-c5-t3,0.024
Wdr41,Skin papilloma,2,2,WES,skin04-c2-t2; skin04-c4-t2,0.073
Wdr45,HF papilloma,1,1,WES,hairfollicle04-c2-t3,0.024
Wdr46,Skin papilloma,1,1,WES,skin04-c2-t2,0.085
Wdr59,Morphologically normal,2,2,WES,hairfollicle05-e5-t3; skin04-c6-t2,0.059
Wdr59,HF papilloma,1,1,WES,hairfollicle04-c4-t3,0.063
Wdr6,Morphologically normal,1,1,WES,hairfollicle05-b5-t3,0.077
Wdr61,Morphologically normal,1,1,WES,hairfollicle05-c7-t2,0.1
Wdr7,Morphologically normal,1,1,WES,hairfollicle04-c6-t3,0.056
Wdr72,HF papilloma,1,1,WES,hairfollicle04-c4-t3,0.055
Wdr75,Morphologically normal,2,2,WES,hairfollicle04-c6-t3; skin05-c7-t2,0.098
Wdr75,Skin papilloma,1,1,WES,skin04-c2-t2,0.079
Wdr78,Morphologically normal,1,1,WES,skin04-c6-t2,0.057
Wdr78,Skin papilloma,1,1,WES,skin04-c2-t2,0.056
Wdr81,Morphologically normal,1,1,WES,skin04-c6-t2,0.065
Wdr82,Morphologically normal,1,2,WES,hairfollicle05-c7-t2,0.166
Wdr89,Morphologically normal,2,2,WES,skin04-c6-t2; skin05-e5-t2,0.054
Wdr90,Morphologically normal,1,1,WES,skin05-c6,0.07
Wdr91,Morphologically normal,1,1,WES,hairfollicle05-b1-t3,0.069
Wdr95,Morphologically normal,1,1,WES,hairfollicle05-c7-t2,0.077
Wdyhv1,Morphologically normal,1,1,WES,hairfollicle05-c7-t2,0.068
Wfdc8,Morphologically normal,1,1,WES,hairfollicle05-c7-t2,0.136
Wfikkn2,Morphologically normal,1,1,WES,hairfollicle05-c7-t2,0.12
Wfikkn2,HF papilloma,1,1,WES,hairfollicle04-c2-t3,0.034
Wfs1,Morphologically normal,1,1,WES,skin04-c6-t2,0.088
Wfs1,HF papilloma,1,1,WES,hairfollicle04-c2-t3,0.028
Whrn,Skin papilloma,1,2,WES,skin04-c4-t2,0.059
Wipi2,Morphologically normal,1,1,WES,hairfollicle04-c6-t3,0.089
Wnk1,Morphologically normal,4,3,TES,hairfollicle21-c5-w14; hairfollicle21-d4-w17; hairfollicle21-f6-w8; hairfollicle21-g2-w17,0.294
Wnk1,HF SCC,3,3,TES,hairfollicle21-b6-w14; hairfollicle21-b7-w8; hairfollicle21-c7-w8,0.4
Wnk2,Morphologically normal,1,1,TES,hairfollicle21-f2-w19,0.263
Wnk2,HF SCC,1,1,TES,hairfollicle21-b6-w14,0.405
Wnk3,HF papilloma,1,1,WES,hairfollicle04-c2-t3,0.032
Wnt16,Skin papilloma,1,1,WES,skin04-c2-t2,0.053
Wnt7a,HF papilloma,1,1,WES,hairfollicle04-c2-t3,0.042
Wrn,Morphologically normal,1,1,WES,hairfollicle05-c7-t2,0.08
Wscd1,HF papilloma,1,1,WES,hairfollicle04-c5-t3,0.034
Wscd1,Skin papilloma,1,1,WES,skin04-c5-t2,0.04
Wt1,HF papilloma,1,1,WES,hairfollicle04-c2-t3,0.026
Wwc1,HF SCC,1,1,TES,hairfollicle21-f4-w17,0.048
Wwc2,Morphologically normal,1,1,WES,hairfollicle05-e5-t3,0.027
Wwox,Morphologically normal,1,1,WES,hairfollicle05-e5-t3,0.026
Wwp1,Morphologically normal,1,1,WES,hairfollicle05-c7-t2,0.093
Xcl1,Morphologically normal,1,1,WES,skin05-e5-t2,0.079
Xdh,Morphologically normal,1,1,WES,hairfollicle05-e5-t3,0.034
Xirp1,Morphologically normal,2,2,WES,hairfollicle05-b1-t3; hairfollicle05-c7-t2,0.158
Xirp1,HF papilloma,1,1,WES,hairfollicle04-c2-t3,0.031
Xirp2,HF papilloma,1,1,WES,hairfollicle04-c4-t3,0.047
Xirp2,Skin papilloma,1,1,WES,skin04-c2-t2,0.063
Xkr5,Morphologically normal,1,1,WES,hairfollicle05-e5-t3,0.02
Xkr6,Morphologically normal,1,1,WES,hairfollicle04-c6-t3,0.112
Xkr8,Skin papilloma,1,1,WES,skin04-c5-t2,0.065
Xkrx,Morphologically normal,1,1,WES,hairfollicle05-e5-t3,0.031
Xlr3a,Morphologically normal,1,1,WES,hairfollicle05-c7-t2,0.126
Xlr4b,HF papilloma,1,1,WES,hairfollicle04-c5-t3,0.045
Xpa,Morphologically normal,1,1,WES,hairfollicle05-c7-t2,0.077
Xpnpep1,Morphologically normal,1,1,WES,hairfollicle05-e5-t3,0.028
Xpo5,Morphologically normal,1,1,WES,hairfollicle05-c7-t2,0.115
Xpo6,Morphologically normal,1,1,WES,hairfollicle05-e5-t3,0.024
Xpo7,Morphologically normal,1,1,WES,hairfollicle05-b5-t3,0.067
Xrra1,Skin papilloma,1,1,WES,skin04-c5-t2,0.033
Xylt1,Morphologically normal,1,1,WES,hairfollicle05-e5-t3,0.032
Yap1,Morphologically normal,1,1,WES,hairfollicle05-c7-t2,0.136
Yars,Morphologically normal,1,1,WES,hairfollicle05-e5-t3,0.049
Yeats4,Morphologically normal,1,1,WES,skin04-c6-t2,0.06
Yipf2,HF papilloma,1,1,WES,hairfollicle04-c5-t3,0.02
Yipf5,Morphologically normal,1,1,WES,skin05-b5-t2,0.058
Yipf7,Morphologically normal,1,1,WES,hairfollicle04-c6-t3,0.054
Ylpm1,HF papilloma,1,1,WES,hairfollicle04-c2-t3,0.043
Ypel4,Morphologically normal,1,1,WES,hairfollicle05-e5-t3,0.026
Zan,Morphologically normal,16,17,TES; WES,hairfollicle03-c5; hairfollicle05-e5-t3; hairfollicle21-b5-w17; hairfollicle21-c5-w14; hairfollicle21-c5-w17; hairfollicle21-d4-w14; hairfollicle21-d4-w17; hairfollicle21-d4-w8; hairfollicle21-f2-w14; hairfollicle21-f2-w17; hairfollicle21-f5-w17; hairfollicle21-f6-w17; hairfollicle21-g1-w14; hairfollicle21-g2-w14; hairfollicle21-g4-w14; hairfollicle21-g5-w17,0.545
Zan,HF papilloma,7,13,TES,hairfollicle21-d2-w8; hairfollicle21-d5-w17; hairfollicle21-d6-w17; hairfollicle21-e1-w17; hairfollicle21-e2-w14; hairfollicle21-f1-w14; hairfollicle21-f1-w8,0.601
Zan,HF SCC,14,20,TES,hairfollicle21-b6-w14; hairfollicle21-b6-w8; hairfollicle21-b7-w8; hairfollicle21-c6-w14; hairfollicle21-c7-w8; hairfollicle21-e3-w8; hairfollicle21-e4-w14; hairfollicle21-e4-w17; hairfollicle21-f3-w17; hairfollicle21-f4-w17; hairfollicle21-f4-w8; hairfollicle21-g3-w17; hairfollicle21-g4-w17; hairfollicle21-g6-w19,0.833
Zan,Skin SCC,1,1,TES,skin21-b7-w19,0.012
Zar1l,Morphologically normal,1,1,WES,hairfollicle05-e5-t3,0.021
Zbbx,Morphologically normal,1,1,WES,hairfollicle05-e5-t3,0.029
Zbed5,Morphologically normal,1,1,WES,hairfollicle05-e5-t3,0.029
Zbtb11,Morphologically normal,1,1,WES,hairfollicle04-c6-t3,0.048
Zbtb16,Morphologically normal,1,1,WES,skin04-c6-t2,0.052
Zbtb2,Morphologically normal,1,2,WES,hairfollicle05-e5-t3,0.038
Zbtb22,Morphologically normal,1,1,WES,skin04-c6-t2,0.05
Zbtb33,Morphologically normal,1,1,WES,hairfollicle05-c7-t2,0.093
Zbtb34,Morphologically normal,1,1,WES,hairfollicle05-b1-t3,0.231
Zbtb38,Skin papilloma,1,1,WES,skin04-c5-t2,0.057
Zbtb39,HF papilloma,1,1,WES,hairfollicle04-c4-t3,0.051
Zbtb40,Skin papilloma,1,1,WES,skin04-c5-t2,0.053
Zbtb41,Morphologically normal,2,2,WES,hairfollicle05-c7-t2; hairfollicle05-e5-t3,0.1
Zbtb48,HF papilloma,1,1,WES,hairfollicle04-c5-t3,0.086
Zbtb5,Morphologically normal,1,1,WES,hairfollicle05-c7-t2,0.088
Zbtb7b,Morphologically normal,1,1,WES,hairfollicle05-c6,0.333
Zbtb7b,Skin papilloma,1,1,WES,skin04-c5-t2,0.065
Zbtb8b,Morphologically normal,1,1,WES,hairfollicle05-e5-t3,0.026
Zc2hc1c,Morphologically normal,1,1,WES,hairfollicle05-e5-t3,0.027
Zc3h11a,Morphologically normal,1,1,WES,hairfollicle05-e5-t3,0.022
Zc3h12c,Morphologically normal,1,1,WES,skin04-c6-t2,0.034
Zc3h13,Morphologically normal,1,1,WES,hairfollicle05-c7-t2,0.136
Zc3h4,Morphologically normal,2,2,WES,hairfollicle04-c6-t3; hairfollicle05-c7-t2,0.093
Zc3h7a,Morphologically normal,1,1,WES,hairfollicle05-c7-t2,0.091
Zc4h2,Morphologically normal,1,1,WES,skin04-c6-t2,0.043
Zcchc24,Skin papilloma,1,1,WES,skin04-c5-t2,0.026
Zdhhc13,HF papilloma,1,1,WES,hairfollicle04-c5-t3,0.074
Zdhhc22,Morphologically normal,1,1,WES,skin05-e5-t2,0.056
Zdhhc23,Morphologically normal,1,1,WES,skin05-e5-t2,0.077
Zdhhc5,Morphologically normal,1,1,WES,hairfollicle04-c6-t3,0.031
Zdhhc9,Morphologically normal,1,1,WES,hairfollicle05-e5-t3,0.027
Zdhhc9,HF papilloma,1,1,WES,hairfollicle04-c2-t3,0.04
Zeb2,Morphologically normal,1,1,WES,hairfollicle05-e5-t3,0.029
Zer1,Morphologically normal,2,2,WES,hairfollicle04-c6-t3; skin05-b5-t2,0.067
Zfand2b,Morphologically normal,1,1,WES,hairfollicle05-b5-t3,0.077
Zfat,Morphologically normal,1,1,WES,hairfollicle05-e5-t3,0.05
Zfc3h1,Morphologically normal,2,2,WES,hairfollicle05-e5-t3; skin05-c7-t2,0.071
Zfhx2,Skin papilloma,1,1,WES,skin04-c5-t2,0.046
Zfhx3,Morphologically normal,5,5,TES; WES,hairfollicle05-e5-t3; hairfollicle21-d4-w8; hairfollicle21-f6-w8; hairfollicle21-g1-w8; skin05-c7-t2,0.381
Zfhx3,HF papilloma,1,1,TES,hairfollicle21-e2-w8,0.16
Zfhx3,HF SCC,5,6,TES,hairfollicle21-c6-w8; hairfollicle21-c7-w8; hairfollicle21-e3-w8; hairfollicle21-f6-w19; hairfollicle21-g3-w17,0.339
Zfhx3,Skin papilloma,1,1,WES,skin04-c5-t2,0.075
Zfhx4,Morphologically normal,3,3,TES; WES,hairfollicle05-c7-t2; hairfollicle05-e5-t3; skin21-b5-w19,0.06
Zfp101,Skin papilloma,1,1,WES,skin04-c4-t2,0.039
Zfp106,Morphologically normal,2,3,WES,hairfollicle05-c7-t2; hairfollicle05-e5-t3,0.088
Zfp108,Morphologically normal,1,1,WES,hairfollicle05-b5-t3,0.098
Zfp112,Morphologically normal,1,2,WES,skin05-e5-t2,0.1
Zfp13,HF papilloma,1,1,WES,hairfollicle04-c5-t3,0.015
Zfp142,Morphologically normal,3,4,WES,hairfollicle05-b1-t3; hairfollicle05-c7-t2; hairfollicle05-e5-t3,0.182
Zfp142,HF papilloma,1,1,WES,hairfollicle04-c5-t3,0.033
Zfp169,Morphologically normal,1,1,WES,hairfollicle05-c7-t2,0.13
Zfp182,Morphologically normal,1,1,WES,hairfollicle04-c6-t3,0.085
Zfp219,Morphologically normal,1,1,WES,hairfollicle05-c7-t2,0.107
Zfp236,Morphologically normal,2,3,WES,hairfollicle05-e5-t3; skin04-c6-t2,0.067
Zfp260,Morphologically normal,1,1,WES,hairfollicle05-e5-t3,0.053
Zfp267,Skin papilloma,1,1,WES,skin04-c5-t2,0.052
Zfp28,Morphologically normal,1,1,WES,hairfollicle05-e5-t3,0.029
Zfp292,Morphologically normal,1,1,WES,hairfollicle05-c7-t2,0.093
Zfp30,Morphologically normal,1,1,WES,hairfollicle05-b1-t3,0.105
Zfp300,Morphologically normal,1,1,WES,skin05-b5-t2,0.061
Zfp326,Morphologically normal,2,3,WES,hairfollicle05-b1-t3; hairfollicle05-c7-t2,0.12
Zfp329,HF papilloma,1,1,WES,hairfollicle04-c2-t3,0.027
Zfp352,HF papilloma,1,1,WES,hairfollicle04-c5-t3,0.063
Zfp365,Morphologically normal,1,1,WES,skin04-c6-t2,0.043
Zfp366,Morphologically normal,1,1,WES,hairfollicle05-b1-t3,0.158
Zfp36l1,Skin papilloma,1,1,WES,skin04-c4-t2,0.053
Zfp36l3,Skin papilloma,1,1,WES,skin04-c4-t2,0.061
Zfp384,Morphologically normal,1,1,TES,hairfollicle21-d4-w17,0.087
Zfp39,Morphologically normal,2,2,TES,hairfollicle21-b5-w17; hairfollicle21-c1-w17,0.403
Zfp39,HF SCC,2,2,TES,hairfollicle21-e4-w14; hairfollicle21-f4-w17,0.043
Zfp398,Morphologically normal,1,1,WES,skin04-c6-t2,0.037
Zfp407,Morphologically normal,1,1,WES,hairfollicle04-c6-t3,0.049
Zfp420,Morphologically normal,1,1,WES,hairfollicle05-e5-t3,0.025
Zfp423,Morphologically normal,1,1,WES,hairfollicle05-e5-t3,0.035
Zfp423,HF papilloma,1,1,WES,hairfollicle04-c5-t3,0.03
Zfp423,Skin papilloma,3,2,TES; WES,skin04-c5-t2; skin21-d2-w19; skin21-e2-w19,0.071
Zfp438,Morphologically normal,1,1,WES,skin05-e5-t2,0.053
Zfp454,Morphologically normal,1,1,WES,hairfollicle05-e5-t3,0.038
Zfp457,Morphologically normal,7,5,TES; WES,hairfollicle21-b5-w17; hairfollicle21-b5-w8; hairfollicle21-e5-w17; hairfollicle21-f2-w14; hairfollicle21-g1-w14; hairfollicle21-g2-w17; skin05-e5-t2,0.413
Zfp457,HF papilloma,3,3,TES,hairfollicle21-e2-w14; hairfollicle21-e2-w8; hairfollicle21-f1-w14,0.116
Zfp457,HF SCC,5,5,TES,hairfollicle21-b6-w8; hairfollicle21-c7-w8; hairfollicle21-e3-w14; hairfollicle21-e4-w14; hairfollicle21-f6-w19,0.556
Zfp458,Morphologically normal,6,7,TES,hairfollicle21-b5-w17; hairfollicle21-c5-w17; hairfollicle21-f2-w19; hairfollicle21-f6-w17; hairfollicle21-g1-w8; hairfollicle21-g2-w19,0.271
Zfp458,HF SCC,2,2,TES,hairfollicle21-e4-w14; hairfollicle21-f4-w17,0.05
Zfp458,Skin papilloma,1,1,WES,skin04-c5-t2,0.091
Zfp458,Skin SCC,2,2,TES,skin21-pp-bc-w19; skin21-pp-de-w19,0.034
Zfp462,Morphologically normal,1,1,WES,hairfollicle05-e5-t3,0.022
Zfp467,Morphologically normal,1,1,WES,hairfollicle05-b5-t3,0.17
Zfp512b,Morphologically normal,1,1,WES,hairfollicle04-c6-t3,0.063
Zfp513,Morphologically normal,1,1,WES,hairfollicle05-e5-t3,0.027
Zfp516,HF papilloma,1,1,WES,hairfollicle04-c5-t3,0.023
Zfp521,Morphologically normal,1,1,TES,hairfollicle21-e5-w17,0.134
Zfp532,HF papilloma,1,1,WES,hairfollicle04-c5-t3,0.071
Zfp541,Morphologically normal,1,1,WES,hairfollicle04-c6-t3,0.043
Zfp553,Morphologically normal,1,1,WES,hairfollicle05-b5-t3,0.115
Zfp57,Morphologically normal,1,1,WES,hairfollicle05-e5-t3,0.026
Zfp595,Morphologically normal,1,1,WES,hairfollicle05-e5-t3,0.071
Zfp607a,Skin papilloma,1,1,WES,skin04-c4-t2,0.083
Zfp607b,HF papilloma,1,1,WES,hairfollicle04-c5-t3,0.036
Zfp608,Morphologically normal,1,1,WES,skin04-c6-t2,0.051
Zfp609,Morphologically normal,1,1,WES,hairfollicle05-c7-t2,0.097
Zfp618,Morphologically normal,1,1,WES,hairfollicle04-c6-t3,0.055
Zfp618,Skin papilloma,1,1,WES,skin04-c2-t2,0.077
Zfp619,HF papilloma,1,1,WES,hairfollicle04-c4-t3,0.045
Zfp623,Morphologically normal,1,1,WES,skin05-e5-t2,0.048
Zfp626,Skin papilloma,1,1,WES,skin04-c5-t2,0.071
Zfp64,Morphologically normal,1,1,WES,hairfollicle04-c6-t3,0.036
Zfp644,Morphologically normal,1,2,TES,hairfollicle21-d4-w17,0.187
Zfp644,HF papilloma,1,1,TES,hairfollicle21-e1-w14,0.031
Zfp644,Skin papilloma,1,1,WES,skin04-c4-t2,0.051
Zfp677,Morphologically normal,1,1,WES,skin04-c6-t2,0.045
Zfp68,Skin papilloma,1,1,WES,skin04-c2-t2,0.05
Zfp687,Morphologically normal,1,1,WES,skin05-b1-t2,0.031
Zfp688,HF papilloma,1,1,WES,hairfollicle04-c5-t3,0.056
Zfp69,Morphologically normal,1,1,WES,skin05-e5-t2,0.023
Zfp69,HF papilloma,1,1,WES,hairfollicle04-c2-t3,0.028
Zfp692,Morphologically normal,1,1,WES,hairfollicle05-c7-t2,0.086
Zfp729a,Morphologically normal,1,1,TES,hairfollicle21-f6-w17,0.143
Zfp729a,HF papilloma,1,1,TES,hairfollicle21-d1-w17,0.063
Zfp729b,Morphologically normal,1,1,TES,skin21-g3-w19,0.077
Zfp729b,Skin SCC,1,1,TES,skin21-b7-w19,0.05
Zfp747,HF papilloma,1,1,WES,hairfollicle04-c5-t3,0.018
Zfp750,Morphologically normal,1,1,WES,hairfollicle05-c7-t2,0.091
Zfp777,Morphologically normal,1,1,WES,skin04-c6-t2,0.034
Zfp790,HF papilloma,1,1,WES,hairfollicle04-c2-t3,0.028
Zfp804b,Morphologically normal,1,1,WES,hairfollicle04-c6-t3,0.044
Zfp810,Morphologically normal,1,1,WES,hairfollicle05-e5-t3,0.023
Zfp810,HF SCC,1,1,TES,hairfollicle21-f4-w17,0.063
Zfp819,Morphologically normal,1,1,WES,hairfollicle05-e5-t3,0.036
Zfp830,Morphologically normal,1,1,WES,hairfollicle05-b5-t3,0.083
Zfp831,Morphologically normal,2,2,WES,hairfollicle04-c6-t3; skin04-c6-t2,0.056
Zfp868,Morphologically normal,1,1,WES,hairfollicle04-c6-t3,0.063
Zfp871,Morphologically normal,1,1,WES,hairfollicle05-b1-t3,0.187
Zfp90,Morphologically normal,1,1,WES,hairfollicle05-e5-t3,0.024
Zfp941,Morphologically normal,1,1,WES,hairfollicle05-b1-t3,0.124
Zfp955b,Morphologically normal,1,1,WES,skin05-c7-t2,0.088
Zfp956,HF papilloma,1,1,WES,hairfollicle04-c4-t3,0.048
Zfp957,Morphologically normal,1,1,WES,skin05-b1-t2,0.017
Zfp957,HF papilloma,1,1,WES,hairfollicle04-c5-t3,0.03
Zfp978,Skin papilloma,1,1,WES,skin04-c5-t2,0.016
Zfp982,Morphologically normal,8,3,WES,hairfollicle04-c6-t3; hairfollicle05-b1-t3; hairfollicle05-b5-t3; hairfollicle05-c7-t2; hairfollicle05-e5-t3; skin05-b5-t2; skin05-c7-t2; skin05-e5-t2,0.455
Zfp982,HF papilloma,2,1,WES,hairfollicle04-c4-t3; hairfollicle04-c5-t3,0.054
Zfpm2,Morphologically normal,1,1,WES,hairfollicle05-c7-t2,0.087
Zfpm2,Skin papilloma,1,1,WES,skin04-c5-t2,0.05
Zfr2,Morphologically normal,1,1,WES,skin04-c6-t2,0.077
Zfyve1,Skin papilloma,1,1,WES,skin04-c4-t2,0.026
Zfyve26,Morphologically normal,2,5,WES,hairfollicle05-e5-t3; skin05-c7-t2,0.061
Zfyve9,Morphologically normal,1,1,WES,hairfollicle05-e5-t3,0.024
Zhx1,Morphologically normal,1,1,WES,hairfollicle05-e5-t3,0.022
Zhx2,Morphologically normal,1,1,WES,hairfollicle05-b5-t3,0.079
Zhx3,Morphologically normal,2,2,WES,hairfollicle05-b5-t3; hairfollicle05-c7-t2,0.175
Zic1,Morphologically normal,1,1,WES,hairfollicle05-c7-t2,0.093
Zic1,Skin papilloma,1,1,WES,skin04-c5-t2,0.06
Zic5,Morphologically normal,1,1,WES,skin04-c6-t2,0.079
Zkscan17,Skin papilloma,1,1,WES,skin04-c5-t2,0.097
Zkscan5,HF papilloma,1,1,WES,hairfollicle04-c5-t3,0.042
Zkscan6,Morphologically normal,2,2,WES,hairfollicle05-b5-t3; hairfollicle05-e5-t3,0.045
Zkscan6,HF papilloma,1,1,WES,hairfollicle04-c2-t3,0.029
Zmat3,HF papilloma,1,1,WES,hairfollicle04-c2-t3,0.027
Zmym3,HF papilloma,1,1,WES,hairfollicle04-c4-t3,0.071
Zmynd15,Morphologically normal,1,1,WES,hairfollicle05-b5-t3,0.12
Zmynd8,Morphologically normal,1,1,WES,hairfollicle05-e5-t3,0.035
Znfx1,Morphologically normal,1,1,WES,hairfollicle05-b1-t3,0.1
Znrf3,HF papilloma,1,1,WES,hairfollicle04-c4-t3,0.073
Zp3r,HF papilloma,1,1,WES,hairfollicle04-c2-t3,0.038
Zpld1,Skin papilloma,1,1,WES,skin04-c4-t2,0.039
Zpld2,Morphologically normal,1,1,WES,hairfollicle05-e5-t3,0.041
Zranb3,Morphologically normal,1,1,WES,hairfollicle05-e5-t3,0.024
Zranb3,Skin papilloma,1,1,WES,skin04-c5-t2,0.044
Zrsr2,HF papilloma,1,1,WES,hairfollicle04-c2-t3,0.028
Zscan18,Morphologically normal,2,1,WES,hairfollicle05-b1-t3; skin04-c6-t2,0.181
Zscan20,Morphologically normal,1,1,WES,hairfollicle05-c7-t2,0.097
Zscan20,HF papilloma,1,1,WES,hairfollicle04-c4-t3,0.065
Zscan20,Skin papilloma,1,1,WES,skin04-c2-t2,0.03
Zscan21,Morphologically normal,1,1,WES,hairfollicle05-e5-t3,0.032
Zscan25,Morphologically normal,1,1,WES,hairfollicle05-c7-t2,0.094
Zscan4-ps1,HF papilloma,1,1,WES,hairfollicle04-c2-t3,0.044
Zscan4-ps3,HF papilloma,1,1,WES,hairfollicle04-c4-t3,0.048
Zscan4d,HF papilloma,1,1,WES,hairfollicle04-c2-t3,0.032
Zscan5b,Morphologically normal,1,1,WES,hairfollicle05-c7-t2,0.08
Zswim2,Skin papilloma,1,1,WES,skin04-c5-t2,0.052
Zswim4,Morphologically normal,1,1,WES,hairfollicle05-e5-t3,0.038
Zswim5,HF papilloma,1,1,WES,hairfollicle04-c5-t3,0.043
Zswim8,Morphologically normal,1,2,WES,hairfollicle05-b1-t3,0.15
Zswim9,Morphologically normal,1,1,WES,hairfollicle05-e5-t3,0.047
Zyg11b,Morphologically normal,1,1,WES,skin04-c6-t2,0.1
Zyg11b,HF papilloma,1,1,WES,hairfollicle04-c5-t3,0.037
Zyx,Morphologically normal,1,1,WES,hairfollicle05-c7-t2,0.12
Zzef1,Morphologically normal,2,3,WES,hairfollicle05-c7-t2; hairfollicle05-e5-t3,0.1
Zzef1,HF papilloma,2,2,WES,hairfollicle03-f6-t2; hairfollicle04-c2-t3,0.219
