gene_symbol,human_ortholog,appears_in_cbioportal,appears_in_cbioportal_mutated_gene_universe
1110059E24Rik,C9orf85,FALSE,FALSE
1300017J02Rik,NA,FALSE,FALSE
1600014C10Rik,C19orf12,FALSE,FALSE
1700003E16Rik,C2orf81,FALSE,FALSE
1700006A11Rik,NA,FALSE,FALSE
1700013H16Rik,SYCP3,TRUE,TRUE
1700020A23Rik,C20orf141,FALSE,FALSE
1700029F12Rik,NA,FALSE,FALSE
1700057G04Rik,PLSCR1,TRUE,TRUE
1700067K01Rik,C19orf67,FALSE,FALSE
1700067P10Rik,NA,FALSE,FALSE
1700123L14Rik,NUP50,TRUE,TRUE
1810046K07Rik,NA,FALSE,FALSE
1810065E05Rik,NA,FALSE,FALSE
2010300C02Rik,NA,FALSE,FALSE
2210408I21Rik,KIAA0825,TRUE,TRUE
2300002M23Rik,C6orf15,FALSE,FALSE
2300003K06Rik,KRTAP4-11,TRUE,TRUE
2310003L06Rik,NA,FALSE,FALSE
2310034C09Rik,KRTAP13-1,TRUE,TRUE
2310050C09Rik,C1orf68,FALSE,FALSE
2310057N15Rik,KRTAP13-1,TRUE,TRUE
2410004P03Rik,C2orf50,FALSE,FALSE
2610005L07Rik,NA,FALSE,FALSE
2610507B11Rik,NA,FALSE,FALSE
2700049A03Rik,KIAA0586,TRUE,TRUE
2700081O15Rik,NA,FALSE,FALSE
3425401B19Rik,C10orf71,FALSE,FALSE
4921507P07Rik,C7orf31,FALSE,FALSE
4921517D22Rik,C9orf153,FALSE,FALSE
4921539E11Rik,C1orf141,FALSE,FALSE
4930402K13Rik,NA,FALSE,FALSE
4930432K21Rik,NA,FALSE,FALSE
4930438A08Rik,NA,FALSE,FALSE
4930447A16Rik,NA,FALSE,FALSE
4930452B06Rik,NA,FALSE,FALSE
4930503B20Rik,NA,FALSE,FALSE
4930516K23Rik,NA,FALSE,FALSE
4930522H14Rik,C1orf185,FALSE,FALSE
4930544D05Rik,C17orf107,FALSE,FALSE
4930562F07Rik,NA,FALSE,FALSE
4930578I06Rik,C8orf74,FALSE,FALSE
4931406B18Rik,SIGLECL1,TRUE,TRUE
4932411N23Rik,NA,FALSE,FALSE
4932438A13Rik,NA,FALSE,FALSE
4933402D24Rik,NA,FALSE,FALSE
4933402E13Rik,NA,FALSE,FALSE
4933402N03Rik,C10orf120,FALSE,FALSE
4933412E24Rik,CXorf49,FALSE,FALSE
4933414I15Rik,NA,FALSE,FALSE
4933417A18Rik,NA,FALSE,FALSE
5330417C22Rik,NA,FALSE,FALSE
5430427O19Rik,NA,FALSE,FALSE
6030458C11Rik,C5orf22,FALSE,FALSE
6430571L13Rik,C3orf18,FALSE,FALSE
6430628N08Rik,NA,FALSE,FALSE
6530413G14Rik,NA,FALSE,FALSE
8030462N17Rik,C18orf25,FALSE,FALSE
8030474K03Rik,CXorf49,FALSE,FALSE
9130008F23Rik,C6orf141,FALSE,FALSE
9130019O22Rik,ZNF764,TRUE,TRUE
9130230L23Rik,NA,FALSE,FALSE
9430015G10Rik,C1orf159,FALSE,FALSE
9530003J23Rik,LYZ,TRUE,TRUE
9530053A07Rik,FCGBP,TRUE,TRUE
9930021J03Rik,KIAA2026,FALSE,FALSE
A1cf,A1CF,TRUE,TRUE
A2m,A2M,TRUE,TRUE
A3galt2,A3GALT2,TRUE,TRUE
A530016L24Rik,C14orf180,FALSE,FALSE
A530032D15Rik,NA,FALSE,FALSE
A530064D06Rik,NA,FALSE,FALSE
AC147806.1,NA,FALSE,FALSE
AC167036.1,NA,FALSE,FALSE
AU015836,CHCHD4,FALSE,FALSE
AU040320,KIAA0319L,TRUE,TRUE
AV320801,NA,FALSE,FALSE
AW551984,VWA5A,TRUE,TRUE
AW822073,NA,FALSE,FALSE
Aadac,AADAC,TRUE,TRUE
Aadacl4fm2,AADACL4,TRUE,TRUE
Aadacl4fm5,AADACL4,TRUE,TRUE
Aak1,AAK1,TRUE,TRUE
Aard,AARD,TRUE,TRUE
Aars,AARS1,TRUE,TRUE
Aars2,AARS2,TRUE,TRUE
Aatk,AATK,TRUE,TRUE
Abca1,ABCA1,TRUE,TRUE
Abca13,ABCA13,TRUE,TRUE
Abca14,NA,FALSE,FALSE
Abca15,NA,FALSE,FALSE
Abca16,NA,FALSE,FALSE
Abca2,ABCA2,TRUE,TRUE
Abca3,ABCA3,TRUE,TRUE
Abca4,ABCA4,TRUE,TRUE
Abca6,ABCA6,TRUE,TRUE
Abcb11,ABCB11,TRUE,TRUE
Abcb1a,ABCB1,TRUE,TRUE
Abcb4,ABCB4,TRUE,TRUE
Abcb7,ABCB7,TRUE,TRUE
Abcc1,ABCC1,TRUE,TRUE
Abcc2,ABCC2,TRUE,TRUE
Abcc3,ABCC3,TRUE,TRUE
Abcc9,ABCC9,TRUE,TRUE
Abcd2,ABCD2,TRUE,TRUE
Abcd4,ABCD4,TRUE,TRUE
Abcg1,ABCG1,TRUE,TRUE
Abcg4,ABCG4,TRUE,TRUE
Abcg8,ABCG8,TRUE,TRUE
Abhd13,ABHD13,TRUE,TRUE
Abhd15,ABHD15,TRUE,TRUE
Abhd16a,ABHD16A,TRUE,TRUE
Abhd17b,ABHD17B,TRUE,TRUE
Abhd6,ABHD6,TRUE,TRUE
Abi3bp,ABI3BP,TRUE,TRUE
Abl2,ABL2,TRUE,TRUE
Abtb1,ABTB1,TRUE,TRUE
Abtb2,ABTB2,TRUE,TRUE
Acaca,ACACA,TRUE,TRUE
Acad10,ACAD10,TRUE,TRUE
Acad11,ACAD11,TRUE,TRUE
Acadm,ACADM,TRUE,TRUE
Acadsb,ACADSB,TRUE,TRUE
Acan,ACAN,TRUE,TRUE
Acap3,ACAP3,TRUE,TRUE
Acat3,ACAT2,TRUE,TRUE
Ace,ACE,TRUE,TRUE
Ache,ACHE,TRUE,TRUE
Acin1,ACIN1,TRUE,TRUE
Ackr1,ACKR1,TRUE,TRUE
Acnat1,NA,FALSE,FALSE
Acnat2,NA,FALSE,FALSE
Aco1,ACO1,TRUE,TRUE
Acod1,ACOD1,TRUE,TRUE
Acot5,ACOT1,TRUE,TRUE
Acot7,ACOT7,TRUE,TRUE
Acot9,ACOT9,TRUE,TRUE
Acox1,ACOX1,TRUE,TRUE
Acox2,ACOX2,TRUE,TRUE
Acp5,ACP5,TRUE,TRUE
Acp7,ACP7,TRUE,TRUE
Acrbp,ACRBP,TRUE,TRUE
Acsbg1,ACSBG1,TRUE,TRUE
Acsbg2,ACSBG2,TRUE,TRUE
Acsbg3,NA,FALSE,FALSE
Acsf2,ACSF2,TRUE,TRUE
Acsm2,ACSM2A,TRUE,TRUE
Acsm3,ACSM3,TRUE,TRUE
Acsm5,ACSM5,TRUE,TRUE
Acss1,ACSS1,TRUE,TRUE
Acss3,ACSS3,TRUE,TRUE
Acte1,NA,FALSE,FALSE
Actl11,NA,FALSE,FALSE
Actn1,ACTN1,TRUE,TRUE
Actr1a,ACTR1A,TRUE,TRUE
Actr1b,ACTR1B,TRUE,TRUE
Actr2,ACTR2,TRUE,TRUE
Actr3,ACTR3,TRUE,TRUE
Actr5,ACTR5,TRUE,TRUE
Actr6,ACTR6,TRUE,TRUE
Adad1,ADAD1,TRUE,TRUE
Adam11,ADAM11,TRUE,TRUE
Adam15,ADAM15,TRUE,TRUE
Adam17,ADAM17,TRUE,TRUE
Adam19,ADAM19,TRUE,TRUE
Adam20,ADAM20,TRUE,TRUE
Adam21,ADAM21,TRUE,TRUE
Adam23,ADAM23,TRUE,TRUE
Adam26a,NA,FALSE,FALSE
Adam26b,NA,FALSE,FALSE
Adam29,ADAM29,TRUE,TRUE
Adam33,ADAM33,TRUE,TRUE
Adam34,NA,FALSE,FALSE
Adam34l,NA,FALSE,FALSE
Adam39,ADAM20,TRUE,TRUE
Adam5,ADAM5,FALSE,FALSE
Adam9,ADAM9,TRUE,TRUE
Adamts15,ADAMTS15,TRUE,TRUE
Adamts20,ADAMTS20,TRUE,TRUE
Adamts5,ADAMTS5,TRUE,TRUE
Adamts7,ADAMTS7,TRUE,TRUE
Adamts8,ADAMTS8,TRUE,TRUE
Adamtsl1,ADAMTSL1,TRUE,TRUE
Adamtsl2,ADAMTSL2,TRUE,TRUE
Adamtsl3,ADAMTSL3,TRUE,TRUE
Adamtsl4,ADAMTSL4,TRUE,TRUE
Adar,ADAR,TRUE,TRUE
Adarb1,ADARB1,TRUE,TRUE
Adat2,ADAT2,TRUE,TRUE
Adck5,ADCK5,TRUE,TRUE
Adcy10,ADCY10,TRUE,TRUE
Adcy2,ADCY2,TRUE,TRUE
Adcy3,ADCY3,TRUE,TRUE
Adcy4,ADCY4,TRUE,TRUE
Adcy6,ADCY6,TRUE,TRUE
Adcy9,ADCY9,TRUE,TRUE
Adcyap1r1,ADCYAP1R1,TRUE,TRUE
Add1,ADD1,TRUE,TRUE
Add3,ADD3,TRUE,TRUE
Adgrb2,ADGRB2,TRUE,TRUE
Adgrb3,ADGRB3,TRUE,TRUE
Adgrg3,ADGRG3,TRUE,TRUE
Adgrg4,ADGRG4,TRUE,TRUE
Adgrg5,ADGRG5,TRUE,TRUE
Adgrg6,ADGRG6,TRUE,TRUE
Adgrv1,ADGRV1,TRUE,TRUE
Adh5,ADH5,TRUE,TRUE
Adh6b,ADH6,TRUE,TRUE
Adi1,ADI1,FALSE,FALSE
Adipoq,ADIPOQ,TRUE,TRUE
Adipor2,ADIPOR2,TRUE,TRUE
Adnp,ADNP,TRUE,TRUE
Adora2b,ADORA2B,TRUE,TRUE
Adprh,ADPRH,TRUE,TRUE
Adra1a,ADRA1A,TRUE,TRUE
Adra1b,ADRA1B,TRUE,TRUE
Adra2a,ADRA2A,TRUE,TRUE
Adssl1,ADSS1,TRUE,TRUE
Aebp2,AEBP2,TRUE,TRUE
Afap1,AFAP1,TRUE,TRUE
Afdn,AFDN,TRUE,TRUE
Aff3,AFF3,TRUE,TRUE
Afg1l,AFG1L,TRUE,TRUE
Afg3l1,NA,FALSE,FALSE
Aftph,AFTPH,TRUE,TRUE
Agbl2,AGBL2,TRUE,TRUE
Agbl5,AGBL5,TRUE,TRUE
Ager,AGER,TRUE,TRUE
Agfg1,AGFG1,TRUE,TRUE
Aggf1,AGGF1,TRUE,TRUE
Agmo,AGMO,TRUE,TRUE
Agpat5,AGPAT5,TRUE,TRUE
Agr2,AGR2,TRUE,TRUE
Agrn,AGRN,TRUE,TRUE
Agt,AGT,TRUE,TRUE
Agtr1b,AGTR1,TRUE,TRUE
Ahctf1,AHCTF1,TRUE,TRUE
Ahdc1,AHDC1,TRUE,TRUE
Ahnak,AHNAK,TRUE,TRUE
Ahsa2,AHSA2P,FALSE,FALSE
Aifm2,AIFM2,TRUE,TRUE
Aipl1,AIPL1,TRUE,TRUE
Ajm1,AJM1,TRUE,TRUE
Ajuba,AJUBA,TRUE,TRUE
Ak1,AK1,TRUE,TRUE
Akap12,AKAP12,TRUE,TRUE
Akap13,AKAP13,TRUE,TRUE
Akap4,AKAP4,TRUE,TRUE
Akap6,AKAP6,TRUE,TRUE
Akap9,AKAP9,TRUE,TRUE
Akr1b10,AKR1B10,TRUE,TRUE
Akr1b7,AKR1B10,TRUE,TRUE
Akr1c12,AKR1C2,TRUE,TRUE
Akr1c6,AKR1C1,TRUE,TRUE
Akr1d1,AKR1D1,TRUE,TRUE
Akt2,AKT2,TRUE,TRUE
Alas1,ALAS1,TRUE,TRUE
Albfm1,NA,FALSE,FALSE
Aldh1b1,ALDH1B1,TRUE,TRUE
Aldh1l1,ALDH1L1,TRUE,TRUE
Aldh4a1,ALDH4A1,TRUE,TRUE
Aldh6a1,ALDH6A1,TRUE,TRUE
Aldh9a1,ALDH9A1,TRUE,TRUE
Alg6,ALG6,TRUE,TRUE
Alk,ALK,TRUE,TRUE
Alkbh3,ALKBH3,TRUE,TRUE
Alkbh8,ALKBH8,TRUE,TRUE
Alms1,ALMS1,TRUE,TRUE
Alox15,ALOX15,TRUE,TRUE
Alox5,ALOX5,TRUE,TRUE
Alpi,ALPG,TRUE,TRUE
Alpk1,ALPK1,TRUE,TRUE
Alpk2,ALPK2,TRUE,TRUE
Alpk3,ALPK3,TRUE,TRUE
Alppl2,ALPG,TRUE,TRUE
Als2,ALS2,TRUE,TRUE
Alx3,ALX3,TRUE,TRUE
Ambp,AMBP,TRUE,TRUE
Ambra1,AMBRA1,TRUE,TRUE
Amdhd1,AMDHD1,TRUE,TRUE
Amer1,AMER1,TRUE,TRUE
Amer2,AMER2,TRUE,TRUE
Amer3,AMER3,TRUE,TRUE
Amfr,AMFR,TRUE,TRUE
Amigo3,AMIGO3,TRUE,TRUE
Amot,AMOT,TRUE,TRUE
Amotl1,AMOTL1,TRUE,TRUE
Amotl2,AMOTL2,TRUE,TRUE
Ampd1,AMPD1,TRUE,TRUE
Ampd2,AMPD2,TRUE,TRUE
Amph,AMPH,TRUE,TRUE
Amt,AMT,TRUE,TRUE
Anapc4,ANAPC4,TRUE,TRUE
Anapc7,ANAPC7,TRUE,TRUE
Ang5,ANG,TRUE,TRUE
Angel2,ANGEL2,TRUE,TRUE
Angpt1,ANGPT1,TRUE,TRUE
Angptl6,ANGPTL6,TRUE,TRUE
Ank2,ANK2,TRUE,TRUE
Ankar,ANKAR,TRUE,TRUE
Ankfn1,ANKFN1,TRUE,TRUE
Ankfy1,ANKFY1,TRUE,TRUE
Ankhd1,ANKHD1,TRUE,TRUE
Ankk1,ANKK1,TRUE,TRUE
Ankrd11,ANKRD11,TRUE,TRUE
Ankrd26,ANKRD26,TRUE,TRUE
Ankrd28,ANKRD28,TRUE,TRUE
Ankrd33,ANKRD33,TRUE,TRUE
Ankrd39,ANKRD39,TRUE,TRUE
Ankrd42,ANKRD42,TRUE,TRUE
Ankrd50,ANKRD50,TRUE,TRUE
Ankrd6,ANKRD6,TRUE,TRUE
Ankrd65,ANKRD65,TRUE,TRUE
Anks1,ANKS1A,TRUE,TRUE
Anks3,ANKS3,TRUE,TRUE
Anks6,ANKS6,TRUE,TRUE
Anln,ANLN,TRUE,TRUE
Ano2,ANO2,TRUE,TRUE
Ano4,ANO4,TRUE,TRUE
Ano5,ANO5,TRUE,TRUE
Ano6,ANO6,TRUE,TRUE
Ano9,ANO9,TRUE,TRUE
Anxa1,ANXA1,TRUE,TRUE
Anxa6,ANXA6,TRUE,TRUE
Aox1,AOX1,TRUE,TRUE
Aox2,NA,FALSE,FALSE
Aox4,NA,FALSE,FALSE
Ap1b1,AP1B1,TRUE,TRUE
Ap1m1,AP1M1,TRUE,TRUE
Ap2a2,AP2A2,TRUE,TRUE
Ap2b1,AP2B1,TRUE,TRUE
Ap3b1,AP3B1,TRUE,TRUE
Ap3b2,AP3B2,TRUE,TRUE
Ap4e1,AP4E1,TRUE,TRUE
Ap5b1,AP5B1,TRUE,TRUE
Apaf1,APAF1,TRUE,TRUE
Apba2,APBA2,TRUE,TRUE
Apbb2,APBB2,TRUE,TRUE
Apbb3,APBB3,TRUE,TRUE
Apc2,APC2,TRUE,TRUE
Apcdd1,APCDD1,TRUE,TRUE
Apob,APOB,TRUE,TRUE
Apol10b,APOL1,TRUE,TRUE
Apol11a,APOL1,TRUE,TRUE
Apol7c,APOL1,TRUE,TRUE
Apold1,APOLD1,TRUE,TRUE
Appl1,APPL1,TRUE,TRUE
Aqr,AQR,TRUE,TRUE
Arap1,ARAP1,TRUE,TRUE
Arap3,ARAP3,TRUE,TRUE
Arc,ARC,TRUE,TRUE
Arcn1,ARCN1,TRUE,TRUE
Arfgap3,ARFGAP3,TRUE,TRUE
Arfgef1,ARFGEF1,TRUE,TRUE
Arfgef2,ARFGEF2,TRUE,TRUE
Arfgef3,ARFGEF3,TRUE,TRUE
Arg2,ARG2,TRUE,TRUE
Arhgap10,ARHGAP10,TRUE,TRUE
Arhgap12,ARHGAP12,TRUE,TRUE
Arhgap20,ARHGAP20,TRUE,TRUE
Arhgap21,ARHGAP21,TRUE,TRUE
Arhgap22,ARHGAP22,TRUE,TRUE
Arhgap23,ARHGAP23,TRUE,TRUE
Arhgap25,ARHGAP25,TRUE,TRUE
Arhgap27,ARHGAP27,TRUE,TRUE
Arhgap31,ARHGAP31,TRUE,TRUE
Arhgap33,ARHGAP33,TRUE,TRUE
Arhgap33os,NA,FALSE,FALSE
Arhgap36,ARHGAP36,TRUE,TRUE
Arhgap40,ARHGAP40,TRUE,TRUE
Arhgap44,ARHGAP44,TRUE,TRUE
Arhgap45,ARHGAP45,TRUE,TRUE
Arhgap5,ARHGAP5,TRUE,TRUE
Arhgap6,ARHGAP6,TRUE,TRUE
Arhgdig,ARHGDIG,TRUE,TRUE
Arhgef10,ARHGEF10,TRUE,TRUE
Arhgef11,ARHGEF11,TRUE,TRUE
Arhgef12,ARHGEF12,TRUE,TRUE
Arhgef19,ARHGEF19,TRUE,TRUE
Arhgef40,ARHGEF40,TRUE,TRUE
Arhgef6,ARHGEF6,TRUE,TRUE
Arhgef7,ARHGEF7,TRUE,TRUE
Arid1a,ARID1A,TRUE,TRUE
Arid1b,ARID1B,TRUE,TRUE
Arid2,ARID2,TRUE,TRUE
Arid3b,ARID3B,TRUE,TRUE
Arid5b,ARID5B,TRUE,TRUE
Arl13b,ARL13B,TRUE,TRUE
Arl14ep,ARL14EP,TRUE,TRUE
Arl16,ARL16,TRUE,TRUE
Arl3,ARL3,TRUE,TRUE
Arl5c,ARL5C,TRUE,TRUE
Armc3,ARMC3,TRUE,TRUE
Armc4,NA,FALSE,FALSE
Armc6,ARMC6,TRUE,TRUE
Armc7,ARMC7,TRUE,TRUE
Armcx2,ARMCX2,TRUE,TRUE
Armcx4,ARMCX4,TRUE,TRUE
Armh3,ARMH3,TRUE,TRUE
Arpc1b,ARPC1B,TRUE,TRUE
Arrdc1,ARRDC1,TRUE,TRUE
Arrdc2,ARRDC2,TRUE,TRUE
Arsa,ARSA,TRUE,TRUE
Arsg,ARSG,TRUE,TRUE
Arsj,ARSJ,TRUE,TRUE
Arsk,ARSK,TRUE,TRUE
Art2b,NA,FALSE,FALSE
Asap1,ASAP1,TRUE,TRUE
Asap2,ASAP2,TRUE,TRUE
Asb1,ASB1,TRUE,TRUE
Asb14,ASB14,TRUE,TRUE
Asb15,ASB15,TRUE,TRUE
Asb2,ASB2,TRUE,TRUE
Asb3,ASB3,TRUE,TRUE
Asb4,ASB4,TRUE,TRUE
Asb7,ASB7,TRUE,TRUE
Asb8,ASB8,TRUE,TRUE
Ascc2,ASCC2,TRUE,TRUE
Ascc3,ASCC3,TRUE,TRUE
Asf1b,ASF1B,TRUE,TRUE
Asgr2,ASGR2,TRUE,TRUE
Ash1l,ASH1L,TRUE,TRUE
Ash2l,ASH2L,TRUE,TRUE
Asic2,ASIC2,TRUE,TRUE
Asic3,ASIC3,TRUE,TRUE
Asic4,ASIC4,TRUE,TRUE
Asic5,ASIC5,TRUE,TRUE
Aspdh,ASPDH,TRUE,TRUE
Asph,ASPH,TRUE,TRUE
Aspm,ASPM,TRUE,TRUE
Aspscr1,ASPSCR1,TRUE,TRUE
Ass1,ASS1,TRUE,TRUE
Aste1,ASTE1,TRUE,TRUE
Astl,ASTL,TRUE,TRUE
Astn1,ASTN1,TRUE,TRUE
Astn2,ASTN2,TRUE,TRUE
Asxl1,ASXL1,TRUE,TRUE
Asxl2,ASXL2,TRUE,TRUE
Asxl3,ASXL3,TRUE,TRUE
Atad3a,ATAD3A,TRUE,TRUE
Atad5,ATAD5,TRUE,TRUE
Ate1,ATE1,TRUE,TRUE
Atf3,ATF3,TRUE,TRUE
Atf4,ATF4,TRUE,TRUE
Atg16l1,ATG16L1,TRUE,TRUE
Atg2a,ATG2A,TRUE,TRUE
Atg4a-ps,ATG4A,TRUE,TRUE
Atg4c,ATG4C,TRUE,TRUE
Atg5,ATG5,TRUE,TRUE
Atg7,ATG7,TRUE,TRUE
Atm,ATM,TRUE,TRUE
Atp10a,ATP10A,TRUE,TRUE
Atp10d,ATP10D,TRUE,TRUE
Atp11a,ATP11A,TRUE,TRUE
Atp13a5,ATP13A5,TRUE,TRUE
Atp1a1,ATP1A1,TRUE,TRUE
Atp1a3,ATP1A3,TRUE,TRUE
Atp2a2,ATP2A2,TRUE,TRUE
Atp2b1,ATP2B1,TRUE,TRUE
Atp2b2,ATP2B2,TRUE,TRUE
Atp2c2,ATP2C2,TRUE,TRUE
Atp5e,ATP5F1E,FALSE,FALSE
Atp6ap1,ATP6AP1,TRUE,TRUE
Atp6v0a2,ATP6V0A2,TRUE,TRUE
Atp6v0e2,ATP6V0E2,TRUE,TRUE
Atp6v1a,ATP6V1A,TRUE,TRUE
Atp6v1h,ATP6V1H,TRUE,TRUE
Atp7a,ATP7A,TRUE,TRUE
Atp8a1,ATP8A1,TRUE,TRUE
Atp8a2,ATP8A2,TRUE,TRUE
Atp8b1,ATP8B1,TRUE,TRUE
Atp8b3,ATP8B3,TRUE,TRUE
Atp8b4,ATP8B4,TRUE,TRUE
Atp8b5,NA,FALSE,FALSE
Atp9a,ATP9A,TRUE,TRUE
Atpaf2,ATPAF2,TRUE,TRUE
Atr,ATR,TRUE,TRUE
Atrn,ATRN,TRUE,TRUE
Atrnl1,ATRNL1,TRUE,TRUE
Atrx,ATRX,TRUE,TRUE
Atxn2l,ATXN2L,TRUE,TRUE
Atxn7,ATXN7,TRUE,TRUE
Atxn7l1,ATXN7L1,TRUE,TRUE
Auh,AUH,TRUE,TRUE
Auts2,AUTS2,TRUE,TRUE
Avil,AVIL,TRUE,TRUE
Avl9,AVL9,TRUE,TRUE
Avpr2,AVPR2,TRUE,TRUE
Awat1,AWAT1,TRUE,TRUE
Aym1,NA,FALSE,FALSE
B230219D22Rik,C5orf24,FALSE,FALSE
B3galnt2,B3GALNT2,TRUE,TRUE
B3galt2,B3GALT2,TRUE,TRUE
B3galt5,B3GALT5,TRUE,TRUE
B3gnt4,B3GNT4,TRUE,TRUE
B4galnt1,B4GALNT1,TRUE,TRUE
B4galnt3,B4GALNT3,TRUE,TRUE
B4galnt4,B4GALNT4,TRUE,TRUE
B4galt7,B4GALT7,TRUE,TRUE
BB014433,NA,FALSE,FALSE
BC024139,NA,FALSE,FALSE
BC034090,KIAA1614,TRUE,TRUE
BC051665,CTSL,TRUE,TRUE
BC067074,NA,FALSE,FALSE
BC080695,NA,FALSE,FALSE
Babam2,BABAM2,TRUE,TRUE
Bag1,BAG1,TRUE,TRUE
Bag5,BAG5,TRUE,TRUE
Bag6,BAG6,TRUE,TRUE
Bahcc1,BAHCC1,TRUE,TRUE
Baiap2l2,BAIAP2L2,TRUE,TRUE
Baiap3,BAIAP3,TRUE,TRUE
Bank1,BANK1,TRUE,TRUE
Bap1,BAP1,TRUE,TRUE
Barhl2,BARHL2,TRUE,TRUE
Batf2,BATF2,TRUE,TRUE
Baz1a,BAZ1A,TRUE,TRUE
Baz2a,BAZ2A,TRUE,TRUE
Bbs10,BBS10,TRUE,TRUE
Bbs7,BBS7,TRUE,TRUE
Bbs9,BBS9,TRUE,TRUE
Bcar1,BCAR1,TRUE,TRUE
Bcas3,BCAS3,TRUE,TRUE
Bcat1,BCAT1,TRUE,TRUE
Bche,BCHE,TRUE,TRUE
Bckdk,BCKDK,TRUE,TRUE
Bcl11b,BCL11B,TRUE,TRUE
Bcl2a1d,BCL2A1,TRUE,TRUE
Bcl6,BCL6,TRUE,TRUE
Bcl7a,BCL7A,TRUE,TRUE
Bcl9,BCL9,TRUE,TRUE
Bclaf3,BCLAF3,TRUE,TRUE
Bcor,BCOR,TRUE,TRUE
Bcorl1,BCORL1,TRUE,TRUE
Bcr,BCR,TRUE,TRUE
Bdkrb1,BDKRB1,TRUE,TRUE
Bdkrb2,BDKRB2,TRUE,TRUE
Bdnf,BDNF,TRUE,TRUE
Bdp1,BDP1,TRUE,TRUE
Bend3,BEND3,TRUE,TRUE
Bend5,BEND5,TRUE,TRUE
Best2,BEST2,TRUE,TRUE
Best3,BEST3,TRUE,TRUE
Bfar,BFAR,TRUE,TRUE
Bhlhe40,BHLHE40,TRUE,TRUE
Bicra,BICRA,TRUE,TRUE
Bik,BIK,TRUE,TRUE
Bin1,BIN1,TRUE,TRUE
Bin2,BIN2,TRUE,TRUE
Birc6,BIRC6,TRUE,TRUE
Blk,BLK,TRUE,TRUE
Blm,BLM,TRUE,TRUE
Bloc1s2,BLOC1S2,TRUE,TRUE
Bmp1,BMP1,TRUE,TRUE
Bmp15,BMP15,TRUE,TRUE
Bmp2k,BMP2K,TRUE,TRUE
Bmp5,BMP5,TRUE,TRUE
Bmp6,BMP6,TRUE,TRUE
Bmp8b,BMP8A,TRUE,TRUE
Bmper,BMPER,TRUE,TRUE
Bmpr1a,BMPR1A,TRUE,TRUE
Bmpr2,BMPR2,TRUE,TRUE
Bnc1,BNC1,TRUE,TRUE
Bnip5,BNIP5,TRUE,TRUE
Boc,BOC,TRUE,TRUE
Bod1l,BOD1L1,TRUE,TRUE
Bola1,BOLA1,TRUE,TRUE
Bpifa1,BPIFA1,TRUE,TRUE
Bpifa3,BPIFA3,TRUE,TRUE
Bpifb1,BPIFB1,TRUE,TRUE
Bpifb3,BPIFB3,TRUE,TRUE
Bpifb4,BPIFB4,TRUE,TRUE
Bpifb5,NA,FALSE,FALSE
Bpifb6,BPIFB6,TRUE,TRUE
Braf,BRAF,TRUE,TRUE
Brap,BRAP,TRUE,TRUE
Brca1,BRCA1,TRUE,TRUE
Brca2,BRCA2,TRUE,TRUE
Brcc3,BRCC3,TRUE,TRUE
Brd2,BRD2,TRUE,TRUE
Brdt,BRDT,TRUE,TRUE
Bricd5,BRICD5,TRUE,TRUE
Brinp1,BRINP1,TRUE,TRUE
Brinp2,BRINP2,TRUE,TRUE
Brip1,BRIP1,TRUE,TRUE
Brpf1,BRPF1,TRUE,TRUE
Brpf3,BRPF3,TRUE,TRUE
Brwd1,BRWD1,TRUE,TRUE
Bsnd,BSND,TRUE,TRUE
Bst2,BST2,TRUE,TRUE
Btaf1,BTAF1,TRUE,TRUE
Btbd18,BTBD18,TRUE,TRUE
Btbd2,BTBD2,TRUE,TRUE
Btbd7,BTBD7,TRUE,TRUE
Btg4,BTG4,TRUE,TRUE
Btn2a2,BTN2A1,TRUE,TRUE
Btnl1,NA,FALSE,FALSE
Btnl2,BTNL2,TRUE,TRUE
Btnl4,NA,FALSE,FALSE
Btnl9,BTNL9,TRUE,TRUE
Bub1b,BUB1B,TRUE,TRUE
Bub3,BUB3,TRUE,TRUE
Bud13,BUD13,TRUE,TRUE
Bzw1,BZW1,TRUE,TRUE
C130026I21Rik,SP140,TRUE,TRUE
C1qb,C1QB,TRUE,TRUE
C1qbp,C1QBP,FALSE,FALSE
C1qc,C1QC,TRUE,TRUE
C1ra,C1R,TRUE,TRUE
C1rl,C1RL,TRUE,TRUE
C2cd2l,C2CD2L,TRUE,TRUE
C2cd3,C2CD3,TRUE,TRUE
C2cd5,C2CD5,TRUE,TRUE
C3,C3,TRUE,TRUE
C87977,NA,FALSE,FALSE
C8g,C8G,TRUE,TRUE
C9orf72,C9orf72,FALSE,FALSE
CK137956,C1orf94,FALSE,FALSE
Cabin1,CABIN1,TRUE,TRUE
Cabs1,CABS1,TRUE,TRUE
Cacna1a,CACNA1A,TRUE,TRUE
Cacna1b,CACNA1B,TRUE,TRUE
Cacna1d,CACNA1D,TRUE,TRUE
Cacna1e,CACNA1E,TRUE,TRUE
Cacna1f,CACNA1F,TRUE,TRUE
Cacna1g,CACNA1G,TRUE,TRUE
Cacna1h,CACNA1H,TRUE,TRUE
Cacna1s,CACNA1S,TRUE,TRUE
Cacna2d1,CACNA2D1,TRUE,TRUE
Cacna2d3,CACNA2D3,TRUE,TRUE
Cacna2d4,CACNA2D4,TRUE,TRUE
Cacnb2,CACNB2,TRUE,TRUE
Cactin,CACTIN,TRUE,TRUE
Cad,CAD,TRUE,TRUE
Cadm2,CADM2,TRUE,TRUE
Cadps,CADPS,TRUE,TRUE
Calcoco2,CALCOCO2,TRUE,TRUE
Calcrl,CALCRL,TRUE,TRUE
Calhm4,CALHM4,TRUE,TRUE
Calhm6,CALHM6,TRUE,TRUE
Caln1,CALN1,TRUE,TRUE
Camk2a,CAMK2A,TRUE,TRUE
Camk2b,CAMK2B,TRUE,TRUE
Camk2g,CAMK2G,TRUE,TRUE
Camk2n1,CAMK2N1,FALSE,FALSE
Camkk1,CAMKK1,TRUE,TRUE
Camp,CAMP,TRUE,TRUE
Camsap3,CAMSAP3,TRUE,TRUE
Camta1,CAMTA1,TRUE,TRUE
Camta2,CAMTA2,TRUE,TRUE
Capn1,CAPN1,TRUE,TRUE
Capn10,CAPN10,TRUE,TRUE
Capn12,CAPN12,TRUE,TRUE
Capn13,CAPN13,TRUE,TRUE
Capn6,CAPN6,TRUE,TRUE
Capn8,CAPN8,TRUE,TRUE
Capn9,CAPN9,TRUE,TRUE
Caprin1,CAPRIN1,TRUE,TRUE
Caprin2,CAPRIN2,TRUE,TRUE
Caps2,CAPS2,TRUE,TRUE
Card10,CARD10,TRUE,TRUE
Card11,CARD11,TRUE,TRUE
Carf,CARF,TRUE,TRUE
Carmil1,CARMIL1,TRUE,TRUE
Carmil2,CARMIL2,TRUE,TRUE
Cars,CARS1,TRUE,TRUE
Casc1,DNAI7,TRUE,TRUE
Casd1,CASD1,TRUE,TRUE
Caskin2,CASKIN2,TRUE,TRUE
Casp12,CASP12,TRUE,TRUE
Casp8ap2,CASP8AP2,FALSE,FALSE
Casp9,CASP9,TRUE,TRUE
Casq2,CASQ2,TRUE,TRUE
Casr,CASR,TRUE,TRUE
Cass4,CASS4,TRUE,TRUE
Catsper1,CATSPER1,TRUE,TRUE
Cbfa2t2,CBFA2T2,TRUE,TRUE
Cbfa2t3,CBFA2T3,TRUE,TRUE
Cblb,CBLB,TRUE,TRUE
Cbr4,CBR4,TRUE,TRUE
Cbwd1,ZNG1A,FALSE,FALSE
Cbx2,CBX2,TRUE,TRUE
Cbx4,CBX4,TRUE,TRUE
Cbx8,CBX8,TRUE,TRUE
Cc2d1a,CC2D1A,TRUE,TRUE
Cc2d2a,CC2D2A,TRUE,TRUE
Ccdc106,CCDC106,TRUE,TRUE
Ccdc110,CCDC110,TRUE,TRUE
Ccdc116,CCDC116,TRUE,TRUE
Ccdc120,CCDC120,TRUE,TRUE
Ccdc125,CCDC125,TRUE,TRUE
Ccdc13,CCDC13,TRUE,TRUE
Ccdc130,YJU2B,TRUE,TRUE
Ccdc136,CCDC136,TRUE,TRUE
Ccdc141,CCDC141,TRUE,TRUE
Ccdc151,NA,FALSE,FALSE
Ccdc155,NA,FALSE,FALSE
Ccdc158,CCDC158,TRUE,TRUE
Ccdc162,CCDC162P,FALSE,FALSE
Ccdc171,CCDC171,TRUE,TRUE
Ccdc175,CCDC175,TRUE,TRUE
Ccdc178,CCDC178,TRUE,TRUE
Ccdc183,CCDC183,TRUE,TRUE
Ccdc22,CCDC22,TRUE,TRUE
Ccdc28b,CCDC28B,TRUE,TRUE
Ccdc33,CCDC33,TRUE,TRUE
Ccdc57,CCDC57,TRUE,TRUE
Ccdc60,CCDC60,TRUE,TRUE
Ccdc62,CCDC62,TRUE,TRUE
Ccdc63,CCDC63,TRUE,TRUE
Ccdc70,CCDC70,TRUE,TRUE
Ccdc73,CCDC73,TRUE,TRUE
Ccdc77,CCDC77,TRUE,TRUE
Ccdc8,CCDC8,TRUE,TRUE
Ccdc80,CCDC80,TRUE,TRUE
Ccdc81,CCDC81,TRUE,TRUE
Ccdc85a,CCDC85A,TRUE,TRUE
Ccdc86,CCDC86,TRUE,TRUE
Ccdc97,CCDC97,TRUE,TRUE
Ccdc9b,CCDC9B,TRUE,TRUE
Ccer1,CCER1,TRUE,TRUE
Cchcr1,CCHCR1,TRUE,TRUE
Ccm2l,CCM2L,TRUE,TRUE
Ccna2,CCNA2,TRUE,TRUE
Ccnb3,CCNB3,TRUE,TRUE
Ccne1,CCNE1,TRUE,TRUE
Ccnf,CCNF,TRUE,TRUE
Ccnjl,CCNJL,TRUE,TRUE
Ccnq,CCNQ,FALSE,FALSE
Ccnt2,CCNT2,TRUE,TRUE
Ccr5,CCR5,TRUE,TRUE
Ccr8,CCR8,TRUE,TRUE
Ccrl2,CCRL2,TRUE,TRUE
Ccser1,CCSER1,TRUE,TRUE
Cct4,CCT4,TRUE,TRUE
Cct5,CCT5,TRUE,TRUE
Cd163,CD163,TRUE,TRUE
Cd163l1,NA,FALSE,FALSE
Cd177,CD177,TRUE,TRUE
Cd2,CD2,TRUE,TRUE
Cd200r4,CD200R1,TRUE,TRUE
Cd209f,CLEC4M,TRUE,TRUE
Cd247,CD247,TRUE,TRUE
Cd248,CD248,TRUE,TRUE
Cd27,CD27,TRUE,TRUE
Cd274,CD274,TRUE,TRUE
Cd28,CD28,TRUE,TRUE
Cd300c,CD300A,TRUE,TRUE
Cd300ld2,CD300LF,TRUE,TRUE
Cd300lf,CD300LF,TRUE,TRUE
Cd37,CD37,TRUE,TRUE
Cd3eap,POLR1G,TRUE,TRUE
Cd4,CD4,TRUE,TRUE
Cd44,CD44,TRUE,TRUE
Cd47,CD47,TRUE,TRUE
Cd6,CD6,TRUE,TRUE
Cd79b,CD79B,TRUE,TRUE
Cd86,CD86,TRUE,TRUE
Cd8b1,CD8B,TRUE,TRUE
Cd93,CD93,TRUE,TRUE
Cdan1,CDAN1,TRUE,TRUE
Cdc14a,CDC14A,TRUE,TRUE
Cdc25a,CDC25A,TRUE,TRUE
Cdc27,CDC27,TRUE,TRUE
Cdc34b,CDC34,TRUE,TRUE
Cdc42bpa,CDC42BPA,TRUE,TRUE
Cdc42bpb,CDC42BPB,TRUE,TRUE
Cdc42ep3,CDC42EP3,TRUE,TRUE
Cdc6,CDC6,TRUE,TRUE
Cdc7,CDC7,TRUE,TRUE
Cdca7,CDCA7,TRUE,TRUE
Cdcp1,CDCP1,TRUE,TRUE
Cdh10,CDH10,TRUE,TRUE
Cdh11,CDH11,TRUE,TRUE
Cdh15,CDH15,TRUE,TRUE
Cdh16,CDH16,TRUE,TRUE
Cdh18,CDH18,TRUE,TRUE
Cdh2,CDH2,TRUE,TRUE
Cdh23,CDH23,TRUE,TRUE
Cdh26,CDH26,TRUE,TRUE
Cdh5,CDH5,TRUE,TRUE
Cdh6,CDH6,TRUE,TRUE
Cdh7,CDH7,TRUE,TRUE
Cdh8,CDH8,TRUE,TRUE
Cdhr1,CDHR1,TRUE,TRUE
Cdhr2,CDHR2,TRUE,TRUE
Cdhr3,CDHR3,TRUE,TRUE
Cdhr4,CDHR4,TRUE,TRUE
Cdk16,CDK16,TRUE,TRUE
Cdk3,CDK3,TRUE,TRUE
Cdk5r2,CDK5R2,TRUE,TRUE
Cdk5rap1,CDK5RAP1,TRUE,TRUE
Cdk5rap2,CDK5RAP2,TRUE,TRUE
Cdk5rap3,CDK5RAP3,TRUE,TRUE
Cdk8,CDK8,TRUE,TRUE
Cdkal1,CDKAL1,TRUE,TRUE
Cdkl1,CDKL1,TRUE,TRUE
Cdkl5,CDKL5,TRUE,TRUE
Cdkn1a,CDKN1A,TRUE,TRUE
Cdkn2a,CDKN2A,TRUE,TRUE
Cdkn2aip,CDKN2AIP,TRUE,TRUE
Cdkn2aipnl,CDKN2AIPNL,TRUE,TRUE
Cdkn2b,CDKN2B,TRUE,TRUE
Cdkn2d,CDKN2D,TRUE,TRUE
Cdon,CDON,TRUE,TRUE
Cdr1,NA,FALSE,FALSE
Cdv3,CDV3,TRUE,TRUE
Ceacam12,CEACAM21,TRUE,TRUE
Ceacam16,CEACAM16,TRUE,TRUE
Ceacam20,CEACAM20,TRUE,TRUE
Ceacam5,CEACAM21,TRUE,TRUE
Celf1,CELF1,TRUE,TRUE
Celsr1,CELSR1,TRUE,TRUE
Celsr2,CELSR2,TRUE,TRUE
Celsr3,CELSR3,TRUE,TRUE
Cemip,CEMIP,TRUE,TRUE
Cemip2,CEMIP2,TRUE,TRUE
Cenpa,CENPA,TRUE,TRUE
Cenpf,CENPF,TRUE,TRUE
Cenpi,CENPI,TRUE,TRUE
Cenpj,CENPJ,FALSE,FALSE
Cenpt,CENPT,TRUE,TRUE
Cep104,CEP104,TRUE,TRUE
Cep112,CEP112,TRUE,TRUE
Cep135,CEP135,TRUE,TRUE
Cep164,CEP164,TRUE,TRUE
Cep170,CEP170,TRUE,TRUE
Cep170b,CEP170B,TRUE,TRUE
Cep19,CEP19,TRUE,TRUE
Cep192,CEP192,TRUE,TRUE
Cep250,CEP250,TRUE,TRUE
Cep295,CEP295,TRUE,TRUE
Cep41,CEP41,TRUE,TRUE
Cep78,CEP78,TRUE,TRUE
Cep89,CEP89,TRUE,TRUE
Cerk,CERK,TRUE,TRUE
Cerkl,CERKL,TRUE,TRUE
Ces1a,CES1,TRUE,TRUE
Ces1d,CES1,TRUE,TRUE
Ces1h,CES1,TRUE,TRUE
Ces2b,CES2,TRUE,TRUE
Ces5a,CES5A,TRUE,TRUE
Cfap157,CFAP157,TRUE,TRUE
Cfap44,CFAP44,TRUE,TRUE
Cfap46,CFAP46,TRUE,TRUE
Cfap47,CFAP47,TRUE,TRUE
Cfap54,CFAP54,TRUE,TRUE
Cfap57,CFAP57,TRUE,TRUE
Cfap58,CFAP58,TRUE,TRUE
Cfap61,CFAP61,TRUE,TRUE
Cfap65,CFAP65,TRUE,TRUE
Cfap70,CFAP70,TRUE,TRUE
Cfb,CFB,TRUE,TRUE
Cfc1,CFC1,TRUE,TRUE
Cfd,CFD,FALSE,FALSE
Cfhr1,CFHR1,TRUE,TRUE
Cfi,CFI,TRUE,TRUE
Cflar,CFLAR,TRUE,TRUE
Cfp,CFP,TRUE,TRUE
Cgnl1,CGNL1,TRUE,TRUE
Chaf1b,CHAF1B,TRUE,TRUE
Chat,CHAT,TRUE,TRUE
Chd1,CHD1,TRUE,TRUE
Chd1l,CHD1L,TRUE,TRUE
Chd3,CHD3,TRUE,TRUE
Chd4,CHD4,TRUE,TRUE
Chd5,CHD5,TRUE,TRUE
Chd7,CHD7,TRUE,TRUE
Chia1,CHIA,TRUE,TRUE
Chil4,CHIA,TRUE,TRUE
Chrd,CHRD,TRUE,TRUE
Chrdl1,CHRDL1,TRUE,TRUE
Chrdl2,CHRDL2,TRUE,TRUE
Chrm2,CHRM2,TRUE,TRUE
Chrna1,CHRNA1,TRUE,TRUE
Chrna2,CHRNA2,TRUE,TRUE
Chrna5,CHRNA5,TRUE,TRUE
Chrna7,CHRFAM7A,TRUE,TRUE
Chrnb1,CHRNB1,TRUE,TRUE
Chrnb4,CHRNB4,TRUE,TRUE
Chrnd,CHRND,TRUE,TRUE
Chrne,CHRNE,TRUE,TRUE
Chrng,CHRNG,TRUE,TRUE
Chst7,CHST7,TRUE,TRUE
Chst9,CHST9,TRUE,TRUE
Chsy3,CHSY3,TRUE,TRUE
Chtf18,CHTF18,TRUE,TRUE
Chuk,CHUK,TRUE,TRUE
Ciapin1,CIAPIN1,TRUE,TRUE
Cic,CIC,TRUE,TRUE
Ciita,CIITA,TRUE,TRUE
Cilk1,CILK1,TRUE,TRUE
Cilp,CILP,TRUE,TRUE
Cip2a,CIP2A,TRUE,TRUE
Cipc,CIPC,TRUE,TRUE
Cit,CIT,TRUE,TRUE
Ciz1,CIZ1,TRUE,TRUE
Ckap2,CKAP2,TRUE,TRUE
Ckap4,CKAP4,TRUE,TRUE
Ckap5,CKAP5,TRUE,TRUE
Ckmt2,CKMT2,TRUE,TRUE
Clasp1,CLASP1,TRUE,TRUE
Clca1,CLCA1,TRUE,TRUE
Clca3a1,CLCA1,TRUE,TRUE
Clca3a2,CLCA1,TRUE,TRUE
Clca3b,CLCA1,TRUE,TRUE
Clca4a,CLCA4,TRUE,TRUE
Clcn2,CLCN2,TRUE,TRUE
Clcn3,CLCN3,TRUE,TRUE
Clcnka,CLCNKA,TRUE,TRUE
Cldn18,CLDN18,TRUE,TRUE
Cldn3,CLDN3,TRUE,TRUE
Clec18a,CLEC18A,TRUE,TRUE
Clec4a4,CLEC4A,TRUE,TRUE
Clgn,CLGN,TRUE,TRUE
Clic4,CLIC4,TRUE,TRUE
Clic6,CLIC6,TRUE,TRUE
Clip1,CLIP1,TRUE,TRUE
Clip2,CLIP2,TRUE,TRUE
Clk3,CLK3,TRUE,TRUE
Clmn,CLMN,TRUE,TRUE
Clock,CLOCK,TRUE,TRUE
Clptm1,CLPTM1,TRUE,TRUE
Clptm1l,CLPTM1L,TRUE,TRUE
Clstn3,CLSTN3,TRUE,TRUE
Clu,CLU,TRUE,TRUE
Cluh,CLUH,TRUE,TRUE
Clybl,CLYBL,TRUE,TRUE
Cmklr1,CMKLR1,TRUE,TRUE
Cmpk2,CMPK2,TRUE,TRUE
Cmss1,CMSS1,TRUE,TRUE
Cmtm4,CMTM4,FALSE,FALSE
Cmtr1,CMTR1,TRUE,TRUE
Cndp2,CNDP2,TRUE,TRUE
Cnep1r1,CNEP1R1,TRUE,TRUE
Cnfn,CNFN,TRUE,TRUE
Cnga1,CNGA1,TRUE,TRUE
Cnga2,CNGA2,TRUE,TRUE
Cnga4,CNGA4,TRUE,TRUE
Cnih1,CNIH1,TRUE,TRUE
Cnksr1,CNKSR1,TRUE,TRUE
Cnn1,CNN1,TRUE,TRUE
Cnnm4,CNNM4,TRUE,TRUE
Cnot1,CNOT1,TRUE,TRUE
Cnp,CNP,TRUE,TRUE
Cnr2,CNR2,TRUE,TRUE
Cntd1,CNTD1,TRUE,TRUE
Cntn4,CNTN4,TRUE,TRUE
Cntnap1,CNTNAP1,TRUE,TRUE
Cntnap2,CNTNAP2,TRUE,TRUE
Cntnap3,CNTNAP3,TRUE,TRUE
Cntnap4,CNTNAP4,TRUE,TRUE
Cntnap5a,CNTNAP5,TRUE,TRUE
Cntnap5c,CNTNAP5,TRUE,TRUE
Cntrob,CNTROB,TRUE,TRUE
Coa7,COA7,TRUE,TRUE
Cobl,COBL,TRUE,TRUE
Cobll1,COBLL1,TRUE,TRUE
Coch,COCH,TRUE,TRUE
Cog1,COG1,TRUE,TRUE
Cog6,COG6,TRUE,TRUE
Cog7,COG7,TRUE,TRUE
Col11a2,COL11A2,TRUE,TRUE
Col12a1,COL12A1,TRUE,TRUE
Col13a1,COL13A1,TRUE,TRUE
Col14a1,COL14A1,TRUE,TRUE
Col16a1,COL16A1,TRUE,TRUE
Col18a1,COL18A1,TRUE,TRUE
Col1a1,COL1A1,TRUE,TRUE
Col1a2,COL1A2,TRUE,TRUE
Col20a1,COL20A1,TRUE,TRUE
Col22a1,COL22A1,TRUE,TRUE
Col23a1,COL23A1,TRUE,TRUE
Col25a1,COL25A1,TRUE,TRUE
Col27a1,COL27A1,TRUE,TRUE
Col28a1,COL28A1,TRUE,TRUE
Col3a1,COL3A1,TRUE,TRUE
Col4a2,COL4A2,TRUE,TRUE
Col4a6,COL4A6,TRUE,TRUE
Col5a1,COL5A1,TRUE,TRUE
Col6a3,COL6A3,TRUE,TRUE
Col6a4,NA,FALSE,FALSE
Col6a5,COL6A5,TRUE,TRUE
Col6a6,COL6A6,TRUE,TRUE
Col7a1,COL7A1,TRUE,TRUE
Col9a1,COL9A1,TRUE,TRUE
Col9a2,COL9A2,TRUE,TRUE
Col9a3,COL9A3,TRUE,TRUE
Colca2,NA,FALSE,FALSE
Colec11,COLEC11,TRUE,TRUE
Colgalt1,COLGALT1,TRUE,TRUE
Comp,COMP,TRUE,TRUE
Copa,COPA,TRUE,TRUE
Copb1,COPB1,TRUE,TRUE
Copb2,COPB2,TRUE,TRUE
Cope,COPE,TRUE,TRUE
Cops3,COPS3,TRUE,TRUE
Copz2,COPZ2,TRUE,TRUE
Coq3,COQ3,TRUE,TRUE
Corin,CORIN,TRUE,TRUE
Coro1a,CORO1A,TRUE,TRUE
Coro2b,CORO2B,TRUE,TRUE
Cort,CORT,FALSE,FALSE
Cox7a2l,COX7A2L,TRUE,TRUE
Cpa5,CPA5,TRUE,TRUE
Cpe,CPE,TRUE,TRUE
Cpeb3,CPEB3,TRUE,TRUE
Cped1,CPED1,TRUE,TRUE
Cplane1,CPLANE1,TRUE,TRUE
Cplane2,CPLANE2,TRUE,TRUE
Cpn1,CPN1,TRUE,TRUE
Cpne3,CPNE3,TRUE,TRUE
Cpne4,CPNE4,TRUE,TRUE
Cps1,CPS1,TRUE,TRUE
Cpsf1,CPSF1,TRUE,TRUE
Cpsf3,CPSF3,TRUE,TRUE
Cpsf4,CPSF4,TRUE,TRUE
Cpt1a,CPT1A,TRUE,TRUE
Cpxm1,CPXM1,TRUE,TRUE
Cpxm2,CPXM2,TRUE,TRUE
Cr2,CR1L,TRUE,TRUE
Cramp1l,NA,FALSE,FALSE
Crat,CRAT,TRUE,TRUE
Crb2,CRB2,TRUE,TRUE
Creb5,CREB5,TRUE,TRUE
Crebbp,CREBBP,TRUE,TRUE
Creg2,CREG2,TRUE,TRUE
Crh,CRH,TRUE,TRUE
Crhr1,CRHR1,TRUE,TRUE
Crhr2,CRHR2,TRUE,TRUE
Crim1,CRIM1,TRUE,TRUE
Crisp2,CRISP2,TRUE,TRUE
Crk,CRK,TRUE,TRUE
Crmp1,CRMP1,TRUE,TRUE
Crxos,NA,FALSE,FALSE
Crybb3,CRYBB3,TRUE,TRUE
Crybg1,CRYBG1,TRUE,TRUE
Crybg2,CRYBG2,TRUE,TRUE
Crygd,CRYGD,TRUE,TRUE
Cryge,CRYGD,TRUE,TRUE
Csf1,CSF1,TRUE,TRUE
Csf2rb2,CSF2RB,TRUE,TRUE
Csf3r,CSF3R,TRUE,TRUE
Csgalnact2,CSGALNACT2,TRUE,TRUE
Csl,CS,TRUE,TRUE
Csmd1,CSMD1,TRUE,TRUE
Csmd2,CSMD2,TRUE,TRUE
Csmd3,CSMD3,TRUE,TRUE
Csn1s2a,NA,FALSE,FALSE
Csnk1g1,CSNK1G1,TRUE,TRUE
Csnk2b,CSNK2B,TRUE,TRUE
Cspg5,CSPG5,TRUE,TRUE
Ctcf,CTCF,TRUE,TRUE
Ctdnep1,CTDNEP1,TRUE,TRUE
Ctif,CTIF,TRUE,TRUE
Ctla2b,NA,FALSE,FALSE
Ctla4,CTLA4,TRUE,TRUE
Ctnna1,CTNNA1,TRUE,TRUE
Ctnnal1,CTNNAL1,TRUE,TRUE
Ctnnb1,CTNNB1,TRUE,TRUE
Ctnnd2,CTNND2,TRUE,TRUE
Ctns,CTNS,TRUE,TRUE
Ctrl,CTRL,TRUE,TRUE
Cts8,CTSL,TRUE,TRUE
Ctsll3,CTSL,TRUE,TRUE
Ctso,CTSO,TRUE,TRUE
Ctsr,CTSL,TRUE,TRUE
Cttn,CTTN,TRUE,TRUE
Ctu1,CTU1,TRUE,TRUE
Ctu2,CTU2,TRUE,TRUE
Cubn,CUBN,TRUE,TRUE
Cul9,CUL9,TRUE,TRUE
Cux1,CUX1,TRUE,TRUE
Cux2,CUX2,TRUE,TRUE
Cwc15,CWC15,TRUE,TRUE
Cwf19l1,CWF19L1,TRUE,TRUE
Cx3cl1,CX3CL1,TRUE,TRUE
Cx3cr1,CX3CR1,TRUE,TRUE
Cxcr1,CXCR1,TRUE,TRUE
Cxcr3,CXCR3,TRUE,TRUE
Cxcr4,CXCR4,TRUE,TRUE
Cxcr6,CXCR6,TRUE,TRUE
Cyba,CYBA,TRUE,TRUE
Cyfip2,CYFIP2,TRUE,TRUE
Cyld,CYLD,TRUE,TRUE
Cym,NA,FALSE,FALSE
Cyp11b1,CYP11B1,TRUE,TRUE
Cyp1a1,CYP1A1,TRUE,TRUE
Cyp1a2,CYP1A2,TRUE,TRUE
Cyp24a1,CYP24A1,TRUE,TRUE
Cyp2a22,CYP2A13,TRUE,TRUE
Cyp2a5,CYP2A13,TRUE,TRUE
Cyp2ab1,NA,FALSE,FALSE
Cyp2b10,CYP2B6,TRUE,TRUE
Cyp2b19,CYP2B6,TRUE,TRUE
Cyp2b23,CYP2B6,TRUE,TRUE
Cyp2c37,CYP2C18,TRUE,TRUE
Cyp2c39,CYP2C18,TRUE,TRUE
Cyp2c50,CYP2C18,TRUE,TRUE
Cyp2c65,CYP2C19,TRUE,TRUE
Cyp2c68,CYP2C18,TRUE,TRUE
Cyp2d10,CYP2D6,TRUE,TRUE
Cyp2d11,CYP2D6,TRUE,TRUE
Cyp2d12,CYP2D6,TRUE,TRUE
Cyp2d40,CYP2D6,TRUE,TRUE
Cyp2j11,CYP2J2,TRUE,TRUE
Cyp2j7,CYP2J2,TRUE,TRUE
Cyp2j9,CYP2J2,TRUE,TRUE
Cyp2u1,CYP2U1,TRUE,TRUE
Cyp3a44,CYP3A4,TRUE,TRUE
Cyp4a12a,CYP4A11,TRUE,TRUE
Cyp4a12b,CYP4A11,TRUE,TRUE
Cyp4a29,CYP4A11,TRUE,TRUE
Cyp4a31,CYP4A11,TRUE,TRUE
Cyp4a32,CYP4A11,TRUE,TRUE
Cyp4f15,CYP4F11,TRUE,TRUE
Cyp4x1,CYP4X1,TRUE,TRUE
Cyp51,CYP51A1,TRUE,TRUE
Cyp8b1,CYP8B1,TRUE,TRUE
Cypt15,NA,FALSE,FALSE
Cyth1,CYTH1,TRUE,TRUE
Cytip,CYTIP,TRUE,TRUE
D130043K22Rik,KIAA0319,TRUE,TRUE
D130052B06Rik,NA,FALSE,FALSE
D1Pas1,DDX3X,TRUE,TRUE
D230025D16Rik,NA,FALSE,FALSE
D430041D05Rik,KIAA1549L,TRUE,TRUE
D430042O09Rik,NA,FALSE,FALSE
D5Ertd579e,KIAA0232,TRUE,TRUE
D630039A03Rik,C9orf152,FALSE,FALSE
D630045J12Rik,KIAA1549,TRUE,TRUE
D6Ertd527e,NA,FALSE,FALSE
D930020B18Rik,C12orf56,FALSE,FALSE
Daam1,DAAM1,TRUE,TRUE
Dab1,DAB1,TRUE,TRUE
Dach1,DACH1,TRUE,TRUE
Dact1,DACT1,TRUE,TRUE
Dact2,DACT2,TRUE,TRUE
Dag1,DAG1,TRUE,TRUE
Dapk1,DAPK1,TRUE,TRUE
Dapk3,DAPK3,TRUE,TRUE
Dars2,DARS2,TRUE,TRUE
Dbf4,DBF4,TRUE,TRUE
Dbh,DBH,TRUE,TRUE
Dbnl,DBNL,TRUE,TRUE
Dcaf1,DCAF1,TRUE,TRUE
Dcaf12l2,DCAF12L1,TRUE,TRUE
Dcaf7,DCAF7,TRUE,TRUE
Dcc,DCC,TRUE,TRUE
Dcdc2a,DCDC2,TRUE,TRUE
Dchs1,DCHS1,TRUE,TRUE
Dclk1,DCLK1,TRUE,TRUE
Dclre1a,DCLRE1A,TRUE,TRUE
Dct,DCT,TRUE,TRUE
Dctd,DCTD,TRUE,TRUE
Dctn2,DCTN2,TRUE,TRUE
Dcx,DCX,TRUE,TRUE
Dda1,DDA1,TRUE,TRUE
Ddb1,DDB1,TRUE,TRUE
Ddc,DDC,TRUE,TRUE
Ddhd1,DDHD1,TRUE,TRUE
Ddi1,DDI1,TRUE,TRUE
Ddit3,DDIT3,TRUE,TRUE
Ddn,DDN,TRUE,TRUE
Ddr2,DDR2,TRUE,TRUE
Ddrgk1,DDRGK1,TRUE,TRUE
Ddx10,DDX10,TRUE,TRUE
Ddx21,DDX21,TRUE,TRUE
Ddx23,DDX23,TRUE,TRUE
Ddx25,DDX25,TRUE,TRUE
Ddx31,DDX31,TRUE,TRUE
Ddx39b,DDX39B,FALSE,FALSE
Ddx3x,DDX3X,TRUE,TRUE
Ddx4,DDX4,TRUE,TRUE
Ddx42,DDX42,TRUE,TRUE
Ddx54,DDX54,TRUE,TRUE
Ddx56,DDX56,TRUE,TRUE
Ddx59,DDX59,TRUE,TRUE
Ddx6,DDX6,TRUE,TRUE
Ddx60,DDX60,TRUE,TRUE
Deaf1,DEAF1,TRUE,TRUE
Def6,DEF6,TRUE,TRUE
Defb26,DEFB125,TRUE,TRUE
Dele1,DELE1,TRUE,TRUE
Denn2b,DENND2B,TRUE,TRUE
Dennd1c,DENND1C,TRUE,TRUE
Dennd3,DENND3,TRUE,TRUE
Dennd4a,DENND4A,TRUE,TRUE
Dennd4b,DENND4B,TRUE,TRUE
Dennd5a,DENND5A,TRUE,TRUE
Dennd5b,DENND5B,TRUE,TRUE
Dennd6b,DENND6B,TRUE,TRUE
Derl1,DERL1,TRUE,TRUE
Det1,DET1,TRUE,TRUE
Deup1,DEUP1,TRUE,TRUE
Dgkb,DGKB,TRUE,TRUE
Dgke,DGKE,TRUE,TRUE
Dgkh,DGKH,TRUE,TRUE
Dgki,DGKI,TRUE,TRUE
Dhfr,DHFR,TRUE,TRUE
Dhrs11,DHRS11,TRUE,TRUE
Dhrs4,DHRS4,TRUE,TRUE
Dhrs7c,DHRS7C,TRUE,TRUE
Dhtkd1,DHTKD1,TRUE,TRUE
Dhx29,DHX29,TRUE,TRUE
Dhx36,DHX36,TRUE,TRUE
Dhx37,DHX37,TRUE,TRUE
Dhx38,DHX38,TRUE,TRUE
Dhx58,DHX58,TRUE,TRUE
Dhx8,DHX8,TRUE,TRUE
Diaph1,DIAPH1,TRUE,TRUE
Diaph3,DIAPH3,TRUE,TRUE
Dicer1,DICER1,TRUE,TRUE
Dido1,DIDO1,TRUE,TRUE
Dio2,DIO2,TRUE,TRUE
Dip2a,DIP2A,TRUE,TRUE
Dip2b,DIP2B,TRUE,TRUE
Dipk1b,DIPK1B,TRUE,TRUE
Dis3l,DIS3L,TRUE,TRUE
Disp2,DISP2,TRUE,TRUE
Disp3,DISP3,TRUE,TRUE
Dld,DLD,TRUE,TRUE
Dlec1,DLEC1,TRUE,TRUE
Dlg1,DLG1,TRUE,TRUE
Dlg4,DLG4,TRUE,TRUE
Dlg5,DLG5,TRUE,TRUE
Dlgap2,DLGAP2,TRUE,TRUE
Dlgap4,DLGAP4,TRUE,TRUE
Dll4,DLL4,TRUE,TRUE
Dlst,DLST,TRUE,TRUE
Dlx6,DLX6,TRUE,TRUE
Dmac2l,DMAC2L,TRUE,TRUE
Dmbt1,DMBT1,TRUE,TRUE
Dmd,DMD,TRUE,TRUE
Dmkn,DMKN,TRUE,TRUE
Dmpk,DMPK,TRUE,TRUE
Dmrtc1b,DMRTC1B,TRUE,TRUE
Dmtf1,DMTF1,TRUE,TRUE
Dmxl1,DMXL1,TRUE,TRUE
Dmxl2,DMXL2,TRUE,TRUE
Dna2,DNA2,TRUE,TRUE
Dnaaf4,DNAAF4,TRUE,TRUE
Dnaaf5,DNAAF5,TRUE,TRUE
Dnah1,DNAH1,TRUE,TRUE
Dnah10,DNAH10,TRUE,TRUE
Dnah11,DNAH11,TRUE,TRUE
Dnah12,DNAH12,TRUE,TRUE
Dnah14,DNAH14,TRUE,TRUE
Dnah17,DNAH17,TRUE,TRUE
Dnah2,DNAH2,TRUE,TRUE
Dnah3,DNAH3,TRUE,TRUE
Dnah5,DNAH5,TRUE,TRUE
Dnah6,DNAH6,TRUE,TRUE
Dnah7a,DNAH7,TRUE,TRUE
Dnah7b,DNAH7,TRUE,TRUE
Dnah7c,DNAH7,TRUE,TRUE
Dnah8,DNAH8,TRUE,TRUE
Dnah9,DNAH9,TRUE,TRUE
Dnaic2,NA,FALSE,FALSE
Dnajc12,DNAJC12,TRUE,TRUE
Dnajc13,DNAJC13,TRUE,TRUE
Dnajc2,DNAJC2,TRUE,TRUE
Dnajc21,DNAJC21,TRUE,TRUE
Dnajc5b,DNAJC5B,TRUE,TRUE
Dnase1l2,DNASE1L2,TRUE,TRUE
Dnase2b,DNASE2B,TRUE,TRUE
Dnm1,DNM1,TRUE,TRUE
Dnm1l,DNM1L,TRUE,TRUE
Dnm2,DNM2,TRUE,TRUE
Dnmbp,DNMBP,TRUE,TRUE
Dnmt3a,DNMT3A,TRUE,TRUE
Dntt,DNTT,TRUE,TRUE
Dock1,DOCK1,TRUE,TRUE
Dock10,DOCK10,TRUE,TRUE
Dock2,DOCK2,TRUE,TRUE
Dock3,DOCK3,TRUE,TRUE
Dock4,DOCK4,TRUE,TRUE
Dock5,DOCK5,TRUE,TRUE
Dock6,DOCK6,TRUE,TRUE
Dock7,DOCK7,TRUE,TRUE
Dock8,DOCK8,TRUE,TRUE
Dok3,DOK3,TRUE,TRUE
Dok4,DOK4,TRUE,TRUE
Dok7,DOK7,TRUE,TRUE
Dop1b,DOP1B,TRUE,TRUE
Doxl1,NA,FALSE,FALSE
Doxl2,NA,FALSE,FALSE
Dph1,DPH1,TRUE,TRUE
Dph2,DPH2,TRUE,TRUE
Dpy19l3,DPY19L3,TRUE,TRUE
Dpy19l4,DPY19L4,TRUE,TRUE
Dpysl3,DPYSL3,TRUE,TRUE
Dqx1,DQX1,TRUE,TRUE
Drd2,DRD2,TRUE,TRUE
Drg2,DRG2,TRUE,TRUE
Drosha,DROSHA,TRUE,TRUE
Dsc2,DSC2,TRUE,TRUE
Dscam,DSCAM,TRUE,TRUE
Dscc1,DSCC1,TRUE,TRUE
Dsg1a,DSG1,TRUE,TRUE
Dsn1,DSN1,TRUE,TRUE
Dsp,DSP,TRUE,TRUE
Dst,DST,TRUE,TRUE
Dtna,DTNA,TRUE,TRUE
Dtnb,DTNB,TRUE,TRUE
Dtx2,DTX2,TRUE,TRUE
Dtx4,DTX4,TRUE,TRUE
Duox2,DUOX2,TRUE,TRUE
Duoxa1,DUOXA1,TRUE,TRUE
Dus3l,DUS3L,TRUE,TRUE
Dusp16,DUSP16,TRUE,TRUE
Dusp22,DUSP22,TRUE,TRUE
Dusp27,STYXL2,TRUE,TRUE
Dusp3,DUSP3,TRUE,TRUE
Dusp8,DUSP8,TRUE,TRUE
Duxf3,NA,FALSE,FALSE
Dync1h1,DYNC1H1,TRUE,TRUE
Dync1i1,DYNC1I1,TRUE,TRUE
Dync1li1,DYNC1LI1,TRUE,TRUE
Dyrk1b,DYRK1B,TRUE,TRUE
Dyrk4,DYRK4,TRUE,TRUE
Dysf,DYSF,TRUE,TRUE
Dzip1,DZIP1,TRUE,TRUE
E030025P04Rik,NA,FALSE,FALSE
E130308A19Rik,KIAA1958,TRUE,TRUE
E130311K13Rik,C3orf33,FALSE,FALSE
E230025N22Rik,NA,FALSE,FALSE
E2f7,E2F7,TRUE,TRUE
E2f8,E2F8,TRUE,TRUE
E330034G19Rik,NA,FALSE,FALSE
Ebf1,EBF1,TRUE,TRUE
Ebf2,EBF2,TRUE,TRUE
Ebf3,EBF3,TRUE,TRUE
Ebna1bp2,EBNA1BP2,TRUE,TRUE
Ece1,ECE1,TRUE,TRUE
Ecel1,ECEL1,TRUE,TRUE
Echs1,ECHS1,TRUE,TRUE
Ecm1,ECM1,TRUE,TRUE
Ecm2,ECM2,TRUE,TRUE
Ecpas,ECPAS,TRUE,TRUE
Ect2,ECT2,TRUE,TRUE
Edc3,EDC3,TRUE,TRUE
Edc4,EDC4,TRUE,TRUE
Edem2,EDEM2,TRUE,TRUE
Edem3,EDEM3,TRUE,TRUE
Edn3,EDN3,TRUE,TRUE
Eed,EED,TRUE,TRUE
Eef1a1,EEF1A1,TRUE,TRUE
Eef2,EEF2,TRUE,TRUE
Efcab12,EFCAB12,TRUE,TRUE
Efcab5,EFCAB5,TRUE,TRUE
Efcab6,EFCAB6,TRUE,TRUE
Efemp2,EFEMP2,TRUE,TRUE
Efhc2,EFHC2,TRUE,TRUE
Efl1,EFL1,TRUE,TRUE
Egf,EGF,TRUE,TRUE
Egfem1,NA,FALSE,FALSE
Egfl6,EGFL6,TRUE,TRUE
Egfr,EGFR,TRUE,TRUE
Egr1,EGR1,TRUE,TRUE
Egr2,EGR2,TRUE,TRUE
Ehd2,EHD2,TRUE,TRUE
Ehd3,EHD3,TRUE,TRUE
Ehhadh,EHHADH,TRUE,TRUE
Ehmt2,EHMT2,TRUE,TRUE
Eif2ak1,EIF2AK1,TRUE,TRUE
Eif2b4,EIF2B4,TRUE,TRUE
Eif2b5,EIF2B5,TRUE,TRUE
Eif2d,EIF2D,TRUE,TRUE
Eif2s3x,EIF2S3,TRUE,TRUE
Eif3a,EIF3A,TRUE,TRUE
Eif3b,EIF3B,TRUE,TRUE
Eif3l,EIF3L,TRUE,TRUE
Eif3m,EIF3M,TRUE,TRUE
Eif4a3l1,EIF4A3,TRUE,TRUE
Eif4e2,EIF4E2,TRUE,TRUE
Eif4g1,EIF4G1,TRUE,TRUE
Eif4g2,EIF4G2,TRUE,TRUE
Eif4g3,EIF4G3,TRUE,TRUE
Eif5,EIF5,TRUE,TRUE
Elavl3,ELAVL3,TRUE,TRUE
Elavl4,ELAVL4,TRUE,TRUE
Elfn2,ELFN2,TRUE,TRUE
Ell,ELL,TRUE,TRUE
Ell3,ELL3,TRUE,TRUE
Elmo1,ELMO1,TRUE,TRUE
Elmsan1,NA,FALSE,FALSE
Eln,ELN,TRUE,TRUE
Eloa,ELOA,TRUE,TRUE
Elp1,ELP1,TRUE,TRUE
Elp3,ELP3,TRUE,TRUE
Emd,EMD,TRUE,TRUE
Eme1,EME1,TRUE,TRUE
Emid1,EMID1,TRUE,TRUE
Emilin1,EMILIN1,TRUE,TRUE
Emilin2,EMILIN2,TRUE,TRUE
Eml6,EML6,TRUE,TRUE
Emsy,EMSY,TRUE,TRUE
Emx2,EMX2,TRUE,TRUE
Enam,ENAM,TRUE,TRUE
Enc1,ENC1,TRUE,TRUE
Endou,ENDOU,TRUE,TRUE
Eng,ENG,TRUE,TRUE
Engase,ENGASE,TRUE,TRUE
Enho,ENHO,TRUE,TRUE
Eno1,ENO1,TRUE,TRUE
Eno4,ENO4,TRUE,TRUE
Enpp2,ENPP2,TRUE,TRUE
Enthd1,ENTHD1,TRUE,TRUE
Entpd1,ENTPD1,TRUE,TRUE
Entpd6,ENTPD6,TRUE,TRUE
Entpd8,ENTPD8,TRUE,TRUE
Ep300,EP300,TRUE,TRUE
Epb41,EPB41,TRUE,TRUE
Epb41l1,EPB41L1,TRUE,TRUE
Epb41l4a,EPB41L4A,TRUE,TRUE
Epb41l4b,EPB41L4B,TRUE,TRUE
Epc2,EPC2,TRUE,TRUE
Epdr1,EPDR1,TRUE,TRUE
Epg5,EPG5,TRUE,TRUE
Epha10,EPHA10,TRUE,TRUE
Epha2,EPHA2,TRUE,TRUE
Epha4,EPHA4,TRUE,TRUE
Epha8,EPHA8,TRUE,TRUE
Ephb1,EPHB1,TRUE,TRUE
Ephb2,EPHB2,TRUE,TRUE
Ephb6,EPHB6,TRUE,TRUE
Ephx2,EPHX2,TRUE,TRUE
Epm2a,EPM2A,TRUE,TRUE
Epn1,EPN1,TRUE,TRUE
Epn3,EPN3,TRUE,TRUE
Eppk1,EPPK1,TRUE,TRUE
Eprs,EPRS1,TRUE,TRUE
Eps15l1,EPS15L1,TRUE,TRUE
Eps8,EPS8,TRUE,TRUE
Eral1,ERAL1,TRUE,TRUE
Erbb2,ERBB2,TRUE,TRUE
Erbb3,ERBB3,TRUE,TRUE
Erbb4,ERBB4,TRUE,TRUE
Ercc2,ERCC2,TRUE,TRUE
Erg,ERG,TRUE,TRUE
Ergic1,ERGIC1,TRUE,TRUE
Ergic2,ERGIC2,TRUE,TRUE
Erich6b,ERICH6B,TRUE,TRUE
Ermard,ERMARD,TRUE,TRUE
Ermp1,ERMP1,TRUE,TRUE
Ern1,ERN1,TRUE,TRUE
Ern2,ERN2,TRUE,TRUE
Errfi1,ERRFI1,TRUE,TRUE
Esco2,ESCO2,TRUE,TRUE
Espl1,ESPL1,TRUE,TRUE
Espn,ESPN,TRUE,TRUE
Espnl,ESPNL,TRUE,TRUE
Esr1,ESR1,TRUE,TRUE
Esrra,ESRRA,TRUE,TRUE
Esrrg,ESRRG,TRUE,TRUE
Ess2,ESS2,TRUE,TRUE
Esyt3,ESYT3,TRUE,TRUE
Etaa1,ETAA1,TRUE,TRUE
Etl4,KIAA1217,TRUE,TRUE
Etnk2,ETNK2,TRUE,TRUE
Ets1,ETS1,TRUE,TRUE
Ets2,ETS2,TRUE,TRUE
Etv2,ETV2,TRUE,TRUE
Etv5,ETV5,TRUE,TRUE
Etv6,ETV6,TRUE,TRUE
Eva1b,EVA1B,TRUE,TRUE
Evc,EVC,TRUE,TRUE
Evc2,EVC2,TRUE,TRUE
Evpl,EVPL,TRUE,TRUE
Exo1,EXO1,TRUE,TRUE
Exoc1,EXOC1,TRUE,TRUE
Exoc3,EXOC3,TRUE,TRUE
Exoc3l,EXOC3L1,TRUE,TRUE
Exoc4,EXOC4,TRUE,TRUE
Exoc6,EXOC6,TRUE,TRUE
Exoc6b,EXOC6B,TRUE,TRUE
Exosc4,EXOSC4,TRUE,TRUE
Exosc9,EXOSC9,TRUE,TRUE
Ext1,EXT1,TRUE,TRUE
Ext2,EXT2,TRUE,TRUE
Extl1,EXTL1,TRUE,TRUE
Extl3,EXTL3,TRUE,TRUE
Eya1,EYA1,TRUE,TRUE
Eya2,EYA2,TRUE,TRUE
Eya3,EYA3,TRUE,TRUE
Ezh1,EZH1,TRUE,TRUE
Ezh2,EZH2,TRUE,TRUE
Ezr,EZR,TRUE,TRUE
F13a1,F13A1,TRUE,TRUE
F13b,F13B,TRUE,TRUE
F2,F2,TRUE,TRUE
F2rl1,F2RL1,TRUE,TRUE
F5,F5,TRUE,TRUE
F7,F7,TRUE,TRUE
F8a,F8A1,FALSE,FALSE
F9,F9,TRUE,TRUE
Faap100,FAAP100,TRUE,TRUE
Fabp4,FABP4,TRUE,TRUE
Fabp9,FABP9,TRUE,TRUE
Fads2,FADS2,TRUE,TRUE
Fads3,FADS3,TRUE,TRUE
Faf2,FAF2,TRUE,TRUE
Fahd1,FAHD1,FALSE,FALSE
Faiml,FAIM,TRUE,TRUE
Fam102a,EEIG1,TRUE,TRUE
Fam118a,FAM118A,TRUE,TRUE
Fam120a,FAM120A,TRUE,TRUE
Fam126a,NA,FALSE,FALSE
Fam131c,FAM131C,TRUE,TRUE
Fam135a,FAM135A,TRUE,TRUE
Fam135b,FAM135B,TRUE,TRUE
Fam149b,FAM149B1,TRUE,TRUE
Fam151a,FAM151A,TRUE,TRUE
Fam155a,NA,FALSE,FALSE
Fam160a1,NA,FALSE,FALSE
Fam161a,FAM161A,TRUE,TRUE
Fam161b,FAM161B,TRUE,TRUE
Fam167a,FAM167A,TRUE,TRUE
Fam168a,FAM168A,TRUE,TRUE
Fam169b,FAM169BP,TRUE,TRUE
Fam170b,FAM170B,TRUE,TRUE
Fam171b,FAM171B,TRUE,TRUE
Fam174b,FAM174B,TRUE,TRUE
Fam180a,FAM180A,TRUE,TRUE
Fam181b,FAM181B,TRUE,TRUE
Fam184b,FAM184B,TRUE,TRUE
Fam186a,FAM186A,TRUE,TRUE
Fam186b,FAM186B,TRUE,TRUE
Fam189a1,NA,FALSE,FALSE
Fam193b,FAM193B,TRUE,TRUE
Fam20c,FAM20C,TRUE,TRUE
Fam216b,FAM216B,TRUE,TRUE
Fam217a,FAM217A,TRUE,TRUE
Fam221a,FAM221A,TRUE,TRUE
Fam227a,FAM227A,TRUE,TRUE
Fam49a,NA,FALSE,FALSE
Fam76a,FAM76A,TRUE,TRUE
Fam83b,FAM83B,TRUE,TRUE
Fam83g,FAM83G,TRUE,TRUE
Fam83h,FAM83H,TRUE,TRUE
Fam89b,FAM89B,TRUE,TRUE
Fam90a1a,FAM90A1,TRUE,TRUE
Fam98c,FAM98C,TRUE,TRUE
Fan1,FAN1,TRUE,TRUE
Fancd2,FANCD2,TRUE,TRUE
Fanci,FANCI,TRUE,TRUE
Far2,FAR2,TRUE,TRUE
Fars2,FARS2,TRUE,TRUE
Farsa,FARSA,TRUE,TRUE
Fasl,FASLG,TRUE,TRUE
Fasn,FASN,TRUE,TRUE
Fastkd1,FASTKD1,TRUE,TRUE
Fastkd3,FASTKD3,TRUE,TRUE
Fastkd5,FASTKD5,TRUE,TRUE
Fat1,FAT1,TRUE,TRUE
Fat2,FAT2,TRUE,TRUE
Fat3,FAT3,TRUE,TRUE
Fat4,FAT4,TRUE,TRUE
Fbf1,FBF1,TRUE,TRUE
Fbh1,FBH1,TRUE,TRUE
Fbln2,FBLN2,TRUE,TRUE
Fbln5,FBLN5,TRUE,TRUE
Fbn1,FBN1,TRUE,TRUE
Fbn2,FBN2,TRUE,TRUE
Fbp1,FBP1,TRUE,TRUE
Fbp2,FBP2,TRUE,TRUE
Fbxl2,FBXL2,TRUE,TRUE
Fbxl8,FBXL8,TRUE,TRUE
Fbxo10,FBXO10,TRUE,TRUE
Fbxo21,FBXO21,TRUE,TRUE
Fbxo25,FBXO25,TRUE,TRUE
Fbxo32,FBXO32,TRUE,TRUE
Fbxo34,FBXO34,TRUE,TRUE
Fbxo38,FBXO38,TRUE,TRUE
Fbxo39,FBXO39,TRUE,TRUE
Fbxo40,FBXO40,TRUE,TRUE
Fbxo41,FBXO41,TRUE,TRUE
Fbxo42,FBXO42,TRUE,TRUE
Fbxo43,FBXO43,TRUE,TRUE
Fbxo46,FBXO46,TRUE,TRUE
Fbxo7,FBXO7,TRUE,TRUE
Fbxw10,FBXW10,TRUE,TRUE
Fbxw11,FBXW11,TRUE,TRUE
Fbxw16,FBXW12,TRUE,TRUE
Fbxw20,FBXW12,TRUE,TRUE
Fbxw21,FBXW12,TRUE,TRUE
Fbxw22,FBXW12,TRUE,TRUE
Fbxw25,FBXW12,TRUE,TRUE
Fcgbp,FCGBP,TRUE,TRUE
Fcna,FCN1,TRUE,TRUE
Fcrla,FCRLA,TRUE,TRUE
Fdft1,FDFT1,TRUE,TRUE
Fech,FECH,TRUE,TRUE
Fem1al,FEM1A,TRUE,TRUE
Fen1,FEN1,TRUE,TRUE
Fer1l4,FER1L4,FALSE,FALSE
Fer1l5,FER1L5,TRUE,TRUE
Fezf1,FEZF1,TRUE,TRUE
Ffar3,FFAR3,TRUE,TRUE
Fgb,FGB,TRUE,TRUE
Fgd2,FGD2,TRUE,TRUE
Fgd5,FGD5,TRUE,TRUE
Fgfr1,FGFR1,TRUE,TRUE
Fgfr3,FGFR3,TRUE,TRUE
Fgfrl1,FGFRL1,TRUE,TRUE
Fggy,FGGY,TRUE,TRUE
Fgl2,FGL2,TRUE,TRUE
Fhdc1,FHDC1,TRUE,TRUE
Fibp,FIBP,TRUE,TRUE
Fig4,FIG4,TRUE,TRUE
Figla,FIGLA,TRUE,TRUE
Fign,FIGN,TRUE,TRUE
Filip1,FILIP1,TRUE,TRUE
Fis1,FIS1,TRUE,TRUE
Fkbp15,FKBP15,TRUE,TRUE
Fkbp3,FKBP3,TRUE,TRUE
Fkbp4,FKBP4,TRUE,TRUE
Flad1,FLAD1,TRUE,TRUE
Flcn,FLCN,TRUE,TRUE
Flg2,FLG2,TRUE,TRUE
Flnb,FLNB,TRUE,TRUE
Flt3,FLT3,TRUE,TRUE
Flt4,FLT4,TRUE,TRUE
Flywch2,FLYWCH2,TRUE,TRUE
Fmo9,FMO5,TRUE,TRUE
Fmod,FMOD,TRUE,TRUE
Fn1,FN1,TRUE,TRUE
Fndc1,FNDC1,TRUE,TRUE
Fndc3b,FNDC3B,TRUE,TRUE
Fndc3c1,NA,FALSE,FALSE
Fnip2,FNIP2,TRUE,TRUE
Fntb,FNTB,TRUE,TRUE
Focad,FOCAD,TRUE,TRUE
Folh1,FOLH1,TRUE,TRUE
Folr2,FOLR2,FALSE,FALSE
Fos,FOS,TRUE,TRUE
Foxa1,FOXA1,TRUE,TRUE
Foxi3,FOXI3,TRUE,TRUE
Foxj2,FOXJ2,TRUE,TRUE
Foxj3,FOXJ3,TRUE,TRUE
Foxk1,FOXK1,TRUE,TRUE
Foxn2,FOXN2,TRUE,TRUE
Foxn4,FOXN4,TRUE,TRUE
Foxo3,FOXO3,TRUE,TRUE
Foxp1,FOXP1,TRUE,TRUE
Foxp2,FOXP2,TRUE,TRUE
Foxp4,FOXP4,TRUE,TRUE
Foxs1,FOXS1,TRUE,TRUE
Fpr3,FPR2,TRUE,TRUE
Fras1,FRAS1,TRUE,TRUE
Frem1,FREM1,TRUE,TRUE
Frem2,FREM2,TRUE,TRUE
Frem3,FREM3,TRUE,TRUE
Frmd3,FRMD3,TRUE,TRUE
Frmd4a,FRMD4A,TRUE,TRUE
Frmpd2,FRMPD2,TRUE,TRUE
Frmpd3,FRMPD3,TRUE,TRUE
Frrs1,FRRS1,TRUE,TRUE
Fry,FRY,TRUE,TRUE
Fryl,FRYL,TRUE,TRUE
Fscb,FSCB,TRUE,TRUE
Fscn1,FSCN1,TRUE,TRUE
Fsip2l,NA,FALSE,FALSE
Fstl1,FSTL1,TRUE,TRUE
Fthl17f,FTHL17,FALSE,FALSE
Ftsj3,FTSJ3,TRUE,TRUE
Fuca1,FUCA1,TRUE,TRUE
Fuom,FUOM,TRUE,TRUE
Fus,FUS,TRUE,TRUE
Fxn,FXN,TRUE,TRUE
Fxyd1,FXYD1,TRUE,TRUE
Fyco1,FYCO1,TRUE,TRUE
Fzd1,FZD1,TRUE,TRUE
Fzd3,FZD3,TRUE,TRUE
Fzd9,FZD9,TRUE,TRUE
G530012D18Rik,NA,FALSE,FALSE
Gabarapl1,GABARAPL1,TRUE,TRUE
Gabbr1,GABBR1,TRUE,TRUE
Gabra6,GABRA6,TRUE,TRUE
Gabrd,GABRD,TRUE,TRUE
Gabrg1,GABRG1,TRUE,TRUE
Gabrr1,GABRR1,TRUE,TRUE
Gabrr2,GABRR2,TRUE,TRUE
Gad2,GAD2,TRUE,TRUE
Gadl1,GADL1,TRUE,TRUE
Gak,GAK,TRUE,TRUE
Galm,GALM,TRUE,TRUE
Galnt1,GALNT1,TRUE,TRUE
Galnt11,GALNT11,TRUE,TRUE
Galnt16,GALNT16,TRUE,TRUE
Galnt18,GALNT18,TRUE,TRUE
Galnt9,GALNT9,TRUE,TRUE
Gapvd1,GAPVD1,TRUE,TRUE
Garnl3,GARNL3,TRUE,TRUE
Gatad2a,GATAD2A,TRUE,TRUE
Gatm,GATM,TRUE,TRUE
Gba,GBA1,TRUE,TRUE
Gba2,GBA2,TRUE,TRUE
Gbf1,GBF1,TRUE,TRUE
Gbgt1,GBGT1,TRUE,TRUE
Gbp10,GBP4,TRUE,TRUE
Gbp11,GBP6,TRUE,TRUE
Gbp7,GBP4,TRUE,TRUE
Gbp9,GBP4,TRUE,TRUE
Gcgr,GCGR,TRUE,TRUE
Gckr,GCKR,TRUE,TRUE
Gcm1,GCM1,TRUE,TRUE
Gcn1,GCN1,TRUE,TRUE
Gcnt4,GCNT4,TRUE,TRUE
Gcnt7,GCNT7,TRUE,TRUE
Gdap2,GDAP2,TRUE,TRUE
Gdf2,GDF2,TRUE,TRUE
Gdf3,GDF3,TRUE,TRUE
Gemin5,GEMIN5,TRUE,TRUE
Gen1,GEN1,TRUE,TRUE
Gfap,GFAP,TRUE,TRUE
Gfi1b,GFI1B,TRUE,TRUE
Gfpt1,GFPT1,TRUE,TRUE
Gfra2,GFRA2,TRUE,TRUE
Gfra3,GFRA3,TRUE,TRUE
Gga2,GGA2,TRUE,TRUE
Gga3,GGA3,TRUE,TRUE
Ggnbp1,NA,FALSE,FALSE
Ggt7,GGT7,TRUE,TRUE
Ghr,GHR,TRUE,TRUE
Ghrhr,GHRHR,TRUE,TRUE
Ghsr,GHSR,TRUE,TRUE
Gin1,GIN1,TRUE,TRUE
Gip,GIP,TRUE,TRUE
Gipr,GIPR,TRUE,TRUE
Git1,GIT1,TRUE,TRUE
Gja3,GJA3,TRUE,TRUE
Gja4,GJA4,TRUE,TRUE
Gja8,GJA8,TRUE,TRUE
Gjb1,GJB1,TRUE,TRUE
Gjc1,GJC1,TRUE,TRUE
Gk5,GK5,TRUE,TRUE
Gkn1,GKN1,TRUE,TRUE
Glb1l2,GLB1L2,TRUE,TRUE
Glb1l3,GLB1L3,TRUE,TRUE
Gldc,GLDC,TRUE,TRUE
Glg1,GLG1,TRUE,TRUE
Gli2,GLI2,TRUE,TRUE
Gli3,GLI3,TRUE,TRUE
Glod4,GLOD4,TRUE,TRUE
Glrb,GLRB,TRUE,TRUE
Glrp1,NA,FALSE,FALSE
Gls2,GLS2,TRUE,TRUE
Gltpd2,GLTPD2,TRUE,TRUE
Glud1,GLUD1,TRUE,TRUE
Gm10125,NA,FALSE,FALSE
Gm10131,NA,FALSE,FALSE
Gm10220,NA,FALSE,FALSE
Gm10319,NA,FALSE,FALSE
Gm10354,NA,FALSE,FALSE
Gm10434,NA,FALSE,FALSE
Gm10471,NA,FALSE,FALSE
Gm10717,NA,FALSE,FALSE
Gm10722,NA,FALSE,FALSE
Gm10799,NA,FALSE,FALSE
Gm10800,NA,FALSE,FALSE
Gm10801,NA,FALSE,FALSE
Gm1110,NA,FALSE,FALSE
Gm11168,NA,FALSE,FALSE
Gm11554,KRTAP4-11,TRUE,TRUE
Gm11555,KRTAP4-11,TRUE,TRUE
Gm11559,KRTAP9-2,TRUE,TRUE
Gm11563,KRTAP4-11,TRUE,TRUE
Gm11564,KRTAP4-3,TRUE,TRUE
Gm11567,KRTAP9-2,TRUE,TRUE
Gm11568,KRTAP9-2,TRUE,TRUE
Gm11569,KRTAP4-9,TRUE,TRUE
Gm11595,KRTAP4-3,TRUE,TRUE
Gm11596,KRTAP4-3,TRUE,TRUE
Gm11639,EFCAB13,TRUE,TRUE
Gm11808,UBA52,TRUE,TRUE
Gm11992,C7orf57,FALSE,FALSE
Gm12166,SFT2D1,TRUE,TRUE
Gm12258,NA,FALSE,FALSE
Gm12695,C1orf87,FALSE,FALSE
Gm13078,NA,FALSE,FALSE
Gm13212,NA,FALSE,FALSE
Gm13713,NA,FALSE,FALSE
Gm14190,NA,FALSE,FALSE
Gm14698,NA,FALSE,FALSE
Gm15114,NA,FALSE,FALSE
Gm15217,NA,FALSE,FALSE
Gm15429,NA,FALSE,FALSE
Gm16026,NA,FALSE,FALSE
Gm17019,NA,FALSE,FALSE
Gm17079,NA,FALSE,FALSE
Gm18596,KRTAP10-11,TRUE,TRUE
Gm19668,KRTAP10-11,TRUE,TRUE
Gm1979,NA,FALSE,FALSE
Gm1989,NA,FALSE,FALSE
Gm2022,NA,FALSE,FALSE
Gm20721,NA,FALSE,FALSE
Gm21083,NA,FALSE,FALSE
Gm21190,NA,FALSE,FALSE
Gm21663,NA,FALSE,FALSE
Gm21738,NA,FALSE,FALSE
Gm21976,LDLRAD1,TRUE,TRUE
Gm2411,CLDN34,TRUE,TRUE
Gm26566,NA,FALSE,FALSE
Gm2888,NA,FALSE,FALSE
Gm3259,NA,FALSE,FALSE
Gm3285,KRTAP10-11,TRUE,TRUE
Gm3486,NA,FALSE,FALSE
Gm42416,NA,FALSE,FALSE
Gm43495,NA,FALSE,FALSE
Gm44579,NA,FALSE,FALSE
Gm45337,KRTAP5-1,TRUE,TRUE
Gm4553,NA,FALSE,FALSE
Gm45618,KRTAP5-1,TRUE,TRUE
Gm45837,PDE2A,TRUE,TRUE
Gm45902,MSANTD7,FALSE,FALSE
Gm47189,NA,FALSE,FALSE
Gm4846,NA,FALSE,FALSE
Gm4847,NA,FALSE,FALSE
Gm4884,C2orf78,FALSE,FALSE
Gm4922,NA,FALSE,FALSE
Gm49391,NA,FALSE,FALSE
Gm49396,U2AF1L4,TRUE,TRUE
Gm4952,NA,FALSE,FALSE
Gm4981,NA,FALSE,FALSE
Gm4985,NA,FALSE,FALSE
Gm49918,NA,FALSE,FALSE
Gm5114,C2orf78,FALSE,FALSE
Gm5134,NA,FALSE,FALSE
Gm5244,RPLP1,TRUE,TRUE
Gm5414,KRT6A,TRUE,TRUE
Gm5442,NA,FALSE,FALSE
Gm5458,NA,FALSE,FALSE
Gm5478,KRT6A,TRUE,TRUE
Gm5591,C2orf78,FALSE,FALSE
Gm5862,NA,FALSE,FALSE
Gm6309,NA,FALSE,FALSE
Gm6588,NA,FALSE,FALSE
Gm6614,SLCO1A2,TRUE,TRUE
Gm7361,NA,FALSE,FALSE
Gm7579,KRTAP5-8,TRUE,TRUE
Gm7697,NA,FALSE,FALSE
Gm7889,NA,FALSE,FALSE
Gm8122,NA,FALSE,FALSE
Gm8159,NA,FALSE,FALSE
Gm884,LRRC37A,TRUE,TRUE
Gm8882,PRB2,TRUE,TRUE
Gm9736,KRTAP10-11,TRUE,TRUE
Gm9758,NA,FALSE,FALSE
Gmds,GMDS,TRUE,TRUE
Gmeb1,GMEB1,TRUE,TRUE
Gmip,GMIP,TRUE,TRUE
Gmppa,GMPPA,TRUE,TRUE
Gmppb,GMPPB,TRUE,TRUE
Gmpr,GMPR,TRUE,TRUE
Gna11,GNA11,TRUE,TRUE
Gnas,GNAS,TRUE,TRUE
Gnaz,GNAZ,TRUE,TRUE
Gnb1,GNB1,TRUE,TRUE
Gnb1l,GNB1L,TRUE,TRUE
Gnb4,GNB4,TRUE,TRUE
Gnptg,GNPTG,TRUE,TRUE
Gns,GNS,TRUE,TRUE
Golga3,GOLGA3,TRUE,TRUE
Golgb1,GOLGB1,TRUE,TRUE
Golim4,GOLIM4,TRUE,TRUE
Gorab,GORAB,TRUE,TRUE
Gosr1,GOSR1,TRUE,TRUE
Gp1ba,GP1BA,TRUE,TRUE
Gpat2,GPAT2,TRUE,TRUE
Gpatch2l,GPATCH2L,TRUE,TRUE
Gpatch8,GPATCH8,TRUE,TRUE
Gpbp1l1,GPBP1L1,TRUE,TRUE
Gpc2,GPC2,TRUE,TRUE
Gpc6,GPC6,TRUE,TRUE
Gpd1,GPD1,TRUE,TRUE
Gpd2,GPD2,TRUE,TRUE
Gper1,GPER1,TRUE,TRUE
Gpn2,GPN2,TRUE,TRUE
Gpr101,GPR101,TRUE,TRUE
Gpr119,GPR119,TRUE,TRUE
Gpr143,GPR143,TRUE,TRUE
Gpr149,GPR149,TRUE,TRUE
Gpr152,GPR152,TRUE,TRUE
Gpr162,GPR162,TRUE,TRUE
Gpr179,GPR179,TRUE,TRUE
Gpr26,GPR26,TRUE,TRUE
Gpr34,GPR34,TRUE,TRUE
Gpr37,GPR37,TRUE,TRUE
Gpr39,GPR39,TRUE,TRUE
Gpr65,GPR65,TRUE,TRUE
Gpr89,GPR89A,TRUE,TRUE
Gprc5a,GPRC5A,TRUE,TRUE
Gprc5b,GPRC5B,TRUE,TRUE
Gprc5d,GPRC5D,TRUE,TRUE
Gprc6a,GPRC6A,TRUE,TRUE
Gprin1,GPRIN1,TRUE,TRUE
Gpsm1,GPSM1,TRUE,TRUE
Gpsm3,GPSM3,TRUE,TRUE
Gpt,GPT,TRUE,TRUE
Gpx1,GPX1,FALSE,FALSE
Gramd1b,GRAMD1B,TRUE,TRUE
Gramd4,GRAMD4,TRUE,TRUE
Grb14,GRB14,TRUE,TRUE
Grb7,GRB7,TRUE,TRUE
Greb1,GREB1,TRUE,TRUE
Greb1l,GREB1L,TRUE,TRUE
Grem1,GREM1,TRUE,TRUE
Grem2,GREM2,TRUE,TRUE
Gria3,GRIA3,TRUE,TRUE
Gria4,GRIA4,TRUE,TRUE
Grid1,GRID1,TRUE,TRUE
Grid2ip,GRID2IP,TRUE,TRUE
Grik1,GRIK1,TRUE,TRUE
Grik2,GRIK2,TRUE,TRUE
Grik3,GRIK3,TRUE,TRUE
Grik4,GRIK4,TRUE,TRUE
Grik5,GRIK5,TRUE,TRUE
Grin2a,GRIN2A,TRUE,TRUE
Grin2b,GRIN2B,TRUE,TRUE
Grin2c,GRIN2C,TRUE,TRUE
Grin2d,GRIN2D,TRUE,TRUE
Grip1,GRIP1,TRUE,TRUE
Grip2,GRIP2,TRUE,TRUE
Gripap1,GRIPAP1,TRUE,TRUE
Grk2,GRK2,TRUE,TRUE
Grk3,GRK3,TRUE,TRUE
Grm1,GRM1,TRUE,TRUE
Grm2,GRM2,TRUE,TRUE
Grm3,GRM3,TRUE,TRUE
Grm4,GRM4,TRUE,TRUE
Grm6,GRM6,TRUE,TRUE
Grm7,GRM7,TRUE,TRUE
Grm8,GRM8,TRUE,TRUE
Grpr,GRPR,TRUE,TRUE
Grwd1,GRWD1,TRUE,TRUE
Gsap,GSAP,TRUE,TRUE
Gsdma3,GSDMA,TRUE,TRUE
Gsdmc,GSDMC,TRUE,TRUE
Gsdmc3,GSDMC,TRUE,TRUE
Gsdmd,GSDMD,TRUE,TRUE
Gse1,GSE1,TRUE,TRUE
Gsg1l,GSG1L,TRUE,TRUE
Gsk3b,GSK3B,TRUE,TRUE
Gss,GSS,TRUE,TRUE
Gsta3,GSTA1,TRUE,TRUE
Gstk1,GSTK1,TRUE,TRUE
Gstm2,GSTM1,TRUE,TRUE
Gsto2,GSTO2,TRUE,TRUE
Gtdc1,GTDC1,FALSE,FALSE
Gtf2a1l,GTF2A1L,TRUE,TRUE
Gtf2h3,GTF2H3,TRUE,TRUE
Gtf2h4,GTF2H4,TRUE,TRUE
Gtf2i,GTF2I,TRUE,TRUE
Gtf3a,GTF3A,TRUE,TRUE
Gtf3c1,GTF3C1,TRUE,TRUE
Gtf3c5,GTF3C5,TRUE,TRUE
Gtpbp1,GTPBP1,TRUE,TRUE
Gtpbp2,GTPBP2,TRUE,TRUE
Gtpbp8,GTPBP8,TRUE,TRUE
Gucy2d,NA,FALSE,FALSE
Gucy2f,GUCY2F,TRUE,TRUE
Gucy2g,NA,FALSE,FALSE
Guk1,GUK1,TRUE,TRUE
Gulo,NA,FALSE,FALSE
Gykl1,GK,TRUE,TRUE
Gys1,GYS1,TRUE,TRUE
Gzma,GZMA,TRUE,TRUE
Gzmf,GZMH,TRUE,TRUE
H2-DMa,HLA-DMA,TRUE,TRUE
H2-M1,NA,FALSE,FALSE
H2-M10.4,HLA-B,TRUE,TRUE
H2-Oa,HLA-DOA,TRUE,TRUE
H2-Q1,HLA-A,TRUE,TRUE
H2ac15,H2AC8,TRUE,TRUE
H2ac21,H2AC21,TRUE,TRUE
H2al1n,H2AL3,TRUE,TRUE
H2ax,H2AX,TRUE,TRUE
H2bc1,H2BC1,TRUE,TRUE
H2bc13,H2BC13,TRUE,TRUE
H2bc18,H2BC18,TRUE,TRUE
H2bc21,H2BC11,TRUE,TRUE
H2bc3,H2BC3,TRUE,TRUE
H2bc9,NA,FALSE,FALSE
H4c1,H4C15,FALSE,FALSE
H60b,RAET1E,TRUE,TRUE
Habp2,HABP2,TRUE,TRUE
Hacd2,HACD2,TRUE,TRUE
Hace1,HACE1,TRUE,TRUE
Hacl1,HACL1,TRUE,TRUE
Hadha,HADHA,TRUE,TRUE
Hadhb,HADHB,TRUE,TRUE
Hamp2,HAMP,TRUE,TRUE
Hap1,HAP1,TRUE,TRUE
Hapln1,HAPLN1,TRUE,TRUE
Has1,HAS1,TRUE,TRUE
Has3,HAS3,TRUE,TRUE
Hat1,HAT1,TRUE,TRUE
Haus5,HAUS5,TRUE,TRUE
Hbb-bh1,HBE1,TRUE,TRUE
Hbb-bt,HBB,TRUE,TRUE
Hc,C5,TRUE,TRUE
Hcfc1,HCFC1,TRUE,TRUE
Hcn1,HCN1,TRUE,TRUE
Hcn2,HCN2,TRUE,TRUE
Hcn4,HCN4,TRUE,TRUE
Hcrtr2,HCRTR2,TRUE,TRUE
Hdac3,HDAC3,TRUE,TRUE
Hdac5,HDAC5,TRUE,TRUE
Hdac6,HDAC6,TRUE,TRUE
Hdac7,HDAC7,TRUE,TRUE
Hdac8,HDAC8,TRUE,TRUE
Hdc,HDC,TRUE,TRUE
Hdhd5,HDHD5,TRUE,TRUE
Hdlbp,HDLBP,TRUE,TRUE
Heatr5a,HEATR5A,TRUE,TRUE
Heatr6,HEATR6,TRUE,TRUE
Hectd1,HECTD1,TRUE,TRUE
Hectd4,HECTD4,TRUE,TRUE
Helb,HELB,TRUE,TRUE
Helz,HELZ,TRUE,TRUE
Helz2,HELZ2,TRUE,TRUE
Heph,HEPH,TRUE,TRUE
Herc1,HERC1,TRUE,TRUE
Herc2,HERC2,TRUE,TRUE
Herc4,HERC4,TRUE,TRUE
Herc6,HERC6,TRUE,TRUE
Hes1,HES1,TRUE,TRUE
Hes3,HES3,TRUE,TRUE
Hes6,HES6,TRUE,TRUE
Hey1,HEY1,TRUE,TRUE
Hgsnat,HGSNAT,TRUE,TRUE
Hhat,HHAT,TRUE,TRUE
Hhipl1,HHIPL1,TRUE,TRUE
Hip1,HIP1,TRUE,TRUE
Hipk1,HIPK1,TRUE,TRUE
Hipk2,HIPK2,TRUE,TRUE
Hipk3,HIPK3,TRUE,TRUE
Hirip3,HIRIP3,TRUE,TRUE
Hist1h2an,NA,FALSE,FALSE
Hist1h2bp,NA,FALSE,FALSE
Hivep3,HIVEP3,TRUE,TRUE
Hjurp,HJURP,TRUE,TRUE
Hk2,HK2,TRUE,TRUE
Hmbox1,HMBOX1,TRUE,TRUE
Hmbs,HMBS,TRUE,TRUE
Hmcn1,HMCN1,TRUE,TRUE
Hmcn2,HMCN2,TRUE,TRUE
Hmg20b,HMG20B,TRUE,TRUE
Hmgcr,HMGCR,TRUE,TRUE
Hmgn5,HMGN5,TRUE,TRUE
Hmgxb3,HMGXB3,TRUE,TRUE
Hmmr,HMMR,TRUE,TRUE
Hmox2,HMOX2,TRUE,TRUE
Hnf1b,HNF1B,TRUE,TRUE
Hnrnpd,HNRNPD,TRUE,TRUE
Hnrnph2,HNRNPH2,TRUE,TRUE
Hnrnph3,HNRNPH3,TRUE,TRUE
Hnrnpl,HNRNPL,TRUE,TRUE
Hnrnpm,HNRNPM,TRUE,TRUE
Hnrnpu,HNRNPU,TRUE,TRUE
Hnrnpul1,HNRNPUL1,TRUE,TRUE
Hook2,HOOK2,TRUE,TRUE
Hook3,HOOK3,TRUE,TRUE
Hoxa1,HOXA1,TRUE,TRUE
Hoxa3,HOXA3,TRUE,TRUE
Hoxa7,HOXA7,TRUE,TRUE
Hp,HP,TRUE,TRUE
Hp1bp3,HP1BP3,TRUE,TRUE
Hps3,HPS3,TRUE,TRUE
Hpse2,HPSE2,TRUE,TRUE
Hras,HRAS,TRUE,TRUE
Hrg,HRG,TRUE,TRUE
Hrh2,HRH2,TRUE,TRUE
Hrnr,HRNR,TRUE,TRUE
Hs3st4,HS3ST4,TRUE,TRUE
Hsd17b10,HSD17B10,TRUE,TRUE
Hsd17b3,HSD17B3,TRUE,TRUE
Hsd17b7,HSD17B7,TRUE,TRUE
Hsd3b1,HSD3B1,TRUE,TRUE
Hsd3b5,HSD3B1,TRUE,TRUE
Hsf2,HSF2,TRUE,TRUE
Hsp90ab1,HSP90AB1,TRUE,TRUE
Hsp90b1,HSP90B1,TRUE,TRUE
Hspa12a,HSPA12A,TRUE,TRUE
Hspa12b,HSPA12B,TRUE,TRUE
Hspa14,HSPA14,TRUE,TRUE
Hspa5,HSPA5,TRUE,TRUE
Hspa9,HSPA9,TRUE,TRUE
Hspd1,HSPD1,TRUE,TRUE
Hspg2,HSPG2,TRUE,TRUE
Hsph1,HSPH1,TRUE,TRUE
Htatip2,HTATIP2,TRUE,TRUE
Htatsf1,HTATSF1,TRUE,TRUE
Htr1b,HTR1B,TRUE,TRUE
Htr2b,HTR2B,TRUE,TRUE
Htr3a,HTR3A,TRUE,TRUE
Htr3b,HTR3B,TRUE,TRUE
Htr4,HTR4,TRUE,TRUE
Htr5a,HTR5A,TRUE,TRUE
Htr6,HTR6,TRUE,TRUE
Htra2,HTRA2,TRUE,TRUE
Htra3,HTRA3,TRUE,TRUE
Htt,HTT,TRUE,TRUE
Hus1b,HUS1B,TRUE,TRUE
Huwe1,HUWE1,TRUE,TRUE
Hyal5,SPAM1,TRUE,TRUE
Hydin,HYDIN,TRUE,TRUE
Hyou1,HYOU1,TRUE,TRUE
Iba57,IBA57,TRUE,TRUE
Ibsp,IBSP,TRUE,TRUE
Ica1,ICA1,TRUE,TRUE
Icam1,ICAM1,TRUE,TRUE
Icam2,ICAM2,TRUE,TRUE
Ice1,ICE1,TRUE,TRUE
Ide,IDE,TRUE,TRUE
Idh2,IDH2,TRUE,TRUE
Idh3g,IDH3G,TRUE,TRUE
Ifi203,IFI16,TRUE,TRUE
Ifi207,IFI16,TRUE,TRUE
Ifih1,IFIH1,TRUE,TRUE
Ifna16,IFNA1,TRUE,TRUE
Ifnar1,IFNAR1,TRUE,TRUE
Ifne,IFNE,TRUE,TRUE
Ifng,IFNG,TRUE,TRUE
Ifnl2,IFNL1,TRUE,TRUE
Ift43,IFT43,TRUE,TRUE
Ift80,IFT80,TRUE,TRUE
Igbp1,IGBP1,TRUE,TRUE
Igbp1b,IGBP1,TRUE,TRUE
Igdcc4,IGDCC4,TRUE,TRUE
Igf1r,IGF1R,TRUE,TRUE
Igf2r,IGF2R,TRUE,TRUE
Igfbp4,IGFBP4,TRUE,TRUE
Igflr1,IGFLR1,TRUE,TRUE
Ighd,NA,FALSE,FALSE
Ighe,IGHE,FALSE,FALSE
Ighg3,IGHG1,TRUE,TRUE
Ighmbp2,IGHMBP2,TRUE,TRUE
Ighv1-18,IGHV1-18,FALSE,FALSE
Ighv1-20,IGHV1-18,FALSE,FALSE
Ighv1-22,IGHV1-18,FALSE,FALSE
Ighv1-31,IGHV1-18,FALSE,FALSE
Ighv1-36,IGHV1-18,FALSE,FALSE
Ighv1-43,IGHV1-18,FALSE,FALSE
Ighv1-63,IGHV1-18,FALSE,FALSE
Ighv1-64,IGHV1-18,FALSE,FALSE
Ighv1-80,IGHV1-18,FALSE,FALSE
Ighv1-82,IGHV1-18,FALSE,FALSE
Ighv2-3,NA,FALSE,FALSE
Ighv2-9-1,NA,FALSE,FALSE
Ighv3-1,IGHV4-28,FALSE,FALSE
Ighv3-4,IGHV4-28,FALSE,FALSE
Ighv3-8,IGHV4-28,FALSE,FALSE
Ighv6-7,IGHV3-72,FALSE,FALSE
Ighv7-1,IGHV3-72,FALSE,FALSE
Ighv7-3,IGHV3-72,FALSE,FALSE
Igkv10-96,IGKV1-27,FALSE,FALSE
Igkv12-46,IGKV1-39,FALSE,FALSE
Igkv13-85,IGKV1-12,FALSE,FALSE
Igkv14-111,IGKV1-16,FALSE,FALSE
Igkv17-127,IGKV5-2,FALSE,FALSE
Igkv3-2,NA,FALSE,FALSE
Igkv3-5,NA,FALSE,FALSE
Igkv4-51,NA,FALSE,FALSE
Igkv4-55,NA,FALSE,FALSE
Igkv4-59,NA,FALSE,FALSE
Igkv4-61,NA,FALSE,FALSE
Igkv4-86,NA,FALSE,FALSE
Igkv8-21,IGKV4-1,FALSE,FALSE
Igkv8-26,IGKV4-1,FALSE,FALSE
Iglon5,IGLON5,TRUE,TRUE
Igsf1,IGSF1,TRUE,TRUE
Igsf10,IGSF10,TRUE,TRUE
Igsf3,IGSF3,TRUE,TRUE
Igsf5,IGSF5,TRUE,TRUE
Ikbkb,IKBKB,TRUE,TRUE
Ikbkg,IKBKG,TRUE,TRUE
Ikzf4,IKZF4,TRUE,TRUE
Il10ra,IL10RA,TRUE,TRUE
Il17f,IL17F,TRUE,TRUE
Il17rb,IL17RB,TRUE,TRUE
Il18r1,IL18R1,TRUE,TRUE
Il18rap,IL18RAP,TRUE,TRUE
Il1rap,IL1RAP,TRUE,TRUE
Il1rapl1,IL1RAPL1,TRUE,TRUE
Il1rapl2,IL1RAPL2,TRUE,TRUE
Il20ra,IL20RA,TRUE,TRUE
Il21r,IL21R,TRUE,TRUE
Il24,IL24,TRUE,TRUE
Il2rb,IL2RB,TRUE,TRUE
Il6ra,IL6R,TRUE,TRUE
Ildr2,ILDR2,TRUE,TRUE
Ilf3,ILF3,TRUE,TRUE
Imp4,IMP4,TRUE,TRUE
Impa2,IMPA2,TRUE,TRUE
Incenp,INCENP,TRUE,TRUE
Ing4,ING4,TRUE,TRUE
Inhbc,INHBC,TRUE,TRUE
Ino80,INO80,TRUE,TRUE
Inpp4a,INPP4A,TRUE,TRUE
Inpp4b,INPP4B,TRUE,TRUE
Inpp5a,INPP5A,TRUE,TRUE
Inpp5b,INPP5B,TRUE,TRUE
Inpp5d,INPP5D,TRUE,TRUE
Inpp5f,INPP5F,TRUE,TRUE
Insrr,INSRR,TRUE,TRUE
Insyn1,INSYN1,TRUE,TRUE
Ints11,INTS11,TRUE,TRUE
Ints2,INTS2,TRUE,TRUE
Ints6,INTS6,TRUE,TRUE
Ints9,INTS9,TRUE,TRUE
Intu,INTU,TRUE,TRUE
Invs,INVS,TRUE,TRUE
Ip6k2,IP6K2,TRUE,TRUE
Ip6k3,IP6K3,TRUE,TRUE
Ipcef1,IPCEF1,TRUE,TRUE
Ippk,IPPK,TRUE,TRUE
Iqca,IQCA1,FALSE,FALSE
Iqch,IQCH,TRUE,TRUE
Iqgap1,IQGAP1,TRUE,TRUE
Iqsec1,IQSEC1,TRUE,TRUE
Iqsec2,IQSEC2,TRUE,TRUE
Irf6,IRF6,TRUE,TRUE
Irs2,IRS2,TRUE,TRUE
Irx3,IRX3,TRUE,TRUE
Irx4,IRX4,TRUE,TRUE
Irx5,IRX5,TRUE,TRUE
Irx6,IRX6,TRUE,TRUE
Isoc2a,ISOC2,TRUE,TRUE
Isoc2b,ISOC2,TRUE,TRUE
Isx,ISX,TRUE,TRUE
Isy1,ISY1,TRUE,TRUE
Isyna1,ISYNA1,TRUE,TRUE
Itfg1,ITFG1,TRUE,TRUE
Itfg2,ITFG2,TRUE,TRUE
Itga11,ITGA11,TRUE,TRUE
Itga4,ITGA4,TRUE,TRUE
Itga8,ITGA8,TRUE,TRUE
Itga9,ITGA9,TRUE,TRUE
Itgae,ITGAE,TRUE,TRUE
Itgam,ITGAM,TRUE,TRUE
Itgax,ITGAX,TRUE,TRUE
Itgb2,ITGB2,TRUE,TRUE
Itgb4,ITGB4,TRUE,TRUE
Itgb5,ITGB5,TRUE,TRUE
Itgb7,ITGB7,TRUE,TRUE
Itih1,ITIH1,TRUE,TRUE
Itih4,ITIH4,TRUE,TRUE
Itih5,ITIH5,TRUE,TRUE
Itm2c,ITM2C,TRUE,TRUE
Itpka,ITPKA,TRUE,TRUE
Itpkc,ITPKC,TRUE,TRUE
Itpr1,ITPR1,TRUE,TRUE
Itpr2,ITPR2,TRUE,TRUE
Itpr3,ITPR3,TRUE,TRUE
Itsn2,ITSN2,TRUE,TRUE
Ivd,IVD,TRUE,TRUE
Izumo2,IZUMO2,TRUE,TRUE
Jade2,JADE2,TRUE,TRUE
Jag1,JAG1,TRUE,TRUE
Jag2,JAG2,TRUE,TRUE
Jak1,JAK1,TRUE,TRUE
Jakmip2,JAKMIP2,TRUE,TRUE
Jaml,JAML,TRUE,TRUE
Jmjd1c,JMJD1C,TRUE,TRUE
Jph1,JPH1,TRUE,TRUE
Jph4,JPH4,TRUE,TRUE
Kalrn,KALRN,TRUE,TRUE
Kank1,KANK1,TRUE,TRUE
Kank2,KANK2,TRUE,TRUE
Kars,KARS1,TRUE,TRUE
Kat2a,KAT2A,TRUE,TRUE
Kat6b,KAT6B,TRUE,TRUE
Katnal1,KATNAL1,TRUE,TRUE
Katnal2,KATNAL2,TRUE,TRUE
Kbtbd13,KBTBD13,TRUE,TRUE
Kbtbd6,KBTBD6,TRUE,TRUE
Kbtbd7,KBTBD6,TRUE,TRUE
Kcna1,KCNA1,TRUE,TRUE
Kcna10,KCNA10,TRUE,TRUE
Kcna4,KCNA4,TRUE,TRUE
Kcna7,KCNA7,TRUE,TRUE
Kcnc1,KCNC1,TRUE,TRUE
Kcnd1,KCND1,TRUE,TRUE
Kcnd2,KCND2,TRUE,TRUE
Kcnd3,KCND3,TRUE,TRUE
Kcne3,KCNE3,TRUE,TRUE
Kcnh2,KCNH2,TRUE,TRUE
Kcnh4,KCNH4,TRUE,TRUE
Kcnh5,KCNH5,TRUE,TRUE
Kcnh6,KCNH6,TRUE,TRUE
Kcnh7,KCNH7,TRUE,TRUE
Kcnh8,KCNH8,TRUE,TRUE
Kcnj10,KCNJ10,TRUE,TRUE
Kcnj11,KCNJ11,TRUE,TRUE
Kcnj12,KCNJ12,TRUE,TRUE
Kcnj13,KCNJ13,TRUE,TRUE
Kcnj2,KCNJ2,TRUE,TRUE
Kcnk2,KCNK2,TRUE,TRUE
Kcnk3,KCNK3,TRUE,TRUE
Kcnk5,KCNK5,TRUE,TRUE
Kcnn4,KCNN4,TRUE,TRUE
Kcnq5,KCNQ5,TRUE,TRUE
Kcnrg,KCNRG,TRUE,TRUE
Kcns1,KCNS1,TRUE,TRUE
Kcns3,KCNS3,TRUE,TRUE
Kcnt2,KCNT2,TRUE,TRUE
Kcnu1,KCNU1,TRUE,TRUE
Kcp,KCP,TRUE,TRUE
Kctd1,KCTD1,TRUE,TRUE
Kctd11,KCTD11,TRUE,TRUE
Kctd12b,KCTD12,FALSE,FALSE
Kctd15,KCTD15,TRUE,TRUE
Kctd17,KCTD17,TRUE,TRUE
Kctd19,KCTD19,TRUE,TRUE
Kctd5,KCTD5,TRUE,TRUE
Kctd6,KCTD6,TRUE,TRUE
Kctd7,KCTD7,TRUE,TRUE
Kctd8,KCTD8,TRUE,TRUE
Kdm2a,KDM2A,TRUE,TRUE
Kdm2b,KDM2B,TRUE,TRUE
Kdm4a,KDM4A,TRUE,TRUE
Kdm4c,KDM4C,TRUE,TRUE
Kdm5a,KDM5A,TRUE,TRUE
Kdm5b,KDM5B,TRUE,TRUE
Kdm5c,KDM5C,TRUE,TRUE
Kdm6a,KDM6A,TRUE,TRUE
Kdm6b,KDM6B,TRUE,TRUE
Kdr,KDR,TRUE,TRUE
Keap1,KEAP1,TRUE,TRUE
Kel,KEL,TRUE,TRUE
Kera,KERA,TRUE,TRUE
Khdc4,KHDC4,TRUE,TRUE
Khdrbs1,KHDRBS1,TRUE,TRUE
Khk,KHK,TRUE,TRUE
Khsrp,KHSRP,TRUE,TRUE
Kif11,KIF11,TRUE,TRUE
Kif12,KIF12,TRUE,TRUE
Kif13a,KIF13A,TRUE,TRUE
Kif13b,KIF13B,TRUE,TRUE
Kif14,KIF14,TRUE,TRUE
Kif18a,KIF18A,TRUE,TRUE
Kif19a,KIF19,TRUE,TRUE
Kif1a,KIF1A,TRUE,TRUE
Kif1b,KIF1B,TRUE,TRUE
Kif1c,KIF1C,TRUE,TRUE
Kif20a,KIF20A,TRUE,TRUE
Kif21a,KIF21A,TRUE,TRUE
Kif21b,KIF21B,TRUE,TRUE
Kif26a,KIF26A,TRUE,TRUE
Kif26b,KIF26B,TRUE,TRUE
Kif3b,KIF3B,TRUE,TRUE
Kif5a,KIF5A,TRUE,TRUE
Kif5c,KIF5C,TRUE,TRUE
Kif7,KIF7,TRUE,TRUE
Kifbp,KIFBP,TRUE,TRUE
Kifc3,KIFC3,TRUE,TRUE
Kifc5b,KIFC1,TRUE,TRUE
Kir3dl2,KIR2DL1,TRUE,TRUE
Kirrel,KIRREL1,TRUE,TRUE
Kirrel2,KIRREL2,TRUE,TRUE
Kit,KIT,TRUE,TRUE
Kiz,KIZ,TRUE,TRUE
Klb,KLB,TRUE,TRUE
Klf15,KLF15,TRUE,TRUE
Klf17,KLF17,TRUE,TRUE
Klf2,KLF2,TRUE,TRUE
Klf9,KLF9,TRUE,TRUE
Klhdc10,KLHDC10,TRUE,TRUE
Klhdc4,KLHDC4,TRUE,TRUE
Klhdc8b,KLHDC8B,TRUE,TRUE
Klhdc9,KLHDC9,TRUE,TRUE
Klhl12,KLHL12,TRUE,TRUE
Klhl13,KLHL13,TRUE,TRUE
Klhl2,KLHL2,TRUE,TRUE
Klhl22,KLHL22,TRUE,TRUE
Klhl25,KLHL25,TRUE,TRUE
Klhl26,KLHL26,TRUE,TRUE
Klhl30,KLHL30,TRUE,TRUE
Klhl31,KLHL31,TRUE,TRUE
Klhl38,KLHL38,TRUE,TRUE
Klhl4,KLHL4,TRUE,TRUE
Klhl40,KLHL40,TRUE,TRUE
Klhl41,KLHL41,TRUE,TRUE
Klk12,KLK12,TRUE,TRUE
Klk15,KLK15,TRUE,TRUE
Klk1b22,KLK1,TRUE,TRUE
Klk1b24,KLK1,TRUE,TRUE
Klk1b26,KLK1,TRUE,TRUE
Klk4,KLK4,TRUE,TRUE
Klk5,KLK5,TRUE,TRUE
Klk9,KLK9,TRUE,TRUE
Klrc2,KLRC1,TRUE,TRUE
Klrc3,KLRC1,TRUE,TRUE
Klrd1,KLRD1,TRUE,TRUE
Kmt2a,KMT2A,TRUE,TRUE
Kmt2b,KMT2B,TRUE,TRUE
Kmt2c,KMT2C,TRUE,TRUE
Kmt2d,KMT2D,TRUE,TRUE
Kmt2e,KMT2E,TRUE,TRUE
Kndc1,KNDC1,TRUE,TRUE
Kng1,KNG1,TRUE,TRUE
Knl1,KNL1,TRUE,TRUE
Kpna6,KPNA6,TRUE,TRUE
Kprp,KPRP,TRUE,TRUE
Kras,KRAS,TRUE,TRUE
Krba1,KRBA1,FALSE,FALSE
Kremen1,KREMEN1,TRUE,TRUE
Kremen2,KREMEN2,TRUE,TRUE
Krit1,KRIT1,TRUE,TRUE
Krt10,KRT10,TRUE,TRUE
Krt14,KRT14,TRUE,TRUE
Krt2,KRT2,TRUE,TRUE
Krt26,KRT26,TRUE,TRUE
Krt28,KRT28,TRUE,TRUE
Krt33a,KRT31,TRUE,TRUE
Krt34,KRT31,TRUE,TRUE
Krt4,KRT4,TRUE,TRUE
Krt40,KRT40,TRUE,TRUE
Krt6a,KRT6A,TRUE,TRUE
Krt71,KRT71,TRUE,TRUE
Krt72,KRT72,TRUE,TRUE
Krt73,KRT73,TRUE,TRUE
Krt78,KRT78,TRUE,TRUE
Krt8,KRT8,TRUE,TRUE
Krt81,KRT81,TRUE,TRUE
Krt82,KRT82,TRUE,TRUE
Krt84,KRT84,TRUE,TRUE
Krt86,KRT81,TRUE,TRUE
Krt90,KRT5,TRUE,TRUE
Krtap1-3,KRTAP1-1,TRUE,TRUE
Krtap10-10,KRTAP10-11,TRUE,TRUE
Krtap10-4,KRTAP10-11,TRUE,TRUE
Krtap13,KRTAP13-1,TRUE,TRUE
Krtap16-1,KRTAP16-1,TRUE,TRUE
Krtap19-1,KRTAP19-3,TRUE,TRUE
Krtap19-3,KRTAP19-3,TRUE,TRUE
Krtap21-1,LOC647264,FALSE,FALSE
Krtap24-1,KRTAP24-1,TRUE,TRUE
Krtap4-1,KRTAP4-3,TRUE,TRUE
Krtap4-13,KRTAP4-3,TRUE,TRUE
Krtap4-16,KRTAP4-1,TRUE,TRUE
Krtap4-2,KRTAP4-3,TRUE,TRUE
Krtap4-6,KRTAP4-3,TRUE,TRUE
Krtap4-7,KRTAP4-11,TRUE,TRUE
Krtap4-8,KRTAP4-3,TRUE,TRUE
Krtap4-9,KRTAP4-3,TRUE,TRUE
Krtap5-2,KRTAP5-2,TRUE,TRUE
Krtap5-3,NA,FALSE,FALSE
Krtap5-5,KRTAP5-2,TRUE,TRUE
Krtap9-1,KRTAP9-2,TRUE,TRUE
Krtap9-3,KRTAP1-1,TRUE,TRUE
Krtap9-5,KRTAP9-1,TRUE,TRUE
Ksr1,KSR1,TRUE,TRUE
Ksr2,KSR2,TRUE,TRUE
Ky,KY,TRUE,TRUE
L3mbtl2,L3MBTL2,TRUE,TRUE
L3mbtl3,L3MBTL3,TRUE,TRUE
Lama1,LAMA1,TRUE,TRUE
Lama2,LAMA2,TRUE,TRUE
Lama3,LAMA3,TRUE,TRUE
Lama4,LAMA4,TRUE,TRUE
Lama5,LAMA5,TRUE,TRUE
Lamb1,LAMB1,TRUE,TRUE
Lamb2,LAMB2,TRUE,TRUE
Lamc3,LAMC3,TRUE,TRUE
Lamp2,LAMP2,FALSE,FALSE
Lancl3,LANCL3,TRUE,TRUE
Laptm5,LAPTM5,TRUE,TRUE
Large1,LARGE1,TRUE,TRUE
Larp4,LARP4,TRUE,TRUE
Larp4b,LARP4B,TRUE,TRUE
Las1l,LAS1L,TRUE,TRUE
Lat,LAT,TRUE,TRUE
Lats1,LATS1,TRUE,TRUE
Lax1,LAX1,TRUE,TRUE
Lbhd2,LBHD2,TRUE,TRUE
Lbp,LBP,TRUE,TRUE
Lce1c,NA,FALSE,FALSE
Lce1i,NA,FALSE,FALSE
Lce6a,LCE6A,TRUE,TRUE
Lcmt2,LCMT2,TRUE,TRUE
Lcn10,LCN10,TRUE,TRUE
Lct,LCT,TRUE,TRUE
Ldb1,LDB1,TRUE,TRUE
Ldb3,LDB3,TRUE,TRUE
Ldc1,NA,FALSE,FALSE
Ldhb,LDHB,TRUE,TRUE
Ldhc,LDHC,TRUE,TRUE
Ldlr,LDLR,TRUE,TRUE
Ldlrad1,LDLRAD1,TRUE,TRUE
Lfng,LFNG,TRUE,TRUE
Lgi3,LGI3,TRUE,TRUE
Lgr6,LGR6,TRUE,TRUE
Lhcgr,LHCGR,TRUE,TRUE
Lhx2,LHX2,TRUE,TRUE
Lhx9,LHX9,TRUE,TRUE
Lilra6,LILRA1,TRUE,TRUE
Lilrb4a,LILRB4,TRUE,TRUE
Lim2,LIM2,TRUE,TRUE
Limk1,LIMK1,TRUE,TRUE
Lin28b,LIN28B,TRUE,TRUE
Lin54,LIN54,TRUE,TRUE
Lingo3,LINGO3,TRUE,TRUE
Lins1,LINS1,TRUE,TRUE
Lipa,LIPA,TRUE,TRUE
Lipc,LIPC,TRUE,TRUE
Lipe,LIPE,TRUE,TRUE
Lipn,LIPN,TRUE,TRUE
Lkaaear1,LKAAEAR1,TRUE,TRUE
Lmbr1l,LMBR1L,TRUE,TRUE
Lmbrd1,LMBRD1,TRUE,TRUE
Lmf1,LMF1,TRUE,TRUE
Lmnb1,LMNB1,TRUE,TRUE
Lmntd2,LMNTD2,TRUE,TRUE
Lmod1,LMOD1,TRUE,TRUE
Lmtk2,LMTK2,TRUE,TRUE
Lmtk3,LMTK3,TRUE,TRUE
Lmx1a,LMX1A,TRUE,TRUE
Lonrf2,LONRF2,TRUE,TRUE
Lonrf3,LONRF3,TRUE,TRUE
Lox,LOX,TRUE,TRUE
Loxhd1,LOXHD1,TRUE,TRUE
Lpcat1,LPCAT1,TRUE,TRUE
Lpcat4,LPCAT4,TRUE,TRUE
Lpgat1,LPGAT1,TRUE,TRUE
Lpin2,LPIN2,TRUE,TRUE
Lpin3,LPIN3,TRUE,TRUE
Lpl,LPL,TRUE,TRUE
Lpo,LPO,TRUE,TRUE
Lpxn,LPXN,TRUE,TRUE
Lrba,LRBA,TRUE,TRUE
Lrch1,LRCH1,TRUE,TRUE
Lrch2,LRCH2,TRUE,TRUE
Lrfn5,LRFN5,TRUE,TRUE
Lrg1,LRG1,TRUE,TRUE
Lrig1,LRIG1,TRUE,TRUE
Lrig3,LRIG3,TRUE,TRUE
Lrit1,LRIT1,TRUE,TRUE
Lrit2,LRIT2,TRUE,TRUE
Lrp1,LRP1,TRUE,TRUE
Lrp10,LRP10,TRUE,TRUE
Lrp11,LRP11,TRUE,TRUE
Lrp12,LRP12,TRUE,TRUE
Lrp1b,LRP1B,TRUE,TRUE
Lrp2,LRP2,TRUE,TRUE
Lrp4,LRP4,TRUE,TRUE
Lrp5,LRP5,TRUE,TRUE
Lrp6,LRP6,TRUE,TRUE
Lrp8,LRP8,TRUE,TRUE
Lrpap1,LRPAP1,TRUE,TRUE
Lrpprc,LRPPRC,TRUE,TRUE
Lrrc14b,LRRC14B,TRUE,TRUE
Lrrc26,LRRC26,TRUE,TRUE
Lrrc28,LRRC28,TRUE,TRUE
Lrrc3,LRRC3,TRUE,TRUE
Lrrc31,LRRC31,TRUE,TRUE
Lrrc32,LRRC32,TRUE,TRUE
Lrrc37a,LRRC37A,TRUE,TRUE
Lrrc40,LRRC40,TRUE,TRUE
Lrrc45,LRRC45,TRUE,TRUE
Lrrc49,LRRC49,TRUE,TRUE
Lrrc55,LRRC55,TRUE,TRUE
Lrrc56,LRRC56,TRUE,TRUE
Lrrc6,DNAAF11,TRUE,TRUE
Lrrc66,LRRC66,TRUE,TRUE
Lrrc71,LRRC71,TRUE,TRUE
Lrrc74a,LRRC74A,TRUE,TRUE
Lrriq1,LRRIQ1,TRUE,TRUE
Lrriq4,LRRIQ4,TRUE,TRUE
Lrrn2,LRRN2,TRUE,TRUE
Lrrtm3,LRRTM3,TRUE,TRUE
Lrwd1,LRWD1,TRUE,TRUE
Lsamp,LSAMP,TRUE,TRUE
Lsg1,LSG1,TRUE,TRUE
Lsm14b,LSM14B,TRUE,TRUE
Lss,LSS,TRUE,TRUE
Lta4h,LTA4H,TRUE,TRUE
Ltb,LTB,TRUE,TRUE
Ltbp4,LTBP4,TRUE,TRUE
Ltf,LTF,TRUE,TRUE
Ltn1,LTN1,TRUE,TRUE
Ltv1,LTV1,TRUE,TRUE
Luc7l2,FMC1-LUC7L2,TRUE,TRUE
Lvrn,LVRN,TRUE,TRUE
Ly6c2,LY6H,TRUE,TRUE
Ly6d,LY6D,TRUE,TRUE
Ly6g5b,LY6G5B,TRUE,TRUE
Ly9,LY9,TRUE,TRUE
Lyg1,LYG1,TRUE,TRUE
Lyrm1,LYRM1,FALSE,FALSE
Lyrm7,LYRM7,TRUE,TRUE
Lyst,LYST,TRUE,TRUE
Lyzl1,LYZL1,TRUE,TRUE
Lzts2,LZTS2,TRUE,TRUE
Maats1,NA,FALSE,FALSE
Mab21l1,MAB21L1,TRUE,TRUE
Mab21l2,MAB21L2,TRUE,TRUE
Mab21l3,MAB21L3,TRUE,TRUE
Mab21l4,MAB21L4,TRUE,TRUE
Macf1,MACF1,TRUE,TRUE
Maco1,MACO1,TRUE,TRUE
Macrod2,MACROD2,TRUE,TRUE
Macroh2a2,MACROH2A2,TRUE,TRUE
Mad1l1,MAD1L1,TRUE,TRUE
Maf1,MAF1,TRUE,TRUE
Magea2,MAGEA1,TRUE,TRUE
Magea6,MAGEA1,TRUE,TRUE
Mageb16,MAGEB16,TRUE,TRUE
Mageb4,MAGEB1,TRUE,TRUE
Maged2,MAGED2,TRUE,TRUE
Magee1,MAGEE1,TRUE,TRUE
Magee2,MAGEE2,TRUE,TRUE
Magel2,MAGEL2,TRUE,TRUE
Magi1,MAGI1,TRUE,TRUE
Magi2,MAGI2,TRUE,TRUE
Magt1,MAGT1,TRUE,TRUE
Malt1,MALT1,TRUE,TRUE
Mamdc2,MAMDC2,TRUE,TRUE
Mamdc4,MAMDC4,TRUE,TRUE
Maml1,MAML1,TRUE,TRUE
Maml2,MAML2,TRUE,TRUE
Maml3,MAML3,TRUE,TRUE
Mamld1,MAMLD1,TRUE,TRUE
Man2a1,MAN2A1,TRUE,TRUE
Man2b1,MAN2B1,TRUE,TRUE
Man2c1,MAN2C1,TRUE,TRUE
Map1b,MAP1B,TRUE,TRUE
Map2,MAP2,TRUE,TRUE
Map2k5,MAP2K5,TRUE,TRUE
Map2k6,MAP2K6,TRUE,TRUE
Map3k10,MAP3K10,TRUE,TRUE
Map3k14,MAP3K14,TRUE,TRUE
Map3k4,MAP3K4,TRUE,TRUE
Map3k6,MAP3K6,TRUE,TRUE
Map3k7cl,MAP3K7CL,TRUE,TRUE
Map3k8,MAP3K8,TRUE,TRUE
Map4,MAP4,TRUE,TRUE
Map4k1,MAP4K1,TRUE,TRUE
Map4k2,MAP4K2,TRUE,TRUE
Map4k3,MAP4K3,TRUE,TRUE
Map6,MAP6,TRUE,TRUE
Map7,MAP7,TRUE,TRUE
Map7d2,MAP7D2,TRUE,TRUE
Mapk10,MAPK10,TRUE,TRUE
Mapk13,MAPK13,TRUE,TRUE
Mapk3,MAPK3,TRUE,TRUE
Mapk6,MAPK6,TRUE,TRUE
Mapk8ip2,MAPK8IP2,TRUE,TRUE
Mapk8ip3,MAPK8IP3,TRUE,TRUE
Mapk9,MAPK9,TRUE,TRUE
Mapkap1,MAPKAP1,TRUE,TRUE
Mapkapk3,MAPKAPK3,TRUE,TRUE
Mapkbp1,MAPKBP1,TRUE,TRUE
Mapre2,MAPRE2,TRUE,TRUE
Mapt,MAPT,TRUE,TRUE
Marchf1,MARCHF1,TRUE,TRUE
Marchf10,MARCHF10,TRUE,TRUE
Marchf4,MARCHF4,TRUE,TRUE
Marchf6,MARCHF6,TRUE,TRUE
Marchf8,MARCHF8,TRUE,TRUE
Marco,MARCO,TRUE,TRUE
Marf1,MARF1,TRUE,TRUE
Mark2,MARK2,TRUE,TRUE
Mark4,MARK4,TRUE,TRUE
Mars1,MARS1,TRUE,TRUE
Marveld2,MARVELD2,TRUE,TRUE
Mast2,MAST2,TRUE,TRUE
Mast4,MAST4,TRUE,TRUE
Mastl,MASTL,TRUE,TRUE
Matn1,MATN1,TRUE,TRUE
Mau2,MAU2,TRUE,TRUE
Mb,MB,TRUE,TRUE
Mb21d2,MB21D2,TRUE,TRUE
Mbd3,MBD3,TRUE,TRUE
Mbd5,MBD5,TRUE,TRUE
Mbd6,MBD6,TRUE,TRUE
Mbip,MBIP,TRUE,TRUE
Mbnl2,MBNL2,TRUE,TRUE
Mbp,MBP,TRUE,TRUE
Mbtd1,MBTD1,TRUE,TRUE
Mbtps2,MBTPS2,TRUE,TRUE
Mc4r,MC4R,TRUE,TRUE
Mc5r,MC5R,TRUE,TRUE
Mcc,MCC,TRUE,TRUE
Mcf2,MCF2,TRUE,TRUE
Mcf2l,MCF2L,TRUE,TRUE
Mcm2,MCM2,TRUE,TRUE
Mcm3,MCM3,TRUE,TRUE
Mcm3ap,MCM3AP,TRUE,TRUE
Mcm4,MCM4,TRUE,TRUE
Mcm8,MCM8,TRUE,TRUE
Mcmbp,MCMBP,TRUE,TRUE
Mcmdc2,MCMDC2,TRUE,TRUE
Mcoln3,MCOLN3,TRUE,TRUE
Mcpt4,NA,FALSE,FALSE
Mctp2,MCTP2,TRUE,TRUE
Mdc1,MDC1,TRUE,TRUE
Mdga1,MDGA1,TRUE,TRUE
Mdh1b,MDH1B,TRUE,TRUE
Mdm1,MDM1,TRUE,TRUE
Mdn1,MDN1,TRUE,TRUE
Me2,ME2,TRUE,TRUE
Mea1,MEA1,TRUE,TRUE
Meak7,MEAK7,TRUE,TRUE
Med10,MED10,TRUE,TRUE
Med12,MED12,TRUE,TRUE
Med12l,MED12L,TRUE,TRUE
Med13,MED13,TRUE,TRUE
Med13l,MED13L,TRUE,TRUE
Med16,MED16,TRUE,TRUE
Med22,MED22,TRUE,TRUE
Med23,MED23,TRUE,TRUE
Med4,MED4,FALSE,FALSE
Med8,MED8,TRUE,TRUE
Mefv,MEFV,TRUE,TRUE
Megf10,MEGF10,TRUE,TRUE
Megf11,MEGF11,TRUE,TRUE
Megf6,MEGF6,TRUE,TRUE
Megf8,MEGF8,TRUE,TRUE
Mei4,MEI4,TRUE,TRUE
Meis1,MEIS1,TRUE,TRUE
Meis3,MEIS3,TRUE,TRUE
Melk,MELK,TRUE,TRUE
Meltf,MELTF,TRUE,TRUE
Meox2,MEOX2,TRUE,TRUE
Mep1a,MEP1A,TRUE,TRUE
Met,MET,TRUE,TRUE
Methig1,METTL7A,FALSE,FALSE
Mettl17,METTL17,TRUE,TRUE
Mettl22,METTL22,TRUE,TRUE
Mfn1,MFN1,TRUE,TRUE
Mfn2,MFN2,TRUE,TRUE
Mfrp,MFRP,TRUE,TRUE
Mfsd1,MFSD1,TRUE,TRUE
Mfsd11,MFSD11,TRUE,TRUE
Mfsd14b,MFSD14B,FALSE,FALSE
Mfsd4a,MFSD4A,FALSE,FALSE
Mfsd7a,SLC49A3,TRUE,TRUE
Mga,MGA,TRUE,TRUE
Mgarp,MGARP,TRUE,TRUE
Mgat3,MGAT3,TRUE,TRUE
Mgat4e,NA,FALSE,FALSE
Mgat4f,NA,FALSE,FALSE
Mgat5,MGAT5,TRUE,TRUE
Mgat5b,MGAT5B,TRUE,TRUE
Mgrn1,MGRN1,TRUE,TRUE
Mib1,MIB1,TRUE,TRUE
Mical1,MICAL1,TRUE,TRUE
Mical3,MICAL3,TRUE,TRUE
Micall2,MICALL2,TRUE,TRUE
Micu1,MICU1,TRUE,TRUE
Mier2,MIER2,TRUE,TRUE
Mier3,MIER3,TRUE,TRUE
Mill1,MICA,TRUE,TRUE
Minar1,MINAR1,TRUE,TRUE
Mindy2,MINDY2,TRUE,TRUE
Mink1,MINK1,TRUE,TRUE
Miox,MIOX,TRUE,TRUE
Mitf,MITF,TRUE,TRUE
Mki67,MKI67,TRUE,TRUE
Mkln1,MKLN1,TRUE,TRUE
Mknk1,MKNK1,TRUE,TRUE
Mks1,MKS1,TRUE,TRUE
Mlana,MLANA,TRUE,TRUE
Mlh3,MLH3,TRUE,TRUE
Mllt3,MLLT3,TRUE,TRUE
Mlxipl,MLXIPL,TRUE,TRUE
Mmp10,MMP10,TRUE,TRUE
Mmp16,MMP16,TRUE,TRUE
Mmp17,MMP17,TRUE,TRUE
Mmp1a,MMP1,TRUE,TRUE
Mmp2,MMP2,TRUE,TRUE
Mmp21,MMP21,TRUE,TRUE
Mmp24,MMP24,TRUE,TRUE
Mmp25,MMP25,TRUE,TRUE
Mmp9,MMP9,TRUE,TRUE
Mmrn2,MMRN2,TRUE,TRUE
Mms19,MMS19,TRUE,TRUE
Mn1,MN1,TRUE,TRUE
Mnat1,MNAT1,TRUE,TRUE
Mocs3,MOCS3,TRUE,TRUE
Mogat1,MOGAT1,TRUE,TRUE
Mogs,MOGS,TRUE,TRUE
Mon2,MON2,TRUE,TRUE
Morc1,MORC1,TRUE,TRUE
Morc3,MORC3,TRUE,TRUE
Morf4l1,MORF4L1,TRUE,TRUE
Mospd2,MOSPD2,TRUE,TRUE
Moxd2,MOXD2P,FALSE,FALSE
Mphosph10,MPHOSPH10,TRUE,TRUE
Mphosph8,MPHOSPH8,TRUE,TRUE
Mpl,MPL,TRUE,TRUE
Mpp1,MPP1,TRUE,TRUE
Mpp2,MPP2,TRUE,TRUE
Mpped1,MPPED1,TRUE,TRUE
Mrc1,MRC1,TRUE,TRUE
Mrgprb5,MRGPRX1,TRUE,TRUE
Mrgprb8,MRGPRX1,TRUE,TRUE
Mrnip,MRNIP,TRUE,TRUE
Mroh1,MROH1,TRUE,TRUE
Mroh2a,MROH2A,TRUE,TRUE
Mroh2b,MROH2B,TRUE,TRUE
Mroh5,MROH5,TRUE,TRUE
Mrpl30,MRPL30,TRUE,TRUE
Mrpl54,MRPL54,TRUE,TRUE
Mrps10,MRPS10,TRUE,TRUE
Mrtfb,MRTFB,TRUE,TRUE
Mrvi1,NA,FALSE,FALSE
Ms4a14,MS4A14,TRUE,TRUE
Ms4a15,MS4A15,TRUE,TRUE
Ms4a4b,MS4A4A,TRUE,TRUE
Ms4a8a,MS4A8,TRUE,TRUE
Msantd2,MSANTD2,TRUE,TRUE
Msh2,MSH2,TRUE,TRUE
Msh6,MSH6,TRUE,TRUE
Msi2,MSI2,TRUE,TRUE
Msln,MSLN,TRUE,TRUE
Mslnl,MSLNL,TRUE,TRUE
Msrb2,MSRB2,TRUE,TRUE
Mst1r,MST1R,TRUE,TRUE
Msx1,MSX1,TRUE,TRUE
Mtbp,MTBP,TRUE,TRUE
Mtcl1,MTCL1,TRUE,TRUE
Mtf2,MTF2,TRUE,TRUE
Mtg1,MTG1,TRUE,TRUE
Mthfd1,MTHFD1,TRUE,TRUE
Mthfd2,MTHFD2,TRUE,TRUE
Mtmr1,MTMR1,TRUE,TRUE
Mtmr10,MTMR10,TRUE,TRUE
Mtmr11,MTMR11,TRUE,TRUE
Mtmr12,MTMR12,TRUE,TRUE
Mtmr14,MTMR14,TRUE,TRUE
Mtmr6,MTMR6,TRUE,TRUE
Mtor,MTOR,TRUE,TRUE
Mtrf1l,MTRF1L,TRUE,TRUE
Mtus2,MTUS2,TRUE,TRUE
Muc1,MUC1,TRUE,TRUE
Muc19,MUC19,TRUE,TRUE
Muc2,MUC2,TRUE,TRUE
Muc20,MUC20,TRUE,TRUE
Muc4,MUC4,TRUE,TRUE
Muc5ac,MUC5AC,TRUE,TRUE
Muc5b,MUC5AC,TRUE,TRUE
Muc6,MUC6,TRUE,TRUE
Mug1,A2M,TRUE,TRUE
Mup12,NA,FALSE,FALSE
Mup21,NA,FALSE,FALSE
Mup4,NA,FALSE,FALSE
Mx1,MX1,TRUE,TRUE
Mx2,MX1,TRUE,TRUE
Mxra7,MXRA7,TRUE,TRUE
Myb,MYB,TRUE,TRUE
Mybpc1,MYBPC1,TRUE,TRUE
Mybpc2,MYBPC2,TRUE,TRUE
Mybpc3,MYBPC3,TRUE,TRUE
Mybph,MYBPH,TRUE,TRUE
Mycbp,MYCBP,TRUE,TRUE
Mycbp2,MYCBP2,TRUE,TRUE
Mycs,MYCN,TRUE,TRUE
Myef2,MYEF2,TRUE,TRUE
Myh1,MYH1,TRUE,TRUE
Myh10,MYH10,TRUE,TRUE
Myh11,MYH11,TRUE,TRUE
Myh13,MYH13,TRUE,TRUE
Myh14,MYH14,TRUE,TRUE
Myh15,MYH15,TRUE,TRUE
Myh2,MYH2,TRUE,TRUE
Myh3,MYH3,TRUE,TRUE
Myh4,MYH4,TRUE,TRUE
Myh6,MYH6,TRUE,TRUE
Myh7,MYH7,TRUE,TRUE
Myh9,MYH9,TRUE,TRUE
Mylk,MYLK,TRUE,TRUE
Mymk,MYMK,TRUE,TRUE
Myo15,NA,FALSE,FALSE
Myo15b,MYO15B,TRUE,TRUE
Myo16,MYO16,TRUE,TRUE
Myo18a,MYO18A,TRUE,TRUE
Myo18b,MYO18B,TRUE,TRUE
Myo1a,MYO1A,TRUE,TRUE
Myo1e,MYO1E,TRUE,TRUE
Myo1f,MYO1F,TRUE,TRUE
Myo1g,MYO1G,TRUE,TRUE
Myo3a,MYO3A,TRUE,TRUE
Myo3b,MYO3B,TRUE,TRUE
Myo5b,MYO5B,TRUE,TRUE
Myo5c,MYO5C,TRUE,TRUE
Myo6,MYO6,TRUE,TRUE
Myo7a,MYO7A,TRUE,TRUE
Myo7b,MYO7B,TRUE,TRUE
Myo9a,MYO9A,TRUE,TRUE
Myoc,MYOC,TRUE,TRUE
Myocd,MYOCD,TRUE,TRUE
Myod1,MYOD1,TRUE,TRUE
Myof,MYOF,TRUE,TRUE
Myom2,MYOM2,TRUE,TRUE
Myom3,MYOM3,TRUE,TRUE
Myorg,MYORG,TRUE,TRUE
Mypn,MYPN,TRUE,TRUE
Mysm1,MYSM1,TRUE,TRUE
Myt1,MYT1,TRUE,TRUE
Myt1l,MYT1L,TRUE,TRUE
N4bp2,N4BP2,TRUE,TRUE
Naa25,NAA25,TRUE,TRUE
Naa60,NAA60,TRUE,TRUE
Naaladl1,NAALADL1,TRUE,TRUE
Nabp2,NABP2,TRUE,TRUE
Nacad,NACAD,TRUE,TRUE
Naf1,NAF1,TRUE,TRUE
Nagpa,NAGPA,TRUE,TRUE
Naip1,NAIP,TRUE,TRUE
Naip2,NAIP,TRUE,TRUE
Naip6,NAIP,TRUE,TRUE
Nalcn,NALCN,TRUE,TRUE
Nap1l1,NAP1L1,TRUE,TRUE
Nap1l2,NAP1L2,TRUE,TRUE
Nap1l3,NAP1L3,TRUE,TRUE
Nap1l4,NAP1L4,TRUE,TRUE
Nat14,NAT14,TRUE,TRUE
Nav2,NAV2,TRUE,TRUE
Nav3,NAV3,TRUE,TRUE
Naxd,NAXD,TRUE,TRUE
Nbas,NBAS,TRUE,TRUE
Nbea,NBEA,TRUE,TRUE
Nbeal1,NBEAL1,TRUE,TRUE
Nbeal2,NBEAL2,TRUE,TRUE
Ncam2,NCAM2,TRUE,TRUE
Ncan,NCAN,TRUE,TRUE
Ncapd2,NCAPD2,TRUE,TRUE
Ncapd3,NCAPD3,TRUE,TRUE
Ncaph2,NCAPH2,TRUE,TRUE
Ncbp1,NCBP1,TRUE,TRUE
Ncdn,NCDN,TRUE,TRUE
Nck1,NCK1,TRUE,TRUE
Nckap1,NCKAP1,TRUE,TRUE
Nckap1l,NCKAP1L,TRUE,TRUE
Nckap5l,NCKAP5L,TRUE,TRUE
Ncln,NCLN,TRUE,TRUE
Ncoa1,NCOA1,TRUE,TRUE
Ncoa2,NCOA2,TRUE,TRUE
Ncoa4,NCOA4,TRUE,TRUE
Ncoa6,NCOA6,TRUE,TRUE
Ncor2,NCOR2,TRUE,TRUE
Ncstn,NCSTN,TRUE,TRUE
Ndc1,NDC1,TRUE,TRUE
Ndc80,NDC80,TRUE,TRUE
Ndfip2,NDFIP2,TRUE,TRUE
Ndn,NDN,TRUE,TRUE
Ndrg1,NDRG1,TRUE,TRUE
Ndst1,NDST1,TRUE,TRUE
Ndufa10,NDUFA10,TRUE,TRUE
Ndufb9,NDUFB9,TRUE,TRUE
Ndufv3,NDUFV3,TRUE,TRUE
Neb,NEB,TRUE,TRUE
Nebl,NEBL,TRUE,TRUE
Nectin2,NECTIN2,TRUE,TRUE
Nedd4,NEDD4,TRUE,TRUE
Nefh,NEFH,TRUE,TRUE
Nefl,NEFL,TRUE,TRUE
Nek10,NEK10,TRUE,TRUE
Nek3,NEK3,TRUE,TRUE
Nek4,NEK4,TRUE,TRUE
Nek7,NEK7,TRUE,TRUE
Nelfa,NELFA,TRUE,TRUE
Nell2,NELL2,TRUE,TRUE
Nemf,NEMF,TRUE,TRUE
Nepn,NA,FALSE,FALSE
Net1,NET1,TRUE,TRUE
Neu2,NEU2,TRUE,TRUE
Neu4,NEU4,TRUE,TRUE
Neurl2,NEURL2,TRUE,TRUE
Neurl4,NEURL4,TRUE,TRUE
Neurod6,NEUROD6,TRUE,TRUE
Nf1,NF1,TRUE,TRUE
Nf2,NF2,TRUE,TRUE
Nfasc,NFASC,TRUE,TRUE
Nfatc2,NFATC2,TRUE,TRUE
Nfatc2ip,NFATC2IP,TRUE,TRUE
Nfatc4,NFATC4,TRUE,TRUE
Nfe2,NFE2,TRUE,TRUE
Nfe2l2,NFE2L2,TRUE,TRUE
Nfe2l3,NFE2L3,TRUE,TRUE
Nfib,NFIB,TRUE,TRUE
Nfkb1,NFKB1,TRUE,TRUE
Nfkbia,NFKBIA,TRUE,TRUE
Nfkbib,NFKBIB,TRUE,TRUE
Nfkbid,NFKBID,TRUE,TRUE
Nfxl1,NFXL1,TRUE,TRUE
Nfya,NFYA,TRUE,TRUE
Ngef,NGEF,TRUE,TRUE
Ngf,NGF,TRUE,TRUE
Ngp,NA,FALSE,FALSE
Ngrn,NGRN,TRUE,TRUE
Nhej1,NHEJ1,TRUE,TRUE
Nhs,NHS,TRUE,TRUE
Nid1,NID1,TRUE,TRUE
Nid2,NID2,TRUE,TRUE
Nif3l1,NIF3L1,TRUE,TRUE
Nin,NIN,TRUE,TRUE
Ninl,NINL,TRUE,TRUE
Nipbl,NIPBL,TRUE,TRUE
Nisch,NISCH,TRUE,TRUE
Nkpd1,NKPD1,TRUE,TRUE
Nkx2-3,NKX2-3,TRUE,TRUE
Nkx6-1,NKX6-1,TRUE,TRUE
Nle1,NLE1,TRUE,TRUE
Nlgn1,NLGN1,TRUE,TRUE
Nlgn3,NLGN3,TRUE,TRUE
Nlrc5,NLRC5,TRUE,TRUE
Nlrp12,NLRP12,TRUE,TRUE
Nlrp14,NLRP14,TRUE,TRUE
Nlrp1a,NLRP1,TRUE,TRUE
Nlrp1b,NLRP1,TRUE,TRUE
Nlrp2,NLRP2,TRUE,TRUE
Nlrp4b,NLRP4,TRUE,TRUE
Nlrp4e,NLRP4,TRUE,TRUE
Nlrp5,NLRP5,TRUE,TRUE
Nlrp6,NLRP6,TRUE,TRUE
Nlrp9c,NLRP9,TRUE,TRUE
Nme6,NME6,TRUE,TRUE
Nme9,NME9,TRUE,TRUE
Nmnat2,NMNAT2,TRUE,TRUE
Nmt1,NMT1,TRUE,TRUE
Nmt2,NMT2,TRUE,TRUE
Nmur2,NMUR2,TRUE,TRUE
Nnmt,NNMT,TRUE,TRUE
Nnt,NNT,TRUE,TRUE
Nobox,NOBOX,TRUE,TRUE
Noc3l,NOC3L,TRUE,TRUE
Noc4l,NOC4L,TRUE,TRUE
Nod1,NOD1,TRUE,TRUE
Nol12,NOL12,TRUE,TRUE
Nol4,NOL4,TRUE,TRUE
Nol4l,NOL4L,TRUE,TRUE
Nol6,NOL6,TRUE,TRUE
Nol7,NOL7,TRUE,TRUE
Nomo1,NOMO1,TRUE,TRUE
Nop53,NOP53,TRUE,TRUE
Nop56,NOP56,TRUE,TRUE
Nos1,NOS1,TRUE,TRUE
Nos2,NOS2,TRUE,TRUE
Notch1,NOTCH1,TRUE,TRUE
Notch2,NOTCH2,TRUE,TRUE
Notch3,NOTCH3,TRUE,TRUE
Notch4,NOTCH4,TRUE,TRUE
Noto,NOTO,TRUE,TRUE
Notum,NOTUM,TRUE,TRUE
Nova1,NOVA1,TRUE,TRUE
Nox3,NOX3,TRUE,TRUE
Noxa1,NOXA1,TRUE,TRUE
Npas3,NPAS3,TRUE,TRUE
Npc1l1,NPC1L1,TRUE,TRUE
Npcd,NPTXR,TRUE,TRUE
Npffr1,NPFFR1,TRUE,TRUE
Nphp1,NPHP1,TRUE,TRUE
Nphp4,NPHP4,TRUE,TRUE
Nphs1,NPHS1,TRUE,TRUE
Npnt,NPNT,TRUE,TRUE
Npr1,NPR1,TRUE,TRUE
Npr2,NPR2,TRUE,TRUE
Npr3,NPR3,TRUE,TRUE
Npsr1,NPSR1,TRUE,TRUE
Nptn,NPTN,TRUE,TRUE
Nptx1,NPTX1,TRUE,TRUE
Npy5r,NPY5R,TRUE,TRUE
Nr0b1,NR0B1,TRUE,TRUE
Nr0b2,NR0B2,TRUE,TRUE
Nr1h2,NR1H2,TRUE,TRUE
Nr2c1,NR2C1,TRUE,TRUE
Nr2e1,NR2E1,TRUE,TRUE
Nr2f6,NR2F6,TRUE,TRUE
Nr3c1,NR3C1,TRUE,TRUE
Nr3c2,NR3C2,TRUE,TRUE
Nr4a1,NR4A1,TRUE,TRUE
Nr6a1,NR6A1,TRUE,TRUE
Nrap,NRAP,TRUE,TRUE
Nrcam,NRCAM,TRUE,TRUE
Nrde2,NRDE2,TRUE,TRUE
Nrg2,NRG2,TRUE,TRUE
Nrg3,NRG3,TRUE,TRUE
Nrk,NRK,TRUE,TRUE
Nrm,NRM,TRUE,TRUE
Nrp1,NRP1,TRUE,TRUE
Nrxn1,NRXN1,TRUE,TRUE
Nrxn2,NRXN2,TRUE,TRUE
Nrxn3,NRXN3,TRUE,TRUE
Nsa2,NSA2,TRUE,TRUE
Nsd1,NSD1,TRUE,TRUE
Nsd3,NSD3,TRUE,TRUE
Nsmce3,NSMCE3,TRUE,TRUE
Nsun3,NSUN3,TRUE,TRUE
Nt5c1b,NT5C1B,TRUE,TRUE
Nt5c3b,NT5C3B,TRUE,TRUE
Nt5dc3,NT5DC3,TRUE,TRUE
Ntm,NTM,TRUE,TRUE
Ntn4,NTN4,TRUE,TRUE
Ntn5,NTN5,TRUE,TRUE
Ntng1,NTNG1,TRUE,TRUE
Ntng2,NTNG2,TRUE,TRUE
Ntrk2,NTRK2,TRUE,TRUE
Ntrk3,NTRK3,TRUE,TRUE
Ntsr2,NTSR2,TRUE,TRUE
Nubp1,NUBP1,TRUE,TRUE
Nubp2,NUBP2,TRUE,TRUE
Nucb1,NUCB1,TRUE,TRUE
Nudt12,NUDT12,TRUE,TRUE
Nudt21,NUDT21,TRUE,TRUE
Nudt4,NUDT4,TRUE,TRUE
Nup153,NUP153,TRUE,TRUE
Nup188,NUP188,TRUE,TRUE
Nup205,NUP205,TRUE,TRUE
Nup210,NUP210,TRUE,TRUE
Nup210l,NUP210L,TRUE,TRUE
Nup214,NUP214,TRUE,TRUE
Nup50,NUP50,TRUE,TRUE
Nup54,NUP54,TRUE,TRUE
Nup85,NUP85,TRUE,TRUE
Nup98,NUP98,TRUE,TRUE
Nutm1,NUTM1,TRUE,TRUE
Nwd1,NWD1,TRUE,TRUE
Nwd2,NWD2,TRUE,TRUE
Nxf2,NXF2,TRUE,TRUE
Nxn,NXN,TRUE,TRUE
Nxnl2,NXNL2,TRUE,TRUE
Nxpe2,NXPE1,TRUE,TRUE
Nxph3,NXPH3,TRUE,TRUE
Nyap1,NYAP1,TRUE,TRUE
Nynrin,NYNRIN,TRUE,TRUE
Oas1c,OAS1,TRUE,TRUE
Oas1d,OAS1,TRUE,TRUE
Oas2,OAS2,TRUE,TRUE
Oas3,OAS3,TRUE,TRUE
Obox6,NA,FALSE,FALSE
Obscn,OBSCN,TRUE,TRUE
Obsl1,OBSL1,TRUE,TRUE
Ocstamp,OCSTAMP,TRUE,TRUE
Odam,ODAM,TRUE,TRUE
Odf2,ODF2,TRUE,TRUE
Odf3l2,ODF3L2,FALSE,FALSE
Ofcc1,OFCC1,FALSE,FALSE
Ogdhl,OGDHL,TRUE,TRUE
Ogfod1,OGFOD1,TRUE,TRUE
Ogfod3,OGFOD3,TRUE,TRUE
Oit3,OIT3,TRUE,TRUE
Olfr1008,NA,FALSE,FALSE
Olfr1009,NA,FALSE,FALSE
Olfr1018,NA,FALSE,FALSE
Olfr1023,NA,FALSE,FALSE
Olfr1031,NA,FALSE,FALSE
Olfr1034,NA,FALSE,FALSE
Olfr1044,NA,FALSE,FALSE
Olfr105-ps,NA,FALSE,FALSE
Olfr1087,NA,FALSE,FALSE
Olfr1090,NA,FALSE,FALSE
Olfr1097,NA,FALSE,FALSE
Olfr11,NA,FALSE,FALSE
Olfr110,NA,FALSE,FALSE
Olfr1107,NA,FALSE,FALSE
Olfr1112,NA,FALSE,FALSE
Olfr112,NA,FALSE,FALSE
Olfr1126,NA,FALSE,FALSE
Olfr1137,NA,FALSE,FALSE
Olfr1145,NA,FALSE,FALSE
Olfr1148,NA,FALSE,FALSE
Olfr115,NA,FALSE,FALSE
Olfr1153,NA,FALSE,FALSE
Olfr1157,NA,FALSE,FALSE
Olfr1166,NA,FALSE,FALSE
Olfr1167,NA,FALSE,FALSE
Olfr1176,NA,FALSE,FALSE
Olfr1178,NA,FALSE,FALSE
Olfr1196,NA,FALSE,FALSE
Olfr1197,NA,FALSE,FALSE
Olfr1198,NA,FALSE,FALSE
Olfr121,NA,FALSE,FALSE
Olfr1214,NA,FALSE,FALSE
Olfr1216,NA,FALSE,FALSE
Olfr1222,NA,FALSE,FALSE
Olfr1224-ps1,NA,FALSE,FALSE
Olfr1228,NA,FALSE,FALSE
Olfr1231,NA,FALSE,FALSE
Olfr124,NA,FALSE,FALSE
Olfr1243,NA,FALSE,FALSE
Olfr1253,NA,FALSE,FALSE
Olfr1254,NA,FALSE,FALSE
Olfr126,NA,FALSE,FALSE
Olfr1263,NA,FALSE,FALSE
Olfr1267-ps1,NA,FALSE,FALSE
Olfr1269,NA,FALSE,FALSE
Olfr1271,NA,FALSE,FALSE
Olfr1273-ps,NA,FALSE,FALSE
Olfr1274,NA,FALSE,FALSE
Olfr1279,NA,FALSE,FALSE
Olfr128,NA,FALSE,FALSE
Olfr1294,NA,FALSE,FALSE
Olfr1305,NA,FALSE,FALSE
Olfr1308,NA,FALSE,FALSE
Olfr1309,NA,FALSE,FALSE
Olfr1316,NA,FALSE,FALSE
Olfr1317,NA,FALSE,FALSE
Olfr1323,NA,FALSE,FALSE
Olfr133,NA,FALSE,FALSE
Olfr1330,NA,FALSE,FALSE
Olfr1333,NA,FALSE,FALSE
Olfr1339,NA,FALSE,FALSE
Olfr1340,NA,FALSE,FALSE
Olfr135,NA,FALSE,FALSE
Olfr1364,NA,FALSE,FALSE
Olfr1369-ps1,NA,FALSE,FALSE
Olfr138,NA,FALSE,FALSE
Olfr1380,NA,FALSE,FALSE
Olfr1384,NA,FALSE,FALSE
Olfr1385,NA,FALSE,FALSE
Olfr1386,NA,FALSE,FALSE
Olfr1388,NA,FALSE,FALSE
Olfr1390,NA,FALSE,FALSE
Olfr1396,NA,FALSE,FALSE
Olfr1408,NA,FALSE,FALSE
Olfr1411,NA,FALSE,FALSE
Olfr1419,NA,FALSE,FALSE
Olfr1441,NA,FALSE,FALSE
Olfr1442,NA,FALSE,FALSE
Olfr1444,NA,FALSE,FALSE
Olfr145,NA,FALSE,FALSE
Olfr1469,NA,FALSE,FALSE
Olfr147,NA,FALSE,FALSE
Olfr149,NA,FALSE,FALSE
Olfr1504,NA,FALSE,FALSE
Olfr1513,NA,FALSE,FALSE
Olfr168,NA,FALSE,FALSE
Olfr169,NA,FALSE,FALSE
Olfr170,NA,FALSE,FALSE
Olfr175,NA,FALSE,FALSE
Olfr178,NA,FALSE,FALSE
Olfr20,NA,FALSE,FALSE
Olfr205,NA,FALSE,FALSE
Olfr211,NA,FALSE,FALSE
Olfr212,NA,FALSE,FALSE
Olfr220,NA,FALSE,FALSE
Olfr224,NA,FALSE,FALSE
Olfr235,NA,FALSE,FALSE
Olfr237,NA,FALSE,FALSE
Olfr24,NA,FALSE,FALSE
Olfr263,NA,FALSE,FALSE
Olfr275,NA,FALSE,FALSE
Olfr281,NA,FALSE,FALSE
Olfr286,NA,FALSE,FALSE
Olfr292,NA,FALSE,FALSE
Olfr294,NA,FALSE,FALSE
Olfr307,NA,FALSE,FALSE
Olfr312,NA,FALSE,FALSE
Olfr313,NA,FALSE,FALSE
Olfr314,NA,FALSE,FALSE
Olfr324,NA,FALSE,FALSE
Olfr342,NA,FALSE,FALSE
Olfr351,NA,FALSE,FALSE
Olfr356,NA,FALSE,FALSE
Olfr365,NA,FALSE,FALSE
Olfr370,NA,FALSE,FALSE
Olfr372,NA,FALSE,FALSE
Olfr374,NA,FALSE,FALSE
Olfr376,NA,FALSE,FALSE
Olfr380,NA,FALSE,FALSE
Olfr381,NA,FALSE,FALSE
Olfr382,NA,FALSE,FALSE
Olfr385,NA,FALSE,FALSE
Olfr387-ps1,NA,FALSE,FALSE
Olfr389,NA,FALSE,FALSE
Olfr391,NA,FALSE,FALSE
Olfr401,NA,FALSE,FALSE
Olfr404-ps1,NA,FALSE,FALSE
Olfr409-ps1,NA,FALSE,FALSE
Olfr457,NA,FALSE,FALSE
Olfr46,NA,FALSE,FALSE
Olfr464,NA,FALSE,FALSE
Olfr466,NA,FALSE,FALSE
Olfr469,NA,FALSE,FALSE
Olfr470,NA,FALSE,FALSE
Olfr476,NA,FALSE,FALSE
Olfr479,NA,FALSE,FALSE
Olfr482,NA,FALSE,FALSE
Olfr485,NA,FALSE,FALSE
Olfr493,NA,FALSE,FALSE
Olfr506,NA,FALSE,FALSE
Olfr51,NA,FALSE,FALSE
Olfr512,NA,FALSE,FALSE
Olfr513,NA,FALSE,FALSE
Olfr518,NA,FALSE,FALSE
Olfr524,NA,FALSE,FALSE
Olfr530,NA,FALSE,FALSE
Olfr532,NA,FALSE,FALSE
Olfr536,NA,FALSE,FALSE
Olfr537-ps1,NA,FALSE,FALSE
Olfr54,NA,FALSE,FALSE
Olfr541,NA,FALSE,FALSE
Olfr550,NA,FALSE,FALSE
Olfr552,NA,FALSE,FALSE
Olfr553,NA,FALSE,FALSE
Olfr561,NA,FALSE,FALSE
Olfr564,NA,FALSE,FALSE
Olfr568,NA,FALSE,FALSE
Olfr575,NA,FALSE,FALSE
Olfr583,NA,FALSE,FALSE
Olfr584,NA,FALSE,FALSE
Olfr585,NA,FALSE,FALSE
Olfr593,NA,FALSE,FALSE
Olfr594,NA,FALSE,FALSE
Olfr601,NA,FALSE,FALSE
Olfr615,NA,FALSE,FALSE
Olfr617,NA,FALSE,FALSE
Olfr618,NA,FALSE,FALSE
Olfr619,NA,FALSE,FALSE
Olfr623,NA,FALSE,FALSE
Olfr631,NA,FALSE,FALSE
Olfr639,NA,FALSE,FALSE
Olfr654,NA,FALSE,FALSE
Olfr658,NA,FALSE,FALSE
Olfr661,NA,FALSE,FALSE
Olfr671,NA,FALSE,FALSE
Olfr678,NA,FALSE,FALSE
Olfr681,NA,FALSE,FALSE
Olfr684,NA,FALSE,FALSE
Olfr700,NA,FALSE,FALSE
Olfr720,NA,FALSE,FALSE
Olfr732,NA,FALSE,FALSE
Olfr735,NA,FALSE,FALSE
Olfr739,NA,FALSE,FALSE
Olfr745,NA,FALSE,FALSE
Olfr747,NA,FALSE,FALSE
Olfr763,NA,FALSE,FALSE
Olfr769,NA,FALSE,FALSE
Olfr770,NA,FALSE,FALSE
Olfr771,NA,FALSE,FALSE
Olfr782,NA,FALSE,FALSE
Olfr799,NA,FALSE,FALSE
Olfr801,NA,FALSE,FALSE
Olfr812,NA,FALSE,FALSE
Olfr821,NA,FALSE,FALSE
Olfr824,NA,FALSE,FALSE
Olfr826,NA,FALSE,FALSE
Olfr829,NA,FALSE,FALSE
Olfr830,NA,FALSE,FALSE
Olfr857,NA,FALSE,FALSE
Olfr860,NA,FALSE,FALSE
Olfr872,NA,FALSE,FALSE
Olfr877,NA,FALSE,FALSE
Olfr895,NA,FALSE,FALSE
Olfr898,NA,FALSE,FALSE
Olfr9,NA,FALSE,FALSE
Olfr908,NA,FALSE,FALSE
Olfr933,NA,FALSE,FALSE
Olfr937,NA,FALSE,FALSE
Olfr944,NA,FALSE,FALSE
Olfr945,NA,FALSE,FALSE
Olfr952,NA,FALSE,FALSE
Olfr957,NA,FALSE,FALSE
Olfr96,NA,FALSE,FALSE
Olfr965,NA,FALSE,FALSE
Olfr971,NA,FALSE,FALSE
Olfr978,NA,FALSE,FALSE
Olfr979,NA,FALSE,FALSE
Olfr98,NA,FALSE,FALSE
Olfr981,NA,FALSE,FALSE
Olfr982,NA,FALSE,FALSE
Olfr983,NA,FALSE,FALSE
Olfr985,NA,FALSE,FALSE
Olfr99,NA,FALSE,FALSE
Olfr992,NA,FALSE,FALSE
Olfr996,NA,FALSE,FALSE
Oma1,OMA1,TRUE,TRUE
Omt2a,NA,FALSE,FALSE
Ophn1,OPHN1,TRUE,TRUE
Oplah,OPLAH,TRUE,TRUE
Opn4,OPN4,TRUE,TRUE
Oprl1,OPRL1,TRUE,TRUE
Optn,OPTN,TRUE,TRUE
Os9,OS9,TRUE,TRUE
Osbpl11,OSBPL11,TRUE,TRUE
Osbpl1a,OSBPL1A,TRUE,TRUE
Osbpl3,OSBPL3,TRUE,TRUE
Osbpl9,OSBPL9,TRUE,TRUE
Osm,OSM,TRUE,TRUE
Osmr,OSMR,TRUE,TRUE
Osr1,OSR1,TRUE,TRUE
Otoa,OTOA,TRUE,TRUE
Otof,OTOF,TRUE,TRUE
Otog,OTOG,TRUE,TRUE
Otop2,OTOP2,TRUE,TRUE
Otud5,OTUD5,TRUE,TRUE
Otulinl,OTULINL,TRUE,TRUE
Ovgp1,OVGP1,TRUE,TRUE
Oxa1l,OXA1L,TRUE,TRUE
Oxct1,OXCT1,TRUE,TRUE
Oxgr1,OXGR1,TRUE,TRUE
Oxsr1,OXSR1,TRUE,TRUE
P2rx4,P2RX4,TRUE,TRUE
P2rx6,P2RX6,TRUE,TRUE
P2rx7,P2RX7,TRUE,TRUE
P2ry4,P2RY4,TRUE,TRUE
P2ry6,P2RY6,TRUE,TRUE
P3h1,P3H1,TRUE,TRUE
P3h2,P3H2,TRUE,TRUE
P3h3,P3H3,TRUE,TRUE
P4ha2,P4HA2,TRUE,TRUE
Pabpc2,PABPC1,TRUE,TRUE
Pacs1,PACS1,TRUE,TRUE
Pacs2,PACS2,TRUE,TRUE
Pacsin1,PACSIN1,TRUE,TRUE
Padi4,PADI4,TRUE,TRUE
Paf1,PAF1,TRUE,TRUE
Pag1,PAG1,TRUE,TRUE
Pak1,PAK1,TRUE,TRUE
Pak1ip1,PAK1IP1,TRUE,TRUE
Pak6,PAK6,TRUE,TRUE
Palld,PALLD,TRUE,TRUE
Pamr1,PAMR1,TRUE,TRUE
Pank1,PANK1,TRUE,TRUE
Papln,PAPLN,TRUE,TRUE
Papola,PAPOLA,TRUE,TRUE
Papolb,PAPOLB,TRUE,TRUE
Papolg,PAPOLG,TRUE,TRUE
Pappa,PAPPA,TRUE,TRUE
Pappa2,PAPPA2,TRUE,TRUE
Papss2,PAPSS2,TRUE,TRUE
Paqr5,PAQR5,TRUE,TRUE
Paqr9,PAQR9,TRUE,TRUE
Pard3,PARD3,TRUE,TRUE
Pard3b,PARD3B,TRUE,TRUE
Pard6a,PARD6A,TRUE,TRUE
Parg,PARG,TRUE,TRUE
Parp14,PARP14,TRUE,TRUE
Parp16,PARP16,TRUE,TRUE
Parp2,PARP2,TRUE,TRUE
Parp4,PARP4,TRUE,TRUE
Parp8,PARP8,TRUE,TRUE
Pars2,PARS2,TRUE,TRUE
Pate14,NA,FALSE,FALSE
Pate7,NA,FALSE,FALSE
Pate8,NA,FALSE,FALSE
Patj,PATJ,TRUE,TRUE
Patl1,PATL1,TRUE,TRUE
Pax1,PAX1,TRUE,TRUE
Pax2,PAX2,TRUE,TRUE
Pax3,PAX3,TRUE,TRUE
Pax7,PAX7,TRUE,TRUE
Paxip1,PAXIP1,TRUE,TRUE
Pbx1,PBX1,TRUE,TRUE
Pbx4,PBX4,TRUE,TRUE
Pcbd1,PCBD1,FALSE,FALSE
Pcbp2,PCBP2,TRUE,TRUE
Pcbp3,PCBP3,TRUE,TRUE
Pcbp4,PCBP4,TRUE,TRUE
Pcca,PCCA,TRUE,TRUE
Pcdh10,PCDH10,TRUE,TRUE
Pcdh15,PCDH15,TRUE,TRUE
Pcdh17,PCDH17,TRUE,TRUE
Pcdh18,PCDH18,TRUE,TRUE
Pcdh19,PCDH19,TRUE,TRUE
Pcdh9,PCDH9,TRUE,TRUE
Pcdha1,PCDHA1,TRUE,TRUE
Pcdha11,PCDHA11,TRUE,TRUE
Pcdha12,PCDHA12,TRUE,TRUE
Pcdha2,PCDHA2,TRUE,TRUE
Pcdha3,PCDHA3,TRUE,TRUE
Pcdha5,PCDHA5,TRUE,TRUE
Pcdhb10,PCDHB5,TRUE,TRUE
Pcdhb11,PCDHB5,TRUE,TRUE
Pcdhb12,PCDHB5,TRUE,TRUE
Pcdhb13,PCDHB6,TRUE,TRUE
Pcdhb14,PCDHB6,TRUE,TRUE
Pcdhb15,PCDHB7,TRUE,TRUE
Pcdhb16,PCDHB13,TRUE,TRUE
Pcdhb18,PCDHB10,TRUE,TRUE
Pcdhb19,PCDHB11,TRUE,TRUE
Pcdhb2,PCDHB2,TRUE,TRUE
Pcdhb21,PCDHB18P,FALSE,FALSE
Pcdhb22,PCDHB15,TRUE,TRUE
Pcdhb4,PCDHB5,TRUE,TRUE
Pcdhb5,PCDHB4,TRUE,TRUE
Pcdhb7,PCDHB4,TRUE,TRUE
Pcdhb9,PCDHB4,TRUE,TRUE
Pcdhga11,PCDHGA11,TRUE,TRUE
Pcdhga7,PCDHGA7,TRUE,TRUE
Pcdhga8,PCDHGA8,TRUE,TRUE
Pcdhgb4,PCDHGB4,TRUE,TRUE
Pcdhgb6,PCDHGB6,TRUE,TRUE
Pcdhgb7,PCDHGB7,TRUE,TRUE
Pced1a,PCED1A,TRUE,TRUE
Pck1,PCK1,TRUE,TRUE
Pck2,PCK2,TRUE,TRUE
Pclo,PCLO,TRUE,TRUE
Pcnt,PCNT,TRUE,TRUE
Pcnx,PCNX1,TRUE,TRUE
Pcnx2,PCNX2,TRUE,TRUE
Pcnx3,PCNX3,TRUE,TRUE
Pcnx4,PCNX4,TRUE,TRUE
Pcolce,PCOLCE,TRUE,TRUE
Pcsk1,PCSK1,TRUE,TRUE
Pcsk5,PCSK5,TRUE,TRUE
Pcsk6,PCSK6,TRUE,TRUE
Pcsk7,PCSK7,TRUE,TRUE
Pcsk9,PCSK9,TRUE,TRUE
Pcyt1b,PCYT1B,TRUE,TRUE
Pdc,PDC,TRUE,TRUE
Pde11a,PDE11A,TRUE,TRUE
Pde1b,PDE1B,TRUE,TRUE
Pde3b,PDE3B,TRUE,TRUE
Pde4c,PDE4C,TRUE,TRUE
Pde4d,PDE4D,TRUE,TRUE
Pde4dip,PDE4DIP,TRUE,TRUE
Pde6b,PDE6B,TRUE,TRUE
Pde8a,PDE8A,TRUE,TRUE
Pde8b,PDE8B,TRUE,TRUE
Pde9a,PDE9A,TRUE,TRUE
Pdgfra,PDGFRA,TRUE,TRUE
Pdgfrb,PDGFRB,TRUE,TRUE
Pdha1,PDHA1,TRUE,TRUE
Pdhb,PDHB,TRUE,TRUE
Pdhx,PDHX,TRUE,TRUE
Pdk1,PDK1,TRUE,TRUE
Pdk3,PDK3,TRUE,TRUE
Pdlim5,PDLIM5,TRUE,TRUE
Pdp2,PDP2,TRUE,TRUE
Pdpk1,PDPK1,TRUE,TRUE
Pdpn,PDPN,TRUE,TRUE
Pdpr,PDPR,TRUE,TRUE
Pds5a,PDS5A,TRUE,TRUE
Pdxp,PDXP,TRUE,TRUE
Pdzd4,PDZD4,TRUE,TRUE
Pdzd8,PDZD8,TRUE,TRUE
Pdzph1,NA,FALSE,FALSE
Pdzrn3,PDZRN3,TRUE,TRUE
Pdzrn4,PDZRN4,TRUE,TRUE
Peak1,PEAK1,TRUE,TRUE
Pecam1,PECAM1,TRUE,TRUE
Pecr,PECR,TRUE,TRUE
Peg10,PEG10,TRUE,TRUE
Peg3,PEG3,TRUE,TRUE
Pelp1,PELP1,TRUE,TRUE
Penk,PENK,TRUE,TRUE
Per1,PER1,TRUE,TRUE
Perm1,PERM1,TRUE,TRUE
Pes1,PES1,TRUE,TRUE
Pfas,PFAS,TRUE,TRUE
Pfkl,PFKL,TRUE,TRUE
Pfkm,PFKM,TRUE,TRUE
Pfpl,MPEG1,TRUE,TRUE
Pgap1,PGAP1,TRUE,TRUE
Pgbd5,PGBD5,TRUE,TRUE
Pgc,PGC,TRUE,TRUE
Pggt1b,PGGT1B,TRUE,TRUE
Pgm2l1,PGM2L1,TRUE,TRUE
Pgr,PGR,TRUE,TRUE
Phactr2,PHACTR2,TRUE,TRUE
Phactr3,PHACTR3,TRUE,TRUE
Phactr4,PHACTR4,TRUE,TRUE
Phc1,PHC1,TRUE,TRUE
Pheta1,PHETA1,TRUE,TRUE
Phex,PHEX,TRUE,TRUE
Phf12,PHF12,TRUE,TRUE
Phf13,PHF13,TRUE,TRUE
Phf2,PHF2,TRUE,TRUE
Phf21b,PHF21B,TRUE,TRUE
Phf7,PHF7,TRUE,TRUE
Phf8,PHF8,TRUE,TRUE
Phka1,PHKA1,TRUE,TRUE
Phka2,PHKA2,TRUE,TRUE
Phkg1,PHKG1,TRUE,TRUE
Phldb1,PHLDB1,TRUE,TRUE
Phldb3,PHLDB3,TRUE,TRUE
Phrf1,PHRF1,TRUE,TRUE
Phtf2,PHTF2,TRUE,TRUE
Pi4ka,PI4KA,TRUE,TRUE
Pias1,PIAS1,TRUE,TRUE
Pick1,PICK1,TRUE,TRUE
Pid1,PID1,TRUE,TRUE
Piezo1,PIEZO1,TRUE,TRUE
Piezo2,PIEZO2,TRUE,TRUE
Piga,PIGA,TRUE,TRUE
Pigg,PIGG,TRUE,TRUE
Pigk,PIGK,TRUE,TRUE
Pign,PIGN,TRUE,TRUE
Pigq,PIGQ,TRUE,TRUE
Pigr,PIGR,TRUE,TRUE
Pigt,PIGT,TRUE,TRUE
Pigu,PIGU,TRUE,TRUE
Pih1d1,PIH1D1,TRUE,TRUE
Pih1d2,PIH1D2,TRUE,TRUE
Pik3ap1,PIK3AP1,TRUE,TRUE
Pik3c2g,PIK3C2G,TRUE,TRUE
Pik3c3,PIK3C3,TRUE,TRUE
Pik3cg,PIK3CG,TRUE,TRUE
Pik3r2,PIK3R2,TRUE,TRUE
Pik3r4,PIK3R4,TRUE,TRUE
Pik3r5,PIK3R5,TRUE,TRUE
Pik3r6,PIK3R6,TRUE,TRUE
Pikfyve,PIKFYVE,TRUE,TRUE
Pilrb2,PILRA,TRUE,TRUE
Pim3,PIM3,TRUE,TRUE
Pinx1,PINX1,TRUE,TRUE
Pip5k1b,PIP5K1B,TRUE,TRUE
Pirb,LILRA1,TRUE,TRUE
Pitpnb,PITPNB,TRUE,TRUE
Pitx1,PITX1,TRUE,TRUE
Piwil1,PIWIL1,TRUE,TRUE
Pja2,PJA2,TRUE,TRUE
Pkd1,PKD1,TRUE,TRUE
Pkd1l2,PKD1L2,TRUE,TRUE
Pkd1l3,PKD1L3,TRUE,TRUE
Pkd2,PKD2,TRUE,TRUE
Pkd2l1,PKD2L1,TRUE,TRUE
Pkhd1,PKHD1,TRUE,TRUE
Pkhd1l1,PKHD1L1,TRUE,TRUE
Pkm,PKM,TRUE,TRUE
Pkn1,PKN1,TRUE,TRUE
Pkn3,PKN3,TRUE,TRUE
Pkp1,PKP1,TRUE,TRUE
Pkp2,PKP2,TRUE,TRUE
Pkp4,PKP4,TRUE,TRUE
Pla2g2c,PLA2G2C,TRUE,TRUE
Pla2g4c,PLA2G4C,TRUE,TRUE
Pla2g4d,PLA2G4D,TRUE,TRUE
Pla2r1,PLA2R1,TRUE,TRUE
Plat,PLAT,TRUE,TRUE
Plb1,PLB1,TRUE,TRUE
Plbd1,PLBD1,TRUE,TRUE
Plcb1,PLCB1,TRUE,TRUE
Plcb2,PLCB2,TRUE,TRUE
Plcd4,PLCD4,TRUE,TRUE
Plce1,PLCE1,TRUE,TRUE
Plch1,PLCH1,TRUE,TRUE
Plch2,PLCH2,TRUE,TRUE
Plcl2,PLCL2,TRUE,TRUE
Plcz1,PLCZ1,TRUE,TRUE
Pld3,PLD3,TRUE,TRUE
Plec,PLEC,TRUE,TRUE
Plekha4,PLEKHA4,TRUE,TRUE
Plekha7,PLEKHA7,TRUE,TRUE
Plekhg1,PLEKHG1,TRUE,TRUE
Plekhg2,PLEKHG2,TRUE,TRUE
Plekhg3,PLEKHG3,TRUE,TRUE
Plekhg4,PLEKHG4,TRUE,TRUE
Plekhj1,PLEKHJ1,FALSE,FALSE
Plekhm1,PLEKHM1,TRUE,TRUE
Plekho1,PLEKHO1,TRUE,TRUE
Plekho2,PLEKHO2,TRUE,TRUE
Plk1,PLK1,TRUE,TRUE
Plk2,PLK2,TRUE,TRUE
Plod1,PLOD1,TRUE,TRUE
Plod2,PLOD2,TRUE,TRUE
Plp1,PLP1,TRUE,TRUE
Plpp4,PLPP4,TRUE,TRUE
Plppr1,PLPPR1,TRUE,TRUE
Plppr5,PLPPR5,TRUE,TRUE
Pltp,PLTP,TRUE,TRUE
Plxdc2,PLXDC2,TRUE,TRUE
Plxna3,PLXNA3,TRUE,TRUE
Plxna4,PLXNA4,TRUE,TRUE
Plxnb1,PLXNB1,TRUE,TRUE
Plxnb2,PLXNB2,TRUE,TRUE
Plxnb3,PLXNB3,TRUE,TRUE
Plxnd1,PLXND1,TRUE,TRUE
Pmel,PMEL,TRUE,TRUE
Pmepa1,PMEPA1,TRUE,TRUE
Pmm1,PMM1,TRUE,TRUE
Pmpcb,PMPCB,TRUE,TRUE
Pms2,PMS2,TRUE,TRUE
Pmvk,PMVK,TRUE,TRUE
Pnkp,PNKP,TRUE,TRUE
Pnliprp1,PNLIPRP1,TRUE,TRUE
Pnma1,PNMA1,TRUE,TRUE
Pnma5,PNMA5,TRUE,TRUE
Pnoc,PNOC,TRUE,TRUE
Pnp,PNP,TRUE,TRUE
Pnpla5,PNPLA5,TRUE,TRUE
Pnpla6,PNPLA6,TRUE,TRUE
Pnpla7,PNPLA7,TRUE,TRUE
Podn,PODN,TRUE,TRUE
Pofut1,POFUT1,TRUE,TRUE
Pofut2,POFUT2,TRUE,TRUE
Poglut1,POGLUT1,TRUE,TRUE
Poglut3,POGLUT3,TRUE,TRUE
Pogz,POGZ,TRUE,TRUE
Pola1,POLA1,TRUE,TRUE
Pola2,POLA2,TRUE,TRUE
Pole,POLE,TRUE,TRUE
Polg,POLG,TRUE,TRUE
Poli,POLI,TRUE,TRUE
Polm,POLM,TRUE,TRUE
Polr1a,POLR1A,TRUE,TRUE
Polr1b,POLR1B,TRUE,TRUE
Polr2b,POLR2B,TRUE,TRUE
Polr2i,POLR2I,TRUE,TRUE
Polr3a,POLR3A,TRUE,TRUE
Polrmt,POLRMT,TRUE,TRUE
Pom121,POM121,TRUE,TRUE
Pom121l12,POM121L12,TRUE,TRUE
Pomc,POMC,TRUE,TRUE
Pomt1,POMT1,TRUE,TRUE
Popdc2,POPDC2,TRUE,TRUE
Porcn,PORCN,TRUE,TRUE
Pot1a,POT1,TRUE,TRUE
Pot1b,POT1,TRUE,TRUE
Pou1f1,POU1F1,TRUE,TRUE
Pou2f1,POU2F1,TRUE,TRUE
Pou2f2,POU2F2,TRUE,TRUE
Pou2f3,POU2F3,TRUE,TRUE
Pou3f2,POU3F2,TRUE,TRUE
Pou6f2,POU6F2,TRUE,TRUE
Ppara,PPARA,TRUE,TRUE
Ppargc1b,PPARGC1B,TRUE,TRUE
Ppcs,PPCS,TRUE,TRUE
Ppfia1,PPFIA1,TRUE,TRUE
Ppfia2,PPFIA2,TRUE,TRUE
Ppfia4,PPFIA4,TRUE,TRUE
Ppil2,PPIL2,TRUE,TRUE
Ppip5k1,PPIP5K1,TRUE,TRUE
Ppip5k2,PPIP5K2,TRUE,TRUE
Ppl,PPL,TRUE,TRUE
Ppm1d,PPM1D,TRUE,TRUE
Ppm1g,PPM1G,TRUE,TRUE
Ppox,PPOX,TRUE,TRUE
Ppp1r12b,PPP1R12B,TRUE,TRUE
Ppp1r14d,PPP1R14D,TRUE,TRUE
Ppp1r16b,PPP1R16B,TRUE,TRUE
Ppp1r1a,PPP1R1A,TRUE,TRUE
Ppp1r3g,PPP1R3G,TRUE,TRUE
Ppp1r8,PPP1R8,TRUE,TRUE
Ppp1r9a,PPP1R9A,TRUE,TRUE
Ppp2r2b,PPP2R2B,TRUE,TRUE
Ppp3cb,PPP3CB,TRUE,TRUE
Ppp3cc,PPP3CC,TRUE,TRUE
Ppp4r1,PPP4R1,TRUE,TRUE
Ppp5c,PPP5C,TRUE,TRUE
Ppp6r2,PPP6R2,TRUE,TRUE
Pprc1,PPRC1,TRUE,TRUE
Ppt1,PPT1,TRUE,TRUE
Prag1,PRAG1,TRUE,TRUE
Pram1,PRAM1,TRUE,TRUE
Pramef6,NA,FALSE,FALSE
Pramef8,NA,FALSE,FALSE
Pramel5,PRAMEF1,TRUE,TRUE
Pramel6,PRAMEF1,TRUE,TRUE
Prb1,PRB2,TRUE,TRUE
Prdm1,PRDM1,TRUE,TRUE
Prdm12,PRDM12,FALSE,FALSE
Prdm13,PRDM13,TRUE,TRUE
Prdm14,PRDM14,TRUE,TRUE
Prdm16,PRDM16,TRUE,TRUE
Prdm2,PRDM2,TRUE,TRUE
Prdm9,PRDM7,TRUE,TRUE
Prdx5,PRDX5,TRUE,TRUE
Prdx6b,PRDX6,TRUE,TRUE
Prelp,PRELP,TRUE,TRUE
Prex2,PREX2,TRUE,TRUE
Prg4,PRG4,TRUE,TRUE
Prh1,PRH1,TRUE,TRUE
Prkca,PRKCA,TRUE,TRUE
Prkcg,PRKCG,TRUE,TRUE
Prkch,PRKCH,TRUE,TRUE
Prkcz,PRKCZ,TRUE,TRUE
Prkdc,PRKDC,TRUE,TRUE
Prkg1,PRKG1,TRUE,TRUE
Prkn,PRKN,TRUE,TRUE
Prkx,PRKX,TRUE,TRUE
Prl2a1,PRL,TRUE,TRUE
Prl2c2,PRL,TRUE,TRUE
Prl3d1,PRL,TRUE,TRUE
Prl3d3,PRL,TRUE,TRUE
Prl7b1,PRL,TRUE,TRUE
Prm2,PRM2,TRUE,TRUE
Prmt1,PRMT1,TRUE,TRUE
Prmt6,PRMT6,TRUE,TRUE
Prmt8,PRMT8,TRUE,TRUE
Prmt9,PRMT9,TRUE,TRUE
Prodh,PRODH,TRUE,TRUE
Prodh2,PRODH2,TRUE,TRUE
Prok1,PROK1,TRUE,TRUE
Prom2,PROM2,TRUE,TRUE
Prop1,PROP1,TRUE,TRUE
Pros1,PROS1,TRUE,TRUE
Proser2,PROSER2,TRUE,TRUE
Prox1,PROX1,TRUE,TRUE
Prpf18,PRPF18,TRUE,TRUE
Prpf40a,PRPF40A,TRUE,TRUE
Prpf4b,PRPF4B,FALSE,FALSE
Prpf6,PRPF6,TRUE,TRUE
Prpf8,PRPF8,TRUE,TRUE
Prpmp5,PRH1,TRUE,TRUE
Prps1,PRPS1,TRUE,TRUE
Prps1l3,PRPS1,TRUE,TRUE
Prr12,PRR12,TRUE,TRUE
Prr16,PRR16,TRUE,TRUE
Prr33,PRR33,FALSE,FALSE
Prrc2a,PRRC2A,TRUE,TRUE
Prrc2b,PRRC2B,TRUE,TRUE
Prrg4,PRRG4,TRUE,TRUE
Prrt4,PRRT4,TRUE,TRUE
Prrx2,PRRX2,TRUE,TRUE
Prss12,PRSS12,TRUE,TRUE
Prss2,PRSS1,TRUE,TRUE
Prss22,PRSS22,TRUE,TRUE
Prss28,NA,FALSE,FALSE
Prss34,NA,FALSE,FALSE
Prss39,NA,FALSE,FALSE
Prss44,NA,FALSE,FALSE
Prss53,PRSS53,TRUE,TRUE
Prtg,PRTG,TRUE,TRUE
Prune2,PRUNE2,TRUE,TRUE
Prxl2c,PRXL2C,TRUE,TRUE
Psd2,PSD2,TRUE,TRUE
Psg20,CEACAM21,TRUE,TRUE
Psg25,CEACAM21,TRUE,TRUE
Psg26,CEACAM21,TRUE,TRUE
Psg28,CEACAM21,TRUE,TRUE
Psg29,CEACAM1,TRUE,TRUE
Psma1,PSMA1,TRUE,TRUE
Psma3,PSMA3,TRUE,TRUE
Psmc1,PSMC1,TRUE,TRUE
Psmc3,PSMC3,TRUE,TRUE
Psmd10,PSMD10,TRUE,TRUE
Psmd13,PSMD13,TRUE,TRUE
Psme1,PSME1,TRUE,TRUE
Psme2b,PSME2,TRUE,TRUE
Psme4,PSME4,TRUE,TRUE
Pstpip2,PSTPIP2,TRUE,TRUE
Ptbp1,PTBP1,TRUE,TRUE
Ptcd1,ATP5MF-PTCD1,TRUE,TRUE
Ptch1,PTCH1,TRUE,TRUE
Ptchd4,PTCHD4,TRUE,TRUE
Ptdss2,PTDSS2,TRUE,TRUE
Pten,PTEN,TRUE,TRUE
Ptger3,PTGER3,TRUE,TRUE
Ptgfr,PTGFR,TRUE,TRUE
Ptgis,PTGIS,TRUE,TRUE
Ptgr2,PTGR2,TRUE,TRUE
Ptgs1,PTGS1,TRUE,TRUE
Ptk2b,PTK2B,TRUE,TRUE
Ptp4a3,PTP4A3,TRUE,TRUE
Ptpn13,PTPN13,TRUE,TRUE
Ptpn20,PTPN20,TRUE,TRUE
Ptpn5,PTPN5,TRUE,TRUE
Ptpn7,PTPN7,TRUE,TRUE
Ptprd,PTPRD,TRUE,TRUE
Ptprg,PTPRG,TRUE,TRUE
Ptprh,PTPRH,TRUE,TRUE
Ptprk,PTPRK,TRUE,TRUE
Ptprm,PTPRM,TRUE,TRUE
Ptprn,PTPRN,TRUE,TRUE
Ptprn2,PTPRN2,TRUE,TRUE
Ptpro,PTPRO,TRUE,TRUE
Ptprq,PTPRQ,TRUE,TRUE
Ptprs,PTPRS,TRUE,TRUE
Ptprt,PTPRT,TRUE,TRUE
Ptpru,PTPRU,TRUE,TRUE
Ptprv,NA,FALSE,FALSE
Pttg1,PTTG1,TRUE,TRUE
Pudp,PUDP,TRUE,TRUE
Pum1,PUM1,TRUE,TRUE
Pum2,PUM2,TRUE,TRUE
Pum3,PUM3,TRUE,TRUE
Purg,PURG,TRUE,TRUE
Pus10,PUS10,TRUE,TRUE
Pus7,PUS7,TRUE,TRUE
Pus7l,PUS7L,TRUE,TRUE
Pwp1,PWP1,TRUE,TRUE
Pwwp3b,PWWP3B,TRUE,TRUE
Pxdc1,PXDC1,TRUE,TRUE
Pygb,PYGB,TRUE,TRUE
Pygm,PYGM,TRUE,TRUE
Qdpr,QDPR,TRUE,TRUE
Qpct,QPCT,TRUE,TRUE
Qsox1,QSOX1,TRUE,TRUE
Qtrt1,QTRT1,TRUE,TRUE
Qtrt2,QTRT2,TRUE,TRUE
R3hcc1l,R3HCC1L,TRUE,TRUE
R3hdml,R3HDML,TRUE,TRUE
Rab11fip1,RAB11FIP1,TRUE,TRUE
Rab11fip5,RAB11FIP5,TRUE,TRUE
Rab21,RAB21,TRUE,TRUE
Rab23,RAB23,TRUE,TRUE
Rab37,RAB37,TRUE,TRUE
Rab3il1,RAB3IL1,TRUE,TRUE
Rab44,RAB44,TRUE,TRUE
Rab8b,RAB8B,TRUE,TRUE
Rabgap1l,RABGAP1L,TRUE,TRUE
Rabl3,RABL3,TRUE,TRUE
Racgap1,RACGAP1,TRUE,TRUE
Rad51ap1,RAD51AP1,TRUE,TRUE
Rad51b,RAD51B,TRUE,TRUE
Rad51d,RAD51D,TRUE,TRUE
Rad54l,RAD54L,TRUE,TRUE
Rad9a,RAD9A,TRUE,TRUE
Raet1d,RAET1E,TRUE,TRUE
Rag1,RAG1,TRUE,TRUE
Rai1,RAI1,TRUE,TRUE
Rai14,RAI14,TRUE,TRUE
Rala,RALA,TRUE,TRUE
Ralbp1,RALBP1,TRUE,TRUE
Ralgapa1,RALGAPA1,TRUE,TRUE
Ralgds,RALGDS,TRUE,TRUE
Ralgps2,RALGPS2,TRUE,TRUE
Ramp1,RAMP1,TRUE,TRUE
Ran,RAN,TRUE,TRUE
Ranbp2,RANBP2,TRUE,TRUE
Ranbp3,RANBP3,TRUE,TRUE
Rap1gap,RAP1GAP,TRUE,TRUE
Rap1gap2,RAP1GAP2,TRUE,TRUE
Rap1gds1,RAP1GDS1,TRUE,TRUE
Rapgef2,RAPGEF2,TRUE,TRUE
Rapgef3,RAPGEF3,TRUE,TRUE
Rapgef6,RAPGEF6,TRUE,TRUE
Rapgefl1,RAPGEFL1,TRUE,TRUE
Rasa1,RASA1,TRUE,TRUE
Rasal1,RASAL1,TRUE,TRUE
Rasal2,RASAL2,TRUE,TRUE
Rasal3,RASAL3,TRUE,TRUE
Rasd2,RASD2,TRUE,TRUE
Rasef,RASEF,TRUE,TRUE
Rasgef1a,RASGEF1A,TRUE,TRUE
Rasgef1b,RASGEF1B,TRUE,TRUE
Rasgef1c,RASGEF1C,TRUE,TRUE
Rasgrf1,RASGRF1,TRUE,TRUE
Rasgrf2,RASGRF2,TRUE,TRUE
Raver1,RAVER1,TRUE,TRUE
Rb1,RB1,TRUE,TRUE
Rb1cc1,RB1CC1,TRUE,TRUE
Rbak,RBAK,TRUE,TRUE
Rbbp6,RBBP6,TRUE,TRUE
Rbbp8nl,RBBP8NL,TRUE,TRUE
Rbfox2,RBFOX2,TRUE,TRUE
Rbks,RBKS,TRUE,TRUE
Rbm10,RBM10,TRUE,TRUE
Rbm12,RBM12,TRUE,TRUE
Rbm14,RBM14,TRUE,TRUE
Rbm15b,RBM15B,TRUE,TRUE
Rbm17,RBM17,TRUE,TRUE
Rbm19,RBM19,TRUE,TRUE
Rbm22,RBM22,TRUE,TRUE
Rbm27,RBM27,TRUE,TRUE
Rbm28,RBM28,TRUE,TRUE
Rbm3,RBM3,TRUE,TRUE
Rbm41,RBM41,TRUE,TRUE
Rbm47,RBM47,TRUE,TRUE
Rbm5,RBM5,TRUE,TRUE
Rbm6,RBM6,TRUE,TRUE
Rbm8a,RBM8A,TRUE,TRUE
Rbms1,RBMS1,TRUE,TRUE
Rbms3,RBMS3,TRUE,TRUE
Rbmx,RBMX,TRUE,TRUE
Rbp3,RBP3,TRUE,TRUE
Rbpj,RBPJ,TRUE,TRUE
Rbsn,RBSN,TRUE,TRUE
Rbx1,RBX1,FALSE,FALSE
Rc3h1,RC3H1,TRUE,TRUE
Rc3h2,RC3H2,TRUE,TRUE
Rcc2,RCC2,TRUE,TRUE
Rcl1,RCL1,TRUE,TRUE
Rcn3,RCN3,TRUE,TRUE
Rdh12,RDH12,TRUE,TRUE
Rdh5,RDH5,TRUE,TRUE
Rdh7,RDH16,TRUE,TRUE
Rdh9,RDH16,TRUE,TRUE
Rdx,RDX,TRUE,TRUE
Reck,RECK,TRUE,TRUE
Recql,RECQL,TRUE,TRUE
Recql4,RECQL4,TRUE,TRUE
Reg1,REG1A,TRUE,TRUE
Reg3g,REG3A,TRUE,TRUE
Rel,REL,TRUE,TRUE
Relb,RELB,TRUE,TRUE
Rell1,RELL1,FALSE,FALSE
Reln,RELN,TRUE,TRUE
Reps1,REPS1,TRUE,TRUE
Resp18,RESP18,TRUE,TRUE
Retsat,RETSAT,TRUE,TRUE
Rexo1,REXO1,TRUE,TRUE
Rexo5,REXO5,TRUE,TRUE
Rfc1,RFC1,TRUE,TRUE
Rfc3,RFC3,TRUE,TRUE
Rfc4,RFC4,TRUE,TRUE
Rfx3,RFX3,TRUE,TRUE
Rgl3,RGL3,TRUE,TRUE
Rgmb,RGMB,TRUE,TRUE
Rgs12,RGS12,TRUE,TRUE
Rgs16,RGS16,TRUE,TRUE
Rgs19,RGS19,TRUE,TRUE
Rgs3,RGS3,TRUE,TRUE
Rgs6,RGS6,TRUE,TRUE
Rgs7,RGS7,TRUE,TRUE
Rgsl1,RGSL1,TRUE,TRUE
Rhbdd2,RHBDD2,TRUE,TRUE
Rhbdd3,RHBDD3,TRUE,TRUE
Rhbdf2,RHBDF2,TRUE,TRUE
Rhoa,RHOA,TRUE,TRUE
Rhobtb2,RHOBTB2,TRUE,TRUE
Rhod,RHOD,TRUE,TRUE
Rhot1,RHOT1,TRUE,TRUE
Rhox1,NA,FALSE,FALSE
Rhox12,NA,FALSE,FALSE
Rhox2c,NA,FALSE,FALSE
Rhox3g,NA,FALSE,FALSE
Rhox9,NA,FALSE,FALSE
Rimbp2,RIMBP2,TRUE,TRUE
Rimklb,RIMKLB,TRUE,TRUE
Rims4,RIMS4,TRUE,TRUE
Rin2,RIN2,TRUE,TRUE
Rin3,RIN3,TRUE,TRUE
Riok2,RIOK2,TRUE,TRUE
Ripk4,RIPK4,TRUE,TRUE
Ripor2,RIPOR2,TRUE,TRUE
Rlbp1,RLBP1,TRUE,TRUE
Rmc1,RMC1,TRUE,TRUE
Rnase1,RNASE1,TRUE,TRUE
Rnase2b,RNASE2,TRUE,TRUE
Rnf113a1,RNF113A,TRUE,TRUE
Rnf114,RNF114,TRUE,TRUE
Rnf123,RNF123,TRUE,TRUE
Rnf145,RNF145,TRUE,TRUE
Rnf214,RNF214,TRUE,TRUE
Rnf216,RNF216,TRUE,TRUE
Rnf31,RNF31,TRUE,TRUE
Rnf38,RNF38,TRUE,TRUE
Rnf39,RNF39,TRUE,TRUE
Rnf44,RNF44,TRUE,TRUE
Rngtt,RNGTT,TRUE,TRUE
Rnh1,RNH1,TRUE,TRUE
Rnpc3,RNPC3,TRUE,TRUE
Rnps1,RNPS1,TRUE,TRUE
Ro60,RO60,TRUE,TRUE
Rock2,ROCK2,TRUE,TRUE
Ror1,ROR1,TRUE,TRUE
Ror2,ROR2,TRUE,TRUE
Ros1,ROS1,TRUE,TRUE
Rp1l1,RP1L1,TRUE,TRUE
Rpa1,RPA1,TRUE,TRUE
Rpap2,RPAP2,TRUE,TRUE
Rpe65,RPE65,TRUE,TRUE
Rpgrip1,RPGRIP1,TRUE,TRUE
Rpgrip1l,RPGRIP1L,TRUE,TRUE
Rph3al,RPH3AL,TRUE,TRUE
Rpl10-ps3,RPL10,TRUE,TRUE
Rpl10l,RPL10L,TRUE,TRUE
Rpl11,RPL11,TRUE,TRUE
Rpl14,RPL14,TRUE,TRUE
Rpl39,RPL39,TRUE,TRUE
Rpl7l1,RPL7L1,TRUE,TRUE
Rpn1,RPN1,TRUE,TRUE
Rpp30,RPP30,TRUE,TRUE
Rprd1b,RPRD1B,TRUE,TRUE
Rprd2,RPRD2,TRUE,TRUE
Rps15a,RPS15A,TRUE,TRUE
Rps2,RPS2,TRUE,TRUE
Rps27a,RPS27A,TRUE,TRUE
Rps6ka3,RPS6KA3,TRUE,TRUE
Rps6ka4,RPS6KA4,TRUE,TRUE
Rps6ka5,RPS6KA5,TRUE,TRUE
Rptn,RPTN,TRUE,TRUE
Rptor,RPTOR,TRUE,TRUE
Rras2,RRAS2,TRUE,TRUE
Rrbp1,RRBP1,TRUE,TRUE
Rreb1,RREB1,TRUE,TRUE
Rrp1,RRP1,TRUE,TRUE
Rrp12,RRP12,TRUE,TRUE
Rrs1,RRS1,TRUE,TRUE
Rsc1a1,RSC1A1,TRUE,TRUE
Rsph14,RSPH14,TRUE,TRUE
Rsph6a,RSPH6A,TRUE,TRUE
Rsrc1,RSRC1,TRUE,TRUE
Rtel1,RTEL1,TRUE,TRUE
Rtl3,RTL3,TRUE,TRUE
Rtl5,RTL5,TRUE,TRUE
Rtl6,RTL6,TRUE,TRUE
Rtn3,RTN3,TRUE,TRUE
Rtn4,RTN4,TRUE,TRUE
Rtn4ip1,RTN4IP1,TRUE,TRUE
Rtn4r,RTN4R,TRUE,TRUE
Rtp3,RTP3,TRUE,TRUE
Rttn,RTTN,TRUE,TRUE
Rufy1,RUFY1,TRUE,TRUE
Rundc3a,RUNDC3A,TRUE,TRUE
Runx3,RUNX3,TRUE,TRUE
Rusc1,RUSC1,TRUE,TRUE
Rusc2,RUSC2,TRUE,TRUE
Ruvbl2,RUVBL2,TRUE,TRUE
Rwdd3,RWDD3,TRUE,TRUE
Rxfp2,RXFP2,TRUE,TRUE
Rxfp4,RXFP4,TRUE,TRUE
Rxrg,RXRG,TRUE,TRUE
Rybp,RYBP,TRUE,TRUE
Ryr1,RYR1,TRUE,TRUE
Ryr2,RYR2,TRUE,TRUE
Ryr3,RYR3,TRUE,TRUE
S100a7a,NA,FALSE,FALSE
S1pr1,S1PR1,TRUE,TRUE
Saa3,SAA1,TRUE,TRUE
Saal1,SAAL1,TRUE,TRUE
Sac3d1,SAC3D1,TRUE,TRUE
Sacs,SACS,TRUE,TRUE
Safb2,SAFB2,TRUE,TRUE
Sall1,SALL1,TRUE,TRUE
Sall3,SALL3,TRUE,TRUE
Sall4,SALL4,TRUE,TRUE
Samd14,SAMD14,TRUE,TRUE
Samhd1,SAMHD1,TRUE,TRUE
Saraf,SARAF,TRUE,TRUE
Sarm1,SARM1,TRUE,TRUE
Sart3,SART3,TRUE,TRUE
Sash3,SASH3,TRUE,TRUE
Sass6,SASS6,TRUE,TRUE
Satb1,SATB1,TRUE,TRUE
Satb2,SATB2,TRUE,TRUE
Sav1,SAV1,TRUE,TRUE
Sbf1,SBF1,TRUE,TRUE
Sbf2,SBF2,TRUE,TRUE
Sbno1,SBNO1,TRUE,TRUE
Sbsn,SBSN,TRUE,TRUE
Scaf11,SCAF11,TRUE,TRUE
Scamp3,SCAMP3,TRUE,TRUE
Scamp4,SCAMP4,TRUE,TRUE
Scfd1,SCFD1,TRUE,TRUE
Scg3,SCG3,TRUE,TRUE
Scgb1a1,SCGB1A1,TRUE,TRUE
Scgb1b3,NA,FALSE,FALSE
Scn10a,SCN10A,TRUE,TRUE
Scn11a,SCN11A,TRUE,TRUE
Scn1a,SCN1A,TRUE,TRUE
Scn2a,SCN2A,TRUE,TRUE
Scn3a,SCN3A,TRUE,TRUE
Scn4a,SCN4A,TRUE,TRUE
Scn5a,SCN5A,TRUE,TRUE
Scn7a,SCN7A,TRUE,TRUE
Scn8a,SCN8A,TRUE,TRUE
Scn9a,SCN9A,TRUE,TRUE
Scnn1g,SCNN1G,TRUE,TRUE
Scrib,SCRIB,TRUE,TRUE
Scrn2,SCRN2,TRUE,TRUE
Scube1,SCUBE1,TRUE,TRUE
Scyl2,SCYL2,TRUE,TRUE
Sdha,SDHA,TRUE,TRUE
Sdhaf4,SDHAF4,TRUE,TRUE
Sdk1,SDK1,TRUE,TRUE
Sdk2,SDK2,TRUE,TRUE
Sec14l1,SEC14L1,TRUE,TRUE
Sec14l2,SEC14L2,TRUE,TRUE
Sec14l3,SEC14L3,TRUE,TRUE
Sec16a,SEC16A,TRUE,TRUE
Sec16b,SEC16B,TRUE,TRUE
Sec22c,SEC22C,TRUE,TRUE
Sec23ip,SEC23IP,TRUE,TRUE
Sec24b,SEC24B,TRUE,TRUE
Sec24d,SEC24D,TRUE,TRUE
Sec31a,SEC31A,TRUE,TRUE
Sec31b,SEC31B,TRUE,TRUE
Secisbp2l,SECISBP2L,TRUE,TRUE
Sectm1b,SECTM1,TRUE,TRUE
Selenbp2,SELENBP1,TRUE,TRUE
Sell,SELL,TRUE,TRUE
Selp,SELP,TRUE,TRUE
Selplg,SELPLG,TRUE,TRUE
Sema3a,SEMA3A,TRUE,TRUE
Sema3f,SEMA3F,TRUE,TRUE
Sema3g,SEMA3G,TRUE,TRUE
Sema6b,SEMA6B,TRUE,TRUE
Sema6c,SEMA6C,TRUE,TRUE
Sema7a,SEMA7A,TRUE,TRUE
Senp2,SENP2,TRUE,TRUE
Septin12,SEPTIN12,TRUE,TRUE
Septin4,SEPTIN4,TRUE,TRUE
Septin5,SEPTIN5,TRUE,TRUE
Septin8,SEPTIN8,TRUE,TRUE
Septin9,SEPTIN9,TRUE,TRUE
Serinc5,SERINC5,TRUE,TRUE
Serpina10,SERPINA10,TRUE,TRUE
Serpina11,SERPINA11,TRUE,TRUE
Serpina1b,SERPINA1,TRUE,TRUE
Serpina1d,SERPINA1,TRUE,TRUE
Serpina3k,SERPINA3,TRUE,TRUE
Serpinb1c,SERPINB1,TRUE,TRUE
Serpinb6e,SERPINB6,TRUE,TRUE
Serpinh1,SERPINH1,TRUE,TRUE
Sesn3,SESN3,TRUE,TRUE
Setbp1,SETBP1,TRUE,TRUE
Setd1a,SETD1A,TRUE,TRUE
Setd2,SETD2,TRUE,TRUE
Setd3,SETD3,TRUE,TRUE
Setd5,SETD5,TRUE,TRUE
Setdb1,SETDB1,TRUE,TRUE
Setx,SETX,TRUE,TRUE
Sez6l2,SEZ6L2,TRUE,TRUE
Sf3a1,SF3A1,TRUE,TRUE
Sf3b3,SF3B3,TRUE,TRUE
Sfmbt2,SFMBT2,TRUE,TRUE
Sfr1,SFR1,TRUE,TRUE
Sfrp4,SFRP4,TRUE,TRUE
Sfswap,SFSWAP,TRUE,TRUE
Sft2d2,SFT2D2,TRUE,TRUE
Sftpb,SFTPB,TRUE,TRUE
Sfxn3,SFXN3,TRUE,TRUE
Sfxn5,SFXN5,TRUE,TRUE
Sgcg,SGCG,TRUE,TRUE
Sgk2,SGK2,TRUE,TRUE
Sgo1,SGO1,TRUE,TRUE
Sgpp2,SGPP2,TRUE,TRUE
Sgsh,SGSH,TRUE,TRUE
Sgsm1,SGSM1,TRUE,TRUE
Sgsm2,SGSM2,TRUE,TRUE
Sgta,SGTA,TRUE,TRUE
Sh2d3c,SH2D3C,TRUE,TRUE
Sh3bgrl3,SH3BGRL3,FALSE,FALSE
Sh3bp1,SH3BP1,TRUE,TRUE
Sh3bp2,SH3BP2,TRUE,TRUE
Sh3bp4,SH3BP4,TRUE,TRUE
Sh3gl1,SH3GL1,TRUE,TRUE
Sh3gl2,SH3GL2,TRUE,TRUE
Sh3kbp1,SH3KBP1,TRUE,TRUE
Sh3pxd2a,SH3PXD2A,TRUE,TRUE
Sh3pxd2b,SH3PXD2B,TRUE,TRUE
Sh3rf1,SH3RF1,TRUE,TRUE
Sh3tc1,SH3TC1,TRUE,TRUE
Sh3tc2,SH3TC2,TRUE,TRUE
Shank1,SHANK1,TRUE,TRUE
Shank3,SHANK3,TRUE,TRUE
Shbg,SHBG,TRUE,TRUE
Shc4,SHC4,TRUE,TRUE
Shd,SHD,TRUE,TRUE
Shf,SHF,TRUE,TRUE
Shisa3,SHISA3,TRUE,TRUE
Shisa9,SHISA9,TRUE,TRUE
Shoc1,SHOC1,TRUE,TRUE
Shpk,SHPK,TRUE,TRUE
Shprh,SHPRH,TRUE,TRUE
Shroom2,SHROOM2,TRUE,TRUE
Shroom3,SHROOM3,TRUE,TRUE
Shroom4,SHROOM4,TRUE,TRUE
Shtn1,SHTN1,TRUE,TRUE
Siah1b,SIAH1,FALSE,FALSE
Siah2,SIAH2,TRUE,TRUE
Siglec1,SIGLEC1,TRUE,TRUE
Siglecf,SIGLEC5,TRUE,TRUE
Siglecg,SIGLEC10,TRUE,TRUE
Sik1,SIK1,TRUE,TRUE
Sik2,SIK2,TRUE,TRUE
Sik3,SIK3,TRUE,TRUE
Sil1,SIL1,TRUE,TRUE
Sim1,SIM1,TRUE,TRUE
Simc1,SIMC1,TRUE,TRUE
Sin3b,SIN3B,TRUE,TRUE
Sipa1,SIPA1,TRUE,TRUE
Sipa1l2,SIPA1L2,TRUE,TRUE
Sipa1l3,SIPA1L3,TRUE,TRUE
Sirpb1b,SIRPA,TRUE,TRUE
Sirpb1c,SIRPA,TRUE,TRUE
Sirt3,SIRT3,TRUE,TRUE
Sirt6,SIRT6,TRUE,TRUE
Six4,SIX4,TRUE,TRUE
Skap1,SKAP1,TRUE,TRUE
Skil,SKIL,TRUE,TRUE
Skint3,NA,FALSE,FALSE
Skint6,NA,FALSE,FALSE
Skiv2l,SKIC2,TRUE,TRUE
Skor1,SKOR1,TRUE,TRUE
Sla,SLA,TRUE,TRUE
Slamf7,SLAMF7,TRUE,TRUE
Slbp,SLBP,FALSE,FALSE
Slc10a7,SLC10A7,TRUE,TRUE
Slc12a2,SLC12A2,TRUE,TRUE
Slc12a3,SLC12A3,TRUE,TRUE
Slc12a5,SLC12A5,TRUE,TRUE
Slc12a6,SLC12A6,TRUE,TRUE
Slc12a7,SLC12A7,TRUE,TRUE
Slc12a8,SLC12A8,TRUE,TRUE
Slc13a1,SLC13A1,TRUE,TRUE
Slc13a5,SLC13A5,TRUE,TRUE
Slc14a1,SLC14A1,TRUE,TRUE
Slc14a2,SLC14A2,TRUE,TRUE
Slc15a2,SLC15A2,TRUE,TRUE
Slc15a5,SLC15A5,TRUE,TRUE
Slc16a12,SLC16A12,TRUE,TRUE
Slc16a5,SLC16A5,TRUE,TRUE
Slc17a6,SLC17A6,TRUE,TRUE
Slc17a9,SLC17A9,TRUE,TRUE
Slc18a2,SLC18A2,TRUE,TRUE
Slc18b1,SLC18B1,TRUE,TRUE
Slc19a3,SLC19A3,TRUE,TRUE
Slc1a3,SLC1A3,TRUE,TRUE
Slc20a2,SLC20A2,TRUE,TRUE
Slc22a13,SLC22A13,TRUE,TRUE
Slc22a16,SLC22A16,TRUE,TRUE
Slc22a19,SLC22A10,TRUE,TRUE
Slc22a23,SLC22A23,TRUE,TRUE
Slc22a3,SLC22A3,TRUE,TRUE
Slc22a6,SLC22A6,TRUE,TRUE
Slc23a1,SLC23A1,TRUE,TRUE
Slc24a5,SLC24A5,TRUE,TRUE
Slc25a17,SLC25A17,TRUE,TRUE
Slc25a19,SLC25A19,TRUE,TRUE
Slc25a31,SLC25A31,TRUE,TRUE
Slc25a35,SLC25A35,TRUE,TRUE
Slc25a39,SLC25A39,TRUE,TRUE
Slc25a40,SLC25A40,TRUE,TRUE
Slc25a45,SLC25A45,TRUE,TRUE
Slc26a1,SLC26A1,TRUE,TRUE
Slc26a11,SLC26A11,TRUE,TRUE
Slc26a8,SLC26A8,TRUE,TRUE
Slc26a9,SLC26A9,TRUE,TRUE
Slc27a5,SLC27A5,TRUE,TRUE
Slc28a1,SLC28A1,TRUE,TRUE
Slc28a2,SLC28A2,TRUE,TRUE
Slc29a3,SLC29A3,TRUE,TRUE
Slc29a4,SLC29A4,TRUE,TRUE
Slc2a10,SLC2A10,TRUE,TRUE
Slc2a4,SLC2A4,TRUE,TRUE
Slc2a6,SLC2A6,TRUE,TRUE
Slc2a7,SLC2A7,TRUE,TRUE
Slc30a1,SLC30A1,TRUE,TRUE
Slc34a1,SLC34A1,TRUE,TRUE
Slc34a2,SLC34A2,TRUE,TRUE
Slc34a3,SLC34A3,TRUE,TRUE
Slc35a2,SLC35A2,TRUE,TRUE
Slc35a5,SLC35A5,TRUE,TRUE
Slc35c2,SLC35C2,FALSE,FALSE
Slc35e3,SLC35E3,TRUE,TRUE
Slc35f6,SLC35F6,TRUE,TRUE
Slc35g1,SLC35G1,TRUE,TRUE
Slc36a3,SLC36A3,TRUE,TRUE
Slc37a2,SLC37A2,TRUE,TRUE
Slc38a10,SLC38A10,TRUE,TRUE
Slc38a6,SLC38A6,TRUE,TRUE
Slc39a10,SLC39A10,TRUE,TRUE
Slc39a2,SLC39A2,TRUE,TRUE
Slc39a4,SLC39A4,TRUE,TRUE
Slc39a6,SLC39A6,TRUE,TRUE
Slc39a8,SLC39A8,TRUE,TRUE
Slc3a2,SLC3A2,TRUE,TRUE
Slc40a1,SLC40A1,TRUE,TRUE
Slc41a2,SLC41A2,TRUE,TRUE
Slc44a2,SLC44A2,TRUE,TRUE
Slc44a5,SLC44A5,TRUE,TRUE
Slc45a1,SLC45A1,TRUE,TRUE
Slc45a2,SLC45A2,TRUE,TRUE
Slc4a1,SLC4A1,TRUE,TRUE
Slc4a11,SLC4A11,TRUE,TRUE
Slc4a4,SLC4A4,TRUE,TRUE
Slc4a5,SLC4A5,TRUE,TRUE
Slc4a8,SLC4A8,TRUE,TRUE
Slc52a2,SLC52A1,TRUE,TRUE
Slc5a1,SLC5A1,TRUE,TRUE
Slc5a10,SLC5A10,TRUE,TRUE
Slc5a11,SLC5A11,TRUE,TRUE
Slc5a12,SLC5A12,TRUE,TRUE
Slc5a4b,SLC5A4,TRUE,TRUE
Slc6a11,SLC6A11,TRUE,TRUE
Slc6a13,SLC6A13,TRUE,TRUE
Slc6a15,SLC6A15,TRUE,TRUE
Slc6a18,SLC6A18,TRUE,TRUE
Slc6a19,SLC6A19,TRUE,TRUE
Slc6a4,SLC6A4,TRUE,TRUE
Slc6a5,SLC6A5,TRUE,TRUE
Slc6a6,SLC6A6,TRUE,TRUE
Slc7a11,SLC7A11,TRUE,TRUE
Slc7a15,NA,FALSE,FALSE
Slc7a2,SLC7A2,TRUE,TRUE
Slc7a3,SLC7A3,TRUE,TRUE
Slc8a3,SLC8A3,TRUE,TRUE
Slc9a1,SLC9A1,TRUE,TRUE
Slco1a4,SLCO1A2,TRUE,TRUE
Slco1b2,SLCO1B1,TRUE,TRUE
Slco3a1,SLCO3A1,TRUE,TRUE
Slco4a1,SLCO4A1,TRUE,TRUE
Slco4c1,SLCO4C1,TRUE,TRUE
Slco5a1,SLCO5A1,TRUE,TRUE
Slf2,SLF2,TRUE,TRUE
Slfn1,SLFN12,TRUE,TRUE
Slfn14,SLFN14,TRUE,TRUE
Slfn2,SLFN12,TRUE,TRUE
Slfn4,SLFN12,TRUE,TRUE
Slfn5,SLFN5,TRUE,TRUE
Slfn9,SLFN11,TRUE,TRUE
Slit1,SLIT1,TRUE,TRUE
Slit2,SLIT2,TRUE,TRUE
Slit3,SLIT3,TRUE,TRUE
Slitrk4,SLITRK4,TRUE,TRUE
Slitrk5,SLITRK5,TRUE,TRUE
Slk,SLK,TRUE,TRUE
Sltm,SLTM,TRUE,TRUE
Smad2,SMAD2,TRUE,TRUE
Smad3,SMAD3,TRUE,TRUE
Smad4,SMAD4,TRUE,TRUE
Smad6,SMAD6,TRUE,TRUE
Smad9,SMAD9,TRUE,TRUE
Smap2,SMAP2,TRUE,TRUE
Smarca2,SMARCA2,TRUE,TRUE
Smarca4,SMARCA4,TRUE,TRUE
Smarcad1,SMARCAD1,TRUE,TRUE
Smarcc1,SMARCC1,TRUE,TRUE
Smarcd1,SMARCD1,TRUE,TRUE
Smarce1,SMARCE1,TRUE,TRUE
Smc1a,SMC1A,TRUE,TRUE
Smcr8,SMCR8,TRUE,TRUE
Smg1,SMG1,TRUE,TRUE
Smg5,SMG5,TRUE,TRUE
Smg9,SMG9,TRUE,TRUE
Smo,SMO,TRUE,TRUE
Smok2a,NA,FALSE,FALSE
Smpd4,SMPD4,TRUE,TRUE
Smr3a,SMR3A,TRUE,TRUE
Smtn,SMTN,TRUE,TRUE
Smtnl2,SMTNL2,TRUE,TRUE
Snai3,SNAI3,TRUE,TRUE
Snapc2,SNAPC2,TRUE,TRUE
Snapc4,SNAPC4,TRUE,TRUE
Snd1,SND1,TRUE,TRUE
Sned1,SNED1,TRUE,TRUE
Snf8,SNF8,TRUE,TRUE
Snph,SNPH,TRUE,TRUE
Snrnp40,SNRNP40,TRUE,TRUE
Snta1,SNTA1,TRUE,TRUE
Snu13,SNU13,TRUE,TRUE
Snupn,SNUPN,TRUE,TRUE
Snx18,SNX18,TRUE,TRUE
Snx21,SNX21,TRUE,TRUE
Snx25,SNX25,TRUE,TRUE
Snx29,SNX29,TRUE,TRUE
Snx30,SNX30,TRUE,TRUE
Snx4,SNX4,TRUE,TRUE
Snx9,SNX9,TRUE,TRUE
Soat2,SOAT2,TRUE,TRUE
Sod3,SOD3,TRUE,TRUE
Soga1,SOGA1,FALSE,FALSE
Son,SON,TRUE,TRUE
Sorbs2,SORBS2,TRUE,TRUE
Sorbs3,SORBS3,TRUE,TRUE
Sorcs3,SORCS3,TRUE,TRUE
Sord,SORD,TRUE,TRUE
Sort1,SORT1,TRUE,TRUE
Sos1,SOS1,TRUE,TRUE
Sos2,SOS2,TRUE,TRUE
Sowahb,SOWAHB,TRUE,TRUE
Sox14,SOX14,TRUE,TRUE
Sox2,SOX2,TRUE,TRUE
Sox30,SOX30,TRUE,TRUE
Sox5,SOX5,TRUE,TRUE
Sox6,SOX6,TRUE,TRUE
Sp1,SP1,TRUE,TRUE
Sp110,SP110,TRUE,TRUE
Sp140,SP140,TRUE,TRUE
Sp8,SP8,TRUE,TRUE
Spa17,SPA17,TRUE,TRUE
Spag1,SPAG1,TRUE,TRUE
Spag16,SPAG16,TRUE,TRUE
Spag17,SPAG17,TRUE,TRUE
Spag9,SPAG9,TRUE,TRUE
Spam1,SPAM1,TRUE,TRUE
Sparc,SPARC,TRUE,TRUE
Sparcl1,SPARCL1,TRUE,TRUE
Spata18,SPATA18,TRUE,TRUE
Spata31,SPATA31A1,TRUE,TRUE
Spata31d1a,SPATA31D1,TRUE,TRUE
Spata31d1b,SPATA31D1,TRUE,TRUE
Spata31d1d,SPATA31D1,TRUE,TRUE
Spata46,SPATA46,TRUE,TRUE
Spata5,SPATA5,FALSE,FALSE
Spatc1l,SPATC1L,TRUE,TRUE
Spats2,SPATS2,TRUE,TRUE
Spats2l,SPATS2L,TRUE,TRUE
Speer2,NA,FALSE,FALSE
Speer4a,NA,FALSE,FALSE
Speer4b,NA,FALSE,FALSE
Speer4f2,NA,FALSE,FALSE
Spen,SPEN,TRUE,TRUE
Spice1,SPICE1,TRUE,TRUE
Spin2f,SPIN2A,FALSE,FALSE
Spo11,SPO11,TRUE,TRUE
Spocd1,SPOCD1,TRUE,TRUE
Spop,SPOP,TRUE,TRUE
Spopfm2,SPOP,TRUE,TRUE
Sppl2b,SPPL2B,TRUE,TRUE
Sppl2c,SPPL2C,TRUE,TRUE
Sppl3,SPPL3,TRUE,TRUE
Sprr1b,SPRR1B,TRUE,TRUE
Sprr2g,NA,FALSE,FALSE
Sprr2i,NA,FALSE,FALSE
Sprr2j-ps,NA,FALSE,FALSE
Spryd3,SPRYD3,TRUE,TRUE
Spta1,SPTA1,TRUE,TRUE
Sptan1,SPTAN1,TRUE,TRUE
Sptb,SPTB,TRUE,TRUE
Sptbn1,SPTBN1,TRUE,TRUE
Sptbn2,SPTBN2,TRUE,TRUE
Sptbn5,SPTBN5,TRUE,TRUE
Spz1,SPZ1,TRUE,TRUE
Sqstm1,SQSTM1,TRUE,TRUE
Srcap,SRCAP,TRUE,TRUE
Srd5a1,SRD5A1,TRUE,TRUE
Srgap1,SRGAP1,TRUE,TRUE
Srgap2,SRGAP2,TRUE,TRUE
Srms,SRMS,TRUE,TRUE
Srp68,SRP68,TRUE,TRUE
Srpk3,SRPK3,TRUE,TRUE
Srpr,SRPRA,TRUE,TRUE
Srpx,SRPX,TRUE,TRUE
Srrm1,SRRM1,TRUE,TRUE
Srrm2,SRRM2,TRUE,TRUE
Srrm3,SRRM3,TRUE,TRUE
Srsf5,SRSF5,TRUE,TRUE
Ss18l1,SS18L1,TRUE,TRUE
Ssbp3,SSBP3,TRUE,TRUE
Ssh1,SSH1,TRUE,TRUE
Ssh2,SSH2,TRUE,TRUE
Ssmem1,SSMEM1,TRUE,TRUE
Sspo,SSPOP,TRUE,TRUE
Ssr4,SSR4,TRUE,TRUE
St13,ST13,TRUE,TRUE
St14,ST14,TRUE,TRUE
St18,ST18,TRUE,TRUE
St3gal2,ST3GAL2,TRUE,TRUE
St3gal3,ST3GAL3,TRUE,TRUE
St3gal5,ST3GAL5,TRUE,TRUE
St3gal6,ST3GAL6,TRUE,TRUE
St6galnac5,ST6GALNAC5,TRUE,TRUE
St8sia5,ST8SIA5,TRUE,TRUE
Stab1,STAB1,TRUE,TRUE
Stac2,STAC2,TRUE,TRUE
Stag1,STAG1,TRUE,TRUE
Stag3,STAG3,TRUE,TRUE
Stard9,STARD9,TRUE,TRUE
Stat1,STAT1,TRUE,TRUE
Stat2,STAT2,TRUE,TRUE
Stat5b,STAT5B,TRUE,TRUE
Stau1,STAU1,TRUE,TRUE
Stau2,STAU2,TRUE,TRUE
Stil,STIL,TRUE,TRUE
Stk25,STK25,TRUE,TRUE
Stk36,STK36,TRUE,TRUE
Stk38l,STK38L,TRUE,TRUE
Stk40,STK40,TRUE,TRUE
Stmn1,STMN1,TRUE,TRUE
Stoml1,STOML1,TRUE,TRUE
Ston2,STON2,TRUE,TRUE
Stox1,STOX1,TRUE,TRUE
Stox2,STOX2,TRUE,TRUE
Stra6,STRA6,TRUE,TRUE
Strc,STRC,TRUE,TRUE
Strip2,STRIP2,TRUE,TRUE
Strn4,STRN4,TRUE,TRUE
Stx16,STX16,TRUE,TRUE
Stx1a,STX1A,TRUE,TRUE
Stx3,STX3,TRUE,TRUE
Stxbp1,STXBP1,TRUE,TRUE
Stxbp5l,STXBP5L,TRUE,TRUE
Styk1,STYK1,TRUE,TRUE
Sucla2,SUCLA2,TRUE,TRUE
Suds3,SUDS3,TRUE,TRUE
Sult2a3,SULT2A1,TRUE,TRUE
Sult2b1,SULT2B1,TRUE,TRUE
Sult4a1,SULT4A1,TRUE,TRUE
Sumf1,SUMF1,TRUE,TRUE
Sumf2,SUMF2,TRUE,TRUE
Sun1,SUN1,TRUE,TRUE
Sun3,SUN3,TRUE,TRUE
Supt16,SUPT16H,TRUE,TRUE
Supt5,SUPT5H,TRUE,TRUE
Suz12,SUZ12,TRUE,TRUE
Svep1,SVEP1,TRUE,TRUE
Svs1,NA,FALSE,FALSE
Swsap1,SWSAP1,TRUE,TRUE
Sycp2,SYCP2,TRUE,TRUE
Sycp2l,SYCP2L,TRUE,TRUE
Syk,SYK,TRUE,TRUE
Syn1,SYN1,TRUE,TRUE
Syn2,SYN2,TRUE,TRUE
Syna,ERVFRD-1,TRUE,TRUE
Syne1,SYNE1,TRUE,TRUE
Syne2,SYNE2,TRUE,TRUE
Syne3,SYNE3,TRUE,TRUE
Syngr1,SYNGR1,TRUE,TRUE
Synj1,SYNJ1,TRUE,TRUE
Synj2,SYNJ2,TRUE,TRUE
Synm,SYNM,TRUE,TRUE
Synpo,SYNPO,TRUE,TRUE
Synpo2l,SYNPO2L,TRUE,TRUE
Synrg,SYNRG,TRUE,TRUE
Syt1,SYT1,TRUE,TRUE
Syt10,SYT10,TRUE,TRUE
Syt11,SYT11,TRUE,TRUE
Syt14,SYT14,TRUE,TRUE
Syt16,SYT16,TRUE,TRUE
Syt4,SYT4,TRUE,TRUE
Syt6,SYT6,TRUE,TRUE
Sytl1,SYTL1,TRUE,TRUE
Sytl2,SYTL2,TRUE,TRUE
Szt2,SZT2,TRUE,TRUE
Taar2,TAAR2,TRUE,TRUE
Taar6,TAAR6,TRUE,TRUE
Taar7a,NA,FALSE,FALSE
Taar7e,NA,FALSE,FALSE
Taar8c,TAAR8,TRUE,TRUE
Tab2,TAB2,TRUE,TRUE
Tab3,TAB3,TRUE,TRUE
Tacc1,TACC1,TRUE,TRUE
Tacc2,TACC2,TRUE,TRUE
Tacc3,TACC3,TRUE,TRUE
Tacr1,TACR1,TRUE,TRUE
Taf12,TAF12,TRUE,TRUE
Taf15,TAF15,TRUE,TRUE
Taf1c,TAF1C,TRUE,TRUE
Taf2,TAF2,TRUE,TRUE
Taf4b,TAF4B,TRUE,TRUE
Taf5l,TAF5L,TRUE,TRUE
Taf7,TAF7,TRUE,TRUE
Tafa2,TAFA2,TRUE,TRUE
Tagap,TAGAP,TRUE,TRUE
Tango2,TANGO2,TRUE,TRUE
Tango6,TANGO6,TRUE,TRUE
Tank,TANK,TRUE,TRUE
Tarbp1,TARBP1,TRUE,TRUE
Tarm1,TARM1,TRUE,TRUE
Tas1r1,TAS1R1,TRUE,TRUE
Tas1r3,TAS1R3,TRUE,TRUE
Tas2r130,TAS2R7,TRUE,TRUE
Tas2r134,NA,FALSE,FALSE
Tas2r137,TAS2R3,TRUE,TRUE
Tasor2,TASOR2,TRUE,TRUE
Tat,TAT,TRUE,TRUE
Tatdn2,TATDN2,TRUE,TRUE
Tbc1d10c,TBC1D10C,TRUE,TRUE
Tbc1d13,TBC1D13,TRUE,TRUE
Tbc1d16,TBC1D16,TRUE,TRUE
Tbc1d21,TBC1D21,TRUE,TRUE
Tbc1d22a,TBC1D22A,TRUE,TRUE
Tbc1d25,TBC1D25,TRUE,TRUE
Tbc1d30,TBC1D30,TRUE,TRUE
Tbc1d4,TBC1D4,TRUE,TRUE
Tbc1d5,TBC1D5,TRUE,TRUE
Tbc1d8,TBC1D8,TRUE,TRUE
Tbc1d9b,TBC1D9B,TRUE,TRUE
Tbcb,TBCB,TRUE,TRUE
Tbcd,TBCD,TRUE,TRUE
Tbck,TBCK,TRUE,TRUE
Tbl1x,TBL1X,TRUE,TRUE
Tbl3,TBL3,TRUE,TRUE
Tbrg4,TBRG4,TRUE,TRUE
Tbx15,TBX15,TRUE,TRUE
Tbx18,TBX18,TRUE,TRUE
Tbx19,TBX19,TRUE,TRUE
Tbx2,TBX2,TRUE,TRUE
Tbxas1,TBXAS1,TRUE,TRUE
Tcaf3,TCAF2,TRUE,TRUE
Tcam1,NA,FALSE,FALSE
Tcea3,TCEA3,TRUE,TRUE
Tceanc2,TCEANC2,TRUE,TRUE
Tcerg1,TCERG1,TRUE,TRUE
Tcf20,TCF20,TRUE,TRUE
Tcf21,TCF21,TRUE,TRUE
Tcf3,TCF3,TRUE,TRUE
Tcfl5,TCFL5,TRUE,TRUE
Tchh,TCHH,TRUE,TRUE
Tchp,TCHP,TRUE,TRUE
Tcp10a,TCP10L,TRUE,TRUE
Tctex1d2,NA,FALSE,FALSE
Tctex1d4,NA,FALSE,FALSE
Tdp1,TDP1,TRUE,TRUE
Tdrd1,TDRD1,TRUE,TRUE
Tdrd12,TDRD12,TRUE,TRUE
Tdrd3,TDRD3,TRUE,TRUE
Tdrd6,TDRD6,TRUE,TRUE
Tdrd9,TDRD9,TRUE,TRUE
Tead1,TEAD1,TRUE,TRUE
Tecpr1,TECPR1,TRUE,TRUE
Tecta,TECTA,TRUE,TRUE
Tedc2,TEDC2,TRUE,TRUE
Tefm,TEFM,TRUE,TRUE
Tek,TEK,TRUE,TRUE
Telo2,TELO2,TRUE,TRUE
Tenm1,TENM1,TRUE,TRUE
Tenm2,TENM2,TRUE,TRUE
Tenm3,TENM3,TRUE,TRUE
Tenm4,TENM4,TRUE,TRUE
Tent5a,TENT5A,FALSE,FALSE
Tepsin,TEPSIN,TRUE,TRUE
Tert,TERT,TRUE,TRUE
Tet2,TET2,TRUE,TRUE
Tet3,TET3,TRUE,TRUE
Tex11,TEX11,TRUE,TRUE
Tex12,TEX12,TRUE,TRUE
Tex14,TEX14,TRUE,TRUE
Tex24,NA,FALSE,FALSE
Tex261,TEX261,TRUE,TRUE
Tex33,TEX33,FALSE,FALSE
Tex37,TEX37,FALSE,FALSE
Tex38,TEX38,TRUE,TRUE
Tex43,TEX43,FALSE,FALSE
Tex44,TEX44,TRUE,TRUE
Tex46,TEX46,FALSE,FALSE
Tfap2c,TFAP2C,TRUE,TRUE
Tfcp2l1,TFCP2L1,TRUE,TRUE
Tfdp2,TFDP2,TRUE,TRUE
Tfeb,TFEB,TRUE,TRUE
Tfip11,TFIP11,TRUE,TRUE
Tfr2,TFR2,TRUE,TRUE
Tg,TG,TRUE,TRUE
Tgm5,TGM5,TRUE,TRUE
Tgm6,TGM6,TRUE,TRUE
Tgm7,TGM7,TRUE,TRUE
Thada,THADA,TRUE,TRUE
Thap1,THAP1,TRUE,TRUE
Thap7,THAP7,TRUE,TRUE
Thbs4,THBS4,TRUE,TRUE
Them4,THEM4,TRUE,TRUE
Themis,THEMIS,TRUE,TRUE
Thoc1,THOC1,TRUE,TRUE
Thoc2l,THOC2,TRUE,TRUE
Thop1,THOP1,TRUE,TRUE
Thrb,THRB,TRUE,TRUE
Thsd1,THSD1,TRUE,TRUE
Thsd4,THSD4,TRUE,TRUE
Thsd7a,THSD7A,TRUE,TRUE
Thsd7b,THSD7B,TRUE,TRUE
Thtpa,THTPA,FALSE,FALSE
Thumpd2,THUMPD2,TRUE,TRUE
Thy1,THY1,TRUE,TRUE
Tiam1,TIAM1,TRUE,TRUE
Tiam2,TIAM2,TRUE,TRUE
Timd2,HAVCR1,TRUE,TRUE
Timeless,TIMELESS,TRUE,TRUE
Timm50,TIMM50,TRUE,TRUE
Timmdc1,TIMMDC1,TRUE,TRUE
Tjp1,TJP1,TRUE,TRUE
Tktl1,TKTL1,TRUE,TRUE
Tle4,TLE4,TRUE,TRUE
Tll1,TLL1,TRUE,TRUE
Tln1,TLN1,TRUE,TRUE
Tln2,TLN2,TRUE,TRUE
Tlr11,NA,FALSE,FALSE
Tlr9,TLR9,TRUE,TRUE
Tm4sf1,TM4SF1,TRUE,TRUE
Tm4sf4,TM4SF4,TRUE,TRUE
Tmbim7,NA,FALSE,FALSE
Tmc2,TMC2,TRUE,TRUE
Tmc3,TMC3,TRUE,TRUE
Tmc4,TMC4,TRUE,TRUE
Tmcc2,TMCC2,TRUE,TRUE
Tmco5,TMCO5A,TRUE,TRUE
Tmed3,TMED3,TRUE,TRUE
Tmed9,TMED9,TRUE,TRUE
Tmeff1,MSANTD3-TMEFF1,TRUE,TRUE
Tmem104,TMEM104,FALSE,FALSE
Tmem120a,TMEM120A,FALSE,FALSE
Tmem120b,TMEM120B,TRUE,TRUE
Tmem130,TMEM130,TRUE,TRUE
Tmem131,TMEM131,TRUE,TRUE
Tmem131l,TMEM131L,TRUE,TRUE
Tmem145,TMEM145,TRUE,TRUE
Tmem150c,TMEM150C,TRUE,TRUE
Tmem159,LDAF1,TRUE,TRUE
Tmem163,TMEM163,TRUE,TRUE
Tmem175,TMEM175,TRUE,TRUE
Tmem176a,TMEM176A,TRUE,TRUE
Tmem178b,TMEM178B,TRUE,TRUE
Tmem179b,TMEM179B,TRUE,TRUE
Tmem201,TMEM201,TRUE,TRUE
Tmem211,LHFPL7,TRUE,TRUE
Tmem214,TMEM214,TRUE,TRUE
Tmem219,TMEM219,TRUE,TRUE
Tmem229a,TMEM229A,TRUE,TRUE
Tmem237,TMEM237,TRUE,TRUE
Tmem260,TMEM260,TRUE,TRUE
Tmem268,TMEM268,TRUE,TRUE
Tmem270,TMEM270,TRUE,TRUE
Tmem29,FAM156A,FALSE,FALSE
Tmem39a,TMEM39A,TRUE,TRUE
Tmem39b,TMEM39B,TRUE,TRUE
Tmem41a,TMEM41A,TRUE,TRUE
Tmem43,TMEM43,TRUE,TRUE
Tmem54,TMEM54,TRUE,TRUE
Tmem63b,TMEM63B,TRUE,TRUE
Tmem8b,TMEM8B,TRUE,TRUE
Tmem94,TMEM94,TRUE,TRUE
Tmem9b,TMEM9B,TRUE,TRUE
Tmprss11a,TMPRSS11A,TRUE,TRUE
Tmprss11b,TMPRSS11B,TRUE,TRUE
Tmprss13,TMPRSS13,TRUE,TRUE
Tmprss4,TMPRSS4,TRUE,TRUE
Tmprss5,TMPRSS5,TRUE,TRUE
Tmprss6,TMPRSS6,TRUE,TRUE
Tmprss9,TMPRSS9,TRUE,TRUE
Tmx4,TMX4,TRUE,TRUE
Tnc,TNC,TRUE,TRUE
Tnfrsf11a,TNFRSF11A,TRUE,TRUE
Tnfrsf14,TNFRSF14,TRUE,TRUE
Tnfrsf17,TNFRSF17,TRUE,TRUE
Tnfrsf1b,TNFRSF1B,TRUE,TRUE
Tnfrsf21,TNFRSF21,TRUE,TRUE
Tnfrsf26,TNFRSF10B,TRUE,TRUE
Tnfrsf8,TNFRSF8,TRUE,TRUE
Tnfsf15,TNFSF15,TRUE,TRUE
Tnfsf18,TNFSF18,TRUE,TRUE
Tnik,TNIK,TRUE,TRUE
Tnip1,TNIP1,TRUE,TRUE
Tnk2,TNK2,TRUE,TRUE
Tnks,TNKS,TRUE,TRUE
Tnn,TNN,TRUE,TRUE
Tnni3,TNNI3,TRUE,TRUE
Tnni3k,FPGT-TNNI3K,TRUE,TRUE
Tnnt3,TNNT3,TRUE,TRUE
Tnp2,TNP2,TRUE,TRUE
Tnpo2,TNPO2,TRUE,TRUE
Tnpo3,TNPO3,TRUE,TRUE
Tnr,TNR,TRUE,TRUE
Tnrc6a,TNRC6A,TRUE,TRUE
Tnrc6b,TNRC6B,TRUE,TRUE
Tnrc6c,TNRC6C,TRUE,TRUE
Tns1,TNS1,TRUE,TRUE
Tns3,TNS3,TRUE,TRUE
Tns4,TNS4,TRUE,TRUE
Tnxb,TNXB,TRUE,TRUE
Tob1,TOB1,TRUE,TRUE
Tonsl,TONSL,TRUE,TRUE
Top1mt,TOP1MT,TRUE,TRUE
Topors,TOPORS,TRUE,TRUE
Tor1aip2,TOR1AIP2,TRUE,TRUE
Tor4a,TOR4A,TRUE,TRUE
Tpp1,TPP1,TRUE,TRUE
Tpsab1,TPSAB1,TRUE,TRUE
Trabd,TRABD,TRUE,TRUE
Trabd2b,TRABD2B,TRUE,TRUE
Traf6,TRAF6,TRUE,TRUE
Traf7,TRAF7,TRUE,TRUE
Traj19,NA,FALSE,FALSE
Traj57,NA,FALSE,FALSE
Trak2,TRAK2,TRUE,TRUE
Trank1,TRANK1,TRUE,TRUE
Trappc11,TRAPPC11,TRUE,TRUE
Trappc12,TRAPPC12,TRUE,TRUE
Trappc9,TRAPPC9,TRUE,TRUE
Trarg1,TRARG1,TRUE,TRUE
Trav13-1,TRAV22,FALSE,FALSE
Trav13-2,TRAV22,FALSE,FALSE
Trav14-3,TRAV23DV6,FALSE,FALSE
Trav2,TRAV4,FALSE,FALSE
Trav3-4,TRAV5,FALSE,FALSE
Trav4-4-dv10,NA,FALSE,FALSE
Trav6-7-dv9,TRAV9-2,FALSE,FALSE
Trav7-3,TRAV12-1,FALSE,FALSE
Trav7-6,TRAV12-1,FALSE,FALSE
Trav9d-4,TRAV8-1,FALSE,FALSE
Trbv13-1,TRBV10-1,FALSE,FALSE
Trbv13-3,TRBV10-1,FALSE,FALSE
Trdn,TRDN,TRUE,TRUE
Trdv1,TRAV34,FALSE,FALSE
Trem3,TREM1,TRUE,TRUE
Trex1,TREX1,TRUE,TRUE
Trgc1,TRGC1,FALSE,FALSE
Trgv3,TRGV11,FALSE,FALSE
Trhde,TRHDE,TRUE,TRUE
Trhr2,NA,FALSE,FALSE
Trib2,TRIB2,TRUE,TRUE
Trim14,TRIM14,TRUE,TRUE
Trim21,TRIM21,TRUE,TRUE
Trim24,TRIM24,TRUE,TRUE
Trim27,TRIM27,TRUE,TRUE
Trim28,TRIM28,TRUE,TRUE
Trim3,TRIM3,TRUE,TRUE
Trim30b,NA,FALSE,FALSE
Trim30c,TRIM5,TRUE,TRUE
Trim31,TRIM31,TRUE,TRUE
Trim36,TRIM36,TRUE,TRUE
Trim38,TRIM38,TRUE,TRUE
Trim40,TRIM40,TRUE,TRUE
Trim45,TRIM45,TRUE,TRUE
Trim6,TRIM6,TRUE,TRUE
Trim62,TRIM62,TRUE,TRUE
Trim66,TRIM66,TRUE,TRUE
Trim68,TRIM68,TRUE,TRUE
Trim69,TRIM69,TRUE,TRUE
Trim9,TRIM9,TRUE,TRUE
Trio,TRIO,TRUE,TRUE
Triobp,TRIOBP,TRUE,TRUE
Trip10,TRIP10,TRUE,TRUE
Trip12,TRIP12,TRUE,TRUE
Trip13,TRIP13,TRUE,TRUE
Trmt1,TRMT1,TRUE,TRUE
Trmt11,TRMT11,TRUE,TRUE
Trmt13,TRMT13,TRUE,TRUE
Trmt1l,TRMT1L,TRUE,TRUE
Trmt2a,TRMT2A,TRUE,TRUE
Trmt6,TRMT6,TRUE,TRUE
Tro,TRO,TRUE,TRUE
Trpc4,TRPC4,TRUE,TRUE
Trpc5os,TRPC5OS,TRUE,TRUE
Trpc7,TRPC7,TRUE,TRUE
Trpm1,TRPM1,TRUE,TRUE
Trpm2,TRPM2,TRUE,TRUE
Trpm6,TRPM6,TRUE,TRUE
Trpm8,TRPM8,TRUE,TRUE
Trpv4,TRPV4,TRUE,TRUE
Trpv6,TRPV6,TRUE,TRUE
Trrap,TRRAP,TRUE,TRUE
Try5,PRSS1,TRUE,TRUE
Tsc1,TSC1,TRUE,TRUE
Tsc2,TSC2,TRUE,TRUE
Tsc22d1,TSC22D1,TRUE,TRUE
Tsc22d4,NA,FALSE,FALSE
Tsfm,TSFM,TRUE,TRUE
Tsg101,TSG101,TRUE,TRUE
Tsga13,TSGA13,TRUE,TRUE
Tshz2,TSHZ2,TRUE,TRUE
Tsku,TSKU,TRUE,TRUE
Tsnaxip1,TSNAXIP1,TRUE,TRUE
Tspan10,TSPAN10,TRUE,TRUE
Tspan3,TSPAN3,TRUE,TRUE
Tspan32,TSPAN32,TRUE,TRUE
Tspan9,TSPAN9,TRUE,TRUE
Tspo,TSPO,TRUE,TRUE
Tspoap1,TSPOAP1,TRUE,TRUE
Tspyl3,TSPY26P,FALSE,FALSE
Tssk4,TSSK4,TRUE,TRUE
Ttbk1,TTBK1,TRUE,TRUE
Ttc12,TTC12,TRUE,TRUE
Ttc21a,TTC21A,TRUE,TRUE
Ttc22,TTC22,TRUE,TRUE
Ttc23,TTC23,TRUE,TRUE
Ttc24,TTC24,TRUE,TRUE
Ttc26,TTC26,FALSE,FALSE
Ttc27,TTC27,TRUE,TRUE
Ttc28,TTC28,TRUE,TRUE
Ttc30a1,TTC30A,FALSE,FALSE
Ttc39c,TTC39C,TRUE,TRUE
Ttc4,TTC4,TRUE,TRUE
Ttc41,TTC41P,FALSE,FALSE
Ttc5,TTC5,TRUE,TRUE
Ttc7,TTC7A,TRUE,TRUE
Ttf2,TTF2,TRUE,TRUE
Ttll3,TTLL3,TRUE,TRUE
Ttll6,TTLL6,TRUE,TRUE
Ttll7,TTLL7,TRUE,TRUE
Ttn,TTN,TRUE,TRUE
Ttyh2,TTYH2,TRUE,TRUE
Tuba3b,TUBA3C,TRUE,TRUE
Tubb1,TUBB1,TRUE,TRUE
Tubb3,TUBB3,TRUE,TRUE
Tubb5,TUBB,TRUE,TRUE
Tubg1,TUBG1,TRUE,TRUE
Tubgcp2,TUBGCP2,TRUE,TRUE
Tubgcp3,TUBGCP3,TRUE,TRUE
Tubgcp5,TUBGCP5,TRUE,TRUE
Tubgcp6,TUBGCP6,TRUE,TRUE
Tuft1,TUFT1,TRUE,TRUE
Tut4,TUT4,TRUE,TRUE
Txlna,TXLNA,TRUE,TRUE
Txndc15,TXNDC15,TRUE,TRUE
Txndc16,TXNDC16,TRUE,TRUE
Txndc2,TXNDC2,TRUE,TRUE
Txndc5,TXNDC5,TRUE,TRUE
Txnip,TXNIP,TRUE,TRUE
Txnrd3,TXNRD3,TRUE,TRUE
Tyms,TYMS,TRUE,TRUE
Tyr,TYR,TRUE,TRUE
Tyro3,TYRO3,TRUE,TRUE
Tyw1,TYW1,TRUE,TRUE
Uba1,UBA1,TRUE,TRUE
Uba3,UBA3,TRUE,TRUE
Uba6,UBA6,TRUE,TRUE
Uba7,UBA7,TRUE,TRUE
Ubac2,UBAC2,TRUE,TRUE
Ubap2l,UBAP2L,TRUE,TRUE
Ubash3b,UBASH3B,TRUE,TRUE
Ubc,UBC,TRUE,TRUE
Ube2b,UBE2B,TRUE,TRUE
Ube2d2a,UBE2D2,TRUE,TRUE
Ube2dnl2,NA,FALSE,FALSE
Ube2g2,UBE2G2,TRUE,TRUE
Ube2j1,UBE2J1,TRUE,TRUE
Ube2l3,UBE2L3,TRUE,TRUE
Ube2l6,UBE2L6,TRUE,TRUE
Ube2o,UBE2O,TRUE,TRUE
Ube3b,UBE3B,TRUE,TRUE
Ube4b,UBE4B,TRUE,TRUE
Ubfd1,UBFD1,TRUE,TRUE
Ubl4b,UBL4B,TRUE,TRUE
Ubl7,UBL7,TRUE,TRUE
Ubn2,UBN2,TRUE,TRUE
Ubr2,UBR2,TRUE,TRUE
Ubr4,UBR4,TRUE,TRUE
Ubr5,UBR5,TRUE,TRUE
Uck1,UCK1,TRUE,TRUE
Uckl1,UCKL1,TRUE,TRUE
Ucma,UCMA,TRUE,TRUE
Ucp2,UCP2,TRUE,TRUE
Ufsp2,UFSP2,TRUE,TRUE
Uggt2,UGGT2,TRUE,TRUE
Ugp2,UGP2,TRUE,TRUE
Ugt1a6a,UGT1A6,TRUE,TRUE
Ugt2a3,UGT2A3,TRUE,TRUE
Ulk1,ULK1,TRUE,TRUE
Umodl1,UMODL1,TRUE,TRUE
Unc13a,UNC13A,TRUE,TRUE
Unc13b,UNC13B,TRUE,TRUE
Unc13c,UNC13C,TRUE,TRUE
Unc45b,UNC45B,TRUE,TRUE
Unc5c,UNC5C,TRUE,TRUE
Unc5cl,UNC5CL,TRUE,TRUE
Unc5d,UNC5D,TRUE,TRUE
Unc79,UNC79,TRUE,TRUE
Unc80,UNC80,TRUE,TRUE
Unk,UNK,TRUE,TRUE
Unkl,UNKL,TRUE,TRUE
Uox,NA,FALSE,FALSE
Upf1,UPF1,TRUE,TRUE
Upk3a,UPK3A,TRUE,TRUE
Upk3bl,UPK3BL1,FALSE,FALSE
Uqcrfs1,UQCRFS1,TRUE,TRUE
Uqcrh,UQCRH,TRUE,TRUE
Urad,URAD,FALSE,FALSE
Urb1,URB1,TRUE,TRUE
Urb2,URB2,TRUE,TRUE
Uri1,URI1,TRUE,TRUE
Usf2,USF2,TRUE,TRUE
Ush1c,USH1C,TRUE,TRUE
Ush2a,USH2A,TRUE,TRUE
Ushbp1,USHBP1,TRUE,TRUE
Usp10,USP10,TRUE,TRUE
Usp11,USP11,TRUE,TRUE
Usp17lc,USP17L10,TRUE,TRUE
Usp17ld,USP17L1,TRUE,TRUE
Usp19,USP19,TRUE,TRUE
Usp2,USP2,TRUE,TRUE
Usp20,USP20,TRUE,TRUE
Usp22,USP22,TRUE,TRUE
Usp24,USP24,TRUE,TRUE
Usp25,USP25,TRUE,TRUE
Usp29,USP29,TRUE,TRUE
Usp3,USP3,TRUE,TRUE
Usp34,USP34,TRUE,TRUE
Usp37,USP37,TRUE,TRUE
Usp48,USP48,TRUE,TRUE
Usp54,USP54,TRUE,TRUE
Usp6nl,USP6NL,TRUE,TRUE
Usp9x,USP9X,TRUE,TRUE
Ust,UST,TRUE,TRUE
Utp14a,UTP14A,TRUE,TRUE
Utp20,UTP20,TRUE,TRUE
Uxs1,UXS1,TRUE,TRUE
Vamp5,VAMP5,TRUE,TRUE
Vamp8,VAMP8,TRUE,TRUE
Vapb,VAPB,TRUE,TRUE
Vars2,VARS2,TRUE,TRUE
Vash1,VASH1,TRUE,TRUE
Vasn,VASN,TRUE,TRUE
Vat1,VAT1,TRUE,TRUE
Vav1,VAV1,TRUE,TRUE
Vav2,VAV2,TRUE,TRUE
Vav3,VAV3,TRUE,TRUE
Vcan,VCAN,TRUE,TRUE
Vcl,VCL,TRUE,TRUE
Vegfc,VEGFC,TRUE,TRUE
Veph1,VEPH1,TRUE,TRUE
Vgll1,VGLL1,TRUE,TRUE
Vhl,VHL,FALSE,FALSE
Vldlr,VLDLR,TRUE,TRUE
Vmac,VMAC,FALSE,FALSE
Vmn1r113,NA,FALSE,FALSE
Vmn1r12,VN1R5,FALSE,FALSE
Vmn1r120,NA,FALSE,FALSE
Vmn1r15,NA,FALSE,FALSE
Vmn1r158,NA,FALSE,FALSE
Vmn1r174,NA,FALSE,FALSE
Vmn1r18,NA,FALSE,FALSE
Vmn1r188,NA,FALSE,FALSE
Vmn1r197,NA,FALSE,FALSE
Vmn1r198,NA,FALSE,FALSE
Vmn1r199,NA,FALSE,FALSE
Vmn1r2,NA,FALSE,FALSE
Vmn1r211,NA,FALSE,FALSE
Vmn1r212,NA,FALSE,FALSE
Vmn1r218,NA,FALSE,FALSE
Vmn1r22,NA,FALSE,FALSE
Vmn1r221,NA,FALSE,FALSE
Vmn1r238,NA,FALSE,FALSE
Vmn1r3,NA,FALSE,FALSE
Vmn1r30,NA,FALSE,FALSE
Vmn1r4,VN1R5,FALSE,FALSE
Vmn1r50,VN1R5,FALSE,FALSE
Vmn1r59,NA,FALSE,FALSE
Vmn1r60,NA,FALSE,FALSE
Vmn1r61,NA,FALSE,FALSE
Vmn1r72,NA,FALSE,FALSE
Vmn1r73,NA,FALSE,FALSE
Vmn1r74,NA,FALSE,FALSE
Vmn1r8,VN1R5,FALSE,FALSE
Vmn1r84,NA,FALSE,FALSE
Vmn1r85,NA,FALSE,FALSE
Vmn2r-ps159,NA,FALSE,FALSE
Vmn2r10,NA,FALSE,FALSE
Vmn2r102,NA,FALSE,FALSE
Vmn2r104,NA,FALSE,FALSE
Vmn2r106,NA,FALSE,FALSE
Vmn2r107,NA,FALSE,FALSE
Vmn2r109,NA,FALSE,FALSE
Vmn2r111,NA,FALSE,FALSE
Vmn2r112,NA,FALSE,FALSE
Vmn2r114,NA,FALSE,FALSE
Vmn2r115,NA,FALSE,FALSE
Vmn2r116,NA,FALSE,FALSE
Vmn2r117,NA,FALSE,FALSE
Vmn2r118,NA,FALSE,FALSE
Vmn2r121,NA,FALSE,FALSE
Vmn2r124,NA,FALSE,FALSE
Vmn2r126,NA,FALSE,FALSE
Vmn2r128,NA,FALSE,FALSE
Vmn2r14,NA,FALSE,FALSE
Vmn2r15,NA,FALSE,FALSE
Vmn2r19,NA,FALSE,FALSE
Vmn2r23,NA,FALSE,FALSE
Vmn2r24,NA,FALSE,FALSE
Vmn2r25,NA,FALSE,FALSE
Vmn2r27,NA,FALSE,FALSE
Vmn2r28,NA,FALSE,FALSE
Vmn2r3,NA,FALSE,FALSE
Vmn2r4,NA,FALSE,FALSE
Vmn2r44,NA,FALSE,FALSE
Vmn2r53,NA,FALSE,FALSE
Vmn2r57,NA,FALSE,FALSE
Vmn2r6,NA,FALSE,FALSE
Vmn2r72,NA,FALSE,FALSE
Vmn2r73,NA,FALSE,FALSE
Vmn2r76,NA,FALSE,FALSE
Vmn2r77,NA,FALSE,FALSE
Vmn2r79,NA,FALSE,FALSE
Vmn2r8,NA,FALSE,FALSE
Vmn2r80,NA,FALSE,FALSE
Vmn2r81,NA,FALSE,FALSE
Vmn2r82,NA,FALSE,FALSE
Vmn2r83,NA,FALSE,FALSE
Vmn2r88,NA,FALSE,FALSE
Vmn2r89,NA,FALSE,FALSE
Vmn2r92,NA,FALSE,FALSE
Vmn2r93,NA,FALSE,FALSE
Vnn1,VNN1,TRUE,TRUE
Vnn3,VNN3P,TRUE,TRUE
Vpreb1,VPREB1,TRUE,TRUE
Vps11,VPS11,TRUE,TRUE
Vps13a,VPS13A,TRUE,TRUE
Vps13b,VPS13B,TRUE,TRUE
Vps13c,VPS13C,TRUE,TRUE
Vps18,VPS18,TRUE,TRUE
Vps4a,VPS4A,TRUE,TRUE
Vps4b,VPS4B,TRUE,TRUE
Vps53,VPS53,TRUE,TRUE
Vps8,VPS8,TRUE,TRUE
Vps9d1,VPS9D1,TRUE,TRUE
Vrtn,VRTN,TRUE,TRUE
Vsig1,VSIG1,TRUE,TRUE
Vsir,VSIR,TRUE,TRUE
Vstm4,VSTM4,TRUE,TRUE
Vstm5,VSTM5,TRUE,TRUE
Vtn,VTN,TRUE,TRUE
Vwa5b1,VWA5B1,TRUE,TRUE
Vwa5b2,VWA5B2,TRUE,TRUE
Vwa8,VWA8,TRUE,TRUE
Vwc2,VWC2,TRUE,TRUE
Vwce,VWCE,TRUE,TRUE
Vwf,VWF,TRUE,TRUE
Wapl,WAPL,TRUE,TRUE
Wasf2,WASF2,TRUE,TRUE
Washc2,WASHC2A,TRUE,TRUE
Washc5,WASHC5,TRUE,TRUE
Wbp2,WBP2,TRUE,TRUE
Wbp2nl,WBP2NL,TRUE,TRUE
Wdfy3,WDFY3,TRUE,TRUE
Wdfy4,WDFY4,TRUE,TRUE
Wdhd1,WDHD1,TRUE,TRUE
Wdr13,WDR13,TRUE,TRUE
Wdr17,WDR17,TRUE,TRUE
Wdr24,WDR24,TRUE,TRUE
Wdr26,WDR26,TRUE,TRUE
Wdr4,WDR4,TRUE,TRUE
Wdr41,WDR41,TRUE,TRUE
Wdr45,WDR45,TRUE,TRUE
Wdr46,WDR46,TRUE,TRUE
Wdr59,WDR59,TRUE,TRUE
Wdr6,WDR6,TRUE,TRUE
Wdr61,SKIC8,TRUE,TRUE
Wdr7,WDR7,TRUE,TRUE
Wdr72,WDR72,TRUE,TRUE
Wdr75,WDR75,TRUE,TRUE
Wdr78,NA,FALSE,FALSE
Wdr81,WDR81,TRUE,TRUE
Wdr82,WDR82,TRUE,TRUE
Wdr89,WDR89,TRUE,TRUE
Wdr90,WDR90,TRUE,TRUE
Wdr91,WDR91,TRUE,TRUE
Wdr95,WDR49,TRUE,TRUE
Wdyhv1,NTAQ1,TRUE,TRUE
Wfdc8,WFDC8,TRUE,TRUE
Wfikkn2,WFIKKN2,TRUE,TRUE
Wfs1,WFS1,TRUE,TRUE
Whrn,WHRN,TRUE,TRUE
Wipi2,WIPI2,TRUE,TRUE
Wnk1,WNK1,TRUE,TRUE
Wnk2,WNK2,TRUE,TRUE
Wnk3,WNK3,TRUE,TRUE
Wnt16,WNT16,TRUE,TRUE
Wnt7a,WNT7A,TRUE,TRUE
Wrn,WRN,TRUE,TRUE
Wscd1,WSCD1,TRUE,TRUE
Wt1,WT1,TRUE,TRUE
Wwc1,WWC1,TRUE,TRUE
Wwc2,WWC2,TRUE,TRUE
Wwox,WWOX,TRUE,TRUE
Wwp1,WWP1,TRUE,TRUE
Xcl1,XCL1,FALSE,FALSE
Xdh,XDH,TRUE,TRUE
Xirp1,XIRP1,TRUE,TRUE
Xirp2,XIRP2,TRUE,TRUE
Xkr5,XKR5,TRUE,TRUE
Xkr6,XKR6,TRUE,TRUE
Xkr8,XKR8,TRUE,TRUE
Xkrx,XKRX,TRUE,TRUE
Xlr3a,FAM9B,TRUE,TRUE
Xlr4b,FAM9B,TRUE,TRUE
Xpa,XPA,TRUE,TRUE
Xpnpep1,XPNPEP1,TRUE,TRUE
Xpo5,XPO5,TRUE,TRUE
Xpo6,XPO6,TRUE,TRUE
Xpo7,XPO7,TRUE,TRUE
Xrra1,XRRA1,TRUE,TRUE
Xylt1,XYLT1,TRUE,TRUE
Yap1,YAP1,TRUE,TRUE
Yars,YARS1,TRUE,TRUE
Yeats4,YEATS4,TRUE,TRUE
Yipf2,YIPF2,TRUE,TRUE
Yipf5,YIPF5,TRUE,TRUE
Yipf7,YIPF7,TRUE,TRUE
Ylpm1,YLPM1,TRUE,TRUE
Ypel4,YPEL4,FALSE,FALSE
Zan,FCGBP,TRUE,TRUE
Zar1l,ZAR1L,TRUE,TRUE
Zbbx,ZBBX,TRUE,TRUE
Zbed5,NA,FALSE,FALSE
Zbtb11,ZBTB11,TRUE,TRUE
Zbtb16,ZBTB16,TRUE,TRUE
Zbtb2,ZBTB2,TRUE,TRUE
Zbtb22,ZBTB22,TRUE,TRUE
Zbtb33,ZBTB33,TRUE,TRUE
Zbtb34,ZBTB34,TRUE,TRUE
Zbtb38,ZBTB38,TRUE,TRUE
Zbtb39,ZBTB39,TRUE,TRUE
Zbtb40,ZBTB40,TRUE,TRUE
Zbtb41,ZBTB41,TRUE,TRUE
Zbtb48,ZBTB48,TRUE,TRUE
Zbtb5,ZBTB5,TRUE,TRUE
Zbtb7b,ZBTB7B,TRUE,TRUE
Zbtb8b,ZBTB8B,TRUE,TRUE
Zc2hc1c,ZC2HC1C,TRUE,TRUE
Zc3h11a,ZC3H11A,TRUE,TRUE
Zc3h12c,ZC3H12C,TRUE,TRUE
Zc3h13,ZC3H13,TRUE,TRUE
Zc3h4,ZC3H4,TRUE,TRUE
Zc3h7a,ZC3H7A,TRUE,TRUE
Zc4h2,ZC4H2,TRUE,TRUE
Zcchc24,ZCCHC24,TRUE,TRUE
Zdhhc13,ZDHHC13,TRUE,TRUE
Zdhhc22,ZDHHC22,TRUE,TRUE
Zdhhc23,ZDHHC23,TRUE,TRUE
Zdhhc5,ZDHHC5,TRUE,TRUE
Zdhhc9,ZDHHC9,TRUE,TRUE
Zeb2,ZEB2,TRUE,TRUE
Zer1,ZER1,TRUE,TRUE
Zfand2b,ZFAND2B,TRUE,TRUE
Zfat,ZFAT,TRUE,TRUE
Zfc3h1,ZFC3H1,TRUE,TRUE
Zfhx2,ZFHX2,TRUE,TRUE
Zfhx3,ZFHX3,TRUE,TRUE
Zfhx4,ZFHX4,TRUE,TRUE
Zfp101,NA,FALSE,FALSE
Zfp106,ZNF106,TRUE,TRUE
Zfp108,ZNF235,TRUE,TRUE
Zfp112,ZNF112,TRUE,TRUE
Zfp13,ZNF205,TRUE,TRUE
Zfp142,ZNF142,TRUE,TRUE
Zfp169,ZNF169,TRUE,TRUE
Zfp182,ZNF182,TRUE,TRUE
Zfp219,ZNF219,TRUE,TRUE
Zfp236,ZNF236,TRUE,TRUE
Zfp260,ZNF260,TRUE,TRUE
Zfp267,ZNF267,TRUE,TRUE
Zfp28,ZFP28,TRUE,TRUE
Zfp292,ZNF292,TRUE,TRUE
Zfp30,ZFP30,TRUE,TRUE
Zfp300,ZNF84,TRUE,TRUE
Zfp326,ZNF326,TRUE,TRUE
Zfp329,ZNF329,TRUE,TRUE
Zfp352,KLF18,TRUE,TRUE
Zfp365,ZNF365,TRUE,TRUE
Zfp366,ZNF366,TRUE,TRUE
Zfp36l1,ZFP36L1,TRUE,TRUE
Zfp36l3,NA,FALSE,FALSE
Zfp384,ZNF384,TRUE,TRUE
Zfp39,ZNF717,TRUE,TRUE
Zfp398,ZNF398,TRUE,TRUE
Zfp407,ZNF407,TRUE,TRUE
Zfp420,ZNF420,TRUE,TRUE
Zfp423,ZNF423,TRUE,TRUE
Zfp438,ZNF438,TRUE,TRUE
Zfp454,ZNF454,TRUE,TRUE
Zfp457,ZNF208,TRUE,TRUE
Zfp458,ZNF100,TRUE,TRUE
Zfp462,ZNF462,TRUE,TRUE
Zfp467,ZNF467,TRUE,TRUE
Zfp512b,ZNF512B,TRUE,TRUE
Zfp513,ZNF513,TRUE,TRUE
Zfp516,ZNF516,TRUE,TRUE
Zfp521,ZNF521,TRUE,TRUE
Zfp532,ZNF532,TRUE,TRUE
Zfp541,ZNF541,TRUE,TRUE
Zfp553,ZNF48,TRUE,TRUE
Zfp57,ZFP57,TRUE,TRUE
Zfp595,ZNF724,TRUE,TRUE
Zfp607a,ZNF780A,TRUE,TRUE
Zfp607b,ZNF780A,TRUE,TRUE
Zfp608,ZNF608,TRUE,TRUE
Zfp609,ZNF609,TRUE,TRUE
Zfp618,ZNF618,TRUE,TRUE
Zfp619,ZNF208,TRUE,TRUE
Zfp623,ZNF623,TRUE,TRUE
Zfp626,ZNF780A,TRUE,TRUE
Zfp64,ZFP64,TRUE,TRUE
Zfp644,ZNF644,TRUE,TRUE
Zfp677,ZNF160,TRUE,TRUE
Zfp68,NA,FALSE,FALSE
Zfp687,ZNF687,TRUE,TRUE
Zfp688,ZNF688,TRUE,TRUE
Zfp69,ZFP69,TRUE,TRUE
Zfp692,ZNF692,TRUE,TRUE
Zfp729a,ZNF107,TRUE,TRUE
Zfp729b,ZNF107,TRUE,TRUE
Zfp747,ZNF764,TRUE,TRUE
Zfp750,ZNF750,TRUE,TRUE
Zfp777,ZNF777,TRUE,TRUE
Zfp790,ZNF790,TRUE,TRUE
Zfp804b,ZNF804B,TRUE,TRUE
Zfp810,NA,FALSE,FALSE
Zfp819,NA,FALSE,FALSE
Zfp830,ZNF830,TRUE,TRUE
Zfp831,ZNF831,TRUE,TRUE
Zfp868,ZNF136,TRUE,TRUE
Zfp871,ZNF136,TRUE,TRUE
Zfp90,ZFP90,TRUE,TRUE
Zfp941,ZNF607,TRUE,TRUE
Zfp955b,NA,FALSE,FALSE
Zfp956,NA,FALSE,FALSE
Zfp957,NA,FALSE,FALSE
Zfp978,NA,FALSE,FALSE
Zfp982,ZNF701,TRUE,TRUE
Zfpm2,ZFPM2,TRUE,TRUE
Zfr2,ZFR2,TRUE,TRUE
Zfyve1,ZFYVE1,TRUE,TRUE
Zfyve26,ZFYVE26,TRUE,TRUE
Zfyve9,ZFYVE9,TRUE,TRUE
Zhx1,ZHX1,TRUE,TRUE
Zhx2,ZHX2,TRUE,TRUE
Zhx3,ZHX3,TRUE,TRUE
Zic1,ZIC1,TRUE,TRUE
Zic5,ZIC5,TRUE,TRUE
Zkscan17,ZNF496,TRUE,TRUE
Zkscan5,ZKSCAN5,TRUE,TRUE
Zkscan6,ZNF18,TRUE,TRUE
Zmat3,ZMAT3,TRUE,TRUE
Zmym3,ZMYM3,TRUE,TRUE
Zmynd15,ZMYND15,TRUE,TRUE
Zmynd8,ZMYND8,TRUE,TRUE
Znfx1,ZNFX1,TRUE,TRUE
Znrf3,ZNRF3,TRUE,TRUE
Zp3r,C4BPA,TRUE,TRUE
Zpld1,ZPLD1,TRUE,TRUE
Zpld2,NA,FALSE,FALSE
Zranb3,ZRANB3,TRUE,TRUE
Zrsr2,ZRSR2,TRUE,TRUE
Zscan18,ZSCAN18,TRUE,TRUE
Zscan20,ZSCAN20,TRUE,TRUE
Zscan21,ZSCAN21,TRUE,TRUE
Zscan25,ZSCAN25,TRUE,TRUE
Zscan4-ps1,ZSCAN4,TRUE,TRUE
Zscan4-ps3,ZSCAN4,TRUE,TRUE
Zscan4d,ZSCAN4,TRUE,TRUE
Zscan5b,ZSCAN5A,TRUE,TRUE
Zswim2,ZSWIM2,TRUE,TRUE
Zswim4,ZSWIM4,TRUE,TRUE
Zswim5,ZSWIM5,TRUE,TRUE
Zswim8,ZSWIM8,TRUE,TRUE
Zswim9,ZSWIM9,TRUE,TRUE
Zyg11b,ZYG11B,TRUE,TRUE
Zyx,ZYX,TRUE,TRUE
Zzef1,ZZEF1,TRUE,TRUE
