gene_symbol,gene_id,protein_id,gene_length_bp,n_mutations,is_candidate,candidate_group,gene_class
1110059E24Rik,ENSMUSG00000035171,ENSMUSP00000048395,468,2,FALSE,NA,Other genes
1300017J02Rik,ENSMUSG00000033688,ENSMUSP00000035163,2103,1,FALSE,NA,Other genes
1600014C10Rik,ENSMUSG00000054676,ENSMUSP00000070449,426,1,FALSE,NA,Other genes
1700003E16Rik,ENSMUSG00000030030,ENSMUSP00000032106,1797,1,FALSE,NA,Other genes
1700006A11Rik,ENSMUSG00000027973,ENSMUSP00000029598,1635,1,FALSE,NA,Other genes
1700013H16Rik,ENSMUSG00000054727,ENSMUSP00000063474,876,4,FALSE,NA,Other genes
1700020A23Rik,ENSMUSG00000027409,ENSMUSP00000105910,396,1,FALSE,NA,Other genes
1700029F12Rik,ENSMUSG00000052075,ENSMUSP00000088938,444,1,FALSE,NA,Other genes
1700057G04Rik,ENSMUSG00000074139,ENSMUSP00000096077,699,2,FALSE,NA,Other genes
1700067K01Rik,ENSMUSG00000046408,ENSMUSP00000062468,1071,1,FALSE,NA,Other genes
1700067P10Rik,ENSMUSG00000021545,ENSMUSP00000022028,552,1,FALSE,NA,Other genes
1700123L14Rik,ENSMUSG00000072878,ENSMUSP00000087515,1323,1,FALSE,NA,Other genes
1810046K07Rik,ENSMUSG00000036027,ENSMUSP00000158857,864,2,FALSE,NA,Other genes
1810065E05Rik,ENSMUSG00000013653,ENSMUSP00000013797,708,1,FALSE,NA,Other genes
2010300C02Rik,ENSMUSG00000026090,ENSMUSP00000123803,3528,5,FALSE,NA,Other genes
2210408I21Rik,ENSMUSG00000071252,ENSMUSP00000127449,3819,1,FALSE,NA,Other genes
2300002M23Rik,ENSMUSG00000039269,ENSMUSP00000038043,1050,8,FALSE,NA,Other genes
2300003K06Rik,ENSMUSG00000078257,ENSMUSP00000100675,789,6,FALSE,NA,Other genes
2310003L06Rik,ENSMUSG00000007457,ENSMUSP00000007601,1485,1,FALSE,NA,Other genes
2310034C09Rik,ENSMUSG00000068078,ENSMUSP00000140130,645,2,FALSE,NA,Other genes
2310050C09Rik,ENSMUSG00000090314,ENSMUSP00000126921,843,1,FALSE,NA,Other genes
2310057N15Rik,ENSMUSG00000048830,ENSMUSP00000062370,603,4,FALSE,NA,Other genes
2410004P03Rik,ENSMUSG00000071398,ENSMUSP00000140390,618,1,FALSE,NA,Other genes
2610507B11Rik,ENSMUSG00000010277,ENSMUSP00000010421,6705,1,FALSE,NA,Other genes
2700049A03Rik,ENSMUSG00000034601,ENSMUSP00000118956,4563,1,FALSE,NA,Other genes
2700081O15Rik,ENSMUSG00000053080,ENSMUSP00000123773,2037,1,FALSE,NA,Other genes
3425401B19Rik,ENSMUSG00000071540,ENSMUSP00000093741,4239,2,FALSE,NA,Other genes
4921507P07Rik,ENSMUSG00000029828,ENSMUSP00000031852,1767,1,FALSE,NA,Other genes
4921517D22Rik,ENSMUSG00000049902,ENSMUSP00000061773,810,1,FALSE,NA,Other genes
4921539E11Rik,ENSMUSG00000028520,ENSMUSP00000030245,1341,1,FALSE,NA,Other genes
4930402K13Rik,ENSMUSG00000045797,ENSMUSP00000053000,1248,1,FALSE,NA,Other genes
4930432K21Rik,ENSMUSG00000008129,ENSMUSP00000113651,1803,1,FALSE,NA,Other genes
4930438A08Rik,ENSMUSG00000069873,ENSMUSP00000104462,1611,1,FALSE,NA,Other genes
4930447A16Rik,ENSMUSG00000022288,ENSMUSP00000022897,399,1,FALSE,NA,Other genes
4930452B06Rik,ENSMUSG00000021747,ENSMUSP00000100061,2025,1,FALSE,NA,Other genes
4930503B20Rik,ENSMUSG00000090202,ENSMUSP00000051453,705,1,FALSE,NA,Other genes
4930516K23Rik,ENSMUSG00000090219,ENSMUSP00000073707,945,1,FALSE,NA,Other genes
4930522H14Rik,ENSMUSG00000060491,ENSMUSP00000099786,693,1,FALSE,NA,Other genes
4930544D05Rik,ENSMUSG00000087279,ENSMUSP00000137259,645,1,FALSE,NA,Other genes
4930578I06Rik,ENSMUSG00000021961,ENSMUSP00000152904,897,1,FALSE,NA,Other genes
4931406B18Rik,ENSMUSG00000013353,ENSMUSP00000013497,1104,2,FALSE,NA,Other genes
4932411N23Rik,ENSMUSG00000058670,ENSMUSP00000079860,1413,1,FALSE,NA,Other genes
4932438A13Rik,ENSMUSG00000037270,ENSMUSP00000117808,15018,5,FALSE,NA,Other genes
4933402D24Rik,ENSMUSG00000025961,ENSMUSP00000027102,504,1,FALSE,NA,Other genes
4933402E13Rik,ENSMUSG00000045330,ENSMUSP00000056260,1290,2,FALSE,NA,Other genes
4933402N03Rik,ENSMUSG00000013668,ENSMUSP00000070291,990,1,FALSE,NA,Other genes
4933412E24Rik,ENSMUSG00000071749,ENSMUSP00000094154,1542,1,FALSE,NA,Other genes
4933414I15Rik,ENSMUSG00000072983,ENSMUSP00000104751,402,1,FALSE,NA,Other genes
4933417A18Rik,ENSMUSG00000021415,ENSMUSP00000125324,684,1,FALSE,NA,Other genes
5330417C22Rik,ENSMUSG00000040412,ENSMUSP00000102236,3042,2,FALSE,NA,Other genes
5430427O19Rik,ENSMUSG00000025058,ENSMUSP00000109609,897,1,FALSE,NA,Other genes
6030458C11Rik,ENSMUSG00000022195,ENSMUSP00000055656,1329,1,FALSE,NA,Other genes
6430571L13Rik,ENSMUSG00000037977,ENSMUSP00000047093,495,2,FALSE,NA,Other genes
6430628N08Rik,ENSMUSG00000034185,ENSMUSP00000146242,534,1,FALSE,NA,Other genes
8030462N17Rik,ENSMUSG00000047466,ENSMUSP00000074225,1200,1,FALSE,NA,Other genes
8030474K03Rik,ENSMUSG00000046774,ENSMUSP00000133189,1665,1,FALSE,NA,Other genes
9130008F23Rik,ENSMUSG00000054951,ENSMUSP00000156735,546,1,FALSE,NA,Other genes
9130019O22Rik,ENSMUSG00000030823,ENSMUSP00000038195,1632,1,FALSE,NA,Other genes
9130230L23Rik,ENSMUSG00000054598,ENSMUSP00000143918,492,1,FALSE,NA,Other genes
9430015G10Rik,ENSMUSG00000059939,ENSMUSP00000072366,600,1,FALSE,NA,Other genes
9530003J23Rik,ENSMUSG00000020177,ENSMUSP00000125436,456,1,FALSE,NA,Other genes
9530053A07Rik,ENSMUSG00000078776,ENSMUSP00000114986,7746,1,FALSE,NA,Other genes
9930021J03Rik,ENSMUSG00000046138,ENSMUSP00000135473,6084,1,FALSE,NA,Other genes
A1cf,ENSMUSG00000052595,ENSMUSP00000075235,1788,3,FALSE,NA,Other genes
A2m,ENSMUSG00000030111,ENSMUSP00000032203,4425,1,FALSE,NA,Other genes
A3galt2,ENSMUSG00000028794,ENSMUSP00000030585,1113,1,FALSE,NA,Other genes
A530016L24Rik,ENSMUSG00000043122,ENSMUSP00000056220,498,1,FALSE,NA,Other genes
A530032D15Rik,ENSMUSG00000089844,ENSMUSP00000123750,648,3,FALSE,NA,Other genes
A530064D06Rik,ENSMUSG00000043939,ENSMUSP00000055935,690,1,FALSE,NA,Other genes
AC147806.1,ENSMUSG00000118591,ENSMUSP00000159208,891,1,FALSE,NA,Other genes
AC167036.1,ENSMUSG00000118590,ENSMUSP00000159245,891,7,FALSE,NA,Other genes
AU015836,ENSMUSG00000081044,ENSMUSP00000130711,792,1,FALSE,NA,Other genes
AU040320,ENSMUSG00000028830,ENSMUSP00000099667,3258,1,FALSE,NA,Other genes
AV320801,ENSMUSG00000054994,ENSMUSP00000068753,1404,1,FALSE,NA,Other genes
AW551984,ENSMUSG00000038112,ENSMUSP00000042582,2415,1,FALSE,NA,Other genes
AW822073,ENSMUSG00000058537,ENSMUSP00000144714,1959,8,FALSE,NA,Other genes
Aadac,ENSMUSG00000027761,ENSMUSP00000029325,1197,1,FALSE,NA,Other genes
Aadacl4fm2,ENSMUSG00000078506,ENSMUSP00000101374,1221,1,FALSE,NA,Other genes
Aadacl4fm5,ENSMUSG00000078504,ENSMUSP00000101372,1182,2,FALSE,NA,Other genes
Aak1,ENSMUSG00000057230,ENSMUSP00000086948,2880,2,FALSE,NA,Other genes
Aard,ENSMUSG00000068522,ENSMUSP00000087479,504,1,FALSE,NA,Other genes
Aars,ENSMUSG00000031960,ENSMUSP00000034441,2907,1,FALSE,NA,Other genes
Aars2,ENSMUSG00000023938,ENSMUSP00000024733,2943,1,FALSE,NA,Other genes
Abca1,ENSMUSG00000015243,ENSMUSP00000030010,6786,3,FALSE,NA,Other genes
Abca13,ENSMUSG00000004668,ENSMUSP00000040465,15105,2,FALSE,NA,Other genes
Abca14,ENSMUSG00000062017,ENSMUSP00000081690,5052,1,FALSE,NA,Other genes
Abca15,ENSMUSG00000054746,ENSMUSP00000112821,5007,2,FALSE,NA,Other genes
Abca16,ENSMUSG00000051900,ENSMUSP00000112736,5037,2,FALSE,NA,Other genes
Abca2,ENSMUSG00000026944,ENSMUSP00000099983,7302,1,FALSE,NA,Other genes
Abca3,ENSMUSG00000024130,ENSMUSP00000045285,5115,1,FALSE,NA,Other genes
Abca4,ENSMUSG00000028125,ENSMUSP00000013995,6933,4,FALSE,NA,Other genes
Abca6,ENSMUSG00000044749,ENSMUSP00000035458,4875,2,FALSE,NA,Other genes
Abcb11,ENSMUSG00000027048,ENSMUSP00000099771,3966,3,FALSE,NA,Other genes
Abcb1a,ENSMUSG00000040584,ENSMUSP00000041204,3831,6,FALSE,NA,Other genes
Abcb4,ENSMUSG00000042476,ENSMUSP00000003717,3831,2,FALSE,NA,Other genes
Abcb7,ENSMUSG00000031333,ENSMUSP00000033695,2259,1,FALSE,NA,Other genes
Abcc1,ENSMUSG00000023088,ENSMUSP00000097743,4587,1,FALSE,NA,Other genes
Abcc2,ENSMUSG00000025194,ENSMUSP00000026208,4632,9,FALSE,NA,Other genes
Abcc3,ENSMUSG00000020865,ENSMUSP00000136343,4572,1,FALSE,NA,Other genes
Abcc9,ENSMUSG00000030249,ENSMUSP00000098390,4641,2,FALSE,NA,Other genes
Abcd2,ENSMUSG00000055782,ENSMUSP00000068940,2226,1,FALSE,NA,Other genes
Abcd4,ENSMUSG00000021240,ENSMUSP00000021666,1821,1,FALSE,NA,Other genes
Abcg1,ENSMUSG00000024030,ENSMUSP00000024829,2001,1,FALSE,NA,Other genes
Abcg4,ENSMUSG00000032131,ENSMUSP00000034648,1941,2,FALSE,NA,Other genes
Abcg8,ENSMUSG00000024254,ENSMUSP00000035246,2022,1,FALSE,NA,Other genes
Abhd13,ENSMUSG00000040396,ENSMUSP00000116130,1014,1,FALSE,NA,Other genes
Abhd15,ENSMUSG00000000686,ENSMUSP00000091541,1380,1,FALSE,NA,Other genes
Abhd16a,ENSMUSG00000007036,ENSMUSP00000007251,1677,1,FALSE,NA,Other genes
Abhd17b,ENSMUSG00000047368,ENSMUSP00000056099,867,1,FALSE,NA,Other genes
Abhd6,ENSMUSG00000025277,ENSMUSP00000129169,1011,1,FALSE,NA,Other genes
Abi3bp,ENSMUSG00000035258,ENSMUSP00000156096,4914,1,FALSE,NA,Other genes
Abl2,ENSMUSG00000026596,ENSMUSP00000027888,3549,1,FALSE,NA,Other genes
Abtb1,ENSMUSG00000030083,ENSMUSP00000032169,1437,1,FALSE,NA,Other genes
Abtb2,ENSMUSG00000032724,ENSMUSP00000075566,3075,1,FALSE,NA,Other genes
Acaca,ENSMUSG00000020532,ENSMUSP00000099490,7038,1,FALSE,NA,Other genes
Acad10,ENSMUSG00000029456,ENSMUSP00000031412,3210,1,FALSE,NA,Other genes
Acad11,ENSMUSG00000090150,ENSMUSP00000043424,2340,1,FALSE,NA,Other genes
Acadm,ENSMUSG00000062908,ENSMUSP00000072483,1266,1,FALSE,NA,Other genes
Acadsb,ENSMUSG00000030861,ENSMUSP00000113948,1398,2,FALSE,NA,Other genes
Acan,ENSMUSG00000030607,ENSMUSP00000032835,6399,2,FALSE,NA,Other genes
Acap3,ENSMUSG00000029033,ENSMUSP00000101209,2502,2,FALSE,NA,Other genes
Acat3,ENSMUSG00000062480,ENSMUSP00000125454,1194,1,FALSE,NA,Other genes
Ace,ENSMUSG00000020681,ENSMUSP00000001963,3939,1,FALSE,NA,Other genes
Ache,ENSMUSG00000023328,ENSMUSP00000024099,1845,1,FALSE,NA,Other genes
Acin1,ENSMUSG00000022185,ENSMUSP00000022793,4017,1,FALSE,NA,Other genes
Ackr1,ENSMUSG00000037872,ENSMUSP00000045134,1005,2,FALSE,NA,Other genes
Acnat1,ENSMUSG00000070985,ENSMUSP00000092702,1251,2,FALSE,NA,Other genes
Acnat2,ENSMUSG00000060317,ENSMUSP00000080256,1263,1,FALSE,NA,Other genes
Aco1,ENSMUSG00000028405,ENSMUSP00000100038,2670,3,FALSE,NA,Other genes
Acod1,ENSMUSG00000022126,ENSMUSP00000022722,1467,2,FALSE,NA,Other genes
Acot5,ENSMUSG00000042540,ENSMUSP00000042019,1266,1,FALSE,NA,Other genes
Acot7,ENSMUSG00000028937,ENSMUSP00000129121,1155,2,FALSE,NA,Other genes
Acot9,ENSMUSG00000025287,ENSMUSP00000026324,1320,1,FALSE,NA,Other genes
Acox1,ENSMUSG00000020777,ENSMUSP00000063325,1986,1,FALSE,NA,Other genes
Acox2,ENSMUSG00000021751,ENSMUSP00000022271,2046,1,FALSE,NA,Other genes
Acp5,ENSMUSG00000001348,ENSMUSP00000065425,984,1,FALSE,NA,Other genes
Acp7,ENSMUSG00000037469,ENSMUSP00000045437,1491,1,FALSE,NA,Other genes
Acrbp,ENSMUSG00000072770,ENSMUSP00000085632,1623,1,FALSE,NA,Other genes
Acsbg1,ENSMUSG00000032281,ENSMUSP00000034822,2166,2,FALSE,NA,Other genes
Acsbg2,ENSMUSG00000024207,ENSMUSP00000042352,2004,1,FALSE,NA,Other genes
Acsbg3,ENSMUSG00000024209,ENSMUSP00000025048,2118,2,FALSE,NA,Other genes
Acsf2,ENSMUSG00000076435,ENSMUSP00000099453,1848,2,FALSE,NA,Other genes
Acsm2,ENSMUSG00000030945,ENSMUSP00000095690,1803,1,FALSE,NA,Other genes
Acsm3,ENSMUSG00000030935,ENSMUSP00000102139,1869,2,FALSE,NA,Other genes
Acsm5,ENSMUSG00000030972,ENSMUSP00000063416,1737,1,FALSE,NA,Other genes
Acss1,ENSMUSG00000027452,ENSMUSP00000028944,2049,1,FALSE,NA,Other genes
Acss3,ENSMUSG00000035948,ENSMUSP00000128209,2049,2,FALSE,NA,Other genes
Acte1,ENSMUSG00000031085,ENSMUSP00000115809,1119,1,FALSE,NA,Other genes
Actl11,ENSMUSG00000066368,ENSMUSP00000082150,3624,2,FALSE,NA,Other genes
Actn1,ENSMUSG00000015143,ENSMUSP00000021554,2679,1,FALSE,NA,Other genes
Actr1a,ENSMUSG00000025228,ENSMUSP00000039844,1131,1,FALSE,NA,Other genes
Actr1b,ENSMUSG00000037351,ENSMUSP00000047326,1131,2,FALSE,NA,Other genes
Actr2,ENSMUSG00000020152,ENSMUSP00000000137,1185,1,FALSE,NA,Other genes
Actr3,ENSMUSG00000026341,ENSMUSP00000137503,1257,1,FALSE,NA,Other genes
Actr5,ENSMUSG00000037761,ENSMUSP00000046658,1827,2,FALSE,NA,Other genes
Actr6,ENSMUSG00000019948,ENSMUSP00000020109,1191,2,FALSE,NA,Other genes
Adad1,ENSMUSG00000027719,ENSMUSP00000115260,1860,1,FALSE,NA,Other genes
Adam11,ENSMUSG00000020926,ENSMUSP00000069466,2337,1,FALSE,NA,Other genes
Adam15,ENSMUSG00000028041,ENSMUSP00000139147,2595,2,FALSE,NA,Other genes
Adam17,ENSMUSG00000052593,ENSMUSP00000099087,2541,1,FALSE,NA,Other genes
Adam19,ENSMUSG00000011256,ENSMUSP00000011400,2763,1,FALSE,NA,Other genes
Adam20,ENSMUSG00000046282,ENSMUSP00000057794,2283,2,FALSE,NA,Other genes
Adam21,ENSMUSG00000008438,ENSMUSP00000008582,2190,1,FALSE,NA,Other genes
Adam23,ENSMUSG00000025964,ENSMUSP00000084633,2490,2,FALSE,NA,Other genes
Adam26a,ENSMUSG00000048516,ENSMUSP00000058256,2094,2,FALSE,NA,Other genes
Adam26b,ENSMUSG00000063900,ENSMUSP00000079032,2100,1,FALSE,NA,Other genes
Adam29,ENSMUSG00000046258,ENSMUSP00000054292,2292,3,FALSE,NA,Other genes
Adam33,ENSMUSG00000027318,ENSMUSP00000105861,2394,2,FALSE,NA,Other genes
Adam34,ENSMUSG00000079058,ENSMUSP00000106041,2145,1,FALSE,NA,Other genes
Adam34l,ENSMUSG00000050190,ENSMUSP00000058858,2211,1,FALSE,NA,Other genes
Adam39,ENSMUSG00000054033,ENSMUSP00000065783,2271,1,FALSE,NA,Other genes
Adam5,ENSMUSG00000031554,ENSMUSP00000052661,2316,1,FALSE,NA,Other genes
Adam9,ENSMUSG00000031555,ENSMUSP00000146545,2592,1,FALSE,NA,Other genes
Adamts15,ENSMUSG00000033453,ENSMUSP00000067022,2853,1,FALSE,NA,Other genes
Adamts20,ENSMUSG00000022449,ENSMUSP00000036330,5721,1,FALSE,NA,Other genes
Adamts5,ENSMUSG00000022894,ENSMUSP00000023611,2793,1,FALSE,NA,Other genes
Adamts7,ENSMUSG00000032363,ENSMUSP00000108682,4974,3,FALSE,NA,Other genes
Adamts8,ENSMUSG00000031994,ENSMUSP00000069644,2718,1,FALSE,NA,Other genes
Adamtsl1,ENSMUSG00000066113,ENSMUSP00000102796,5262,1,FALSE,NA,Other genes
Adamtsl2,ENSMUSG00000036040,ENSMUSP00000088774,2874,1,FALSE,NA,Other genes
Adamtsl3,ENSMUSG00000070469,ENSMUSP00000133637,5121,1,FALSE,NA,Other genes
Adamtsl4,ENSMUSG00000015850,ENSMUSP00000113424,3111,1,FALSE,NA,Other genes
Adar,ENSMUSG00000027951,ENSMUSP00000103028,3537,1,FALSE,NA,Other genes
Adarb1,ENSMUSG00000020262,ENSMUSP00000095976,2136,1,FALSE,NA,Other genes
Adat2,ENSMUSG00000019808,ENSMUSP00000019944,576,1,FALSE,NA,Other genes
Adck5,ENSMUSG00000022550,ENSMUSP00000125055,1749,1,FALSE,NA,Other genes
Adcy10,ENSMUSG00000026567,ENSMUSP00000027852,4845,6,FALSE,NA,Other genes
Adcy2,ENSMUSG00000021536,ENSMUSP00000022013,3288,1,FALSE,NA,Other genes
Adcy3,ENSMUSG00000020654,ENSMUSP00000115406,3438,1,FALSE,NA,Other genes
Adcy4,ENSMUSG00000022220,ENSMUSP00000130530,3234,2,FALSE,NA,Other genes
Adcy6,ENSMUSG00000022994,ENSMUSP00000093939,3507,2,FALSE,NA,Other genes
Adcy9,ENSMUSG00000005580,ENSMUSP00000113498,4062,2,FALSE,NA,Other genes
Adcyap1r1,ENSMUSG00000029778,ENSMUSP00000126994,1575,1,FALSE,NA,Other genes
Add1,ENSMUSG00000029106,ENSMUSP00000109979,2208,1,FALSE,NA,Other genes
Add3,ENSMUSG00000025026,ENSMUSP00000158149,2121,1,FALSE,NA,Other genes
Adgrb2,ENSMUSG00000028782,ENSMUSP00000030571,4734,1,FALSE,NA,Other genes
Adgrb3,ENSMUSG00000033569,ENSMUSP00000119804,4569,1,FALSE,NA,Other genes
Adgrg3,ENSMUSG00000060470,ENSMUSP00000051079,1629,1,FALSE,NA,Other genes
Adgrg4,ENSMUSG00000053852,ENSMUSP00000116634,9222,3,FALSE,NA,Other genes
Adgrg5,ENSMUSG00000061577,ENSMUSP00000132628,1575,1,FALSE,NA,Other genes
Adgrg6,ENSMUSG00000039116,ENSMUSP00000158717,3663,1,FALSE,NA,Other genes
Adgrv1,ENSMUSG00000069170,ENSMUSP00000093245,18897,4,FALSE,NA,Other genes
Adh5,ENSMUSG00000028138,ENSMUSP00000005964,1125,1,FALSE,NA,Other genes
Adh6b,ENSMUSG00000074206,ENSMUSP00000148703,1155,2,FALSE,NA,Other genes
Adi1,ENSMUSG00000020629,ENSMUSP00000020957,540,1,FALSE,NA,Other genes
Adipoq,ENSMUSG00000022878,ENSMUSP00000023593,744,2,FALSE,NA,Other genes
Adipor2,ENSMUSG00000030168,ENSMUSP00000032272,1161,1,FALSE,NA,Other genes
Adnp,ENSMUSG00000051149,ENSMUSP00000056809,3327,2,FALSE,NA,Other genes
Adora2b,ENSMUSG00000018500,ENSMUSP00000018644,999,1,FALSE,NA,Other genes
Adprh,ENSMUSG00000002844,ENSMUSP00000002923,1089,1,FALSE,NA,Other genes
Adra1a,ENSMUSG00000045875,ENSMUSP00000053703,1401,2,FALSE,NA,Other genes
Adra1b,ENSMUSG00000050541,ENSMUSP00000070200,1548,1,FALSE,NA,Other genes
Adra2a,ENSMUSG00000033717,ENSMUSP00000036203,1398,1,FALSE,NA,Other genes
Adssl1,ENSMUSG00000011148,ENSMUSP00000136572,1443,1,FALSE,NA,Other genes
Aebp2,ENSMUSG00000030232,ENSMUSP00000092993,1515,1,FALSE,NA,Other genes
Afap1,ENSMUSG00000029094,ENSMUSP00000067779,2196,1,FALSE,NA,Other genes
Afdn,ENSMUSG00000068036,ENSMUSP00000119153,5484,1,FALSE,NA,Other genes
Aff3,ENSMUSG00000037138,ENSMUSP00000159147,3765,2,FALSE,NA,Other genes
Afg1l,ENSMUSG00000038302,ENSMUSP00000036149,1443,2,FALSE,NA,Other genes
Afg3l1,ENSMUSG00000031967,ENSMUSP00000001520,2370,2,FALSE,NA,Other genes
Aftph,ENSMUSG00000049659,ENSMUSP00000121612,2796,1,FALSE,NA,Other genes
Agbl2,ENSMUSG00000040812,ENSMUSP00000107106,2589,1,FALSE,NA,Other genes
Agbl5,ENSMUSG00000029165,ENSMUSP00000143808,2661,2,FALSE,NA,Other genes
Ager,ENSMUSG00000015452,ENSMUSP00000015596,1209,1,FALSE,NA,Other genes
Agfg1,ENSMUSG00000026159,ENSMUSP00000140785,1686,1,FALSE,NA,Other genes
Aggf1,ENSMUSG00000021681,ENSMUSP00000022189,2136,3,FALSE,NA,Other genes
Agmo,ENSMUSG00000050103,ENSMUSP00000051441,1344,1,FALSE,NA,Other genes
Agpat5,ENSMUSG00000031467,ENSMUSP00000117025,1098,1,FALSE,NA,Other genes
Agr2,ENSMUSG00000020581,ENSMUSP00000020898,528,1,FALSE,NA,Other genes
Agrn,ENSMUSG00000041936,ENSMUSP00000137931,6105,2,FALSE,NA,Other genes
Agt,ENSMUSG00000031980,ENSMUSP00000066488,1449,1,FALSE,NA,Other genes
Agtr1b,ENSMUSG00000054988,ENSMUSP00000068298,1080,1,FALSE,NA,Other genes
Ahctf1,ENSMUSG00000026491,ENSMUSP00000027768,6732,1,FALSE,NA,Other genes
Ahdc1,ENSMUSG00000037692,ENSMUSP00000101535,4785,1,FALSE,NA,Other genes
Ahnak,ENSMUSG00000069833,ENSMUSP00000090633,16971,3,FALSE,NA,Other genes
Ahsa2,ENSMUSG00000020288,ENSMUSP00000020529,996,1,FALSE,NA,Other genes
Aifm2,ENSMUSG00000020085,ENSMUSP00000078998,1143,1,FALSE,NA,Other genes
Aipl1,ENSMUSG00000040554,ENSMUSP00000036279,987,1,FALSE,NA,Other genes
Ajm1,ENSMUSG00000029419,ENSMUSP00000109855,2925,1,FALSE,NA,Other genes
Ajuba,ENSMUSG00000022178,ENSMUSP00000056977,1644,2,FALSE,NA,Other genes
Ak1,ENSMUSG00000026817,ENSMUSP00000068479,633,1,FALSE,NA,Other genes
Akap12,ENSMUSG00000038587,ENSMUSP00000035829,5055,1,FALSE,NA,Other genes
Akap13,ENSMUSG00000066406,ENSMUSP00000147237,8385,3,FALSE,NA,Other genes
Akap4,ENSMUSG00000050089,ENSMUSP00000050962,2550,1,FALSE,NA,Other genes
Akap6,ENSMUSG00000061603,ENSMUSP00000093406,6924,1,FALSE,NA,Other genes
Akap9,ENSMUSG00000040407,ENSMUSP00000046129,11340,9,FALSE,NA,Other genes
Akr1b10,ENSMUSG00000061758,ENSMUSP00000039114,951,2,FALSE,NA,Other genes
Akr1b7,ENSMUSG00000052131,ENSMUSP00000007449,951,1,FALSE,NA,Other genes
Akr1c12,ENSMUSG00000021211,ENSMUSP00000021632,972,1,FALSE,NA,Other genes
Akr1c6,ENSMUSG00000021210,ENSMUSP00000021630,972,1,FALSE,NA,Other genes
Akr1d1,ENSMUSG00000038641,ENSMUSP00000048830,978,1,FALSE,NA,Other genes
Akt2,ENSMUSG00000004056,ENSMUSP00000103981,1446,1,FALSE,NA,Other genes
Alas1,ENSMUSG00000032786,ENSMUSP00000108143,1929,2,FALSE,NA,Other genes
Albfm1,ENSMUSG00000070690,ENSMUSP00000092198,1863,1,FALSE,NA,Other genes
Aldh1b1,ENSMUSG00000035561,ENSMUSP00000041260,1560,1,FALSE,NA,Other genes
Aldh1l1,ENSMUSG00000030088,ENSMUSP00000114304,2709,2,FALSE,NA,Other genes
Aldh4a1,ENSMUSG00000028737,ENSMUSP00000043821,1689,2,FALSE,NA,Other genes
Aldh6a1,ENSMUSG00000021238,ENSMUSP00000082288,1608,1,FALSE,NA,Other genes
Aldh9a1,ENSMUSG00000026687,ENSMUSP00000028004,1557,2,FALSE,NA,Other genes
Alg6,ENSMUSG00000073792,ENSMUSP00000095574,1524,1,FALSE,NA,Other genes
Alk,ENSMUSG00000055471,ENSMUSP00000083840,4866,2,FALSE,NA,Other genes
Alkbh3,ENSMUSG00000040174,ENSMUSP00000106871,864,1,FALSE,NA,Other genes
Alkbh8,ENSMUSG00000025899,ENSMUSP00000061511,1995,1,FALSE,NA,Other genes
Alms1,ENSMUSG00000063810,ENSMUSP00000148796,11163,1,FALSE,NA,Other genes
Alox15,ENSMUSG00000018924,ENSMUSP00000019068,1992,2,FALSE,NA,Other genes
Alox5,ENSMUSG00000025701,ENSMUSP00000026795,2025,1,FALSE,NA,Other genes
Alpi,ENSMUSG00000079440,ENSMUSP00000108895,1665,1,FALSE,NA,Other genes
Alpk1,ENSMUSG00000028028,ENSMUSP00000143223,3696,1,FALSE,NA,Other genes
Alpk2,ENSMUSG00000032845,ENSMUSP00000048752,6435,2,FALSE,NA,Other genes
Alpk3,ENSMUSG00000038763,ENSMUSP00000102971,5043,1,FALSE,NA,Other genes
Alppl2,ENSMUSG00000026246,ENSMUSP00000027455,1590,1,FALSE,NA,Other genes
Als2,ENSMUSG00000026024,ENSMUSP00000027178,4956,1,FALSE,NA,Other genes
Alx3,ENSMUSG00000014603,ENSMUSP00000014747,1032,1,FALSE,NA,Other genes
Ambp,ENSMUSG00000028356,ENSMUSP00000030041,1050,2,FALSE,NA,Other genes
Ambra1,ENSMUSG00000040506,ENSMUSP00000049258,3903,1,FALSE,NA,Other genes
Amdhd1,ENSMUSG00000015890,ENSMUSP00000016034,1281,1,FALSE,NA,Other genes
Amer1,ENSMUSG00000050332,ENSMUSP00000109502,3399,2,FALSE,NA,Other genes
Amer2,ENSMUSG00000021986,ENSMUSP00000022561,2019,1,FALSE,NA,Other genes
Amer3,ENSMUSG00000045174,ENSMUSP00000054748,2343,1,FALSE,NA,Other genes
Amfr,ENSMUSG00000031751,ENSMUSP00000052258,1920,1,FALSE,NA,Other genes
Amigo3,ENSMUSG00000032593,ENSMUSP00000082137,1527,1,FALSE,NA,Other genes
Amot,ENSMUSG00000041688,ENSMUSP00000108455,3381,3,FALSE,NA,Other genes
Amotl1,ENSMUSG00000013076,ENSMUSP00000152834,3018,2,FALSE,NA,Other genes
Amotl2,ENSMUSG00000032531,ENSMUSP00000121113,2418,1,FALSE,NA,Other genes
Ampd1,ENSMUSG00000070385,ENSMUSP00000088217,2238,1,FALSE,NA,Other genes
Ampd2,ENSMUSG00000027889,ENSMUSP00000077946,2475,1,FALSE,NA,Other genes
Amph,ENSMUSG00000021314,ENSMUSP00000159202,2463,1,FALSE,NA,Other genes
Amt,ENSMUSG00000032607,ENSMUSP00000035230,1212,1,FALSE,NA,Other genes
Anapc4,ENSMUSG00000029176,ENSMUSP00000031072,2424,1,FALSE,NA,Other genes
Anapc7,ENSMUSG00000029466,ENSMUSP00000113928,1698,1,FALSE,NA,Other genes
Ang5,ENSMUSG00000053961,ENSMUSP00000067008,438,1,FALSE,NA,Other genes
Angel2,ENSMUSG00000026634,ENSMUSP00000064556,1635,2,FALSE,NA,Other genes
Angpt1,ENSMUSG00000022309,ENSMUSP00000022921,1497,1,FALSE,NA,Other genes
Angptl6,ENSMUSG00000038742,ENSMUSP00000035784,1374,1,FALSE,NA,Other genes
Ank2,ENSMUSG00000032826,ENSMUSP00000138620,11781,3,FALSE,NA,Other genes
Ankar,ENSMUSG00000039342,ENSMUSP00000054056,4398,1,FALSE,NA,Other genes
Ankfn1,ENSMUSG00000047773,ENSMUSP00000158789,3861,2,FALSE,NA,Other genes
Ankfy1,ENSMUSG00000020790,ENSMUSP00000118751,3510,1,FALSE,NA,Other genes
Ankhd1,ENSMUSG00000024483,ENSMUSP00000123270,7647,2,FALSE,NA,Other genes
Ankk1,ENSMUSG00000032257,ENSMUSP00000034792,2238,1,FALSE,NA,Other genes
Ankrd11,ENSMUSG00000035569,ENSMUSP00000095938,7995,1,FALSE,NA,Other genes
Ankrd26,ENSMUSG00000007827,ENSMUSP00000108449,5046,1,FALSE,NA,Other genes
Ankrd28,ENSMUSG00000014496,ENSMUSP00000153992,3252,1,FALSE,NA,Other genes
Ankrd33,ENSMUSG00000047034,ENSMUSP00000155584,1158,1,FALSE,NA,Other genes
Ankrd39,ENSMUSG00000079610,ENSMUSP00000001172,552,1,FALSE,NA,Other genes
Ankrd42,ENSMUSG00000041343,ENSMUSP00000061208,1584,1,FALSE,NA,Other genes
Ankrd50,ENSMUSG00000044864,ENSMUSP00000122842,4173,1,FALSE,NA,Other genes
Ankrd6,ENSMUSG00000040183,ENSMUSP00000041300,2139,2,FALSE,NA,Other genes
Ankrd65,ENSMUSG00000078487,ENSMUSP00000129173,1140,1,FALSE,NA,Other genes
Anks1,ENSMUSG00000024219,ENSMUSP00000025058,3570,1,FALSE,NA,Other genes
Anks3,ENSMUSG00000022515,ENSMUSP00000023157,1968,1,FALSE,NA,Other genes
Anks6,ENSMUSG00000066191,ENSMUSP00000155271,2652,2,FALSE,NA,Other genes
Anln,ENSMUSG00000036777,ENSMUSP00000045873,3366,1,FALSE,NA,Other genes
Ano2,ENSMUSG00000038115,ENSMUSP00000125303,3009,1,FALSE,NA,Other genes
Ano4,ENSMUSG00000035189,ENSMUSP00000138193,2868,1,FALSE,NA,Other genes
Ano5,ENSMUSG00000055489,ENSMUSP00000046884,2715,3,FALSE,NA,Other genes
Ano6,ENSMUSG00000064210,ENSMUSP00000153954,2799,1,FALSE,NA,Other genes
Ano9,ENSMUSG00000054662,ENSMUSP00000067689,2244,1,FALSE,NA,Other genes
Anxa1,ENSMUSG00000024659,ENSMUSP00000158305,1041,1,FALSE,NA,Other genes
Anxa6,ENSMUSG00000018340,ENSMUSP00000104511,2022,1,FALSE,NA,Other genes
Aox1,ENSMUSG00000063558,ENSMUSP00000001027,4002,1,FALSE,NA,Other genes
Aox2,ENSMUSG00000079554,ENSMUSP00000110006,4038,1,FALSE,NA,Other genes
Aox4,ENSMUSG00000038242,ENSMUSP00000048929,4011,1,FALSE,NA,Other genes
Ap1b1,ENSMUSG00000009090,ENSMUSP00000009234,2832,1,FALSE,NA,Other genes
Ap1m1,ENSMUSG00000003033,ENSMUSP00000003117,1272,2,FALSE,NA,Other genes
Ap2a2,ENSMUSG00000002957,ENSMUSP00000003038,2817,1,FALSE,NA,Other genes
Ap2b1,ENSMUSG00000035152,ENSMUSP00000018875,2856,1,FALSE,NA,Other genes
Ap3b1,ENSMUSG00000021686,ENSMUSP00000022196,3318,1,FALSE,NA,Other genes
Ap3b2,ENSMUSG00000062444,ENSMUSP00000158658,3306,3,FALSE,NA,Other genes
Ap4e1,ENSMUSG00000001998,ENSMUSP00000002063,3369,1,FALSE,NA,Other genes
Ap5b1,ENSMUSG00000049562,ENSMUSP00000157737,2631,1,FALSE,NA,Other genes
Apaf1,ENSMUSG00000019979,ENSMUSP00000125291,3750,2,FALSE,NA,Other genes
Apba2,ENSMUSG00000030519,ENSMUSP00000032732,2253,2,FALSE,NA,Other genes
Apbb2,ENSMUSG00000029207,ENSMUSP00000123752,2283,1,FALSE,NA,Other genes
Apbb3,ENSMUSG00000117679,ENSMUSP00000001415,1461,1,FALSE,NA,Other genes
Apc2,ENSMUSG00000020135,ENSMUSP00000100996,6912,1,FALSE,NA,Other genes
Apcdd1,ENSMUSG00000071847,ENSMUSP00000157539,1545,2,FALSE,NA,Other genes
Apob,ENSMUSG00000020609,ENSMUSP00000036044,13518,8,FALSE,NA,Other genes
Apol10b,ENSMUSG00000050014,ENSMUSP00000086890,1005,2,FALSE,NA,Other genes
Apol11a,ENSMUSG00000091650,ENSMUSP00000132565,1005,1,FALSE,NA,Other genes
Apol7c,ENSMUSG00000044309,ENSMUSP00000050745,1110,1,FALSE,NA,Other genes
Apold1,ENSMUSG00000090698,ENSMUSP00000132366,741,1,FALSE,NA,Other genes
Appl1,ENSMUSG00000040760,ENSMUSP00000042875,2124,1,FALSE,NA,Other genes
Aqr,ENSMUSG00000040383,ENSMUSP00000047157,4446,2,FALSE,NA,Other genes
Arap1,ENSMUSG00000032812,ENSMUSP00000081958,4359,2,FALSE,NA,Other genes
Arap3,ENSMUSG00000024451,ENSMUSP00000035662,4617,1,FALSE,NA,Other genes
Arc,ENSMUSG00000022602,ENSMUSP00000023268,1191,1,FALSE,NA,Other genes
Arcn1,ENSMUSG00000032096,ENSMUSP00000034607,1536,11,FALSE,NA,Other genes
Arfgap3,ENSMUSG00000054277,ENSMUSP00000064893,1575,1,FALSE,NA,Other genes
Arfgef1,ENSMUSG00000067851,ENSMUSP00000085986,5541,1,FALSE,NA,Other genes
Arfgef2,ENSMUSG00000074582,ENSMUSP00000096677,5379,1,FALSE,NA,Other genes
Arfgef3,ENSMUSG00000019852,ENSMUSP00000149210,6513,6,FALSE,NA,Other genes
Arg2,ENSMUSG00000021125,ENSMUSP00000021550,1065,1,FALSE,NA,Other genes
Arhgap10,ENSMUSG00000037148,ENSMUSP00000075658,2361,1,FALSE,NA,Other genes
Arhgap12,ENSMUSG00000041225,ENSMUSP00000138464,2532,1,FALSE,NA,Other genes
Arhgap20,ENSMUSG00000053199,ENSMUSP00000065633,3549,1,FALSE,NA,Other genes
Arhgap21,ENSMUSG00000036591,ENSMUSP00000120357,5868,2,FALSE,NA,Other genes
Arhgap22,ENSMUSG00000063506,ENSMUSP00000107587,2109,2,FALSE,NA,Other genes
Arhgap23,ENSMUSG00000049807,ENSMUSP00000112999,4467,2,FALSE,NA,Other genes
Arhgap25,ENSMUSG00000030047,ENSMUSP00000109267,1947,1,FALSE,NA,Other genes
Arhgap27,ENSMUSG00000034255,ENSMUSP00000102639,2610,2,FALSE,NA,Other genes
Arhgap31,ENSMUSG00000022799,ENSMUSP00000023487,4278,1,FALSE,NA,Other genes
Arhgap33,ENSMUSG00000036882,ENSMUSP00000146602,3918,1,FALSE,NA,Other genes
Arhgap33os,ENSMUSG00000062132,ENSMUSP00000158607,2004,1,FALSE,NA,Other genes
Arhgap36,ENSMUSG00000036198,ENSMUSP00000110554,1773,1,FALSE,NA,Other genes
Arhgap40,ENSMUSG00000074625,ENSMUSP00000096736,2028,1,FALSE,NA,Other genes
Arhgap44,ENSMUSG00000033389,ENSMUSP00000090681,2445,1,FALSE,NA,Other genes
Arhgap45,ENSMUSG00000035697,ENSMUSP00000101012,3384,1,FALSE,NA,Other genes
Arhgap5,ENSMUSG00000035133,ENSMUSP00000151809,4512,1,FALSE,NA,Other genes
Arhgap6,ENSMUSG00000031355,ENSMUSP00000033721,2964,1,FALSE,NA,Other genes
Arhgdig,ENSMUSG00000073433,ENSMUSP00000025019,678,1,FALSE,NA,Other genes
Arhgef10,ENSMUSG00000071176,ENSMUSP00000081225,4038,1,FALSE,NA,Other genes
Arhgef11,ENSMUSG00000041977,ENSMUSP00000039900,4659,2,FALSE,NA,Other genes
Arhgef12,ENSMUSG00000059495,ENSMUSP00000126598,4635,1,FALSE,NA,Other genes
Arhgef19,ENSMUSG00000028919,ENSMUSP00000006618,2409,1,FALSE,NA,Other genes
Arhgef40,ENSMUSG00000004562,ENSMUSP00000138125,4581,1,FALSE,NA,Other genes
Arhgef6,ENSMUSG00000031133,ENSMUSP00000033468,2388,1,FALSE,NA,Other genes
Arhgef7,ENSMUSG00000031511,ENSMUSP00000106534,2349,2,FALSE,NA,Other genes
Arid1a,ENSMUSG00000007880,ENSMUSP00000122354,6864,5,FALSE,NA,Other genes
Arid1b,ENSMUSG00000069729,ENSMUSP00000156119,6891,2,FALSE,NA,Other genes
Arid3b,ENSMUSG00000004661,ENSMUSP00000130173,1707,1,FALSE,NA,Other genes
Arid5b,ENSMUSG00000019947,ENSMUSP00000151227,3567,1,FALSE,NA,Other genes
Arl13b,ENSMUSG00000022911,ENSMUSP00000086703,1284,1,FALSE,NA,Other genes
Arl14ep,ENSMUSG00000027122,ENSMUSP00000028536,831,1,FALSE,NA,Other genes
Arl16,ENSMUSG00000057594,ENSMUSP00000076188,522,1,FALSE,NA,Other genes
Arl3,ENSMUSG00000025035,ENSMUSP00000026009,549,1,FALSE,NA,Other genes
Arl5c,ENSMUSG00000038352,ENSMUSP00000037214,540,2,FALSE,NA,Other genes
Armc3,ENSMUSG00000037683,ENSMUSP00000110287,2646,1,FALSE,NA,Other genes
Armc4,ENSMUSG00000061802,ENSMUSP00000157197,3114,1,FALSE,NA,Other genes
Armc6,ENSMUSG00000002343,ENSMUSP00000019679,1407,1,FALSE,NA,Other genes
Armc7,ENSMUSG00000057219,ENSMUSP00000046120,597,1,FALSE,NA,Other genes
Armcx2,ENSMUSG00000033436,ENSMUSP00000112507,2355,2,FALSE,NA,Other genes
Armcx4,ENSMUSG00000049804,ENSMUSP00000132914,7071,1,FALSE,NA,Other genes
Armh3,ENSMUSG00000039901,ENSMUSP00000048454,2070,1,FALSE,NA,Other genes
Arpc1b,ENSMUSG00000029622,ENSMUSP00000143438,1131,1,FALSE,NA,Other genes
Arrdc1,ENSMUSG00000026972,ENSMUSP00000028349,1305,1,FALSE,NA,Other genes
Arrdc2,ENSMUSG00000002910,ENSMUSP00000002989,1224,1,FALSE,NA,Other genes
Arsa,ENSMUSG00000022620,ENSMUSP00000127646,1521,2,FALSE,NA,Other genes
Arsg,ENSMUSG00000020604,ENSMUSP00000102308,1578,1,FALSE,NA,Other genes
Arsj,ENSMUSG00000046561,ENSMUSP00000091511,1797,2,FALSE,NA,Other genes
Arsk,ENSMUSG00000021592,ENSMUSP00000113274,1671,1,FALSE,NA,Other genes
Art2b,ENSMUSG00000030651,ENSMUSP00000065658,870,1,FALSE,NA,Other genes
Asap1,ENSMUSG00000022377,ENSMUSP00000134825,3444,2,FALSE,NA,Other genes
Asap2,ENSMUSG00000052632,ENSMUSP00000063217,3003,1,FALSE,NA,Other genes
Asb1,ENSMUSG00000026311,ENSMUSP00000084054,1011,1,FALSE,NA,Other genes
Asb14,ENSMUSG00000021898,ENSMUSP00000087810,1848,1,FALSE,NA,Other genes
Asb15,ENSMUSG00000029685,ENSMUSP00000031696,1752,1,FALSE,NA,Other genes
Asb2,ENSMUSG00000021200,ENSMUSP00000021617,1905,2,FALSE,NA,Other genes
Asb3,ENSMUSG00000020305,ENSMUSP00000144900,1695,1,FALSE,NA,Other genes
Asb4,ENSMUSG00000042607,ENSMUSP00000040331,1281,1,FALSE,NA,Other genes
Asb7,ENSMUSG00000030509,ENSMUSP00000122395,957,1,FALSE,NA,Other genes
Asb8,ENSMUSG00000048175,ENSMUSP00000115813,867,1,FALSE,NA,Other genes
Ascc2,ENSMUSG00000020412,ENSMUSP00000063272,2250,1,FALSE,NA,Other genes
Ascc3,ENSMUSG00000038774,ENSMUSP00000036726,6597,3,FALSE,NA,Other genes
Asf1b,ENSMUSG00000005470,ENSMUSP00000005607,609,1,FALSE,NA,Other genes
Asgr2,ENSMUSG00000040963,ENSMUSP00000099632,906,1,FALSE,NA,Other genes
Ash1l,ENSMUSG00000028053,ENSMUSP00000140251,8877,4,FALSE,NA,Other genes
Ash2l,ENSMUSG00000031575,ENSMUSP00000070957,1872,1,FALSE,NA,Other genes
Asic2,ENSMUSG00000020704,ENSMUSP00000021045,1692,1,FALSE,NA,Other genes
Asic3,ENSMUSG00000038276,ENSMUSP00000143083,1593,1,FALSE,NA,Other genes
Asic4,ENSMUSG00000033007,ENSMUSP00000045598,1620,3,FALSE,NA,Other genes
Asic5,ENSMUSG00000028008,ENSMUSP00000029641,1488,1,FALSE,NA,Other genes
Aspdh,ENSMUSG00000038704,ENSMUSP00000039202,864,1,FALSE,NA,Other genes
Asph,ENSMUSG00000028207,ENSMUSP00000077273,2226,1,FALSE,NA,Other genes
Aspm,ENSMUSG00000033952,ENSMUSP00000059159,9369,2,FALSE,NA,Other genes
Aspscr1,ENSMUSG00000025142,ENSMUSP00000026135,1653,1,FALSE,NA,Other genes
Ass1,ENSMUSG00000076441,ENSMUSP00000099904,1239,1,FALSE,NA,Other genes
Aste1,ENSMUSG00000032567,ENSMUSP00000035181,2019,1,FALSE,NA,Other genes
Astl,ENSMUSG00000050468,ENSMUSP00000087102,1308,1,FALSE,NA,Other genes
Astn1,ENSMUSG00000026587,ENSMUSP00000142322,3909,1,FALSE,NA,Other genes
Astn2,ENSMUSG00000028373,ENSMUSP00000065786,4059,2,FALSE,NA,Other genes
Asxl1,ENSMUSG00000042548,ENSMUSP00000105413,4545,6,FALSE,NA,Other genes
Asxl2,ENSMUSG00000037486,ENSMUSP00000117384,4113,1,FALSE,NA,Other genes
Asxl3,ENSMUSG00000045215,ENSMUSP00000159205,6783,3,FALSE,NA,Other genes
Atad3a,ENSMUSG00000029036,ENSMUSP00000030903,1776,3,FALSE,NA,Other genes
Atad5,ENSMUSG00000017550,ENSMUSP00000017694,5481,1,FALSE,NA,Other genes
Ate1,ENSMUSG00000030850,ENSMUSP00000148888,1680,1,FALSE,NA,Other genes
Atf3,ENSMUSG00000026628,ENSMUSP00000027941,546,1,FALSE,NA,Other genes
Atf4,ENSMUSG00000042406,ENSMUSP00000105234,1050,1,FALSE,NA,Other genes
Atg16l1,ENSMUSG00000026289,ENSMUSP00000108815,1872,1,FALSE,NA,Other genes
Atg2a,ENSMUSG00000024773,ENSMUSP00000046412,5745,2,FALSE,NA,Other genes
Atg4a-ps,ENSMUSG00000087119,ENSMUSP00000143291,1191,1,FALSE,NA,Other genes
Atg4c,ENSMUSG00000028550,ENSMUSP00000030279,1377,1,FALSE,NA,Other genes
Atg5,ENSMUSG00000038160,ENSMUSP00000044769,828,1,FALSE,NA,Other genes
Atg7,ENSMUSG00000030314,ENSMUSP00000133215,2226,1,FALSE,NA,Other genes
Atm,ENSMUSG00000034218,ENSMUSP00000156344,9201,5,FALSE,NA,Other genes
Atp10a,ENSMUSG00000025324,ENSMUSP00000129811,4527,1,FALSE,NA,Other genes
Atp10d,ENSMUSG00000046808,ENSMUSP00000142749,837,3,FALSE,NA,Other genes
Atp11a,ENSMUSG00000031441,ENSMUSP00000088779,3564,4,FALSE,NA,Other genes
Atp13a5,ENSMUSG00000048939,ENSMUSP00000075204,3651,2,FALSE,NA,Other genes
Atp1a1,ENSMUSG00000033161,ENSMUSP00000039657,3072,1,FALSE,NA,Other genes
Atp1a3,ENSMUSG00000040907,ENSMUSP00000099922,3162,2,FALSE,NA,Other genes
Atp2a2,ENSMUSG00000029467,ENSMUSP00000135935,3135,1,FALSE,NA,Other genes
Atp2b1,ENSMUSG00000019943,ENSMUSP00000020107,3663,1,FALSE,NA,Other genes
Atp2b2,ENSMUSG00000030302,ENSMUSP00000098605,3732,1,FALSE,NA,Other genes
Atp2c2,ENSMUSG00000034112,ENSMUSP00000092794,2835,1,FALSE,NA,Other genes
Atp5e,ENSMUSG00000016252,ENSMUSP00000016396,159,1,FALSE,NA,Other genes
Atp6ap1,ENSMUSG00000019087,ENSMUSP00000019231,1392,1,FALSE,NA,Other genes
Atp6v0a2,ENSMUSG00000038023,ENSMUSP00000039737,2571,1,FALSE,NA,Other genes
Atp6v0e2,ENSMUSG00000039347,ENSMUSP00000145198,339,1,FALSE,NA,Other genes
Atp6v1a,ENSMUSG00000052459,ENSMUSP00000110314,1854,1,FALSE,NA,Other genes
Atp6v1h,ENSMUSG00000033793,ENSMUSP00000040756,1452,1,FALSE,NA,Other genes
Atp7a,ENSMUSG00000033792,ENSMUSP00000058840,4479,1,FALSE,NA,Other genes
Atp8a1,ENSMUSG00000037685,ENSMUSP00000042215,3495,1,FALSE,NA,Other genes
Atp8a2,ENSMUSG00000021983,ENSMUSP00000079238,3447,1,FALSE,NA,Other genes
Atp8b1,ENSMUSG00000039529,ENSMUSP00000025482,3756,1,FALSE,NA,Other genes
Atp8b3,ENSMUSG00000003341,ENSMUSP00000020383,4008,4,FALSE,NA,Other genes
Atp8b4,ENSMUSG00000060131,ENSMUSP00000046444,3585,1,FALSE,NA,Other genes
Atp8b5,ENSMUSG00000028457,ENSMUSP00000103575,3552,4,FALSE,NA,Other genes
Atp9a,ENSMUSG00000027546,ENSMUSP00000104805,3318,1,FALSE,NA,Other genes
Atpaf2,ENSMUSG00000042709,ENSMUSP00000159091,897,1,FALSE,NA,Other genes
Atr,ENSMUSG00000032409,ENSMUSP00000149953,7926,3,FALSE,NA,Other genes
Atrn,ENSMUSG00000027312,ENSMUSP00000028781,4287,1,FALSE,NA,Other genes
Atrnl1,ENSMUSG00000054843,ENSMUSP00000076514,4137,1,FALSE,NA,Other genes
Atrx,ENSMUSG00000031229,ENSMUSP00000109203,7431,6,FALSE,NA,Other genes
Atxn2l,ENSMUSG00000032637,ENSMUSP00000146023,3291,2,FALSE,NA,Other genes
Atxn7,ENSMUSG00000021738,ENSMUSP00000153613,2763,1,FALSE,NA,Other genes
Atxn7l1,ENSMUSG00000020564,ENSMUSP00000122156,2784,2,FALSE,NA,Other genes
Auh,ENSMUSG00000021460,ENSMUSP00000021913,945,1,FALSE,NA,Other genes
Auts2,ENSMUSG00000029673,ENSMUSP00000139759,3042,2,FALSE,NA,Other genes
Avil,ENSMUSG00000025432,ENSMUSP00000026500,2460,1,FALSE,NA,Other genes
Avl9,ENSMUSG00000029787,ENSMUSP00000031805,1950,1,FALSE,NA,Other genes
Avpr2,ENSMUSG00000031390,ENSMUSP00000033765,1116,2,FALSE,NA,Other genes
Awat1,ENSMUSG00000015665,ENSMUSP00000094088,987,1,FALSE,NA,Other genes
Aym1,ENSMUSG00000053873,ENSMUSP00000068426,138,1,FALSE,NA,Other genes
B230219D22Rik,ENSMUSG00000045767,ENSMUSP00000055271,567,1,FALSE,NA,Other genes
B3galnt2,ENSMUSG00000039242,ENSMUSP00000097336,1515,1,FALSE,NA,Other genes
B3galt2,ENSMUSG00000033849,ENSMUSP00000046118,1269,2,FALSE,NA,Other genes
B3galt5,ENSMUSG00000074892,ENSMUSP00000109431,927,1,FALSE,NA,Other genes
B3gnt4,ENSMUSG00000029431,ENSMUSP00000031384,1053,1,FALSE,NA,Other genes
B4galnt1,ENSMUSG00000006731,ENSMUSP00000006914,1602,1,FALSE,NA,Other genes
B4galnt3,ENSMUSG00000041372,ENSMUSP00000058253,2961,1,FALSE,NA,Other genes
B4galnt4,ENSMUSG00000055629,ENSMUSP00000039758,3105,1,FALSE,NA,Other genes
B4galt7,ENSMUSG00000021504,ENSMUSP00000068532,984,1,FALSE,NA,Other genes
BB014433,ENSMUSG00000049008,ENSMUSP00000053487,1170,7,FALSE,NA,Other genes
BC024139,ENSMUSG00000044361,ENSMUSP00000053305,2319,2,FALSE,NA,Other genes
BC034090,ENSMUSG00000033722,ENSMUSP00000139623,3609,2,FALSE,NA,Other genes
BC051665,ENSMUSG00000042243,ENSMUSP00000026078,993,2,FALSE,NA,Other genes
BC067074,ENSMUSG00000021763,ENSMUSP00000119993,7176,1,FALSE,NA,Other genes
BC080695,ENSMUSG00000070618,ENSMUSP00000101400,1446,1,FALSE,NA,Other genes
Babam2,ENSMUSG00000052139,ENSMUSP00000069133,1263,2,FALSE,NA,Other genes
Bag1,ENSMUSG00000028416,ENSMUSP00000030125,1068,1,FALSE,NA,Other genes
Bag5,ENSMUSG00000049792,ENSMUSP00000051049,1344,3,FALSE,NA,Other genes
Bag6,ENSMUSG00000024392,ENSMUSP00000025250,3465,1,FALSE,NA,Other genes
Bahcc1,ENSMUSG00000039741,ENSMUSP00000112827,7932,3,FALSE,NA,Other genes
Baiap2l2,ENSMUSG00000018126,ENSMUSP00000127816,1569,2,FALSE,NA,Other genes
Baiap3,ENSMUSG00000047507,ENSMUSP00000138188,3453,2,FALSE,NA,Other genes
Bank1,ENSMUSG00000037922,ENSMUSP00000035484,2352,2,FALSE,NA,Other genes
Bap1,ENSMUSG00000021901,ENSMUSP00000022458,2187,1,FALSE,NA,Other genes
Barhl2,ENSMUSG00000034384,ENSMUSP00000084005,1155,1,FALSE,NA,Other genes
Batf2,ENSMUSG00000039699,ENSMUSP00000045744,834,1,FALSE,NA,Other genes
Baz1a,ENSMUSG00000035021,ENSMUSP00000039757,4668,4,FALSE,NA,Other genes
Baz2a,ENSMUSG00000040054,ENSMUSP00000151445,5673,1,FALSE,NA,Other genes
Bbs10,ENSMUSG00000035759,ENSMUSP00000049387,2142,1,FALSE,NA,Other genes
Bbs7,ENSMUSG00000037325,ENSMUSP00000047273,2148,1,FALSE,NA,Other genes
Bbs9,ENSMUSG00000035919,ENSMUSP00000120927,2658,12,FALSE,NA,Other genes
Bcar1,ENSMUSG00000031955,ENSMUSP00000129584,2625,1,FALSE,NA,Other genes
Bcas3,ENSMUSG00000059439,ENSMUSP00000103696,2832,1,FALSE,NA,Other genes
Bcat1,ENSMUSG00000030268,ENSMUSP00000032402,1362,1,FALSE,NA,Other genes
Bche,ENSMUSG00000027792,ENSMUSP00000029367,1812,2,FALSE,NA,Other genes
Bckdk,ENSMUSG00000030802,ENSMUSP00000070345,1239,1,FALSE,NA,Other genes
Bcl11b,ENSMUSG00000048251,ENSMUSP00000068258,2655,4,FALSE,NA,Other genes
Bcl2a1d,ENSMUSG00000099974,ENSMUSP00000096087,519,1,FALSE,NA,Other genes
Bcl6,ENSMUSG00000022508,ENSMUSP00000023151,2124,1,FALSE,NA,Other genes
Bcl7a,ENSMUSG00000029438,ENSMUSP00000031391,633,1,FALSE,NA,Other genes
Bcl9,ENSMUSG00000038256,ENSMUSP00000046152,4278,3,FALSE,NA,Other genes
Bclaf3,ENSMUSG00000044150,ENSMUSP00000108083,2259,1,FALSE,NA,Other genes
Bcor,ENSMUSG00000040363,ENSMUSP00000111175,5280,2,FALSE,NA,Other genes
Bcorl1,ENSMUSG00000036959,ENSMUSP00000122000,5346,1,FALSE,NA,Other genes
Bcr,ENSMUSG00000009681,ENSMUSP00000126377,3813,2,FALSE,NA,Other genes
Bdkrb1,ENSMUSG00000041347,ENSMUSP00000138118,1005,1,FALSE,NA,Other genes
Bdkrb2,ENSMUSG00000021070,ENSMUSP00000001652,1179,1,FALSE,NA,Other genes
Bdnf,ENSMUSG00000048482,ENSMUSP00000106671,870,1,FALSE,NA,Other genes
Bdp1,ENSMUSG00000049658,ENSMUSP00000105005,7416,1,FALSE,NA,Other genes
Bend3,ENSMUSG00000038214,ENSMUSP00000127351,2478,1,FALSE,NA,Other genes
Bend5,ENSMUSG00000028545,ENSMUSP00000030274,1266,1,FALSE,NA,Other genes
Best2,ENSMUSG00000052819,ENSMUSP00000147580,1527,1,FALSE,NA,Other genes
Best3,ENSMUSG00000020169,ENSMUSP00000020378,2010,1,FALSE,NA,Other genes
Bfar,ENSMUSG00000022684,ENSMUSP00000023365,1353,1,FALSE,NA,Other genes
Bhlhe40,ENSMUSG00000030103,ENSMUSP00000032194,1236,1,FALSE,NA,Other genes
Bicra,ENSMUSG00000070808,ENSMUSP00000148012,4737,5,FALSE,NA,Other genes
Bik,ENSMUSG00000016758,ENSMUSP00000016902,453,1,FALSE,NA,Other genes
Bin1,ENSMUSG00000024381,ENSMUSP00000025239,1767,1,FALSE,NA,Other genes
Bin2,ENSMUSG00000098112,ENSMUSP00000159169,1557,1,FALSE,NA,Other genes
Birc6,ENSMUSG00000024073,ENSMUSP00000138333,14649,1,FALSE,NA,Other genes
Blk,ENSMUSG00000014453,ENSMUSP00000014597,1500,1,FALSE,NA,Other genes
Blm,ENSMUSG00000030528,ENSMUSP00000127995,4260,5,FALSE,NA,Other genes
Bloc1s2,ENSMUSG00000057506,ENSMUSP00000078042,432,1,FALSE,NA,Other genes
Bmp1,ENSMUSG00000022098,ENSMUSP00000022693,2976,2,FALSE,NA,Other genes
Bmp15,ENSMUSG00000023279,ENSMUSP00000024049,1179,1,FALSE,NA,Other genes
Bmp2k,ENSMUSG00000034663,ENSMUSP00000037970,3417,2,FALSE,NA,Other genes
Bmp5,ENSMUSG00000032179,ENSMUSP00000012281,1365,2,FALSE,NA,Other genes
Bmp6,ENSMUSG00000039004,ENSMUSP00000126999,1533,1,FALSE,NA,Other genes
Bmp8b,ENSMUSG00000002384,ENSMUSP00000002457,1200,1,FALSE,NA,Other genes
Bmpr1a,ENSMUSG00000021796,ENSMUSP00000035900,1599,1,FALSE,NA,Other genes
Bmpr2,ENSMUSG00000067336,ENSMUSP00000084701,3117,2,FALSE,NA,Other genes
Bnc1,ENSMUSG00000025105,ENSMUSP00000026096,2973,1,FALSE,NA,Other genes
Bnip5,ENSMUSG00000048905,ENSMUSP00000050646,2010,1,FALSE,NA,Other genes
Boc,ENSMUSG00000022687,ENSMUSP00000110281,3333,1,FALSE,NA,Other genes
Bod1l,ENSMUSG00000061755,ENSMUSP00000058618,9099,3,FALSE,NA,Other genes
Bola1,ENSMUSG00000015943,ENSMUSP00000102716,414,1,FALSE,NA,Other genes
Bpifa1,ENSMUSG00000027483,ENSMUSP00000028985,837,1,FALSE,NA,Other genes
Bpifa3,ENSMUSG00000027482,ENSMUSP00000028984,720,2,FALSE,NA,Other genes
Bpifb1,ENSMUSG00000027485,ENSMUSP00000080501,1425,3,FALSE,NA,Other genes
Bpifb3,ENSMUSG00000068008,ENSMUSP00000086342,1422,1,FALSE,NA,Other genes
Bpifb4,ENSMUSG00000074665,ENSMUSP00000159206,2490,2,FALSE,NA,Other genes
Bpifb5,ENSMUSG00000038572,ENSMUSP00000046683,1473,2,FALSE,NA,Other genes
Bpifb6,ENSMUSG00000068009,ENSMUSP00000086347,1350,1,FALSE,NA,Other genes
Braf,ENSMUSG00000002413,ENSMUSP00000002487,2415,4,FALSE,NA,Other genes
Brap,ENSMUSG00000029458,ENSMUSP00000031414,1776,1,FALSE,NA,Other genes
Brca1,ENSMUSG00000017146,ENSMUSP00000017290,5439,2,FALSE,NA,Other genes
Brca2,ENSMUSG00000041147,ENSMUSP00000144150,9990,1,FALSE,NA,Other genes
Brcc3,ENSMUSG00000031201,ENSMUSP00000033544,876,1,FALSE,NA,Other genes
Brd2,ENSMUSG00000024335,ENSMUSP00000109880,2397,2,FALSE,NA,Other genes
Brdt,ENSMUSG00000029279,ENSMUSP00000031215,2871,1,FALSE,NA,Other genes
Bricd5,ENSMUSG00000045744,ENSMUSP00000159026,678,1,FALSE,NA,Other genes
Brinp1,ENSMUSG00000028351,ENSMUSP00000030036,2283,3,FALSE,NA,Other genes
Brinp2,ENSMUSG00000004031,ENSMUSP00000004133,2352,1,FALSE,NA,Other genes
Brip1,ENSMUSG00000034329,ENSMUSP00000043108,3525,1,FALSE,NA,Other genes
Brpf1,ENSMUSG00000001632,ENSMUSP00000144820,3759,4,FALSE,NA,Other genes
Brpf3,ENSMUSG00000063952,ENSMUSP00000004985,3615,4,FALSE,NA,Other genes
Brwd1,ENSMUSG00000022914,ENSMUSP00000023631,6915,2,FALSE,NA,Other genes
Bsnd,ENSMUSG00000025418,ENSMUSP00000049563,924,1,FALSE,NA,Other genes
Bst2,ENSMUSG00000046718,ENSMUSP00000051921,519,1,FALSE,NA,Other genes
Btaf1,ENSMUSG00000040565,ENSMUSP00000097093,5547,1,FALSE,NA,Other genes
Btbd18,ENSMUSG00000086598,ENSMUSP00000142247,2172,1,FALSE,NA,Other genes
Btbd2,ENSMUSG00000003344,ENSMUSP00000003434,1572,1,FALSE,NA,Other genes
Btbd7,ENSMUSG00000041702,ENSMUSP00000152426,3393,1,FALSE,NA,Other genes
Btg4,ENSMUSG00000032056,ENSMUSP00000149181,753,2,FALSE,NA,Other genes
Btn2a2,ENSMUSG00000053216,ENSMUSP00000106063,1545,1,FALSE,NA,Other genes
Btnl1,ENSMUSG00000062638,ENSMUSP00000079140,1530,1,FALSE,NA,Other genes
Btnl2,ENSMUSG00000024340,ENSMUSP00000025198,1545,1,FALSE,NA,Other genes
Btnl4,ENSMUSG00000058435,ENSMUSP00000064161,1761,1,FALSE,NA,Other genes
Btnl9,ENSMUSG00000040283,ENSMUSP00000066598,1866,1,FALSE,NA,Other genes
Bub1b,ENSMUSG00000040084,ENSMUSP00000037126,3159,4,FALSE,NA,Other genes
Bub3,ENSMUSG00000066979,ENSMUSP00000081547,981,1,FALSE,NA,Other genes
Bud13,ENSMUSG00000032077,ENSMUSP00000074490,1914,4,FALSE,NA,Other genes
Bzw1,ENSMUSG00000051223,ENSMUSP00000140319,1356,1,FALSE,NA,Other genes
C130026I21Rik,ENSMUSG00000052477,ENSMUSP00000091224,876,23,FALSE,NA,Other genes
C1qb,ENSMUSG00000036905,ENSMUSP00000040246,762,2,FALSE,NA,Other genes
C1qbp,ENSMUSG00000018446,ENSMUSP00000077612,840,1,FALSE,NA,Other genes
C1qc,ENSMUSG00000036896,ENSMUSP00000036747,741,1,FALSE,NA,Other genes
C1ra,ENSMUSG00000055172,ENSMUSP00000063707,2124,1,FALSE,NA,Other genes
C1rl,ENSMUSG00000038527,ENSMUSP00000042883,1449,1,FALSE,NA,Other genes
C2cd2l,ENSMUSG00000032120,ENSMUSP00000065233,2121,2,FALSE,NA,Other genes
C2cd3,ENSMUSG00000047248,ENSMUSP00000062637,6972,2,FALSE,NA,Other genes
C2cd5,ENSMUSG00000030279,ENSMUSP00000145425,3159,1,FALSE,NA,Other genes
C3,ENSMUSG00000024164,ENSMUSP00000024988,4992,1,FALSE,NA,Other genes
C87977,ENSMUSG00000046262,ENSMUSP00000101383,1497,3,FALSE,NA,Other genes
C8g,ENSMUSG00000015083,ENSMUSP00000041855,609,1,FALSE,NA,Other genes
C9orf72,ENSMUSG00000028300,ENSMUSP00000103762,1446,1,FALSE,NA,Other genes
CK137956,ENSMUSG00000028813,ENSMUSP00000030614,1791,1,FALSE,NA,Other genes
Cabin1,ENSMUSG00000020196,ENSMUSP00000001712,6564,1,FALSE,NA,Other genes
Cabs1,ENSMUSG00000007907,ENSMUSP00000008051,1176,1,FALSE,NA,Other genes
Cacna1a,ENSMUSG00000034656,ENSMUSP00000158803,7374,1,FALSE,NA,Other genes
Cacna1b,ENSMUSG00000004113,ENSMUSP00000110090,6987,3,FALSE,NA,Other genes
Cacna1d,ENSMUSG00000015968,ENSMUSP00000107868,6564,3,FALSE,NA,Other genes
Cacna1e,ENSMUSG00000004110,ENSMUSP00000140937,6822,2,FALSE,NA,Other genes
Cacna1f,ENSMUSG00000031142,ENSMUSP00000111391,5955,4,FALSE,NA,Other genes
Cacna1g,ENSMUSG00000020866,ENSMUSP00000103418,7146,1,FALSE,NA,Other genes
Cacna1h,ENSMUSG00000024112,ENSMUSP00000125541,7080,2,FALSE,NA,Other genes
Cacna1s,ENSMUSG00000026407,ENSMUSP00000107695,5559,1,FALSE,NA,Other genes
Cacna2d1,ENSMUSG00000040118,ENSMUSP00000049457,3312,2,FALSE,NA,Other genes
Cacna2d3,ENSMUSG00000021991,ENSMUSP00000022567,3276,1,FALSE,NA,Other genes
Cacna2d4,ENSMUSG00000041460,ENSMUSP00000044660,3435,5,FALSE,NA,Other genes
Cacnb2,ENSMUSG00000057914,ENSMUSP00000110371,1968,1,FALSE,NA,Other genes
Cactin,ENSMUSG00000034889,ENSMUSP00000059533,2319,3,FALSE,NA,Other genes
Cad,ENSMUSG00000013629,ENSMUSP00000013773,6678,1,FALSE,NA,Other genes
Cadm2,ENSMUSG00000064115,ENSMUSP00000113500,1308,1,FALSE,NA,Other genes
Cadps,ENSMUSG00000054423,ENSMUSP00000064706,4086,1,FALSE,NA,Other genes
Calcoco2,ENSMUSG00000006056,ENSMUSP00000087407,996,1,FALSE,NA,Other genes
Calcrl,ENSMUSG00000059588,ENSMUSP00000073875,1392,2,FALSE,NA,Other genes
Calhm4,ENSMUSG00000039508,ENSMUSP00000042466,948,2,FALSE,NA,Other genes
Calhm6,ENSMUSG00000046031,ENSMUSP00000051575,942,1,FALSE,NA,Other genes
Caln1,ENSMUSG00000060371,ENSMUSP00000083193,786,1,FALSE,NA,Other genes
Camk2a,ENSMUSG00000024617,ENSMUSP00000025519,1470,1,FALSE,NA,Other genes
Camk2b,ENSMUSG00000057897,ENSMUSP00000019133,2001,2,FALSE,NA,Other genes
Camk2g,ENSMUSG00000021820,ENSMUSP00000154158,1698,2,FALSE,NA,Other genes
Camk2n1,ENSMUSG00000046447,ENSMUSP00000060349,237,1,FALSE,NA,Other genes
Camkk1,ENSMUSG00000020785,ENSMUSP00000090613,1518,1,FALSE,NA,Other genes
Camp,ENSMUSG00000038357,ENSMUSP00000107653,519,1,FALSE,NA,Other genes
Camsap3,ENSMUSG00000044433,ENSMUSP00000146896,3840,1,FALSE,NA,Other genes
Camta1,ENSMUSG00000014592,ENSMUSP00000054804,5049,1,FALSE,NA,Other genes
Camta2,ENSMUSG00000040712,ENSMUSP00000043792,3627,1,FALSE,NA,Other genes
Capn1,ENSMUSG00000024942,ENSMUSP00000025891,2142,2,FALSE,NA,Other genes
Capn10,ENSMUSG00000026270,ENSMUSP00000027488,2001,1,FALSE,NA,Other genes
Capn12,ENSMUSG00000054083,ENSMUSP00000069055,2163,1,FALSE,NA,Other genes
Capn13,ENSMUSG00000043705,ENSMUSP00000092832,1998,1,FALSE,NA,Other genes
Capn6,ENSMUSG00000067276,ENSMUSP00000084573,1926,1,FALSE,NA,Other genes
Capn8,ENSMUSG00000038599,ENSMUSP00000047164,2112,1,FALSE,NA,Other genes
Capn9,ENSMUSG00000031981,ENSMUSP00000090717,2073,2,FALSE,NA,Other genes
Caprin1,ENSMUSG00000027184,ENSMUSP00000028607,2124,1,FALSE,NA,Other genes
Caprin2,ENSMUSG00000030309,ENSMUSP00000107195,3096,2,FALSE,NA,Other genes
Caps2,ENSMUSG00000035694,ENSMUSP00000129887,1779,1,FALSE,NA,Other genes
Card10,ENSMUSG00000033170,ENSMUSP00000129513,3213,1,FALSE,NA,Other genes
Card11,ENSMUSG00000036526,ENSMUSP00000082941,3465,1,FALSE,NA,Other genes
Carf,ENSMUSG00000026017,ENSMUSP00000141169,2070,1,FALSE,NA,Other genes
Carmil1,ENSMUSG00000021338,ENSMUSP00000072662,4125,3,FALSE,NA,Other genes
Carmil2,ENSMUSG00000050357,ENSMUSP00000148422,4194,1,FALSE,NA,Other genes
Cars,ENSMUSG00000010755,ENSMUSP00000010899,2496,2,FALSE,NA,Other genes
Casc1,ENSMUSG00000043541,ENSMUSP00000062279,2193,2,FALSE,NA,Other genes
Casd1,ENSMUSG00000015189,ENSMUSP00000015333,2394,1,FALSE,NA,Other genes
Caskin2,ENSMUSG00000034471,ENSMUSP00000041328,3606,2,FALSE,NA,Other genes
Casp12,ENSMUSG00000025887,ENSMUSP00000027009,1260,1,FALSE,NA,Other genes
Casp8ap2,ENSMUSG00000028282,ENSMUSP00000029950,5889,1,FALSE,NA,Other genes
Casp9,ENSMUSG00000028914,ENSMUSP00000030747,1365,2,FALSE,NA,Other genes
Casq2,ENSMUSG00000027861,ENSMUSP00000130482,1257,1,FALSE,NA,Other genes
Casr,ENSMUSG00000051980,ENSMUSP00000069080,3240,1,FALSE,NA,Other genes
Cass4,ENSMUSG00000074570,ENSMUSP00000104764,2415,1,FALSE,NA,Other genes
Catsper1,ENSMUSG00000038498,ENSMUSP00000045430,2061,1,FALSE,NA,Other genes
Cbfa2t2,ENSMUSG00000038533,ENSMUSP00000043087,1785,1,FALSE,NA,Other genes
Cbfa2t3,ENSMUSG00000006362,ENSMUSP00000118997,1863,1,FALSE,NA,Other genes
Cblb,ENSMUSG00000022637,ENSMUSP00000154755,2949,1,FALSE,NA,Other genes
Cbr4,ENSMUSG00000031641,ENSMUSP00000034058,711,1,FALSE,NA,Other genes
Cbwd1,ENSMUSG00000024878,ENSMUSP00000025815,1182,2,FALSE,NA,Other genes
Cbx2,ENSMUSG00000025577,ENSMUSP00000026662,1560,2,FALSE,NA,Other genes
Cbx4,ENSMUSG00000039989,ENSMUSP00000026665,1656,2,FALSE,NA,Other genes
Cbx8,ENSMUSG00000025578,ENSMUSP00000026663,1089,1,FALSE,NA,Other genes
Cc2d1a,ENSMUSG00000036686,ENSMUSP00000046449,2832,1,FALSE,NA,Other genes
Cc2d2a,ENSMUSG00000039765,ENSMUSP00000048320,4902,2,FALSE,NA,Other genes
Ccdc106,ENSMUSG00000035228,ENSMUSP00000104211,1026,2,FALSE,NA,Other genes
Ccdc110,ENSMUSG00000071104,ENSMUSP00000092964,2547,1,FALSE,NA,Other genes
Ccdc116,ENSMUSG00000022768,ENSMUSP00000156301,2061,1,FALSE,NA,Other genes
Ccdc120,ENSMUSG00000031150,ENSMUSP00000033490,1890,1,FALSE,NA,Other genes
Ccdc125,ENSMUSG00000048924,ENSMUSP00000058484,1503,1,FALSE,NA,Other genes
Ccdc13,ENSMUSG00000079235,ENSMUSP00000114787,2130,1,FALSE,NA,Other genes
Ccdc130,ENSMUSG00000004994,ENSMUSP00000096177,1158,1,FALSE,NA,Other genes
Ccdc136,ENSMUSG00000029769,ENSMUSP00000093789,3564,1,FALSE,NA,Other genes
Ccdc141,ENSMUSG00000044033,ENSMUSP00000128736,4596,2,FALSE,NA,Other genes
Ccdc151,ENSMUSG00000039632,ENSMUSP00000110993,1785,2,FALSE,NA,Other genes
Ccdc155,ENSMUSG00000038292,ENSMUSP00000113616,1947,2,FALSE,NA,Other genes
Ccdc158,ENSMUSG00000050050,ENSMUSP00000063050,3330,3,FALSE,NA,Other genes
Ccdc162,ENSMUSG00000075225,ENSMUSP00000140774,6558,1,FALSE,NA,Other genes
Ccdc171,ENSMUSG00000052407,ENSMUSP00000155912,3999,1,FALSE,NA,Other genes
Ccdc175,ENSMUSG00000021086,ENSMUSP00000021494,2469,2,FALSE,NA,Other genes
Ccdc178,ENSMUSG00000024306,ENSMUSP00000157323,2601,1,FALSE,NA,Other genes
Ccdc183,ENSMUSG00000026940,ENSMUSP00000028309,1605,1,FALSE,NA,Other genes
Ccdc22,ENSMUSG00000031143,ENSMUSP00000033483,1884,2,FALSE,NA,Other genes
Ccdc28b,ENSMUSG00000028795,ENSMUSP00000101652,618,1,FALSE,NA,Other genes
Ccdc33,ENSMUSG00000037716,ENSMUSP00000096279,2958,1,FALSE,NA,Other genes
Ccdc57,ENSMUSG00000048445,ENSMUSP00000050996,3051,1,FALSE,NA,Other genes
Ccdc60,ENSMUSG00000043913,ENSMUSP00000049912,1638,1,FALSE,NA,Other genes
Ccdc62,ENSMUSG00000061882,ENSMUSP00000091878,2106,1,FALSE,NA,Other genes
Ccdc63,ENSMUSG00000043036,ENSMUSP00000050582,1749,1,FALSE,NA,Other genes
Ccdc70,ENSMUSG00000017049,ENSMUSP00000069249,672,1,FALSE,NA,Other genes
Ccdc73,ENSMUSG00000045106,ENSMUSP00000106743,3201,1,FALSE,NA,Other genes
Ccdc77,ENSMUSG00000030177,ENSMUSP00000032283,1470,1,FALSE,NA,Other genes
Ccdc8,ENSMUSG00000041117,ENSMUSP00000092399,2058,4,FALSE,NA,Other genes
Ccdc80,ENSMUSG00000022665,ENSMUSP00000097097,2850,2,FALSE,NA,Other genes
Ccdc81,ENSMUSG00000039391,ENSMUSP00000044087,1965,1,FALSE,NA,Other genes
Ccdc85a,ENSMUSG00000032878,ENSMUSP00000124972,1638,1,FALSE,NA,Other genes
Ccdc86,ENSMUSG00000024732,ENSMUSP00000025639,1281,1,FALSE,NA,Other genes
Ccdc97,ENSMUSG00000002608,ENSMUSP00000002683,1023,1,FALSE,NA,Other genes
Ccdc9b,ENSMUSG00000045838,ENSMUSP00000051853,1638,1,FALSE,NA,Other genes
Ccer1,ENSMUSG00000047025,ENSMUSP00000050554,1212,1,FALSE,NA,Other genes
Cchcr1,ENSMUSG00000040312,ENSMUSP00000133407,2604,1,FALSE,NA,Other genes
Ccm2l,ENSMUSG00000027474,ENSMUSP00000158754,1695,2,FALSE,NA,Other genes
Ccna2,ENSMUSG00000027715,ENSMUSP00000029270,1269,1,FALSE,NA,Other genes
Ccnb3,ENSMUSG00000051592,ENSMUSP00000111418,4191,2,FALSE,NA,Other genes
Ccne1,ENSMUSG00000002068,ENSMUSP00000103658,1227,1,FALSE,NA,Other genes
Ccnf,ENSMUSG00000072082,ENSMUSP00000111048,2334,1,FALSE,NA,Other genes
Ccnjl,ENSMUSG00000044707,ENSMUSP00000058111,1164,1,FALSE,NA,Other genes
Ccnq,ENSMUSG00000049489,ENSMUSP00000050658,753,1,FALSE,NA,Other genes
Ccnt2,ENSMUSG00000026349,ENSMUSP00000027587,2172,1,FALSE,NA,Other genes
Ccr5,ENSMUSG00000079227,ENSMUSP00000107069,1065,1,FALSE,NA,Other genes
Ccr8,ENSMUSG00000042262,ENSMUSP00000038473,1062,2,FALSE,NA,Other genes
Ccrl2,ENSMUSG00000043953,ENSMUSP00000107519,1083,1,FALSE,NA,Other genes
Ccser1,ENSMUSG00000039578,ENSMUSP00000122894,2688,2,FALSE,NA,Other genes
Cct4,ENSMUSG00000007739,ENSMUSP00000133523,1620,1,FALSE,NA,Other genes
Cct5,ENSMUSG00000022234,ENSMUSP00000022842,1626,2,FALSE,NA,Other genes
Cd163,ENSMUSG00000008845,ENSMUSP00000108160,3480,1,FALSE,NA,Other genes
Cd163l1,ENSMUSG00000025461,ENSMUSP00000147864,2976,1,FALSE,NA,Other genes
Cd177,ENSMUSG00000052212,ENSMUSP00000064934,2454,1,FALSE,NA,Other genes
Cd2,ENSMUSG00000027863,ENSMUSP00000029456,1035,1,FALSE,NA,Other genes
Cd200r4,ENSMUSG00000062082,ENSMUSP00000135299,813,1,FALSE,NA,Other genes
Cd209f,ENSMUSG00000051906,ENSMUSP00000119810,825,1,FALSE,NA,Other genes
Cd247,ENSMUSG00000005763,ENSMUSP00000027849,621,2,FALSE,NA,Other genes
Cd248,ENSMUSG00000056481,ENSMUSP00000070847,2298,1,FALSE,NA,Other genes
Cd27,ENSMUSG00000030336,ENSMUSP00000032486,753,1,FALSE,NA,Other genes
Cd274,ENSMUSG00000016496,ENSMUSP00000016640,873,1,FALSE,NA,Other genes
Cd28,ENSMUSG00000026012,ENSMUSP00000027165,657,1,FALSE,NA,Other genes
Cd300c,ENSMUSG00000058728,ENSMUSP00000090123,690,2,FALSE,NA,Other genes
Cd300ld2,ENSMUSG00000089753,ENSMUSP00000102188,918,1,FALSE,NA,Other genes
Cd300lf,ENSMUSG00000047798,ENSMUSP00000102171,1014,1,FALSE,NA,Other genes
Cd37,ENSMUSG00000030798,ENSMUSP00000033063,912,1,FALSE,NA,Other genes
Cd3eap,ENSMUSG00000047649,ENSMUSP00000044653,1200,1,FALSE,NA,Other genes
Cd4,ENSMUSG00000023274,ENSMUSP00000024044,1374,1,FALSE,NA,Other genes
Cd44,ENSMUSG00000005087,ENSMUSP00000005218,2343,2,FALSE,NA,Other genes
Cd47,ENSMUSG00000055447,ENSMUSP00000155178,1029,1,FALSE,NA,Other genes
Cd6,ENSMUSG00000024670,ENSMUSP00000079172,1998,3,FALSE,NA,Other genes
Cd79b,ENSMUSG00000040592,ENSMUSP00000048239,867,1,FALSE,NA,Other genes
Cd86,ENSMUSG00000022901,ENSMUSP00000087047,930,1,FALSE,NA,Other genes
Cd8b1,ENSMUSG00000053044,ENSMUSP00000070131,642,1,FALSE,NA,Other genes
Cd93,ENSMUSG00000027435,ENSMUSP00000096876,1935,1,FALSE,NA,Other genes
Cdan1,ENSMUSG00000027284,ENSMUSP00000106329,3720,2,FALSE,NA,Other genes
Cdc14a,ENSMUSG00000033502,ENSMUSP00000087950,1812,1,FALSE,NA,Other genes
Cdc25a,ENSMUSG00000032477,ENSMUSP00000091882,1545,1,FALSE,NA,Other genes
Cdc27,ENSMUSG00000020687,ENSMUSP00000102575,2496,1,FALSE,NA,Other genes
Cdc34b,ENSMUSG00000020870,ENSMUSP00000021240,714,1,FALSE,NA,Other genes
Cdc42bpa,ENSMUSG00000026490,ENSMUSP00000148469,5247,2,FALSE,NA,Other genes
Cdc42bpb,ENSMUSG00000021279,ENSMUSP00000042565,5142,1,FALSE,NA,Other genes
Cdc42ep3,ENSMUSG00000036533,ENSMUSP00000067217,765,1,FALSE,NA,Other genes
Cdc6,ENSMUSG00000017499,ENSMUSP00000091469,1770,1,FALSE,NA,Other genes
Cdc7,ENSMUSG00000029283,ENSMUSP00000031221,1695,1,FALSE,NA,Other genes
Cdca7,ENSMUSG00000055612,ENSMUSP00000099752,1149,2,FALSE,NA,Other genes
Cdcp1,ENSMUSG00000035498,ENSMUSP00000042057,2502,1,FALSE,NA,Other genes
Cdh10,ENSMUSG00000022321,ENSMUSP00000128782,2367,1,FALSE,NA,Other genes
Cdh11,ENSMUSG00000031673,ENSMUSP00000074681,2391,4,FALSE,NA,Other genes
Cdh15,ENSMUSG00000031962,ENSMUSP00000034443,2355,2,FALSE,NA,Other genes
Cdh16,ENSMUSG00000031881,ENSMUSP00000148478,2493,1,FALSE,NA,Other genes
Cdh18,ENSMUSG00000040420,ENSMUSP00000130851,2373,2,FALSE,NA,Other genes
Cdh2,ENSMUSG00000024304,ENSMUSP00000025166,2721,1,FALSE,NA,Other genes
Cdh23,ENSMUSG00000012819,ENSMUSP00000101101,10065,3,FALSE,NA,Other genes
Cdh26,ENSMUSG00000039155,ENSMUSP00000048829,2292,1,FALSE,NA,Other genes
Cdh5,ENSMUSG00000031871,ENSMUSP00000034339,2355,1,FALSE,NA,Other genes
Cdh6,ENSMUSG00000039385,ENSMUSP00000037113,2373,2,FALSE,NA,Other genes
Cdh7,ENSMUSG00000026312,ENSMUSP00000108321,2358,2,FALSE,NA,Other genes
Cdh8,ENSMUSG00000036510,ENSMUSP00000117326,2400,1,FALSE,NA,Other genes
Cdhr1,ENSMUSG00000021803,ENSMUSP00000022337,2580,1,FALSE,NA,Other genes
Cdhr2,ENSMUSG00000034918,ENSMUSP00000043596,3927,1,FALSE,NA,Other genes
Cdhr3,ENSMUSG00000035860,ENSMUSP00000093449,2496,2,FALSE,NA,Other genes
Cdhr4,ENSMUSG00000032595,ENSMUSP00000135184,2352,1,FALSE,NA,Other genes
Cdk16,ENSMUSG00000031065,ENSMUSP00000033380,1491,1,FALSE,NA,Other genes
Cdk5r2,ENSMUSG00000090071,ENSMUSP00000125322,1110,1,FALSE,NA,Other genes
Cdk5rap1,ENSMUSG00000027487,ENSMUSP00000105353,1767,1,FALSE,NA,Other genes
Cdk5rap2,ENSMUSG00000039298,ENSMUSP00000119891,5469,1,FALSE,NA,Other genes
Cdk5rap3,ENSMUSG00000018669,ENSMUSP00000099441,1512,1,FALSE,NA,Other genes
Cdk8,ENSMUSG00000029635,ENSMUSP00000031640,1395,1,FALSE,NA,Other genes
Cdkal1,ENSMUSG00000006191,ENSMUSP00000006353,1737,1,FALSE,NA,Other genes
Cdkl1,ENSMUSG00000020990,ENSMUSP00000021377,1059,1,FALSE,NA,Other genes
Cdkl5,ENSMUSG00000031292,ENSMUSP00000143726,2883,2,FALSE,NA,Other genes
Cdkn1a,ENSMUSG00000023067,ENSMUSP00000113150,480,1,FALSE,NA,Other genes
Cdkn2a,ENSMUSG00000044303,ENSMUSP00000102748,510,1,FALSE,NA,Other genes
Cdkn2aip,ENSMUSG00000038069,ENSMUSP00000148441,1692,1,FALSE,NA,Other genes
Cdkn2aipnl,ENSMUSG00000020392,ENSMUSP00000099824,351,1,FALSE,NA,Other genes
Cdkn2b,ENSMUSG00000073802,ENSMUSP00000095595,393,1,FALSE,NA,Other genes
Cdkn2d,ENSMUSG00000096472,ENSMUSP00000150701,501,1,FALSE,NA,Other genes
Cdon,ENSMUSG00000038119,ENSMUSP00000113977,3753,2,FALSE,NA,Other genes
Cdr1,ENSMUSG00000090546,ENSMUSP00000126250,1554,3,FALSE,NA,Other genes
Cdv3,ENSMUSG00000032803,ENSMUSP00000044420,846,11,FALSE,NA,Other genes
Ceacam12,ENSMUSG00000030366,ENSMUSP00000032520,903,1,FALSE,NA,Other genes
Ceacam16,ENSMUSG00000014686,ENSMUSP00000014830,1281,2,FALSE,NA,Other genes
Ceacam20,ENSMUSG00000070777,ENSMUSP00000092344,1734,1,FALSE,NA,Other genes
Ceacam5,ENSMUSG00000008789,ENSMUSP00000080582,2844,1,FALSE,NA,Other genes
Celf1,ENSMUSG00000005506,ENSMUSP00000107079,1542,1,FALSE,NA,Other genes
Celsr1,ENSMUSG00000016028,ENSMUSP00000016172,9105,2,FALSE,NA,Other genes
Celsr2,ENSMUSG00000068740,ENSMUSP00000088046,8760,1,FALSE,NA,Other genes
Celsr3,ENSMUSG00000023473,ENSMUSP00000150759,9930,1,FALSE,NA,Other genes
Cemip,ENSMUSG00000052353,ENSMUSP00000063277,4086,2,FALSE,NA,Other genes
Cemip2,ENSMUSG00000024754,ENSMUSP00000025663,4152,1,FALSE,NA,Other genes
Cenpa,ENSMUSG00000029177,ENSMUSP00000122831,405,1,FALSE,NA,Other genes
Cenpf,ENSMUSG00000026605,ENSMUSP00000129738,8994,7,FALSE,NA,Other genes
Cenpi,ENSMUSG00000031262,ENSMUSP00000079851,2241,1,FALSE,NA,Other genes
Cenpj,ENSMUSG00000064128,ENSMUSP00000065949,4035,2,FALSE,NA,Other genes
Cenpt,ENSMUSG00000036672,ENSMUSP00000038188,1548,1,FALSE,NA,Other genes
Cep104,ENSMUSG00000039523,ENSMUSP00000040762,2781,1,FALSE,NA,Other genes
Cep112,ENSMUSG00000020728,ENSMUSP00000122509,3021,1,FALSE,NA,Other genes
Cep135,ENSMUSG00000036403,ENSMUSP00000112602,3423,1,FALSE,NA,Other genes
Cep164,ENSMUSG00000043987,ENSMUSP00000149815,6105,1,FALSE,NA,Other genes
Cep170,ENSMUSG00000057335,ENSMUSP00000141793,4767,1,FALSE,NA,Other genes
Cep19,ENSMUSG00000035790,ENSMUSP00000110822,492,1,FALSE,NA,Other genes
Cep192,ENSMUSG00000024542,ENSMUSP00000025425,7545,3,FALSE,NA,Other genes
Cep250,ENSMUSG00000038241,ENSMUSP00000105248,7308,3,FALSE,NA,Other genes
Cep295,ENSMUSG00000046111,ENSMUSP00000123788,7383,2,FALSE,NA,Other genes
Cep41,ENSMUSG00000029790,ENSMUSP00000031810,1122,1,FALSE,NA,Other genes
Cep78,ENSMUSG00000041491,ENSMUSP00000037596,2373,1,FALSE,NA,Other genes
Cep89,ENSMUSG00000023072,ENSMUSP00000078383,2376,1,FALSE,NA,Other genes
Cerk,ENSMUSG00000035891,ENSMUSP00000038203,1596,1,FALSE,NA,Other genes
Cerkl,ENSMUSG00000075256,ENSMUSP00000114325,1578,1,FALSE,NA,Other genes
Ces1a,ENSMUSG00000071047,ENSMUSP00000092836,1692,1,FALSE,NA,Other genes
Ces1d,ENSMUSG00000056973,ENSMUSP00000034172,1698,1,FALSE,NA,Other genes
Ces1h,ENSMUSG00000074156,ENSMUSP00000121729,1689,1,FALSE,NA,Other genes
Ces2b,ENSMUSG00000050097,ENSMUSP00000063005,1671,1,FALSE,NA,Other genes
Ces5a,ENSMUSG00000058019,ENSMUSP00000148481,1728,2,FALSE,NA,Other genes
Cfap157,ENSMUSG00000038987,ENSMUSP00000099877,1572,1,FALSE,NA,Other genes
Cfap44,ENSMUSG00000071550,ENSMUSP00000113908,5532,1,FALSE,NA,Other genes
Cfap46,ENSMUSG00000049571,ENSMUSP00000120186,7926,1,FALSE,NA,Other genes
Cfap47,ENSMUSG00000073077,ENSMUSP00000142707,9555,1,FALSE,NA,Other genes
Cfap54,ENSMUSG00000020014,ENSMUSP00000148636,9516,1,FALSE,NA,Other genes
Cfap57,ENSMUSG00000028730,ENSMUSP00000071863,3750,1,FALSE,NA,Other genes
Cfap58,ENSMUSG00000046585,ENSMUSP00000070533,2622,1,FALSE,NA,Other genes
Cfap61,ENSMUSG00000037143,ENSMUSP00000118411,3693,1,FALSE,NA,Other genes
Cfap65,ENSMUSG00000047021,ENSMUSP00000092440,5544,2,FALSE,NA,Other genes
Cfap70,ENSMUSG00000039543,ENSMUSP00000056869,3426,1,FALSE,NA,Other genes
Cfb,ENSMUSG00000090231,ENSMUSP00000025229,2292,2,FALSE,NA,Other genes
Cfc1,ENSMUSG00000026124,ENSMUSP00000027298,609,1,FALSE,NA,Other genes
Cfd,ENSMUSG00000061780,ENSMUSP00000056836,780,1,FALSE,NA,Other genes
Cfhr1,ENSMUSG00000057037,ENSMUSP00000023965,1032,1,FALSE,NA,Other genes
Cfi,ENSMUSG00000058952,ENSMUSP00000077074,1812,2,FALSE,NA,Other genes
Cflar,ENSMUSG00000026031,ENSMUSP00000095329,1455,1,FALSE,NA,Other genes
Cfp,ENSMUSG00000001128,ENSMUSP00000001156,1395,2,FALSE,NA,Other genes
Cgnl1,ENSMUSG00000032232,ENSMUSP00000112479,3894,2,FALSE,NA,Other genes
Chaf1b,ENSMUSG00000022945,ENSMUSP00000023666,1719,1,FALSE,NA,Other genes
Chat,ENSMUSG00000021919,ENSMUSP00000070865,1938,1,FALSE,NA,Other genes
Chd1,ENSMUSG00000023852,ENSMUSP00000024627,5136,1,FALSE,NA,Other genes
Chd1l,ENSMUSG00000028089,ENSMUSP00000029730,2703,3,FALSE,NA,Other genes
Chd3,ENSMUSG00000018474,ENSMUSP00000104301,6168,1,FALSE,NA,Other genes
Chd4,ENSMUSG00000063870,ENSMUSP00000108009,5769,1,FALSE,NA,Other genes
Chd5,ENSMUSG00000005045,ENSMUSP00000030775,5859,2,FALSE,NA,Other genes
Chd7,ENSMUSG00000041235,ENSMUSP00000059079,8961,1,FALSE,NA,Other genes
Chia1,ENSMUSG00000062778,ENSMUSP00000078134,1422,1,FALSE,NA,Other genes
Chil4,ENSMUSG00000063779,ENSMUSP00000080851,1209,1,FALSE,NA,Other genes
Chrd,ENSMUSG00000006958,ENSMUSP00000156080,2913,1,FALSE,NA,Other genes
Chrdl1,ENSMUSG00000031283,ENSMUSP00000056193,1344,1,FALSE,NA,Other genes
Chrdl2,ENSMUSG00000030732,ENSMUSP00000102699,1302,1,FALSE,NA,Other genes
Chrm2,ENSMUSG00000045613,ENSMUSP00000130874,1401,1,FALSE,NA,Other genes
Chrna1,ENSMUSG00000027107,ENSMUSP00000028515,1374,1,FALSE,NA,Other genes
Chrna2,ENSMUSG00000022041,ENSMUSP00000145896,1539,1,FALSE,NA,Other genes
Chrna5,ENSMUSG00000035594,ENSMUSP00000150942,1404,1,FALSE,NA,Other genes
Chrna7,ENSMUSG00000030525,ENSMUSP00000032738,1509,1,FALSE,NA,Other genes
Chrnb1,ENSMUSG00000041189,ENSMUSP00000047270,1506,1,FALSE,NA,Other genes
Chrnb4,ENSMUSG00000035200,ENSMUSP00000034854,1488,2,FALSE,NA,Other genes
Chrnd,ENSMUSG00000026251,ENSMUSP00000072983,1563,1,FALSE,NA,Other genes
Chrne,ENSMUSG00000014609,ENSMUSP00000014753,1485,2,FALSE,NA,Other genes
Chrng,ENSMUSG00000026253,ENSMUSP00000027470,1560,1,FALSE,NA,Other genes
Chst7,ENSMUSG00000037347,ENSMUSP00000043222,1455,2,FALSE,NA,Other genes
Chst9,ENSMUSG00000047161,ENSMUSP00000049975,1242,2,FALSE,NA,Other genes
Chsy3,ENSMUSG00000058152,ENSMUSP00000158180,2655,1,FALSE,NA,Other genes
Chtf18,ENSMUSG00000019214,ENSMUSP00000131768,2913,1,FALSE,NA,Other genes
Chuk,ENSMUSG00000025199,ENSMUSP00000026217,2238,2,FALSE,NA,Other genes
Ciapin1,ENSMUSG00000031781,ENSMUSP00000125451,930,1,FALSE,NA,Other genes
Cic,ENSMUSG00000005442,ENSMUSP00000132351,7533,2,FALSE,NA,Other genes
Ciita,ENSMUSG00000022504,ENSMUSP00000155517,3468,1,FALSE,NA,Other genes
Cilk1,ENSMUSG00000009828,ENSMUSP00000048234,1890,1,FALSE,NA,Other genes
Cilp,ENSMUSG00000042254,ENSMUSP00000036631,3753,1,FALSE,NA,Other genes
Cip2a,ENSMUSG00000033031,ENSMUSP00000113075,2724,1,FALSE,NA,Other genes
Cipc,ENSMUSG00000034157,ENSMUSP00000141049,1299,2,FALSE,NA,Other genes
Cit,ENSMUSG00000029516,ENSMUSP00000099620,6213,1,FALSE,NA,Other genes
Ciz1,ENSMUSG00000039205,ENSMUSP00000108960,2538,1,FALSE,NA,Other genes
Ckap2,ENSMUSG00000037725,ENSMUSP00000039518,1995,1,FALSE,NA,Other genes
Ckap4,ENSMUSG00000046841,ENSMUSP00000050336,1728,1,FALSE,NA,Other genes
Ckap5,ENSMUSG00000040549,ENSMUSP00000106970,6099,1,FALSE,NA,Other genes
Ckmt2,ENSMUSG00000021622,ENSMUSP00000022122,1260,1,FALSE,NA,Other genes
Clasp1,ENSMUSG00000064302,ENSMUSP00000140019,4659,3,FALSE,NA,Other genes
Clca1,ENSMUSG00000028255,ENSMUSP00000029919,2742,1,FALSE,NA,Other genes
Clca3a1,ENSMUSG00000056025,ENSMUSP00000054526,2709,1,FALSE,NA,Other genes
Clca3a2,ENSMUSG00000028262,ENSMUSP00000029929,2709,1,FALSE,NA,Other genes
Clca3b,ENSMUSG00000037033,ENSMUSP00000124581,3135,1,FALSE,NA,Other genes
Clca4a,ENSMUSG00000068547,ENSMUSP00000159165,2778,1,FALSE,NA,Other genes
Clcn2,ENSMUSG00000022843,ENSMUSP00000007207,2727,3,FALSE,NA,Other genes
Clcn3,ENSMUSG00000004319,ENSMUSP00000004430,2601,1,FALSE,NA,Other genes
Clcnka,ENSMUSG00000033770,ENSMUSP00000101416,2064,1,FALSE,NA,Other genes
Cldn3,ENSMUSG00000070473,ENSMUSP00000091799,660,2,FALSE,NA,Other genes
Clec18a,ENSMUSG00000033633,ENSMUSP00000139515,1605,1,FALSE,NA,Other genes
Clec4a4,ENSMUSG00000059639,ENSMUSP00000078351,711,1,FALSE,NA,Other genes
Clgn,ENSMUSG00000002190,ENSMUSP00000002259,1836,1,FALSE,NA,Other genes
Clic4,ENSMUSG00000037242,ENSMUSP00000041453,762,1,FALSE,NA,Other genes
Clic6,ENSMUSG00000022949,ENSMUSP00000023670,1791,1,FALSE,NA,Other genes
Clip1,ENSMUSG00000049550,ENSMUSP00000031382,4314,1,FALSE,NA,Other genes
Clip2,ENSMUSG00000063146,ENSMUSP00000098212,3144,2,FALSE,NA,Other genes
Clk3,ENSMUSG00000032316,ENSMUSP00000067341,1917,1,FALSE,NA,Other genes
Clmn,ENSMUSG00000021097,ENSMUSP00000105563,3159,3,FALSE,NA,Other genes
Clock,ENSMUSG00000029238,ENSMUSP00000074656,2568,1,FALSE,NA,Other genes
Clptm1,ENSMUSG00000002981,ENSMUSP00000051293,1995,2,FALSE,NA,Other genes
Clptm1l,ENSMUSG00000021610,ENSMUSP00000022102,1620,1,FALSE,NA,Other genes
Clstn3,ENSMUSG00000008153,ENSMUSP00000008297,2871,2,FALSE,NA,Other genes
Clu,ENSMUSG00000022037,ENSMUSP00000022616,1347,1,FALSE,NA,Other genes
Cluh,ENSMUSG00000020741,ENSMUSP00000090593,4062,1,FALSE,NA,Other genes
Clybl,ENSMUSG00000025545,ENSMUSP00000026625,1017,1,FALSE,NA,Other genes
Cmklr1,ENSMUSG00000042190,ENSMUSP00000036316,1116,1,FALSE,NA,Other genes
Cmpk2,ENSMUSG00000020638,ENSMUSP00000020969,1344,1,FALSE,NA,Other genes
Cmss1,ENSMUSG00000022748,ENSMUSP00000110011,831,1,FALSE,NA,Other genes
Cmtm4,ENSMUSG00000096188,ENSMUSP00000137332,627,1,FALSE,NA,Other genes
Cmtr1,ENSMUSG00000024019,ENSMUSP00000024816,2514,1,FALSE,NA,Other genes
Cndp2,ENSMUSG00000024644,ENSMUSP00000025546,1428,1,FALSE,NA,Other genes
Cnep1r1,ENSMUSG00000036810,ENSMUSP00000092839,378,1,FALSE,NA,Other genes
Cnfn,ENSMUSG00000063651,ENSMUSP00000130957,375,1,FALSE,NA,Other genes
Cnga1,ENSMUSG00000067220,ENSMUSP00000143881,2055,1,FALSE,NA,Other genes
Cnga2,ENSMUSG00000005864,ENSMUSP00000006020,1995,2,FALSE,NA,Other genes
Cnga4,ENSMUSG00000030897,ENSMUSP00000033187,1728,2,FALSE,NA,Other genes
Cnih1,ENSMUSG00000015759,ENSMUSP00000116885,483,1,FALSE,NA,Other genes
Cnksr1,ENSMUSG00000028841,ENSMUSP00000030645,2103,1,FALSE,NA,Other genes
Cnn1,ENSMUSG00000001349,ENSMUSP00000001384,894,1,FALSE,NA,Other genes
Cnnm4,ENSMUSG00000037408,ENSMUSP00000121317,2316,2,FALSE,NA,Other genes
Cnot1,ENSMUSG00000036550,ENSMUSP00000096073,7131,5,FALSE,NA,Other genes
Cnp,ENSMUSG00000006782,ENSMUSP00000099409,1263,1,FALSE,NA,Other genes
Cnr2,ENSMUSG00000062585,ENSMUSP00000095454,1044,1,FALSE,NA,Other genes
Cntd1,ENSMUSG00000078653,ENSMUSP00000099396,1005,1,FALSE,NA,Other genes
Cntn4,ENSMUSG00000064293,ENSMUSP00000086616,3081,1,FALSE,NA,Other genes
Cntnap1,ENSMUSG00000017167,ENSMUSP00000099398,4158,3,FALSE,NA,Other genes
Cntnap2,ENSMUSG00000039419,ENSMUSP00000110288,3999,2,FALSE,NA,Other genes
Cntnap3,ENSMUSG00000033063,ENSMUSP00000089140,3864,1,FALSE,NA,Other genes
Cntnap4,ENSMUSG00000031772,ENSMUSP00000112511,3933,3,FALSE,NA,Other genes
Cntnap5a,ENSMUSG00000070695,ENSMUSP00000035732,3915,1,FALSE,NA,Other genes
Cntnap5c,ENSMUSG00000038048,ENSMUSP00000075416,3918,1,FALSE,NA,Other genes
Cntrob,ENSMUSG00000032782,ENSMUSP00000090651,2664,1,FALSE,NA,Other genes
Coa7,ENSMUSG00000048351,ENSMUSP00000114906,696,1,FALSE,NA,Other genes
Cobl,ENSMUSG00000020173,ENSMUSP00000045693,4014,1,FALSE,NA,Other genes
Cobll1,ENSMUSG00000034903,ENSMUSP00000108050,3726,42,FALSE,NA,Other genes
Coch,ENSMUSG00000020953,ENSMUSP00000128127,1659,1,FALSE,NA,Other genes
Cog1,ENSMUSG00000018661,ENSMUSP00000018805,2943,1,FALSE,NA,Other genes
Cog6,ENSMUSG00000027742,ENSMUSP00000048603,1974,1,FALSE,NA,Other genes
Cog7,ENSMUSG00000034951,ENSMUSP00000058990,2313,1,FALSE,NA,Other genes
Col11a2,ENSMUSG00000024330,ENSMUSP00000122082,5211,2,FALSE,NA,Other genes
Col12a1,ENSMUSG00000032332,ENSMUSP00000071662,9198,4,FALSE,NA,Other genes
Col13a1,ENSMUSG00000058806,ENSMUSP00000101094,2220,2,FALSE,NA,Other genes
Col14a1,ENSMUSG00000022371,ENSMUSP00000105846,5397,2,FALSE,NA,Other genes
Col16a1,ENSMUSG00000040690,ENSMUSP00000035802,4743,1,FALSE,NA,Other genes
Col18a1,ENSMUSG00000001435,ENSMUSP00000072538,5325,2,FALSE,NA,Other genes
Col1a1,ENSMUSG00000001506,ENSMUSP00000001547,4362,1,FALSE,NA,Other genes
Col1a2,ENSMUSG00000029661,ENSMUSP00000031668,4119,1,FALSE,NA,Other genes
Col20a1,ENSMUSG00000016356,ENSMUSP00000104484,4089,1,FALSE,NA,Other genes
Col22a1,ENSMUSG00000079022,ENSMUSP00000125069,4842,1,FALSE,NA,Other genes
Col23a1,ENSMUSG00000063564,ENSMUSP00000099826,1599,1,FALSE,NA,Other genes
Col25a1,ENSMUSG00000058897,ENSMUSP00000158974,2097,1,FALSE,NA,Other genes
Col27a1,ENSMUSG00000045672,ENSMUSP00000043816,5538,1,FALSE,NA,Other genes
Col28a1,ENSMUSG00000068794,ENSMUSP00000111199,3426,1,FALSE,NA,Other genes
Col3a1,ENSMUSG00000026043,ENSMUSP00000085192,4395,1,FALSE,NA,Other genes
Col4a2,ENSMUSG00000031503,ENSMUSP00000033899,5124,1,FALSE,NA,Other genes
Col4a6,ENSMUSG00000031273,ENSMUSP00000098765,5076,1,FALSE,NA,Other genes
Col5a1,ENSMUSG00000026837,ENSMUSP00000028280,5517,1,FALSE,NA,Other genes
Col6a3,ENSMUSG00000048126,ENSMUSP00000057131,9852,6,FALSE,NA,Other genes
Col6a4,ENSMUSG00000032572,ENSMUSP00000112472,6930,2,FALSE,NA,Other genes
Col6a5,ENSMUSG00000091345,ENSMUSP00000139398,7923,3,FALSE,NA,Other genes
Col6a6,ENSMUSG00000043719,ENSMUSP00000096040,6798,4,FALSE,NA,Other genes
Col7a1,ENSMUSG00000025650,ENSMUSP00000107701,8835,4,FALSE,NA,Other genes
Col9a1,ENSMUSG00000026147,ENSMUSP00000051579,2766,1,FALSE,NA,Other genes
Col9a2,ENSMUSG00000028626,ENSMUSP00000030372,2067,1,FALSE,NA,Other genes
Col9a3,ENSMUSG00000027570,ENSMUSP00000128718,2043,1,FALSE,NA,Other genes
Colca2,ENSMUSG00000079559,ENSMUSP00000159303,762,1,FALSE,NA,Other genes
Colec11,ENSMUSG00000036655,ENSMUSP00000152876,837,1,FALSE,NA,Other genes
Colgalt1,ENSMUSG00000034807,ENSMUSP00000047923,1854,2,FALSE,NA,Other genes
Comp,ENSMUSG00000031849,ENSMUSP00000003659,2268,1,FALSE,NA,Other genes
Copa,ENSMUSG00000026553,ENSMUSP00000027833,3702,3,FALSE,NA,Other genes
Copb1,ENSMUSG00000030754,ENSMUSP00000033012,2862,1,FALSE,NA,Other genes
Copb2,ENSMUSG00000032458,ENSMUSP00000035033,2718,3,FALSE,NA,Other genes
Cope,ENSMUSG00000055681,ENSMUSP00000071078,927,1,FALSE,NA,Other genes
Cops3,ENSMUSG00000019373,ENSMUSP00000019517,1272,1,FALSE,NA,Other genes
Copz2,ENSMUSG00000018672,ENSMUSP00000018816,618,1,FALSE,NA,Other genes
Coq3,ENSMUSG00000028247,ENSMUSP00000029909,1113,1,FALSE,NA,Other genes
Corin,ENSMUSG00000005220,ENSMUSP00000005352,3342,1,FALSE,NA,Other genes
Coro1a,ENSMUSG00000030707,ENSMUSP00000101972,1386,1,FALSE,NA,Other genes
Coro2b,ENSMUSG00000041729,ENSMUSP00000041826,1443,1,FALSE,NA,Other genes
Cort,ENSMUSG00000028971,ENSMUSP00000030815,330,1,FALSE,NA,Other genes
Cox7a2l,ENSMUSG00000024248,ENSMUSP00000131584,405,1,FALSE,NA,Other genes
Cpa5,ENSMUSG00000029788,ENSMUSP00000057722,1311,1,FALSE,NA,Other genes
Cpe,ENSMUSG00000037852,ENSMUSP00000048555,1431,1,FALSE,NA,Other genes
Cpeb3,ENSMUSG00000039652,ENSMUSP00000078690,2151,1,FALSE,NA,Other genes
Cped1,ENSMUSG00000062980,ENSMUSP00000111041,3081,2,FALSE,NA,Other genes
Cplane1,ENSMUSG00000039801,ENSMUSP00000106247,9645,3,FALSE,NA,Other genes
Cplane2,ENSMUSG00000073733,ENSMUSP00000095422,777,1,FALSE,NA,Other genes
Cpn1,ENSMUSG00000025196,ENSMUSP00000026210,1374,1,FALSE,NA,Other genes
Cpne3,ENSMUSG00000028228,ENSMUSP00000029885,1602,1,FALSE,NA,Other genes
Cpne4,ENSMUSG00000032564,ENSMUSP00000049663,1674,1,FALSE,NA,Other genes
Cps1,ENSMUSG00000025991,ENSMUSP00000027144,4503,1,FALSE,NA,Other genes
Cpsf1,ENSMUSG00000034022,ENSMUSP00000155308,4353,1,FALSE,NA,Other genes
Cpsf3,ENSMUSG00000054309,ENSMUSP00000068148,2055,1,FALSE,NA,Other genes
Cpsf4,ENSMUSG00000029625,ENSMUSP00000125019,810,1,FALSE,NA,Other genes
Cpt1a,ENSMUSG00000024900,ENSMUSP00000025835,2322,1,FALSE,NA,Other genes
Cpxm1,ENSMUSG00000027408,ENSMUSP00000028897,2169,1,FALSE,NA,Other genes
Cpxm2,ENSMUSG00000030862,ENSMUSP00000033149,2295,1,FALSE,NA,Other genes
Cr2,ENSMUSG00000026616,ENSMUSP00000147804,4227,1,FALSE,NA,Other genes
Cramp1l,ENSMUSG00000038002,ENSMUSP00000073060,3858,1,FALSE,NA,Other genes
Crat,ENSMUSG00000026853,ENSMUSP00000099919,1881,1,FALSE,NA,Other genes
Crb2,ENSMUSG00000035403,ENSMUSP00000058007,3849,1,FALSE,NA,Other genes
Creb5,ENSMUSG00000053007,ENSMUSP00000144851,1527,1,FALSE,NA,Other genes
Crebbp,ENSMUSG00000022521,ENSMUSP00000023165,7326,5,FALSE,NA,Other genes
Creg2,ENSMUSG00000050967,ENSMUSP00000052871,867,1,FALSE,NA,Other genes
Crh,ENSMUSG00000049796,ENSMUSP00000061185,564,1,FALSE,NA,Other genes
Crhr1,ENSMUSG00000018634,ENSMUSP00000091455,1248,1,FALSE,NA,Other genes
Crhr2,ENSMUSG00000003476,ENSMUSP00000148408,1296,1,FALSE,NA,Other genes
Crim1,ENSMUSG00000024074,ENSMUSP00000108117,3114,1,FALSE,NA,Other genes
Crisp2,ENSMUSG00000023930,ENSMUSP00000156411,732,1,FALSE,NA,Other genes
Crk,ENSMUSG00000017776,ENSMUSP00000017920,915,1,FALSE,NA,Other genes
Crmp1,ENSMUSG00000029121,ENSMUSP00000109795,2061,1,FALSE,NA,Other genes
Crxos,ENSMUSG00000074365,ENSMUSP00000096399,741,1,FALSE,NA,Other genes
Crybb3,ENSMUSG00000029352,ENSMUSP00000075440,636,2,FALSE,NA,Other genes
Crybg1,ENSMUSG00000019866,ENSMUSP00000143429,6198,1,FALSE,NA,Other genes
Crybg2,ENSMUSG00000012123,ENSMUSP00000154159,5478,2,FALSE,NA,Other genes
Crygd,ENSMUSG00000067299,ENSMUSP00000045327,525,1,FALSE,NA,Other genes
Cryge,ENSMUSG00000070870,ENSMUSP00000084617,525,1,FALSE,NA,Other genes
Csf1,ENSMUSG00000014599,ENSMUSP00000014743,1659,1,FALSE,NA,Other genes
Csf2rb2,ENSMUSG00000071714,ENSMUSP00000094083,2637,1,FALSE,NA,Other genes
Csf3r,ENSMUSG00000028859,ENSMUSP00000101768,2514,4,FALSE,NA,Other genes
Csgalnact2,ENSMUSG00000042042,ENSMUSP00000039819,1629,1,FALSE,NA,Other genes
Csl,ENSMUSG00000046934,ENSMUSP00000052373,1401,1,FALSE,NA,Other genes
Csmd1,ENSMUSG00000060924,ENSMUSP00000080751,10695,2,FALSE,NA,Other genes
Csmd3,ENSMUSG00000022311,ENSMUSP00000124775,11124,1,FALSE,NA,Other genes
Csn1s2a,ENSMUSG00000061937,ENSMUSP00000075716,555,1,FALSE,NA,Other genes
Csnk1g1,ENSMUSG00000032384,ENSMUSP00000145887,1386,1,FALSE,NA,Other genes
Csnk2b,ENSMUSG00000024387,ENSMUSP00000134673,774,2,FALSE,NA,Other genes
Cspg5,ENSMUSG00000032482,ENSMUSP00000143005,1710,1,FALSE,NA,Other genes
Ctcf,ENSMUSG00000005698,ENSMUSP00000005841,2211,1,FALSE,NA,Other genes
Ctdnep1,ENSMUSG00000018559,ENSMUSP00000104234,735,1,FALSE,NA,Other genes
Ctif,ENSMUSG00000052928,ENSMUSP00000129974,1872,1,FALSE,NA,Other genes
Ctla2b,ENSMUSG00000074874,ENSMUSP00000021884,342,1,FALSE,NA,Other genes
Ctla4,ENSMUSG00000026011,ENSMUSP00000027164,672,2,FALSE,NA,Other genes
Ctnna1,ENSMUSG00000037815,ENSMUSP00000049007,2721,1,FALSE,NA,Other genes
Ctnnal1,ENSMUSG00000038816,ENSMUSP00000036487,2196,1,FALSE,NA,Other genes
Ctnnb1,ENSMUSG00000006932,ENSMUSP00000007130,2346,1,FALSE,NA,Other genes
Ctnnd2,ENSMUSG00000022240,ENSMUSP00000080427,3741,1,FALSE,NA,Other genes
Ctns,ENSMUSG00000005949,ENSMUSP00000006103,1104,1,FALSE,NA,Other genes
Ctrl,ENSMUSG00000031896,ENSMUSP00000034368,795,1,FALSE,NA,Other genes
Cts8,ENSMUSG00000057446,ENSMUSP00000021891,1002,2,FALSE,NA,Other genes
Ctsll3,ENSMUSG00000056728,ENSMUSP00000036801,996,1,FALSE,NA,Other genes
Ctso,ENSMUSG00000028015,ENSMUSP00000029649,939,1,FALSE,NA,Other genes
Ctsr,ENSMUSG00000055679,ENSMUSP00000021889,1005,1,FALSE,NA,Other genes
Cttn,ENSMUSG00000031078,ENSMUSP00000099368,1641,1,FALSE,NA,Other genes
Ctu1,ENSMUSG00000038888,ENSMUSP00000036770,1263,1,FALSE,NA,Other genes
Ctu2,ENSMUSG00000049482,ENSMUSP00000112113,1545,1,FALSE,NA,Other genes
Cubn,ENSMUSG00000026726,ENSMUSP00000089009,10872,1,FALSE,NA,Other genes
Cul9,ENSMUSG00000040327,ENSMUSP00000138418,7593,2,FALSE,NA,Other genes
Cux1,ENSMUSG00000029705,ENSMUSP00000135086,4554,1,FALSE,NA,Other genes
Cux2,ENSMUSG00000042589,ENSMUSP00000107381,4281,1,FALSE,NA,Other genes
Cwc15,ENSMUSG00000004096,ENSMUSP00000004200,690,1,FALSE,NA,Other genes
Cwf19l1,ENSMUSG00000025200,ENSMUSP00000026218,1614,1,FALSE,NA,Other genes
Cx3cl1,ENSMUSG00000031778,ENSMUSP00000034230,1188,1,FALSE,NA,Other genes
Cx3cr1,ENSMUSG00000052336,ENSMUSP00000063986,1065,2,FALSE,NA,Other genes
Cxcr1,ENSMUSG00000048480,ENSMUSP00000139555,1056,1,FALSE,NA,Other genes
Cxcr3,ENSMUSG00000050232,ENSMUSP00000052444,1104,1,FALSE,NA,Other genes
Cxcr4,ENSMUSG00000045382,ENSMUSP00000053489,1080,1,FALSE,NA,Other genes
Cxcr6,ENSMUSG00000048521,ENSMUSP00000151182,1077,1,FALSE,NA,Other genes
Cyba,ENSMUSG00000006519,ENSMUSP00000017604,579,1,FALSE,NA,Other genes
Cyfip2,ENSMUSG00000020340,ENSMUSP00000090854,3762,2,FALSE,NA,Other genes
Cyld,ENSMUSG00000036712,ENSMUSP00000147654,2868,1,FALSE,NA,Other genes
Cym,ENSMUSG00000046213,ENSMUSP00000029504,1140,1,FALSE,NA,Other genes
Cyp11b1,ENSMUSG00000075604,ENSMUSP00000127888,1506,1,FALSE,NA,Other genes
Cyp1a1,ENSMUSG00000032315,ENSMUSP00000150277,1575,1,FALSE,NA,Other genes
Cyp1a2,ENSMUSG00000032310,ENSMUSP00000034860,1542,2,FALSE,NA,Other genes
Cyp24a1,ENSMUSG00000038567,ENSMUSP00000047954,1545,2,FALSE,NA,Other genes
Cyp2a22,ENSMUSG00000091867,ENSMUSP00000128030,1479,1,FALSE,NA,Other genes
Cyp2a5,ENSMUSG00000005547,ENSMUSP00000005685,1485,1,FALSE,NA,Other genes
Cyp2ab1,ENSMUSG00000022818,ENSMUSP00000138133,1497,1,FALSE,NA,Other genes
Cyp2b10,ENSMUSG00000030483,ENSMUSP00000005477,1503,3,FALSE,NA,Other genes
Cyp2b19,ENSMUSG00000066704,ENSMUSP00000077021,1479,3,FALSE,NA,Other genes
Cyp2b23,ENSMUSG00000040650,ENSMUSP00000076578,1476,2,FALSE,NA,Other genes
Cyp2c37,ENSMUSG00000042248,ENSMUSP00000045362,1473,2,FALSE,NA,Other genes
Cyp2c39,ENSMUSG00000025003,ENSMUSP00000025968,1473,1,FALSE,NA,Other genes
Cyp2c50,ENSMUSG00000054827,ENSMUSP00000079065,1473,1,FALSE,NA,Other genes
Cyp2c65,ENSMUSG00000067231,ENSMUSP00000084489,1473,1,FALSE,NA,Other genes
Cyp2c68,ENSMUSG00000074882,ENSMUSP00000097071,1476,1,FALSE,NA,Other genes
Cyp2d10,ENSMUSG00000094806,ENSMUSP00000072555,1515,3,FALSE,NA,Other genes
Cyp2d11,ENSMUSG00000068085,ENSMUSP00000130338,1515,2,FALSE,NA,Other genes
Cyp2d12,ENSMUSG00000096852,ENSMUSP00000071064,1515,1,FALSE,NA,Other genes
Cyp2d40,ENSMUSG00000068083,ENSMUSP00000060524,1017,1,FALSE,NA,Other genes
Cyp2j11,ENSMUSG00000066097,ENSMUSP00000132180,1515,1,FALSE,NA,Other genes
Cyp2j7,ENSMUSG00000081362,ENSMUSP00000134331,1515,1,FALSE,NA,Other genes
Cyp2j9,ENSMUSG00000015224,ENSMUSP00000050464,1509,1,FALSE,NA,Other genes
Cyp2u1,ENSMUSG00000027983,ENSMUSP00000101944,1593,2,FALSE,NA,Other genes
Cyp3a44,ENSMUSG00000054417,ENSMUSP00000069932,1515,10,FALSE,NA,Other genes
Cyp4a12a,ENSMUSG00000066071,ENSMUSP00000081370,1527,1,FALSE,NA,Other genes
Cyp4a12b,ENSMUSG00000078597,ENSMUSP00000092487,1527,1,FALSE,NA,Other genes
Cyp4a29,ENSMUSG00000083138,ENSMUSP00000139717,1530,1,FALSE,NA,Other genes
Cyp4a31,ENSMUSG00000028712,ENSMUSP00000030486,1530,1,FALSE,NA,Other genes
Cyp4a32,ENSMUSG00000063929,ENSMUSP00000081369,1530,1,FALSE,NA,Other genes
Cyp4f15,ENSMUSG00000073424,ENSMUSP00000129264,1605,2,FALSE,NA,Other genes
Cyp4x1,ENSMUSG00000047155,ENSMUSP00000059545,1524,1,FALSE,NA,Other genes
Cyp51,ENSMUSG00000001467,ENSMUSP00000001507,1512,1,FALSE,NA,Other genes
Cyp8b1,ENSMUSG00000050445,ENSMUSP00000052989,1503,1,FALSE,NA,Other genes
Cypt15,ENSMUSG00000079619,ENSMUSP00000110767,264,1,FALSE,NA,Other genes
Cyth1,ENSMUSG00000017132,ENSMUSP00000097756,1383,1,FALSE,NA,Other genes
Cytip,ENSMUSG00000026832,ENSMUSP00000028175,1080,1,FALSE,NA,Other genes
D130043K22Rik,ENSMUSG00000006711,ENSMUSP00000006893,3246,2,FALSE,NA,Other genes
D1Pas1,ENSMUSG00000039224,ENSMUSP00000035261,1983,1,FALSE,NA,Other genes
D230025D16Rik,ENSMUSG00000031889,ENSMUSP00000034361,1269,1,FALSE,NA,Other genes
D430041D05Rik,ENSMUSG00000068373,ENSMUSP00000155485,6300,2,FALSE,NA,Other genes
D430042O09Rik,ENSMUSG00000032743,ENSMUSP00000065744,4833,3,FALSE,NA,Other genes
D5Ertd579e,ENSMUSG00000029190,ENSMUSP00000031091,4191,3,FALSE,NA,Other genes
D630039A03Rik,ENSMUSG00000052117,ENSMUSP00000068932,711,1,FALSE,NA,Other genes
D630045J12Rik,ENSMUSG00000063455,ENSMUSP00000130121,5823,1,FALSE,NA,Other genes
D6Ertd527e,ENSMUSG00000090891,ENSMUSP00000145529,1395,5,FALSE,NA,Other genes
D930020B18Rik,ENSMUSG00000047642,ENSMUSP00000113963,1881,2,FALSE,NA,Other genes
Daam1,ENSMUSG00000034574,ENSMUSP00000152564,3234,1,FALSE,NA,Other genes
Dab1,ENSMUSG00000028519,ENSMUSP00000102443,1668,1,FALSE,NA,Other genes
Dach1,ENSMUSG00000055639,ENSMUSP00000071464,2256,1,FALSE,NA,Other genes
Dact1,ENSMUSG00000044548,ENSMUSP00000117169,2448,1,FALSE,NA,Other genes
Dact2,ENSMUSG00000048826,ENSMUSP00000051638,2274,1,FALSE,NA,Other genes
Dag1,ENSMUSG00000039952,ENSMUSP00000142109,2682,1,FALSE,NA,Other genes
Dapk1,ENSMUSG00000021559,ENSMUSP00000153607,4329,2,FALSE,NA,Other genes
Dapk3,ENSMUSG00000034974,ENSMUSP00000137333,1347,1,FALSE,NA,Other genes
Dars2,ENSMUSG00000026709,ENSMUSP00000041851,1962,1,FALSE,NA,Other genes
Dbf4,ENSMUSG00000002297,ENSMUSP00000132906,1992,1,FALSE,NA,Other genes
Dbh,ENSMUSG00000000889,ENSMUSP00000000910,1869,1,FALSE,NA,Other genes
Dbnl,ENSMUSG00000020476,ENSMUSP00000020769,1311,1,FALSE,NA,Other genes
Dcaf1,ENSMUSG00000040325,ENSMUSP00000125730,4539,1,FALSE,NA,Other genes
Dcaf12l2,ENSMUSG00000050926,ENSMUSP00000110709,1410,1,FALSE,NA,Other genes
Dcaf7,ENSMUSG00000049354,ENSMUSP00000058168,1029,2,FALSE,NA,Other genes
Dcc,ENSMUSG00000060534,ENSMUSP00000110593,4344,1,FALSE,NA,Other genes
Dcdc2a,ENSMUSG00000035910,ENSMUSP00000063650,1428,1,FALSE,NA,Other genes
Dchs1,ENSMUSG00000036862,ENSMUSP00000077574,9876,3,FALSE,NA,Other genes
Dclk1,ENSMUSG00000027797,ENSMUSP00000050034,2271,2,FALSE,NA,Other genes
Dclre1a,ENSMUSG00000025077,ENSMUSP00000138290,3144,6,FALSE,NA,Other genes
Dct,ENSMUSG00000022129,ENSMUSP00000022725,1554,1,FALSE,NA,Other genes
Dctd,ENSMUSG00000031562,ENSMUSP00000133445,555,1,FALSE,NA,Other genes
Dctn2,ENSMUSG00000025410,ENSMUSP00000026479,1209,1,FALSE,NA,Other genes
Dcx,ENSMUSG00000031285,ENSMUSP00000033642,1101,2,FALSE,NA,Other genes
Dda1,ENSMUSG00000074247,ENSMUSP00000121042,309,1,FALSE,NA,Other genes
Ddb1,ENSMUSG00000024740,ENSMUSP00000025649,3423,1,FALSE,NA,Other genes
Ddc,ENSMUSG00000020182,ENSMUSP00000068525,1443,1,FALSE,NA,Other genes
Ddhd1,ENSMUSG00000037697,ENSMUSP00000084577,2757,2,FALSE,NA,Other genes
Ddi1,ENSMUSG00000047619,ENSMUSP00000053223,1227,1,FALSE,NA,Other genes
Ddit3,ENSMUSG00000025408,ENSMUSP00000026475,507,1,FALSE,NA,Other genes
Ddn,ENSMUSG00000059213,ENSMUSP00000074895,2133,1,FALSE,NA,Other genes
Ddr2,ENSMUSG00000026674,ENSMUSP00000141443,2565,5,FALSE,NA,Other genes
Ddrgk1,ENSMUSG00000068290,ENSMUSP00000086988,948,2,FALSE,NA,Other genes
Ddx10,ENSMUSG00000053289,ENSMUSP00000065198,2628,1,FALSE,NA,Other genes
Ddx21,ENSMUSG00000020075,ENSMUSP00000042691,2556,1,FALSE,NA,Other genes
Ddx23,ENSMUSG00000003360,ENSMUSP00000003450,2460,1,FALSE,NA,Other genes
Ddx25,ENSMUSG00000032101,ENSMUSP00000034612,1455,2,FALSE,NA,Other genes
Ddx31,ENSMUSG00000026806,ENSMUSP00000109484,2064,1,FALSE,NA,Other genes
Ddx39b,ENSMUSG00000019432,ENSMUSP00000070682,1287,1,FALSE,NA,Other genes
Ddx3x,ENSMUSG00000000787,ENSMUSP00000000804,1989,3,FALSE,NA,Other genes
Ddx4,ENSMUSG00000021758,ENSMUSP00000096769,2187,1,FALSE,NA,Other genes
Ddx42,ENSMUSG00000020705,ENSMUSP00000021046,2790,1,FALSE,NA,Other genes
Ddx54,ENSMUSG00000029599,ENSMUSP00000031598,2625,2,FALSE,NA,Other genes
Ddx56,ENSMUSG00000004393,ENSMUSP00000004507,1641,1,FALSE,NA,Other genes
Ddx59,ENSMUSG00000026404,ENSMUSP00000027655,1860,2,FALSE,NA,Other genes
Ddx6,ENSMUSG00000032097,ENSMUSP00000149620,1452,1,FALSE,NA,Other genes
Ddx60,ENSMUSG00000037921,ENSMUSP00000091197,5136,1,FALSE,NA,Other genes
Deaf1,ENSMUSG00000058886,ENSMUSP00000147728,1728,1,FALSE,NA,Other genes
Def6,ENSMUSG00000002257,ENSMUSP00000002327,1893,1,FALSE,NA,Other genes
Defb26,ENSMUSG00000074680,ENSMUSP00000096811,561,2,FALSE,NA,Other genes
Dele1,ENSMUSG00000024442,ENSMUSP00000025314,1533,1,FALSE,NA,Other genes
Denn2b,ENSMUSG00000031024,ENSMUSP00000077067,3405,1,FALSE,NA,Other genes
Dennd3,ENSMUSG00000036661,ENSMUSP00000046774,3825,1,FALSE,NA,Other genes
Dennd4a,ENSMUSG00000053641,ENSMUSP00000037915,5610,1,FALSE,NA,Other genes
Dennd4b,ENSMUSG00000042404,ENSMUSP00000096514,4533,1,FALSE,NA,Other genes
Dennd5a,ENSMUSG00000035901,ENSMUSP00000079295,3864,1,FALSE,NA,Other genes
Dennd5b,ENSMUSG00000030313,ENSMUSP00000107182,3825,1,FALSE,NA,Other genes
Dennd6b,ENSMUSG00000015377,ENSMUSP00000077978,1758,1,FALSE,NA,Other genes
Derl1,ENSMUSG00000022365,ENSMUSP00000022993,756,1,FALSE,NA,Other genes
Det1,ENSMUSG00000030610,ENSMUSP00000032839,1653,1,FALSE,NA,Other genes
Deup1,ENSMUSG00000039977,ENSMUSP00000039912,1806,2,FALSE,NA,Other genes
Dgkb,ENSMUSG00000036095,ENSMUSP00000152378,2388,1,FALSE,NA,Other genes
Dgke,ENSMUSG00000000276,ENSMUSP00000103526,1695,2,FALSE,NA,Other genes
Dgkh,ENSMUSG00000034731,ENSMUSP00000154036,3543,3,FALSE,NA,Other genes
Dgki,ENSMUSG00000038665,ENSMUSP00000099071,3216,1,FALSE,NA,Other genes
Dhfr,ENSMUSG00000021707,ENSMUSP00000022218,564,1,FALSE,NA,Other genes
Dhrs11,ENSMUSG00000034449,ENSMUSP00000043467,783,1,FALSE,NA,Other genes
Dhrs4,ENSMUSG00000022210,ENSMUSP00000022821,840,1,FALSE,NA,Other genes
Dhrs7c,ENSMUSG00000033044,ENSMUSP00000130924,936,2,FALSE,NA,Other genes
Dhtkd1,ENSMUSG00000025815,ENSMUSP00000092769,2766,2,FALSE,NA,Other genes
Dhx29,ENSMUSG00000042426,ENSMUSP00000035244,4098,2,FALSE,NA,Other genes
Dhx36,ENSMUSG00000027770,ENSMUSP00000029336,3006,1,FALSE,NA,Other genes
Dhx37,ENSMUSG00000029480,ENSMUSP00000131734,3453,1,FALSE,NA,Other genes
Dhx38,ENSMUSG00000037993,ENSMUSP00000047865,3687,1,FALSE,NA,Other genes
Dhx58,ENSMUSG00000017830,ENSMUSP00000017974,2037,1,FALSE,NA,Other genes
Dhx8,ENSMUSG00000034931,ENSMUSP00000037251,3735,1,FALSE,NA,Other genes
Diaph1,ENSMUSG00000024456,ENSMUSP00000025337,3795,1,FALSE,NA,Other genes
Diaph3,ENSMUSG00000022021,ENSMUSP00000129420,3516,2,FALSE,NA,Other genes
Dicer1,ENSMUSG00000041415,ENSMUSP00000043676,5721,2,FALSE,NA,Other genes
Dido1,ENSMUSG00000038914,ENSMUSP00000084794,6771,3,FALSE,NA,Other genes
Dip2a,ENSMUSG00000020231,ENSMUSP00000101057,4719,3,FALSE,NA,Other genes
Dip2b,ENSMUSG00000023026,ENSMUSP00000097777,4725,2,FALSE,NA,Other genes
Dipk1b,ENSMUSG00000036186,ENSMUSP00000073860,1296,1,FALSE,NA,Other genes
Dis3l,ENSMUSG00000032396,ENSMUSP00000129772,3162,1,FALSE,NA,Other genes
Disp2,ENSMUSG00000040035,ENSMUSP00000037136,4038,1,FALSE,NA,Other genes
Disp3,ENSMUSG00000041544,ENSMUSP00000038490,4044,3,FALSE,NA,Other genes
Dld,ENSMUSG00000020664,ENSMUSP00000106481,1530,1,FALSE,NA,Other genes
Dlec1,ENSMUSG00000038060,ENSMUSP00000122380,5226,1,FALSE,NA,Other genes
Dlg1,ENSMUSG00000022770,ENSMUSP00000064280,2784,1,FALSE,NA,Other genes
Dlg4,ENSMUSG00000020886,ENSMUSP00000104230,2304,1,FALSE,NA,Other genes
Dlg5,ENSMUSG00000021782,ENSMUSP00000087879,5766,3,FALSE,NA,Other genes
Dlgap2,ENSMUSG00000047495,ENSMUSP00000123078,3183,1,FALSE,NA,Other genes
Dlgap4,ENSMUSG00000061689,ENSMUSP00000126980,2979,1,FALSE,NA,Other genes
Dll4,ENSMUSG00000027314,ENSMUSP00000099575,2061,2,FALSE,NA,Other genes
Dlst,ENSMUSG00000004789,ENSMUSP00000060346,1365,1,FALSE,NA,Other genes
Dlx6,ENSMUSG00000029754,ENSMUSP00000124204,894,1,FALSE,NA,Other genes
Dmac2l,ENSMUSG00000054894,ENSMUSP00000152430,603,1,FALSE,NA,Other genes
Dmbt1,ENSMUSG00000047517,ENSMUSP00000146685,5874,1,FALSE,NA,Other genes
Dmd,ENSMUSG00000045103,ENSMUSP00000109633,11037,1,FALSE,NA,Other genes
Dmkn,ENSMUSG00000060962,ENSMUSP00000129031,1575,1,FALSE,NA,Other genes
Dmpk,ENSMUSG00000030409,ENSMUSP00000032568,1896,1,FALSE,NA,Other genes
Dmrtc1b,ENSMUSG00000073027,ENSMUSP00000109239,804,2,FALSE,NA,Other genes
Dmtf1,ENSMUSG00000042508,ENSMUSP00000071815,2286,1,FALSE,NA,Other genes
Dmxl1,ENSMUSG00000037416,ENSMUSP00000045559,9078,1,FALSE,NA,Other genes
Dmxl2,ENSMUSG00000041268,ENSMUSP00000113705,9165,2,FALSE,NA,Other genes
Dna2,ENSMUSG00000036875,ENSMUSP00000115750,3189,2,FALSE,NA,Other genes
Dnaaf4,ENSMUSG00000092192,ENSMUSP00000034734,1263,1,FALSE,NA,Other genes
Dnaaf5,ENSMUSG00000025857,ENSMUSP00000026975,2562,1,FALSE,NA,Other genes
Dnah1,ENSMUSG00000019027,ENSMUSP00000043281,12753,4,FALSE,NA,Other genes
Dnah10,ENSMUSG00000038011,ENSMUSP00000062995,13776,10,FALSE,NA,Other genes
Dnah11,ENSMUSG00000018581,ENSMUSP00000081867,13467,3,FALSE,NA,Other genes
Dnah12,ENSMUSG00000021879,ENSMUSP00000022433,11883,1,FALSE,NA,Other genes
Dnah14,ENSMUSG00000047369,ENSMUSP00000158787,13791,2,FALSE,NA,Other genes
Dnah17,ENSMUSG00000033987,ENSMUSP00000101915,13446,3,FALSE,NA,Other genes
Dnah2,ENSMUSG00000005237,ENSMUSP00000104299,13389,5,FALSE,NA,Other genes
Dnah3,ENSMUSG00000052273,ENSMUSP00000042857,12252,1,FALSE,NA,Other genes
Dnah5,ENSMUSG00000022262,ENSMUSP00000069751,13866,4,FALSE,NA,Other genes
Dnah6,ENSMUSG00000052861,ENSMUSP00000144791,12435,1,FALSE,NA,Other genes
Dnah7a,ENSMUSG00000096141,ENSMUSP00000092571,12075,2,FALSE,NA,Other genes
Dnah7b,ENSMUSG00000041144,ENSMUSP00000068738,12207,2,FALSE,NA,Other genes
Dnah7c,ENSMUSG00000101337,ENSMUSP00000140430,12075,1,FALSE,NA,Other genes
Dnah8,ENSMUSG00000033826,ENSMUSP00000157469,14196,4,FALSE,NA,Other genes
Dnah9,ENSMUSG00000056752,ENSMUSP00000079494,13455,2,FALSE,NA,Other genes
Dnaic2,ENSMUSG00000034706,ENSMUSP00000065787,1872,1,FALSE,NA,Other genes
Dnajc12,ENSMUSG00000036764,ENSMUSP00000041298,597,1,FALSE,NA,Other genes
Dnajc13,ENSMUSG00000032560,ENSMUSP00000139804,6747,1,FALSE,NA,Other genes
Dnajc2,ENSMUSG00000029014,ENSMUSP00000030771,1866,1,FALSE,NA,Other genes
Dnajc21,ENSMUSG00000044224,ENSMUSP00000116865,1596,1,FALSE,NA,Other genes
Dnajc5b,ENSMUSG00000027606,ENSMUSP00000112849,600,1,FALSE,NA,Other genes
Dnase1l2,ENSMUSG00000024136,ENSMUSP00000085862,837,1,FALSE,NA,Other genes
Dnase2b,ENSMUSG00000028185,ENSMUSP00000029836,1065,1,FALSE,NA,Other genes
Dnm1,ENSMUSG00000026825,ENSMUSP00000122679,2604,1,FALSE,NA,Other genes
Dnm1l,ENSMUSG00000022789,ENSMUSP00000155155,2151,1,FALSE,NA,Other genes
Dnm2,ENSMUSG00000033335,ENSMUSP00000072199,2613,13,FALSE,NA,Other genes
Dnmbp,ENSMUSG00000025195,ENSMUSP00000148582,4743,1,FALSE,NA,Other genes
Dnmt3a,ENSMUSG00000020661,ENSMUSP00000020991,2727,2,FALSE,NA,Other genes
Dntt,ENSMUSG00000025014,ENSMUSP00000062078,1593,1,FALSE,NA,Other genes
Dock1,ENSMUSG00000058325,ENSMUSP00000081531,5598,2,FALSE,NA,Other genes
Dock10,ENSMUSG00000038608,ENSMUSP00000077099,6564,3,FALSE,NA,Other genes
Dock2,ENSMUSG00000020143,ENSMUSP00000090884,5487,1,FALSE,NA,Other genes
Dock3,ENSMUSG00000039716,ENSMUSP00000047652,6093,1,FALSE,NA,Other genes
Dock4,ENSMUSG00000035954,ENSMUSP00000047387,5937,1,FALSE,NA,Other genes
Dock5,ENSMUSG00000044447,ENSMUSP00000036674,5607,2,FALSE,NA,Other genes
Dock6,ENSMUSG00000032198,ENSMUSP00000149156,6336,2,FALSE,NA,Other genes
Dock7,ENSMUSG00000028556,ENSMUSP00000117797,6393,2,FALSE,NA,Other genes
Dock8,ENSMUSG00000052085,ENSMUSP00000025831,6303,2,FALSE,NA,Other genes
Dok3,ENSMUSG00000035711,ENSMUSP00000153308,1335,1,FALSE,NA,Other genes
Dok4,ENSMUSG00000040631,ENSMUSP00000148355,978,1,FALSE,NA,Other genes
Dok7,ENSMUSG00000044716,ENSMUSP00000059538,1713,1,FALSE,NA,Other genes
Dop1b,ENSMUSG00000022946,ENSMUSP00000044437,6888,1,FALSE,NA,Other genes
Doxl1,ENSMUSG00000029813,ENSMUSP00000031837,2136,1,FALSE,NA,Other genes
Doxl2,ENSMUSG00000068536,ENSMUSP00000139012,2172,3,FALSE,NA,Other genes
Dph1,ENSMUSG00000078789,ENSMUSP00000042162,1317,1,FALSE,NA,Other genes
Dph2,ENSMUSG00000028540,ENSMUSP00000030265,1470,1,FALSE,NA,Other genes
Dpy19l3,ENSMUSG00000043671,ENSMUSP00000054747,2151,1,FALSE,NA,Other genes
Dpy19l4,ENSMUSG00000045205,ENSMUSP00000081954,2169,2,FALSE,NA,Other genes
Dpysl3,ENSMUSG00000024501,ENSMUSP00000112928,2052,1,FALSE,NA,Other genes
Dqx1,ENSMUSG00000009145,ENSMUSP00000076708,2157,1,FALSE,NA,Other genes
Drd2,ENSMUSG00000032259,ENSMUSP00000075170,1335,1,FALSE,NA,Other genes
Drg2,ENSMUSG00000020537,ENSMUSP00000018568,1095,1,FALSE,NA,Other genes
Drosha,ENSMUSG00000022191,ENSMUSP00000087762,4122,1,FALSE,NA,Other genes
Dsc2,ENSMUSG00000024331,ENSMUSP00000074702,2709,1,FALSE,NA,Other genes
Dscam,ENSMUSG00000050272,ENSMUSP00000056040,6042,2,FALSE,NA,Other genes
Dscc1,ENSMUSG00000022422,ENSMUSP00000105860,1389,1,FALSE,NA,Other genes
Dsg1a,ENSMUSG00000069441,ENSMUSP00000076393,3174,1,FALSE,NA,Other genes
Dsn1,ENSMUSG00000027635,ENSMUSP00000099418,1047,1,FALSE,NA,Other genes
Dsp,ENSMUSG00000054889,ENSMUSP00000115062,8652,1,FALSE,NA,Other genes
Dst,ENSMUSG00000026131,ENSMUSP00000138308,23154,23,FALSE,NA,Other genes
Dtna,ENSMUSG00000024302,ENSMUSP00000152288,2241,1,FALSE,NA,Other genes
Dtnb,ENSMUSG00000071454,ENSMUSP00000126194,1980,1,FALSE,NA,Other genes
Dtx2,ENSMUSG00000004947,ENSMUSP00000106772,1860,1,FALSE,NA,Other genes
Dtx4,ENSMUSG00000039982,ENSMUSP00000040229,1851,1,FALSE,NA,Other genes
Duox2,ENSMUSG00000068452,ENSMUSP00000158204,4638,1,FALSE,NA,Other genes
Duoxa1,ENSMUSG00000027224,ENSMUSP00000106166,1026,1,FALSE,NA,Other genes
Dus3l,ENSMUSG00000007603,ENSMUSP00000007747,1914,1,FALSE,NA,Other genes
Dusp16,ENSMUSG00000030203,ENSMUSP00000098419,1983,1,FALSE,NA,Other genes
Dusp22,ENSMUSG00000069255,ENSMUSP00000093603,618,1,FALSE,NA,Other genes
Dusp27,ENSMUSG00000026564,ENSMUSP00000141564,3417,1,FALSE,NA,Other genes
Dusp3,ENSMUSG00000003518,ENSMUSP00000102791,633,1,FALSE,NA,Other genes
Dusp8,ENSMUSG00000037887,ENSMUSP00000049414,1992,7,FALSE,NA,Other genes
Duxf3,ENSMUSG00000075046,ENSMUSP00000145004,2025,4,FALSE,NA,Other genes
Dync1h1,ENSMUSG00000018707,ENSMUSP00000018851,13935,2,FALSE,NA,Other genes
Dync1i1,ENSMUSG00000029757,ENSMUSP00000111217,1938,1,FALSE,NA,Other genes
Dync1li1,ENSMUSG00000032435,ENSMUSP00000035366,1572,1,FALSE,NA,Other genes
Dyrk1b,ENSMUSG00000002409,ENSMUSP00000133431,2070,1,FALSE,NA,Other genes
Dyrk4,ENSMUSG00000030345,ENSMUSP00000077606,1899,1,FALSE,NA,Other genes
Dysf,ENSMUSG00000033788,ENSMUSP00000144970,6363,2,FALSE,NA,Other genes
Dzip1,ENSMUSG00000042156,ENSMUSP00000004055,2559,1,FALSE,NA,Other genes
E030025P04Rik,ENSMUSG00000078605,ENSMUSP00000102321,558,1,FALSE,NA,Other genes
E130308A19Rik,ENSMUSG00000045071,ENSMUSP00000062493,2214,1,FALSE,NA,Other genes
E130311K13Rik,ENSMUSG00000048581,ENSMUSP00000058114,885,1,FALSE,NA,Other genes
E230025N22Rik,ENSMUSG00000044719,ENSMUSP00000111346,1449,1,FALSE,NA,Other genes
E2f7,ENSMUSG00000020185,ENSMUSP00000073453,2715,3,FALSE,NA,Other genes
E2f8,ENSMUSG00000046179,ENSMUSP00000056778,2583,1,FALSE,NA,Other genes
E330034G19Rik,ENSMUSG00000038925,ENSMUSP00000124917,1056,1,FALSE,NA,Other genes
Ebf1,ENSMUSG00000057098,ENSMUSP00000099857,1779,3,FALSE,NA,Other genes
Ebf2,ENSMUSG00000022053,ENSMUSP00000022637,1728,1,FALSE,NA,Other genes
Ebf3,ENSMUSG00000010476,ENSMUSP00000147829,1791,1,FALSE,NA,Other genes
Ebna1bp2,ENSMUSG00000028729,ENSMUSP00000030501,921,1,FALSE,NA,Other genes
Ece1,ENSMUSG00000057530,ENSMUSP00000099576,2262,1,FALSE,NA,Other genes
Ecel1,ENSMUSG00000026247,ENSMUSP00000125096,2328,2,FALSE,NA,Other genes
Echs1,ENSMUSG00000025465,ENSMUSP00000026538,873,1,FALSE,NA,Other genes
Ecm1,ENSMUSG00000028108,ENSMUSP00000112665,1680,1,FALSE,NA,Other genes
Ecm2,ENSMUSG00000043631,ENSMUSP00000060402,2013,1,FALSE,NA,Other genes
Ecpas,ENSMUSG00000050812,ENSMUSP00000099953,5523,2,FALSE,NA,Other genes
Ect2,ENSMUSG00000027699,ENSMUSP00000103935,2742,1,FALSE,NA,Other genes
Edc3,ENSMUSG00000038957,ENSMUSP00000049146,1527,1,FALSE,NA,Other genes
Edc4,ENSMUSG00000036270,ENSMUSP00000039134,4221,1,FALSE,NA,Other genes
Edem2,ENSMUSG00000038312,ENSMUSP00000041202,1734,1,FALSE,NA,Other genes
Edem3,ENSMUSG00000043019,ENSMUSP00000140443,2844,2,FALSE,NA,Other genes
Edn3,ENSMUSG00000027524,ENSMUSP00000029030,645,2,FALSE,NA,Other genes
Eed,ENSMUSG00000030619,ENSMUSP00000159171,1503,3,FALSE,NA,Other genes
Eef1a1,ENSMUSG00000037742,ENSMUSP00000042457,1389,1,FALSE,NA,Other genes
Eef2,ENSMUSG00000034994,ENSMUSP00000046101,2577,4,FALSE,NA,Other genes
Efcab12,ENSMUSG00000030321,ENSMUSP00000139144,2022,1,FALSE,NA,Other genes
Efcab5,ENSMUSG00000050944,ENSMUSP00000104037,4221,1,FALSE,NA,Other genes
Efcab6,ENSMUSG00000022441,ENSMUSP00000114909,4551,4,FALSE,NA,Other genes
Efemp2,ENSMUSG00000024909,ENSMUSP00000064719,1389,1,FALSE,NA,Other genes
Efhc2,ENSMUSG00000025038,ENSMUSP00000026014,2253,1,FALSE,NA,Other genes
Efl1,ENSMUSG00000038563,ENSMUSP00000046046,3384,1,FALSE,NA,Other genes
Egf,ENSMUSG00000028017,ENSMUSP00000029653,3654,1,FALSE,NA,Other genes
Egfem1,ENSMUSG00000063600,ENSMUSP00000112943,1773,1,FALSE,NA,Other genes
Egfl6,ENSMUSG00000000402,ENSMUSP00000000412,1653,2,FALSE,NA,Other genes
Egfr,ENSMUSG00000020122,ENSMUSP00000020329,3633,6,FALSE,NA,Other genes
Egr1,ENSMUSG00000038418,ENSMUSP00000069616,1602,1,FALSE,NA,Other genes
Egr2,ENSMUSG00000037868,ENSMUSP00000041053,1413,1,FALSE,NA,Other genes
Ehd2,ENSMUSG00000074364,ENSMUSP00000096397,1632,1,FALSE,NA,Other genes
Ehd3,ENSMUSG00000024065,ENSMUSP00000024860,1608,1,FALSE,NA,Other genes
Ehhadh,ENSMUSG00000022853,ENSMUSP00000023559,2157,1,FALSE,NA,Other genes
Ehmt2,ENSMUSG00000013787,ENSMUSP00000013931,3792,1,FALSE,NA,Other genes
Eif2ak1,ENSMUSG00000029613,ENSMUSP00000098056,1860,1,FALSE,NA,Other genes
Eif2b4,ENSMUSG00000029145,ENSMUSP00000144361,1701,1,FALSE,NA,Other genes
Eif2b5,ENSMUSG00000003235,ENSMUSP00000003320,2154,3,FALSE,NA,Other genes
Eif2d,ENSMUSG00000026427,ENSMUSP00000137678,1764,2,FALSE,NA,Other genes
Eif2s3x,ENSMUSG00000035150,ENSMUSP00000059395,1419,1,FALSE,NA,Other genes
Eif3a,ENSMUSG00000024991,ENSMUSP00000025955,4035,1,FALSE,NA,Other genes
Eif3b,ENSMUSG00000056076,ENSMUSP00000098076,2412,2,FALSE,NA,Other genes
Eif3l,ENSMUSG00000033047,ENSMUSP00000038839,1695,1,FALSE,NA,Other genes
Eif3m,ENSMUSG00000027170,ENSMUSP00000028592,1125,1,FALSE,NA,Other genes
Eif4a3l1,ENSMUSG00000094973,ENSMUSP00000144809,1236,1,FALSE,NA,Other genes
Eif4e2,ENSMUSG00000026254,ENSMUSP00000053403,780,1,FALSE,NA,Other genes
Eif4g1,ENSMUSG00000045983,ENSMUSP00000047678,4803,1,FALSE,NA,Other genes
Eif4g2,ENSMUSG00000005610,ENSMUSP00000124551,2721,2,FALSE,NA,Other genes
Eif4g3,ENSMUSG00000028760,ENSMUSP00000145147,5289,3,FALSE,NA,Other genes
Eif5,ENSMUSG00000021282,ENSMUSP00000126825,1290,9,FALSE,NA,Other genes
Elavl3,ENSMUSG00000003410,ENSMUSP00000003501,1104,1,FALSE,NA,Other genes
Elavl4,ENSMUSG00000028546,ENSMUSP00000102207,1158,1,FALSE,NA,Other genes
Elfn2,ENSMUSG00000043460,ENSMUSP00000155111,2472,1,FALSE,NA,Other genes
Ell,ENSMUSG00000070002,ENSMUSP00000091163,1809,1,FALSE,NA,Other genes
Ell3,ENSMUSG00000027246,ENSMUSP00000028679,1188,1,FALSE,NA,Other genes
Elmo1,ENSMUSG00000041112,ENSMUSP00000072334,2184,1,FALSE,NA,Other genes
Elmsan1,ENSMUSG00000042507,ENSMUSP00000105923,3270,1,FALSE,NA,Other genes
Eln,ENSMUSG00000029675,ENSMUSP00000015138,2583,1,FALSE,NA,Other genes
Eloa,ENSMUSG00000028668,ENSMUSP00000030427,2322,1,FALSE,NA,Other genes
Elp1,ENSMUSG00000028431,ENSMUSP00000030140,4002,2,FALSE,NA,Other genes
Elp3,ENSMUSG00000022031,ENSMUSP00000022609,1701,1,FALSE,NA,Other genes
Emd,ENSMUSG00000001964,ENSMUSP00000002029,780,2,FALSE,NA,Other genes
Eme1,ENSMUSG00000039055,ENSMUSP00000036361,1713,1,FALSE,NA,Other genes
Emid1,ENSMUSG00000034164,ENSMUSP00000061704,1335,1,FALSE,NA,Other genes
Emilin1,ENSMUSG00000029163,ENSMUSP00000031055,3054,1,FALSE,NA,Other genes
Emilin2,ENSMUSG00000024053,ENSMUSP00000156446,3225,2,FALSE,NA,Other genes
Eml6,ENSMUSG00000044072,ENSMUSP00000051080,5877,1,FALSE,NA,Other genes
Emsy,ENSMUSG00000035401,ENSMUSP00000145858,3795,1,FALSE,NA,Other genes
Emx2,ENSMUSG00000043969,ENSMUSP00000053361,762,1,FALSE,NA,Other genes
Enam,ENSMUSG00000029286,ENSMUSP00000142854,4050,2,FALSE,NA,Other genes
Enc1,ENSMUSG00000041773,ENSMUSP00000038783,1770,3,FALSE,NA,Other genes
Endou,ENSMUSG00000022468,ENSMUSP00000023105,1365,1,FALSE,NA,Other genes
Eng,ENSMUSG00000026814,ENSMUSP00000009705,1962,1,FALSE,NA,Other genes
Engase,ENSMUSG00000033857,ENSMUSP00000117538,2205,1,FALSE,NA,Other genes
Enho,ENSMUSG00000028445,ENSMUSP00000137902,231,1,FALSE,NA,Other genes
Eno1,ENSMUSG00000063524,ENSMUSP00000079727,1305,1,FALSE,NA,Other genes
Eno4,ENSMUSG00000048029,ENSMUSP00000062584,1860,1,FALSE,NA,Other genes
Enpp2,ENSMUSG00000022425,ENSMUSP00000128941,2745,1,FALSE,NA,Other genes
Enthd1,ENSMUSG00000050439,ENSMUSP00000155166,1857,1,FALSE,NA,Other genes
Entpd1,ENSMUSG00000048120,ENSMUSP00000116285,1620,1,FALSE,NA,Other genes
Entpd6,ENSMUSG00000033068,ENSMUSP00000092038,1368,1,FALSE,NA,Other genes
Entpd8,ENSMUSG00000036813,ENSMUSP00000040628,1494,1,FALSE,NA,Other genes
Ep300,ENSMUSG00000055024,ENSMUSP00000066789,7239,6,FALSE,NA,Other genes
Epb41,ENSMUSG00000028906,ENSMUSP00000101595,2610,1,FALSE,NA,Other genes
Epb41l1,ENSMUSG00000027624,ENSMUSP00000121161,4671,2,FALSE,NA,Other genes
Epb41l4a,ENSMUSG00000024376,ENSMUSP00000025234,2061,1,FALSE,NA,Other genes
Epb41l4b,ENSMUSG00000028434,ENSMUSP00000092687,2700,2,FALSE,NA,Other genes
Epc2,ENSMUSG00000069495,ENSMUSP00000089758,2427,1,FALSE,NA,Other genes
Epdr1,ENSMUSG00000002808,ENSMUSP00000002885,675,1,FALSE,NA,Other genes
Epg5,ENSMUSG00000039840,ENSMUSP00000038681,7719,2,FALSE,NA,Other genes
Epha10,ENSMUSG00000028876,ENSMUSP00000050810,879,1,FALSE,NA,Other genes
Epha2,ENSMUSG00000006445,ENSMUSP00000006614,2934,1,FALSE,NA,Other genes
Epha4,ENSMUSG00000026235,ENSMUSP00000139640,2961,3,FALSE,NA,Other genes
Epha8,ENSMUSG00000028661,ENSMUSP00000030420,3015,2,FALSE,NA,Other genes
Ephb1,ENSMUSG00000032537,ENSMUSP00000035129,2955,2,FALSE,NA,Other genes
Ephb2,ENSMUSG00000028664,ENSMUSP00000058135,2964,1,FALSE,NA,Other genes
Ephb6,ENSMUSG00000029869,ENSMUSP00000110380,3045,1,FALSE,NA,Other genes
Ephx2,ENSMUSG00000022040,ENSMUSP00000069209,1665,1,FALSE,NA,Other genes
Epm2a,ENSMUSG00000055493,ENSMUSP00000066050,993,1,FALSE,NA,Other genes
Epn1,ENSMUSG00000035203,ENSMUSP00000146638,1731,1,FALSE,NA,Other genes
Epn3,ENSMUSG00000010080,ENSMUSP00000121390,1911,1,FALSE,NA,Other genes
Eppk1,ENSMUSG00000115388,ENSMUSP00000154609,10377,1,FALSE,NA,Other genes
Eprs,ENSMUSG00000026615,ENSMUSP00000045841,4539,1,FALSE,NA,Other genes
Eps15l1,ENSMUSG00000006276,ENSMUSP00000129739,2724,1,FALSE,NA,Other genes
Eps8,ENSMUSG00000015766,ENSMUSP00000052776,2466,1,FALSE,NA,Other genes
Eral1,ENSMUSG00000020832,ENSMUSP00000021183,1314,1,FALSE,NA,Other genes
Erbb3,ENSMUSG00000018166,ENSMUSP00000080716,4020,6,FALSE,NA,Other genes
Erbb4,ENSMUSG00000062209,ENSMUSP00000112713,3927,2,FALSE,NA,Other genes
Ercc2,ENSMUSG00000030400,ENSMUSP00000054380,2283,1,FALSE,NA,Other genes
Erg,ENSMUSG00000040732,ENSMUSP00000156669,1461,1,FALSE,NA,Other genes
Ergic1,ENSMUSG00000001576,ENSMUSP00000132922,873,1,FALSE,NA,Other genes
Ergic2,ENSMUSG00000030304,ENSMUSP00000120456,1134,1,FALSE,NA,Other genes
Erich6b,ENSMUSG00000022002,ENSMUSP00000158673,1725,1,FALSE,NA,Other genes
Ermard,ENSMUSG00000036552,ENSMUSP00000095005,1869,1,FALSE,NA,Other genes
Ermp1,ENSMUSG00000046324,ENSMUSP00000124881,2697,1,FALSE,NA,Other genes
Ern1,ENSMUSG00000020715,ENSMUSP00000001059,2934,2,FALSE,NA,Other genes
Ern2,ENSMUSG00000030866,ENSMUSP00000033153,2736,1,FALSE,NA,Other genes
Errfi1,ENSMUSG00000028967,ENSMUSP00000073285,1386,1,FALSE,NA,Other genes
Esco2,ENSMUSG00000022034,ENSMUSP00000022613,1779,2,FALSE,NA,Other genes
Espl1,ENSMUSG00000058290,ENSMUSP00000064465,6357,3,FALSE,NA,Other genes
Espn,ENSMUSG00000028943,ENSMUSP00000147144,4218,1,FALSE,NA,Other genes
Espnl,ENSMUSG00000049515,ENSMUSP00000086294,3018,2,FALSE,NA,Other genes
Esr1,ENSMUSG00000019768,ENSMUSP00000101215,1800,1,FALSE,NA,Other genes
Esrra,ENSMUSG00000024955,ENSMUSP00000159237,1500,1,FALSE,NA,Other genes
Esrrg,ENSMUSG00000026610,ENSMUSP00000027906,1377,1,FALSE,NA,Other genes
Ess2,ENSMUSG00000003527,ENSMUSP00000003621,1443,1,FALSE,NA,Other genes
Esyt3,ENSMUSG00000037681,ENSMUSP00000038757,2676,1,FALSE,NA,Other genes
Etaa1,ENSMUSG00000016984,ENSMUSP00000075957,2634,1,FALSE,NA,Other genes
Etl4,ENSMUSG00000036617,ENSMUSP00000110274,5994,1,FALSE,NA,Other genes
Etnk2,ENSMUSG00000070644,ENSMUSP00000114272,1158,1,FALSE,NA,Other genes
Ets1,ENSMUSG00000032035,ENSMUSP00000159086,1455,1,FALSE,NA,Other genes
Ets2,ENSMUSG00000022895,ENSMUSP00000023612,1407,1,FALSE,NA,Other genes
Etv2,ENSMUSG00000006311,ENSMUSP00000103782,1008,1,FALSE,NA,Other genes
Etv5,ENSMUSG00000013089,ENSMUSP00000131791,1587,1,FALSE,NA,Other genes
Etv6,ENSMUSG00000030199,ENSMUSP00000079818,1458,1,FALSE,NA,Other genes
Eva1b,ENSMUSG00000050212,ENSMUSP00000054141,495,1,FALSE,NA,Other genes
Evc,ENSMUSG00000029122,ENSMUSP00000031005,3018,2,FALSE,NA,Other genes
Evc2,ENSMUSG00000050248,ENSMUSP00000055130,3663,3,FALSE,NA,Other genes
Evpl,ENSMUSG00000034282,ENSMUSP00000037850,6108,3,FALSE,NA,Other genes
Exo1,ENSMUSG00000039748,ENSMUSP00000039376,2514,1,FALSE,NA,Other genes
Exoc1,ENSMUSG00000036435,ENSMUSP00000109121,2706,2,FALSE,NA,Other genes
Exoc3,ENSMUSG00000034152,ENSMUSP00000039416,2268,1,FALSE,NA,Other genes
Exoc3l,ENSMUSG00000043251,ENSMUSP00000053766,2220,1,FALSE,NA,Other genes
Exoc4,ENSMUSG00000029763,ENSMUSP00000051965,2928,1,FALSE,NA,Other genes
Exoc6,ENSMUSG00000053799,ENSMUSP00000158866,2436,2,FALSE,NA,Other genes
Exoc6b,ENSMUSG00000033769,ENSMUSP00000125312,2433,1,FALSE,NA,Other genes
Exosc4,ENSMUSG00000034259,ENSMUSP00000050940,738,1,FALSE,NA,Other genes
Exosc9,ENSMUSG00000027714,ENSMUSP00000029269,1317,1,FALSE,NA,Other genes
Ext1,ENSMUSG00000061731,ENSMUSP00000076505,2241,1,FALSE,NA,Other genes
Ext2,ENSMUSG00000027198,ENSMUSP00000028623,2157,3,FALSE,NA,Other genes
Extl1,ENSMUSG00000028838,ENSMUSP00000030643,2010,2,FALSE,NA,Other genes
Extl3,ENSMUSG00000021978,ENSMUSP00000153547,2760,1,FALSE,NA,Other genes
Eya1,ENSMUSG00000025932,ENSMUSP00000141112,1776,1,FALSE,NA,Other genes
Eya2,ENSMUSG00000017897,ENSMUSP00000066244,1599,2,FALSE,NA,Other genes
Eya3,ENSMUSG00000028886,ENSMUSP00000080425,1581,2,FALSE,NA,Other genes
Ezh2,ENSMUSG00000029687,ENSMUSP00000080419,2241,1,FALSE,NA,Other genes
Ezr,ENSMUSG00000052397,ENSMUSP00000063734,1761,1,FALSE,NA,Other genes
F13a1,ENSMUSG00000039109,ENSMUSP00000048667,2199,1,FALSE,NA,Other genes
F13b,ENSMUSG00000026368,ENSMUSP00000027615,2010,2,FALSE,NA,Other genes
F2,ENSMUSG00000027249,ENSMUSP00000028681,1857,1,FALSE,NA,Other genes
F2rl1,ENSMUSG00000021678,ENSMUSP00000022185,1200,1,FALSE,NA,Other genes
F5,ENSMUSG00000026579,ENSMUSP00000083204,6552,3,FALSE,NA,Other genes
F7,ENSMUSG00000031443,ENSMUSP00000033820,1341,1,FALSE,NA,Other genes
F8a,ENSMUSG00000078317,ENSMUSP00000100743,1146,1,FALSE,NA,Other genes
F9,ENSMUSG00000031138,ENSMUSP00000033477,1416,2,FALSE,NA,Other genes
Faap100,ENSMUSG00000025384,ENSMUSP00000026448,2640,1,FALSE,NA,Other genes
Fabp4,ENSMUSG00000062515,ENSMUSP00000029041,399,1,FALSE,NA,Other genes
Fabp9,ENSMUSG00000027528,ENSMUSP00000142000,429,1,FALSE,NA,Other genes
Fads2,ENSMUSG00000024665,ENSMUSP00000025567,1335,1,FALSE,NA,Other genes
Fads3,ENSMUSG00000024664,ENSMUSP00000111659,1350,1,FALSE,NA,Other genes
Faf2,ENSMUSG00000025873,ENSMUSP00000121182,1338,1,FALSE,NA,Other genes
Fahd1,ENSMUSG00000045316,ENSMUSP00000055827,684,1,FALSE,NA,Other genes
Faiml,ENSMUSG00000096316,ENSMUSP00000139801,537,1,FALSE,NA,Other genes
Fam102a,ENSMUSG00000039157,ENSMUSP00000044731,1179,2,FALSE,NA,Other genes
Fam118a,ENSMUSG00000022434,ENSMUSP00000023069,1074,2,FALSE,NA,Other genes
Fam120a,ENSMUSG00000038014,ENSMUSP00000053877,3339,1,FALSE,NA,Other genes
Fam126a,ENSMUSG00000028995,ENSMUSP00000030849,1566,2,FALSE,NA,Other genes
Fam131c,ENSMUSG00000006218,ENSMUSP00000006380,822,1,FALSE,NA,Other genes
Fam135a,ENSMUSG00000026153,ENSMUSP00000027337,4521,1,FALSE,NA,Other genes
Fam135b,ENSMUSG00000036800,ENSMUSP00000022953,4212,1,FALSE,NA,Other genes
Fam149b,ENSMUSG00000039599,ENSMUSP00000153645,1821,2,FALSE,NA,Other genes
Fam151a,ENSMUSG00000034871,ENSMUSP00000047860,1827,1,FALSE,NA,Other genes
Fam155a,ENSMUSG00000079157,ENSMUSP00000106596,1404,2,FALSE,NA,Other genes
Fam160a1,ENSMUSG00000051000,ENSMUSP00000113235,3246,1,FALSE,NA,Other genes
Fam161a,ENSMUSG00000049811,ENSMUSP00000158891,1428,1,FALSE,NA,Other genes
Fam161b,ENSMUSG00000021234,ENSMUSP00000070407,1770,1,FALSE,NA,Other genes
Fam167a,ENSMUSG00000035095,ENSMUSP00000113962,648,1,FALSE,NA,Other genes
Fam168a,ENSMUSG00000029461,ENSMUSP00000146839,783,1,FALSE,NA,Other genes
Fam169b,ENSMUSG00000074071,ENSMUSP00000147610,1029,1,FALSE,NA,Other genes
Fam170b,ENSMUSG00000078127,ENSMUSP00000100529,1137,1,FALSE,NA,Other genes
Fam171b,ENSMUSG00000048388,ENSMUSP00000062702,2466,1,FALSE,NA,Other genes
Fam174b,ENSMUSG00000078670,ENSMUSP00000103080,462,1,FALSE,NA,Other genes
Fam180a,ENSMUSG00000047420,ENSMUSP00000051206,522,2,FALSE,NA,Other genes
Fam181b,ENSMUSG00000051515,ENSMUSP00000146473,1155,1,FALSE,NA,Other genes
Fam184b,ENSMUSG00000015879,ENSMUSP00000016023,2829,1,FALSE,NA,Other genes
Fam186a,ENSMUSG00000045350,ENSMUSP00000097783,9108,1,FALSE,NA,Other genes
Fam186b,ENSMUSG00000078907,ENSMUSP00000104728,2832,1,FALSE,NA,Other genes
Fam189a1,ENSMUSG00000030518,ENSMUSP00000113680,1548,2,FALSE,NA,Other genes
Fam193b,ENSMUSG00000021495,ENSMUSP00000153687,2439,1,FALSE,NA,Other genes
Fam20c,ENSMUSG00000025854,ENSMUSP00000026972,1740,2,FALSE,NA,Other genes
Fam216b,ENSMUSG00000045655,ENSMUSP00000064524,417,1,FALSE,NA,Other genes
Fam217a,ENSMUSG00000021414,ENSMUSP00000153297,1989,1,FALSE,NA,Other genes
Fam221a,ENSMUSG00000047115,ENSMUSP00000050237,906,1,FALSE,NA,Other genes
Fam227a,ENSMUSG00000042564,ENSMUSP00000139524,1878,1,FALSE,NA,Other genes
Fam49a,ENSMUSG00000020589,ENSMUSP00000065613,972,1,FALSE,NA,Other genes
Fam76a,ENSMUSG00000028878,ENSMUSP00000030696,924,1,FALSE,NA,Other genes
Fam83b,ENSMUSG00000032358,ENSMUSP00000139354,3039,1,FALSE,NA,Other genes
Fam83g,ENSMUSG00000042377,ENSMUSP00000090697,2439,1,FALSE,NA,Other genes
Fam83h,ENSMUSG00000046761,ENSMUSP00000158845,4230,2,FALSE,NA,Other genes
Fam89b,ENSMUSG00000024939,ENSMUSP00000097538,570,1,FALSE,NA,Other genes
Fam90a1a,ENSMUSG00000079112,ENSMUSP00000106369,1290,2,FALSE,NA,Other genes
Fam98c,ENSMUSG00000030590,ENSMUSP00000131477,1035,1,FALSE,NA,Other genes
Fan1,ENSMUSG00000033458,ENSMUSP00000130012,3063,1,FALSE,NA,Other genes
Fancd2,ENSMUSG00000034023,ENSMUSP00000045667,4353,1,FALSE,NA,Other genes
Fanci,ENSMUSG00000039187,ENSMUSP00000044931,3993,2,FALSE,NA,Other genes
Far2,ENSMUSG00000030303,ENSMUSP00000032443,1548,1,FALSE,NA,Other genes
Fars2,ENSMUSG00000021420,ENSMUSP00000153019,1413,1,FALSE,NA,Other genes
Farsa,ENSMUSG00000003808,ENSMUSP00000003906,1527,2,FALSE,NA,Other genes
Fasl,ENSMUSG00000000817,ENSMUSP00000000834,840,1,FALSE,NA,Other genes
Fasn,ENSMUSG00000025153,ENSMUSP00000052872,7515,1,FALSE,NA,Other genes
Fastkd1,ENSMUSG00000027086,ENSMUSP00000072896,2490,1,FALSE,NA,Other genes
Fastkd3,ENSMUSG00000021532,ENSMUSP00000061737,1986,2,FALSE,NA,Other genes
Fastkd5,ENSMUSG00000079043,ENSMUSP00000137385,2424,1,FALSE,NA,Other genes
Fat1,ENSMUSG00000070047,ENSMUSP00000149194,13938,5,FALSE,NA,Other genes
Fat2,ENSMUSG00000055333,ENSMUSP00000067556,13056,1,FALSE,NA,Other genes
Fat3,ENSMUSG00000074505,ENSMUSP00000148968,13668,4,FALSE,NA,Other genes
Fat4,ENSMUSG00000046743,ENSMUSP00000061836,14946,3,FALSE,NA,Other genes
Fbf1,ENSMUSG00000020776,ENSMUSP00000099320,3522,1,FALSE,NA,Other genes
Fbh1,ENSMUSG00000058594,ENSMUSP00000071495,3129,1,FALSE,NA,Other genes
Fbln2,ENSMUSG00000064080,ENSMUSP00000048334,3666,1,FALSE,NA,Other genes
Fbln5,ENSMUSG00000021186,ENSMUSP00000152680,1386,2,FALSE,NA,Other genes
Fbn1,ENSMUSG00000027204,ENSMUSP00000028633,8622,2,FALSE,NA,Other genes
Fbn2,ENSMUSG00000024598,ENSMUSP00000025497,8724,5,FALSE,NA,Other genes
Fbp1,ENSMUSG00000069805,ENSMUSP00000090564,1017,1,FALSE,NA,Other genes
Fbp2,ENSMUSG00000021456,ENSMUSP00000021907,1020,1,FALSE,NA,Other genes
Fbxl2,ENSMUSG00000032507,ENSMUSP00000114075,1272,1,FALSE,NA,Other genes
Fbxl8,ENSMUSG00000033313,ENSMUSP00000038638,1125,1,FALSE,NA,Other genes
Fbxo10,ENSMUSG00000048232,ENSMUSP00000058233,2853,1,FALSE,NA,Other genes
Fbxo21,ENSMUSG00000032898,ENSMUSP00000143873,1884,3,FALSE,NA,Other genes
Fbxo25,ENSMUSG00000038365,ENSMUSP00000147467,1098,1,FALSE,NA,Other genes
Fbxo32,ENSMUSG00000022358,ENSMUSP00000022986,1068,1,FALSE,NA,Other genes
Fbxo34,ENSMUSG00000037536,ENSMUSP00000044675,2241,1,FALSE,NA,Other genes
Fbxo38,ENSMUSG00000042211,ENSMUSP00000047541,3585,1,FALSE,NA,Other genes
Fbxo39,ENSMUSG00000070388,ENSMUSP00000104144,1332,1,FALSE,NA,Other genes
Fbxo40,ENSMUSG00000047746,ENSMUSP00000075266,2133,1,FALSE,NA,Other genes
Fbxo41,ENSMUSG00000047013,ENSMUSP00000125671,2622,1,FALSE,NA,Other genes
Fbxo42,ENSMUSG00000028920,ENSMUSP00000030757,2154,2,FALSE,NA,Other genes
Fbxo43,ENSMUSG00000048230,ENSMUSP00000054125,1926,3,FALSE,NA,Other genes
Fbxo46,ENSMUSG00000050428,ENSMUSP00000055692,1812,1,FALSE,NA,Other genes
Fbxo7,ENSMUSG00000001786,ENSMUSP00000120840,1572,1,FALSE,NA,Other genes
Fbxw10,ENSMUSG00000090173,ENSMUSP00000046156,3093,1,FALSE,NA,Other genes
Fbxw11,ENSMUSG00000020271,ENSMUSP00000075721,1692,1,FALSE,NA,Other genes
Fbxw16,ENSMUSG00000074062,ENSMUSP00000082051,1395,1,FALSE,NA,Other genes
Fbxw20,ENSMUSG00000061701,ENSMUSP00000078503,1407,1,FALSE,NA,Other genes
Fbxw21,ENSMUSG00000047237,ENSMUSP00000056358,1407,1,FALSE,NA,Other genes
Fbxw22,ENSMUSG00000070324,ENSMUSP00000079460,1401,1,FALSE,NA,Other genes
Fbxw25,ENSMUSG00000094992,ENSMUSP00000128652,1401,2,FALSE,NA,Other genes
Fcgbp,ENSMUSG00000047730,ENSMUSP00000114271,7752,3,FALSE,NA,Other genes
Fcna,ENSMUSG00000026938,ENSMUSP00000028307,1005,1,FALSE,NA,Other genes
Fcrla,ENSMUSG00000038421,ENSMUSP00000036380,1062,2,FALSE,NA,Other genes
Fdft1,ENSMUSG00000021273,ENSMUSP00000158805,1383,1,FALSE,NA,Other genes
Fech,ENSMUSG00000024588,ENSMUSP00000157791,1269,1,FALSE,NA,Other genes
Fem1al,ENSMUSG00000078157,ENSMUSP00000100568,1965,1,FALSE,NA,Other genes
Fen1,ENSMUSG00000024742,ENSMUSP00000117246,1143,2,FALSE,NA,Other genes
Fer1l4,ENSMUSG00000013338,ENSMUSP00000105240,5985,3,FALSE,NA,Other genes
Fer1l5,ENSMUSG00000037432,ENSMUSP00000142130,6117,1,FALSE,NA,Other genes
Fezf1,ENSMUSG00000029697,ENSMUSP00000031709,1428,1,FALSE,NA,Other genes
Ffar3,ENSMUSG00000019429,ENSMUSP00000092163,960,1,FALSE,NA,Other genes
Fgb,ENSMUSG00000033831,ENSMUSP00000039472,1446,1,FALSE,NA,Other genes
Fgd2,ENSMUSG00000024013,ENSMUSP00000024810,1968,1,FALSE,NA,Other genes
Fgd5,ENSMUSG00000034037,ENSMUSP00000086748,4545,3,FALSE,NA,Other genes
Fgfr1,ENSMUSG00000031565,ENSMUSP00000136640,2502,3,FALSE,NA,Other genes
Fgfr3,ENSMUSG00000054252,ENSMUSP00000110053,2409,1,FALSE,NA,Other genes
Fgfrl1,ENSMUSG00000008090,ENSMUSP00000013633,1590,1,FALSE,NA,Other genes
Fggy,ENSMUSG00000028573,ENSMUSP00000078216,1659,1,FALSE,NA,Other genes
Fgl2,ENSMUSG00000039899,ENSMUSP00000046131,1299,1,FALSE,NA,Other genes
Fhdc1,ENSMUSG00000041842,ENSMUSP00000103317,3450,1,FALSE,NA,Other genes
Fibp,ENSMUSG00000024911,ENSMUSP00000025847,1095,1,FALSE,NA,Other genes
Fig4,ENSMUSG00000038417,ENSMUSP00000039598,2724,1,FALSE,NA,Other genes
Figla,ENSMUSG00000030001,ENSMUSP00000032070,585,2,FALSE,NA,Other genes
Fign,ENSMUSG00000075324,ENSMUSP00000122855,2280,3,FALSE,NA,Other genes
Filip1,ENSMUSG00000034898,ENSMUSP00000091329,3645,1,FALSE,NA,Other genes
Fis1,ENSMUSG00000019054,ENSMUSP00000019198,459,1,FALSE,NA,Other genes
Fkbp15,ENSMUSG00000066151,ENSMUSP00000081575,3651,1,FALSE,NA,Other genes
Fkbp3,ENSMUSG00000020949,ENSMUSP00000021332,675,1,FALSE,NA,Other genes
Fkbp4,ENSMUSG00000030357,ENSMUSP00000032508,1377,1,FALSE,NA,Other genes
Flad1,ENSMUSG00000042642,ENSMUSP00000051366,1557,1,FALSE,NA,Other genes
Flcn,ENSMUSG00000032633,ENSMUSP00000099758,1740,2,FALSE,NA,Other genes
Flg2,ENSMUSG00000049133,ENSMUSP00000096482,7011,148,FALSE,NA,Other genes
Flnb,ENSMUSG00000025278,ENSMUSP00000052020,7809,3,FALSE,NA,Other genes
Flt3,ENSMUSG00000042817,ENSMUSP00000039041,3003,6,FALSE,NA,Other genes
Flt4,ENSMUSG00000020357,ENSMUSP00000020617,4092,2,FALSE,NA,Other genes
Flywch2,ENSMUSG00000023911,ENSMUSP00000121741,453,1,FALSE,NA,Other genes
Fmo9,ENSMUSG00000026560,ENSMUSP00000027843,1620,1,FALSE,NA,Other genes
Fmod,ENSMUSG00000041559,ENSMUSP00000035489,1131,1,FALSE,NA,Other genes
Fn1,ENSMUSG00000026193,ENSMUSP00000054499,7434,12,FALSE,NA,Other genes
Fndc1,ENSMUSG00000071984,ENSMUSP00000159298,5502,1,FALSE,NA,Other genes
Fndc3b,ENSMUSG00000039286,ENSMUSP00000141620,3624,1,FALSE,NA,Other genes
Fndc3c1,ENSMUSG00000033737,ENSMUSP00000038678,4071,1,FALSE,NA,Other genes
Fnip2,ENSMUSG00000061175,ENSMUSP00000115275,3417,1,FALSE,NA,Other genes
Fntb,ENSMUSG00000033373,ENSMUSP00000120713,1416,1,FALSE,NA,Other genes
Focad,ENSMUSG00000038368,ENSMUSP00000095602,5397,1,FALSE,NA,Other genes
Folr2,ENSMUSG00000032725,ENSMUSP00000091692,756,1,FALSE,NA,Other genes
Fos,ENSMUSG00000021250,ENSMUSP00000021674,1143,1,FALSE,NA,Other genes
Foxa1,ENSMUSG00000035451,ENSMUSP00000041118,1407,2,FALSE,NA,Other genes
Foxi3,ENSMUSG00000055874,ENSMUSP00000125380,1278,1,FALSE,NA,Other genes
Foxj2,ENSMUSG00000003154,ENSMUSP00000003238,1698,1,FALSE,NA,Other genes
Foxj3,ENSMUSG00000032998,ENSMUSP00000035746,1872,1,FALSE,NA,Other genes
Foxk1,ENSMUSG00000056493,ENSMUSP00000072616,2160,1,FALSE,NA,Other genes
Foxn2,ENSMUSG00000034998,ENSMUSP00000107857,1290,1,FALSE,NA,Other genes
Foxn4,ENSMUSG00000042002,ENSMUSP00000047951,1566,1,FALSE,NA,Other genes
Foxo3,ENSMUSG00000048756,ENSMUSP00000101141,2019,2,FALSE,NA,Other genes
Foxp1,ENSMUSG00000030067,ENSMUSP00000108954,2121,2,FALSE,NA,Other genes
Foxp2,ENSMUSG00000029563,ENSMUSP00000111134,2220,2,FALSE,NA,Other genes
Foxs1,ENSMUSG00000074676,ENSMUSP00000096806,990,2,FALSE,NA,Other genes
Fpr3,ENSMUSG00000079700,ENSMUSP00000093316,1056,1,FALSE,NA,Other genes
Fras1,ENSMUSG00000034687,ENSMUSP00000043250,12033,6,FALSE,NA,Other genes
Frem1,ENSMUSG00000059049,ENSMUSP00000071627,6576,3,FALSE,NA,Other genes
Frem2,ENSMUSG00000037016,ENSMUSP00000088670,9483,3,FALSE,NA,Other genes
Frem3,ENSMUSG00000042353,ENSMUSP00000038015,6384,2,FALSE,NA,Other genes
Frmd3,ENSMUSG00000049122,ENSMUSP00000081514,1788,1,FALSE,NA,Other genes
Frmd4a,ENSMUSG00000026657,ENSMUSP00000089079,3129,1,FALSE,NA,Other genes
Frmpd2,ENSMUSG00000108841,ENSMUSP00000146693,4179,1,FALSE,NA,Other genes
Frmpd3,ENSMUSG00000042425,ENSMUSP00000146983,5325,2,FALSE,NA,Other genes
Frrs1,ENSMUSG00000033386,ENSMUSP00000039487,1779,1,FALSE,NA,Other genes
Fry,ENSMUSG00000056602,ENSMUSP00000084454,9063,1,FALSE,NA,Other genes
Fryl,ENSMUSG00000070733,ENSMUSP00000098687,9024,1,FALSE,NA,Other genes
Fscb,ENSMUSG00000043060,ENSMUSP00000051554,3189,6,FALSE,NA,Other genes
Fscn1,ENSMUSG00000029581,ENSMUSP00000031565,1482,1,FALSE,NA,Other genes
Fsip2l,ENSMUSG00000079606,ENSMUSP00000110578,1968,1,FALSE,NA,Other genes
Fstl1,ENSMUSG00000022816,ENSMUSP00000110411,921,1,FALSE,NA,Other genes
Fthl17f,ENSMUSG00000072249,ENSMUSP00000094793,531,1,FALSE,NA,Other genes
Ftsj3,ENSMUSG00000020706,ENSMUSP00000021048,2517,1,FALSE,NA,Other genes
Fuca1,ENSMUSG00000028673,ENSMUSP00000030434,1359,1,FALSE,NA,Other genes
Fuom,ENSMUSG00000025466,ENSMUSP00000115799,471,1,FALSE,NA,Other genes
Fus,ENSMUSG00000030795,ENSMUSP00000101858,1557,1,FALSE,NA,Other genes
Fxn,ENSMUSG00000059363,ENSMUSP00000080081,624,1,FALSE,NA,Other genes
Fxyd1,ENSMUSG00000036570,ENSMUSP00000145712,279,1,FALSE,NA,Other genes
Fyco1,ENSMUSG00000025241,ENSMUSP00000081764,4314,1,FALSE,NA,Other genes
Fzd1,ENSMUSG00000044674,ENSMUSP00000058629,1929,1,FALSE,NA,Other genes
Fzd3,ENSMUSG00000007989,ENSMUSP00000115325,2001,1,FALSE,NA,Other genes
Fzd9,ENSMUSG00000049551,ENSMUSP00000053551,1779,2,FALSE,NA,Other genes
G530012D18Rik,ENSMUSG00000094127,ENSMUSP00000136816,420,1,FALSE,NA,Other genes
Gabarapl1,ENSMUSG00000030161,ENSMUSP00000032264,354,1,FALSE,NA,Other genes
Gabbr1,ENSMUSG00000024462,ENSMUSP00000025338,2883,1,FALSE,NA,Other genes
Gabra6,ENSMUSG00000020428,ENSMUSP00000126114,1362,1,FALSE,NA,Other genes
Gabrd,ENSMUSG00000029054,ENSMUSP00000030925,1350,1,FALSE,NA,Other genes
Gabrg1,ENSMUSG00000001260,ENSMUSP00000031119,1398,1,FALSE,NA,Other genes
Gabrr1,ENSMUSG00000028280,ENSMUSP00000029947,1443,1,FALSE,NA,Other genes
Gabrr2,ENSMUSG00000023267,ENSMUSP00000024035,1473,1,FALSE,NA,Other genes
Gad2,ENSMUSG00000026787,ENSMUSP00000028123,1758,1,FALSE,NA,Other genes
Gadl1,ENSMUSG00000056880,ENSMUSP00000113240,1509,1,FALSE,NA,Other genes
Gak,ENSMUSG00000062234,ENSMUSP00000036705,3918,1,FALSE,NA,Other genes
Galm,ENSMUSG00000035473,ENSMUSP00000040580,1029,1,FALSE,NA,Other genes
Galnt1,ENSMUSG00000000420,ENSMUSP00000000430,1680,1,FALSE,NA,Other genes
Galnt11,ENSMUSG00000038072,ENSMUSP00000036240,1827,1,FALSE,NA,Other genes
Galnt16,ENSMUSG00000021130,ENSMUSP00000151829,1677,1,FALSE,NA,Other genes
Galnt18,ENSMUSG00000038296,ENSMUSP00000043636,1869,1,FALSE,NA,Other genes
Galnt9,ENSMUSG00000033316,ENSMUSP00000038633,1815,1,FALSE,NA,Other genes
Gapvd1,ENSMUSG00000026867,ENSMUSP00000108723,4377,1,FALSE,NA,Other genes
Garnl3,ENSMUSG00000038860,ENSMUSP00000122576,3117,2,FALSE,NA,Other genes
Gatad2a,ENSMUSG00000036180,ENSMUSP00000070229,1893,1,FALSE,NA,Other genes
Gatm,ENSMUSG00000027199,ENSMUSP00000028624,1272,1,FALSE,NA,Other genes
Gba,ENSMUSG00000028048,ENSMUSP00000076589,1548,1,FALSE,NA,Other genes
Gba2,ENSMUSG00000028467,ENSMUSP00000030189,2757,1,FALSE,NA,Other genes
Gbf1,ENSMUSG00000025224,ENSMUSP00000026254,5586,1,FALSE,NA,Other genes
Gbgt1,ENSMUSG00000026829,ENSMUSP00000028172,1044,1,FALSE,NA,Other genes
Gbp10,ENSMUSG00000105096,ENSMUSP00000069042,1836,1,FALSE,NA,Other genes
Gbp11,ENSMUSG00000092021,ENSMUSP00000132552,1329,2,FALSE,NA,Other genes
Gbp7,ENSMUSG00000040253,ENSMUSP00000132970,1917,1,FALSE,NA,Other genes
Gbp9,ENSMUSG00000029298,ENSMUSP00000031238,1860,1,FALSE,NA,Other genes
Gcgr,ENSMUSG00000025127,ENSMUSP00000026119,1458,2,FALSE,NA,Other genes
Gckr,ENSMUSG00000059434,ENSMUSP00000144202,1872,1,FALSE,NA,Other genes
Gcm1,ENSMUSG00000023333,ENSMUSP00000024104,1311,1,FALSE,NA,Other genes
Gcn1,ENSMUSG00000041638,ENSMUSP00000069432,8016,1,FALSE,NA,Other genes
Gcnt4,ENSMUSG00000091387,ENSMUSP00000130496,1368,1,FALSE,NA,Other genes
Gcnt7,ENSMUSG00000074569,ENSMUSP00000096659,1302,1,FALSE,NA,Other genes
Gdap2,ENSMUSG00000027865,ENSMUSP00000102610,1641,1,FALSE,NA,Other genes
Gdf2,ENSMUSG00000072625,ENSMUSP00000098286,1287,1,FALSE,NA,Other genes
Gdf3,ENSMUSG00000030117,ENSMUSP00000032211,1101,1,FALSE,NA,Other genes
Gemin5,ENSMUSG00000037275,ENSMUSP00000131842,4512,3,FALSE,NA,Other genes
Gen1,ENSMUSG00000051235,ENSMUSP00000132098,2727,1,FALSE,NA,Other genes
Gfap,ENSMUSG00000020932,ENSMUSP00000064691,1293,1,FALSE,NA,Other genes
Gfi1b,ENSMUSG00000026815,ENSMUSP00000128052,1092,1,FALSE,NA,Other genes
Gfpt1,ENSMUSG00000029992,ENSMUSP00000032057,2094,1,FALSE,NA,Other genes
Gfra2,ENSMUSG00000022103,ENSMUSP00000022699,1395,1,FALSE,NA,Other genes
Gfra3,ENSMUSG00000024366,ENSMUSP00000025224,1194,2,FALSE,NA,Other genes
Gga2,ENSMUSG00000030872,ENSMUSP00000033160,1812,1,FALSE,NA,Other genes
Gga3,ENSMUSG00000020740,ENSMUSP00000019135,2157,1,FALSE,NA,Other genes
Ggnbp1,ENSMUSG00000048731,ENSMUSP00000051800,1113,1,FALSE,NA,Other genes
Ggt7,ENSMUSG00000027603,ENSMUSP00000029131,1989,1,FALSE,NA,Other genes
Ghr,ENSMUSG00000055737,ENSMUSP00000069457,1953,1,FALSE,NA,Other genes
Ghrhr,ENSMUSG00000004654,ENSMUSP00000068120,1272,1,FALSE,NA,Other genes
Ghsr,ENSMUSG00000051136,ENSMUSP00000061153,1095,1,FALSE,NA,Other genes
Gin1,ENSMUSG00000026333,ENSMUSP00000108464,1557,1,FALSE,NA,Other genes
Gip,ENSMUSG00000014351,ENSMUSP00000099446,435,1,FALSE,NA,Other genes
Gipr,ENSMUSG00000030406,ENSMUSP00000092384,1383,1,FALSE,NA,Other genes
Git1,ENSMUSG00000011877,ENSMUSP00000037210,2313,2,FALSE,NA,Other genes
Gja3,ENSMUSG00000048582,ENSMUSP00000059587,1254,1,FALSE,NA,Other genes
Gja4,ENSMUSG00000050234,ENSMUSP00000062320,1002,1,FALSE,NA,Other genes
Gja8,ENSMUSG00000049908,ENSMUSP00000049532,1323,1,FALSE,NA,Other genes
Gjb1,ENSMUSG00000047797,ENSMUSP00000113904,852,1,FALSE,NA,Other genes
Gjc1,ENSMUSG00000034520,ENSMUSP00000066901,1191,1,FALSE,NA,Other genes
Gk5,ENSMUSG00000041440,ENSMUSP00000082313,1605,2,FALSE,NA,Other genes
Gkn1,ENSMUSG00000030050,ENSMUSP00000032129,555,1,FALSE,NA,Other genes
Glb1l2,ENSMUSG00000036395,ENSMUSP00000047128,1959,1,FALSE,NA,Other genes
Glb1l3,ENSMUSG00000031966,ENSMUSP00000147979,1989,2,FALSE,NA,Other genes
Gldc,ENSMUSG00000024827,ENSMUSP00000025778,3078,1,FALSE,NA,Other genes
Glg1,ENSMUSG00000003316,ENSMUSP00000131355,3528,1,FALSE,NA,Other genes
Gli2,ENSMUSG00000048402,ENSMUSP00000054837,4635,3,FALSE,NA,Other genes
Gli3,ENSMUSG00000021318,ENSMUSP00000106137,4752,1,FALSE,NA,Other genes
Glod4,ENSMUSG00000017286,ENSMUSP00000017430,897,1,FALSE,NA,Other genes
Glrb,ENSMUSG00000028020,ENSMUSP00000029654,1491,2,FALSE,NA,Other genes
Glrp1,ENSMUSG00000062310,ENSMUSP00000063883,525,3,FALSE,NA,Other genes
Gls2,ENSMUSG00000044005,ENSMUSP00000047376,1809,2,FALSE,NA,Other genes
Gltpd2,ENSMUSG00000046811,ENSMUSP00000049732,966,1,FALSE,NA,Other genes
Glud1,ENSMUSG00000021794,ENSMUSP00000022322,1677,1,FALSE,NA,Other genes
Gm10131,ENSMUSG00000063412,ENSMUSP00000147411,315,1,FALSE,NA,Other genes
Gm10220,ENSMUSG00000067698,ENSMUSP00000085569,804,4,FALSE,NA,Other genes
Gm10354,ENSMUSG00000072188,ENSMUSP00000094716,771,5,FALSE,NA,Other genes
Gm10471,ENSMUSG00000073116,ENSMUSP00000092553,759,23,FALSE,NA,Other genes
Gm10717,ENSMUSG00000095891,ENSMUSP00000096644,684,32,FALSE,NA,Other genes
Gm10722,ENSMUSG00000091028,ENSMUSP00000132394,651,8,FALSE,NA,Other genes
Gm10799,ENSMUSG00000075006,ENSMUSP00000097259,312,1,FALSE,NA,Other genes
Gm10800,ENSMUSG00000075014,ENSMUSP00000097275,660,11,FALSE,NA,Other genes
Gm10801,ENSMUSG00000075015,ENSMUSP00000097276,504,21,FALSE,NA,Other genes
Gm1110,ENSMUSG00000079644,ENSMUSP00000110916,1908,1,FALSE,NA,Other genes
Gm11168,ENSMUSG00000096385,ENSMUSP00000136598,684,8,FALSE,NA,Other genes
Gm11554,ENSMUSG00000078259,ENSMUSP00000100677,573,3,FALSE,NA,Other genes
Gm11555,ENSMUSG00000078130,ENSMUSP00000100533,528,22,FALSE,NA,Other genes
Gm11559,ENSMUSG00000090225,ENSMUSP00000090367,576,4,FALSE,NA,Other genes
Gm11563,ENSMUSG00000069718,ENSMUSP00000090369,507,16,FALSE,NA,Other genes
Gm11564,ENSMUSG00000078258,ENSMUSP00000100676,606,7,FALSE,NA,Other genes
Gm11567,ENSMUSG00000059845,ENSMUSP00000098043,588,4,FALSE,NA,Other genes
Gm11568,ENSMUSG00000069717,ENSMUSP00000103057,636,6,FALSE,NA,Other genes
Gm11569,ENSMUSG00000078260,ENSMUSP00000100678,543,8,FALSE,NA,Other genes
Gm11595,ENSMUSG00000078668,ENSMUSP00000103064,870,29,FALSE,NA,Other genes
Gm11596,ENSMUSG00000078261,ENSMUSP00000100679,618,13,FALSE,NA,Other genes
Gm11639,ENSMUSG00000040838,ENSMUSP00000148433,17427,3,FALSE,NA,Other genes
Gm11808,ENSMUSG00000068240,ENSMUSP00000086852,387,1,FALSE,NA,Other genes
Gm11992,ENSMUSG00000040978,ENSMUSP00000039806,876,1,FALSE,NA,Other genes
Gm12166,ENSMUSG00000069899,ENSMUSP00000090857,480,1,FALSE,NA,Other genes
Gm12258,ENSMUSG00000072915,ENSMUSP00000117644,1884,1,FALSE,NA,Other genes
Gm12695,ENSMUSG00000078639,ENSMUSP00000102686,1638,1,FALSE,NA,Other genes
Gm13078,ENSMUSG00000046435,ENSMUSP00000077761,1425,1,FALSE,NA,Other genes
Gm13212,ENSMUSG00000078502,ENSMUSP00000101365,2400,14,FALSE,NA,Other genes
Gm14190,ENSMUSG00000078276,ENSMUSP00000100694,153,3,FALSE,NA,Other genes
Gm14698,ENSMUSG00000071748,ENSMUSP00000094153,672,1,FALSE,NA,Other genes
Gm15114,ENSMUSG00000079395,ENSMUSP00000108408,1302,9,FALSE,NA,Other genes
Gm15217,ENSMUSG00000079261,ENSMUSP00000107457,468,1,FALSE,NA,Other genes
Gm17019,ENSMUSG00000091897,ENSMUSP00000127520,768,4,FALSE,NA,Other genes
Gm17079,ENSMUSG00000090740,ENSMUSP00000125788,636,1,FALSE,NA,Other genes
Gm18596,ENSMUSG00000112864,ENSMUSP00000151937,843,2,FALSE,NA,Other genes
Gm19668,ENSMUSG00000096380,ENSMUSP00000136230,747,2,FALSE,NA,Other genes
Gm1979,ENSMUSG00000091049,ENSMUSP00000130718,804,2,FALSE,NA,Other genes
Gm2022,ENSMUSG00000113971,ENSMUSP00000152354,435,5,FALSE,NA,Other genes
Gm20721,ENSMUSG00000090625,ENSMUSP00000127452,957,1,FALSE,NA,Other genes
Gm21083,ENSMUSG00000096878,ENSMUSP00000143130,771,1,FALSE,NA,Other genes
Gm21190,ENSMUSG00000106445,ENSMUSP00000143589,801,1,FALSE,NA,Other genes
Gm21663,ENSMUSG00000104824,ENSMUSP00000142577,804,1,FALSE,NA,Other genes
Gm21738,ENSMUSG00000095280,ENSMUSP00000137127,681,28,FALSE,NA,Other genes
Gm21976,ENSMUSG00000096330,ENSMUSP00000136875,750,1,FALSE,NA,Other genes
Gm2411,ENSMUSG00000118415,ENSMUSP00000158706,705,1,FALSE,NA,Other genes
Gm26566,ENSMUSG00000097078,ENSMUSP00000137773,462,1,FALSE,NA,Other genes
Gm2888,ENSMUSG00000090487,ENSMUSP00000132602,804,1,FALSE,NA,Other genes
Gm3259,ENSMUSG00000079424,ENSMUSP00000098577,1428,1,FALSE,NA,Other genes
Gm3285,ENSMUSG00000111915,ENSMUSP00000151795,606,1,FALSE,NA,Other genes
Gm3486,ENSMUSG00000090505,ENSMUSP00000131656,600,1,FALSE,NA,Other genes
Gm42416,ENSMUSG00000103458,ENSMUSP00000111325,2760,2,FALSE,NA,Other genes
Gm44579,ENSMUSG00000108748,ENSMUSP00000153744,957,1,FALSE,NA,Other genes
Gm45337,ENSMUSG00000110061,ENSMUSP00000147817,792,1,FALSE,NA,Other genes
Gm4553,ENSMUSG00000090471,ENSMUSP00000147863,855,1,FALSE,NA,Other genes
Gm45618,ENSMUSG00000109859,ENSMUSP00000147854,660,5,FALSE,NA,Other genes
Gm45837,ENSMUSG00000030653,ENSMUSP00000081956,2886,1,FALSE,NA,Other genes
Gm45902,ENSMUSG00000051396,ENSMUSP00000119850,1086,1,FALSE,NA,Other genes
Gm47189,ENSMUSG00000114852,ENSMUSP00000153414,555,1,FALSE,NA,Other genes
Gm4846,ENSMUSG00000086056,ENSMUSP00000123476,1617,1,FALSE,NA,Other genes
Gm4847,ENSMUSG00000051081,ENSMUSP00000039839,1614,1,FALSE,NA,Other genes
Gm4884,ENSMUSG00000048312,ENSMUSP00000133059,2085,3,FALSE,NA,Other genes
Gm4922,ENSMUSG00000044624,ENSMUSP00000149756,1494,1,FALSE,NA,Other genes
Gm49391,ENSMUSG00000114432,ENSMUSP00000153232,411,1,FALSE,NA,Other genes
Gm49396,ENSMUSG00000109378,ENSMUSP00000128886,663,1,FALSE,NA,Other genes
Gm4952,ENSMUSG00000071633,ENSMUSP00000090607,891,1,FALSE,NA,Other genes
Gm4981,ENSMUSG00000075045,ENSMUSP00000097314,876,1,FALSE,NA,Other genes
Gm4985,ENSMUSG00000090102,ENSMUSP00000112982,1233,1,FALSE,NA,Other genes
Gm49918,ENSMUSG00000112600,ENSMUSP00000151479,723,4,FALSE,NA,Other genes
Gm5114,ENSMUSG00000053742,ENSMUSP00000103652,2577,3,FALSE,NA,Other genes
Gm5134,ENSMUSG00000033255,ENSMUSP00000097172,2016,2,FALSE,NA,Other genes
Gm5244,ENSMUSG00000091014,ENSMUSP00000157906,342,1,FALSE,NA,Other genes
Gm5414,ENSMUSG00000064232,ENSMUSP00000059101,1659,1,FALSE,NA,Other genes
Gm5458,ENSMUSG00000095024,ENSMUSP00000093833,615,2,FALSE,NA,Other genes
Gm5478,ENSMUSG00000095241,ENSMUSP00000155269,1608,1,FALSE,NA,Other genes
Gm5591,ENSMUSG00000060565,ENSMUSP00000078695,2568,9,FALSE,NA,Other genes
Gm5862,ENSMUSG00000067700,ENSMUSP00000072133,804,1,FALSE,NA,Other genes
Gm6309,ENSMUSG00000096798,ENSMUSP00000134203,948,1,FALSE,NA,Other genes
Gm6588,ENSMUSG00000072722,ENSMUSP00000098441,1386,1,FALSE,NA,Other genes
Gm6614,ENSMUSG00000079263,ENSMUSP00000137967,2013,1,FALSE,NA,Other genes
Gm7361,ENSMUSG00000059645,ENSMUSP00000073781,804,3,FALSE,NA,Other genes
Gm7579,ENSMUSG00000073786,ENSMUSP00000147547,732,2,FALSE,NA,Other genes
Gm7697,ENSMUSG00000106824,ENSMUSP00000144181,1053,1,FALSE,NA,Other genes
Gm8159,ENSMUSG00000094258,ENSMUSP00000127748,804,2,FALSE,NA,Other genes
Gm884,ENSMUSG00000034239,ENSMUSP00000058511,10932,2,FALSE,NA,Other genes
Gm8882,ENSMUSG00000030143,ENSMUSP00000079660,852,2,FALSE,NA,Other genes
Gm9736,ENSMUSG00000112380,ENSMUSP00000151736,834,2,FALSE,NA,Other genes
Gm9758,ENSMUSG00000033219,ENSMUSP00000041597,768,1,FALSE,NA,Other genes
Gmds,ENSMUSG00000038372,ENSMUSP00000036696,1119,1,FALSE,NA,Other genes
Gmeb1,ENSMUSG00000028901,ENSMUSP00000101585,1689,1,FALSE,NA,Other genes
Gmip,ENSMUSG00000036246,ENSMUSP00000045676,2916,1,FALSE,NA,Other genes
Gmppa,ENSMUSG00000033021,ENSMUSP00000035564,1263,1,FALSE,NA,Other genes
Gmppb,ENSMUSG00000070284,ENSMUSP00000107914,1083,1,FALSE,NA,Other genes
Gmpr,ENSMUSG00000000253,ENSMUSP00000000260,1038,1,FALSE,NA,Other genes
Gna11,ENSMUSG00000034781,ENSMUSP00000043190,1080,1,FALSE,NA,Other genes
Gnas,ENSMUSG00000027523,ENSMUSP00000079341,3402,2,FALSE,NA,Other genes
Gnaz,ENSMUSG00000040009,ENSMUSP00000036087,1068,1,FALSE,NA,Other genes
Gnb1,ENSMUSG00000029064,ENSMUSP00000101241,1023,1,FALSE,NA,Other genes
Gnb1l,ENSMUSG00000000884,ENSMUSP00000130371,1074,1,FALSE,NA,Other genes
Gnb4,ENSMUSG00000027669,ENSMUSP00000121127,1023,1,FALSE,NA,Other genes
Gnptg,ENSMUSG00000035521,ENSMUSP00000110807,945,1,FALSE,NA,Other genes
Gns,ENSMUSG00000034707,ENSMUSP00000043167,1635,1,FALSE,NA,Other genes
Golga3,ENSMUSG00000029502,ENSMUSP00000031477,4464,2,FALSE,NA,Other genes
Golgb1,ENSMUSG00000034243,ENSMUSP00000045239,9717,1,FALSE,NA,Other genes
Golim4,ENSMUSG00000034109,ENSMUSP00000114006,2052,1,FALSE,NA,Other genes
Gorab,ENSMUSG00000040124,ENSMUSP00000036253,1107,1,FALSE,NA,Other genes
Gosr1,ENSMUSG00000010392,ENSMUSP00000010536,753,1,FALSE,NA,Other genes
Gp1ba,ENSMUSG00000050675,ENSMUSP00000104191,2205,1,FALSE,NA,Other genes
Gpat2,ENSMUSG00000046338,ENSMUSP00000049619,2406,1,FALSE,NA,Other genes
Gpatch2l,ENSMUSG00000021254,ENSMUSP00000152284,1449,1,FALSE,NA,Other genes
Gpatch8,ENSMUSG00000034621,ENSMUSP00000120649,4518,1,FALSE,NA,Other genes
Gpbp1l1,ENSMUSG00000034042,ENSMUSP00000030460,1422,1,FALSE,NA,Other genes
Gpc2,ENSMUSG00000029510,ENSMUSP00000124459,1740,2,FALSE,NA,Other genes
Gpc6,ENSMUSG00000058571,ENSMUSP00000120362,1698,1,FALSE,NA,Other genes
Gpd1,ENSMUSG00000023019,ENSMUSP00000023760,1050,1,FALSE,NA,Other genes
Gpd2,ENSMUSG00000026827,ENSMUSP00000108237,2238,4,FALSE,NA,Other genes
Gper1,ENSMUSG00000053647,ENSMUSP00000080370,1128,1,FALSE,NA,Other genes
Gpn2,ENSMUSG00000028848,ENSMUSP00000030661,933,1,FALSE,NA,Other genes
Gpr101,ENSMUSG00000036357,ENSMUSP00000058183,1536,1,FALSE,NA,Other genes
Gpr119,ENSMUSG00000051209,ENSMUSP00000060591,1008,1,FALSE,NA,Other genes
Gpr143,ENSMUSG00000025333,ENSMUSP00000026383,1218,1,FALSE,NA,Other genes
Gpr149,ENSMUSG00000043441,ENSMUSP00000060893,2199,2,FALSE,NA,Other genes
Gpr152,ENSMUSG00000044724,ENSMUSP00000094062,1536,1,FALSE,NA,Other genes
Gpr162,ENSMUSG00000038390,ENSMUSP00000038536,1767,1,FALSE,NA,Other genes
Gpr179,ENSMUSG00000070337,ENSMUSP00000091474,6882,1,FALSE,NA,Other genes
Gpr26,ENSMUSG00000040125,ENSMUSP00000041664,1014,1,FALSE,NA,Other genes
Gpr34,ENSMUSG00000040229,ENSMUSP00000042715,1128,1,FALSE,NA,Other genes
Gpr37,ENSMUSG00000039904,ENSMUSP00000052185,1803,1,FALSE,NA,Other genes
Gpr39,ENSMUSG00000026343,ENSMUSP00000027581,1371,1,FALSE,NA,Other genes
Gpr65,ENSMUSG00000021886,ENSMUSP00000074581,1014,1,FALSE,NA,Other genes
Gpr89,ENSMUSG00000028096,ENSMUSP00000029738,1368,1,FALSE,NA,Other genes
Gprc5a,ENSMUSG00000046733,ENSMUSP00000061062,1071,1,FALSE,NA,Other genes
Gprc5b,ENSMUSG00000008734,ENSMUSP00000146777,1236,1,FALSE,NA,Other genes
Gprc5d,ENSMUSG00000030205,ENSMUSP00000032327,1035,1,FALSE,NA,Other genes
Gprc6a,ENSMUSG00000019905,ENSMUSP00000020062,2787,4,FALSE,NA,Other genes
Gprin1,ENSMUSG00000069227,ENSMUSP00000115539,2799,1,FALSE,NA,Other genes
Gpsm1,ENSMUSG00000026930,ENSMUSP00000067964,2118,1,FALSE,NA,Other genes
Gpsm3,ENSMUSG00000034786,ENSMUSP00000045911,480,1,FALSE,NA,Other genes
Gpt,ENSMUSG00000022546,ENSMUSP00000155553,1491,1,FALSE,NA,Other genes
Gpx1,ENSMUSG00000063856,ENSMUSP00000141279,438,1,FALSE,NA,Other genes
Gramd1b,ENSMUSG00000040111,ENSMUSP00000048126,2637,1,FALSE,NA,Other genes
Gramd4,ENSMUSG00000035900,ENSMUSP00000086321,1902,1,FALSE,NA,Other genes
Grb14,ENSMUSG00000026888,ENSMUSP00000028252,1617,1,FALSE,NA,Other genes
Grb7,ENSMUSG00000019312,ENSMUSP00000019456,1608,1,FALSE,NA,Other genes
Greb1,ENSMUSG00000036523,ENSMUSP00000124348,5865,1,FALSE,NA,Other genes
Greb1l,ENSMUSG00000042942,ENSMUSP00000049003,5742,1,FALSE,NA,Other genes
Grem1,ENSMUSG00000074934,ENSMUSP00000097170,555,1,FALSE,NA,Other genes
Grem2,ENSMUSG00000050069,ENSMUSP00000049640,507,2,FALSE,NA,Other genes
Gria3,ENSMUSG00000001986,ENSMUSP00000110755,2667,1,FALSE,NA,Other genes
Gria4,ENSMUSG00000025892,ENSMUSP00000066980,2709,1,FALSE,NA,Other genes
Grid1,ENSMUSG00000041078,ENSMUSP00000044009,3030,2,FALSE,NA,Other genes
Grid2ip,ENSMUSG00000010825,ENSMUSP00000106361,3612,1,FALSE,NA,Other genes
Grik1,ENSMUSG00000022935,ENSMUSP00000153786,2850,1,FALSE,NA,Other genes
Grik2,ENSMUSG00000056073,ENSMUSP00000151921,2727,1,FALSE,NA,Other genes
Grik3,ENSMUSG00000001985,ENSMUSP00000030676,2760,2,FALSE,NA,Other genes
Grik4,ENSMUSG00000032017,ENSMUSP00000110515,2871,1,FALSE,NA,Other genes
Grik5,ENSMUSG00000003378,ENSMUSP00000003468,2940,1,FALSE,NA,Other genes
Grin2a,ENSMUSG00000059003,ENSMUSP00000142900,4395,4,FALSE,NA,Other genes
Grin2b,ENSMUSG00000030209,ENSMUSP00000062284,4449,1,FALSE,NA,Other genes
Grin2c,ENSMUSG00000020734,ENSMUSP00000003351,3720,3,FALSE,NA,Other genes
Grin2d,ENSMUSG00000002771,ENSMUSP00000002848,3972,1,FALSE,NA,Other genes
Grip1,ENSMUSG00000034813,ENSMUSP00000123234,3384,2,FALSE,NA,Other genes
Grip2,ENSMUSG00000030098,ENSMUSP00000124709,3129,2,FALSE,NA,Other genes
Gripap1,ENSMUSG00000031153,ENSMUSP00000111339,2514,1,FALSE,NA,Other genes
Grk2,ENSMUSG00000024858,ENSMUSP00000086114,2070,1,FALSE,NA,Other genes
Grk3,ENSMUSG00000042249,ENSMUSP00000070445,2067,1,FALSE,NA,Other genes
Grm1,ENSMUSG00000019828,ENSMUSP00000037255,3600,3,FALSE,NA,Other genes
Grm2,ENSMUSG00000023192,ENSMUSP00000023959,2619,1,FALSE,NA,Other genes
Grm3,ENSMUSG00000003974,ENSMUSP00000004076,2640,6,FALSE,NA,Other genes
Grm4,ENSMUSG00000063239,ENSMUSP00000113819,2739,1,FALSE,NA,Other genes
Grm6,ENSMUSG00000000617,ENSMUSP00000000631,2616,1,FALSE,NA,Other genes
Grm7,ENSMUSG00000056755,ENSMUSP00000064404,2769,2,FALSE,NA,Other genes
Grm8,ENSMUSG00000024211,ENSMUSP00000110978,2727,3,FALSE,NA,Other genes
Grpr,ENSMUSG00000031364,ENSMUSP00000033730,1155,1,FALSE,NA,Other genes
Grwd1,ENSMUSG00000053801,ENSMUSP00000116252,1341,1,FALSE,NA,Other genes
Gsap,ENSMUSG00000039934,ENSMUSP00000043679,2577,1,FALSE,NA,Other genes
Gsdma3,ENSMUSG00000064224,ENSMUSP00000073022,1395,1,FALSE,NA,Other genes
Gsdmc,ENSMUSG00000079025,ENSMUSP00000105752,1407,1,FALSE,NA,Other genes
Gsdmc3,ENSMUSG00000055827,ENSMUSP00000140272,1443,1,FALSE,NA,Other genes
Gsdmd,ENSMUSG00000022575,ENSMUSP00000023238,1464,1,FALSE,NA,Other genes
Gse1,ENSMUSG00000031822,ENSMUSP00000034279,3672,1,FALSE,NA,Other genes
Gsg1l,ENSMUSG00000046182,ENSMUSP00000073591,969,1,FALSE,NA,Other genes
Gsk3b,ENSMUSG00000022812,ENSMUSP00000110398,1302,1,FALSE,NA,Other genes
Gss,ENSMUSG00000027610,ENSMUSP00000078630,1425,1,FALSE,NA,Other genes
Gsta3,ENSMUSG00000025934,ENSMUSP00000027067,666,1,FALSE,NA,Other genes
Gstk1,ENSMUSG00000029864,ENSMUSP00000031897,681,1,FALSE,NA,Other genes
Gstm2,ENSMUSG00000040562,ENSMUSP00000012348,657,1,FALSE,NA,Other genes
Gsto2,ENSMUSG00000025069,ENSMUSP00000113409,747,1,FALSE,NA,Other genes
Gtdc1,ENSMUSG00000036890,ENSMUSP00000108429,1338,1,FALSE,NA,Other genes
Gtf2a1l,ENSMUSG00000024154,ENSMUSP00000024970,1407,1,FALSE,NA,Other genes
Gtf2h3,ENSMUSG00000029387,ENSMUSP00000031333,930,1,FALSE,NA,Other genes
Gtf2h4,ENSMUSG00000001524,ENSMUSP00000001565,1392,1,FALSE,NA,Other genes
Gtf2i,ENSMUSG00000060261,ENSMUSP00000049625,2997,1,FALSE,NA,Other genes
Gtf3a,ENSMUSG00000016503,ENSMUSP00000119607,1095,1,FALSE,NA,Other genes
Gtf3c1,ENSMUSG00000032777,ENSMUSP00000056719,6306,1,FALSE,NA,Other genes
Gtf3c5,ENSMUSG00000026816,ENSMUSP00000109521,1563,1,FALSE,NA,Other genes
Gtpbp1,ENSMUSG00000042535,ENSMUSP00000043575,2007,1,FALSE,NA,Other genes
Gtpbp2,ENSMUSG00000023952,ENSMUSP00000128517,1815,1,FALSE,NA,Other genes
Gtpbp8,ENSMUSG00000022668,ENSMUSP00000125352,858,1,FALSE,NA,Other genes
Gucy2d,ENSMUSG00000074003,ENSMUSP00000146093,3354,2,FALSE,NA,Other genes
Gucy2f,ENSMUSG00000042282,ENSMUSP00000044521,3327,3,FALSE,NA,Other genes
Gucy2g,ENSMUSG00000055523,ENSMUSP00000068253,3303,1,FALSE,NA,Other genes
Guk1,ENSMUSG00000020444,ENSMUSP00000127566,660,1,FALSE,NA,Other genes
Gulo,ENSMUSG00000034450,ENSMUSP00000060912,1323,1,FALSE,NA,Other genes
Gykl1,ENSMUSG00000053624,ENSMUSP00000067598,1650,1,FALSE,NA,Other genes
Gys1,ENSMUSG00000003865,ENSMUSP00000003964,2217,2,FALSE,NA,Other genes
Gzma,ENSMUSG00000023132,ENSMUSP00000023897,783,1,FALSE,NA,Other genes
Gzmf,ENSMUSG00000015441,ENSMUSP00000022757,747,1,FALSE,NA,Other genes
H2-DMa,ENSMUSG00000037649,ENSMUSP00000037088,786,1,FALSE,NA,Other genes
H2-M1,ENSMUSG00000037334,ENSMUSP00000040435,1035,1,FALSE,NA,Other genes
H2-M10.4,ENSMUSG00000048231,ENSMUSP00000058686,996,1,FALSE,NA,Other genes
H2-Oa,ENSMUSG00000024334,ENSMUSP00000025192,753,2,FALSE,NA,Other genes
H2-Q1,ENSMUSG00000079507,ENSMUSP00000072942,1107,1,FALSE,NA,Other genes
H2ac15,ENSMUSG00000063021,ENSMUSP00000074310,393,1,FALSE,NA,Other genes
H2ac21,ENSMUSG00000063689,ENSMUSP00000072858,393,1,FALSE,NA,Other genes
H2al1n,ENSMUSG00000078346,ENSMUSP00000100769,330,1,FALSE,NA,Other genes
H2ax,ENSMUSG00000049932,ENSMUSP00000051432,432,2,FALSE,NA,Other genes
H2bc1,ENSMUSG00000050799,ENSMUSP00000056604,384,1,FALSE,NA,Other genes
H2bc13,ENSMUSG00000094338,ENSMUSP00000089350,381,2,FALSE,NA,Other genes
H2bc18,ENSMUSG00000105827,ENSMUSP00000135427,381,2,FALSE,NA,Other genes
H2bc21,ENSMUSG00000068854,ENSMUSP00000088287,381,1,FALSE,NA,Other genes
H2bc3,ENSMUSG00000075031,ENSMUSP00000097294,381,1,FALSE,NA,Other genes
H2bc9,ENSMUSG00000114456,ENSMUSP00000153277,381,1,FALSE,NA,Other genes
H4c1,ENSMUSG00000060093,ENSMUSP00000100029,312,1,FALSE,NA,Other genes
H60b,ENSMUSG00000075297,ENSMUSP00000117032,756,1,FALSE,NA,Other genes
Habp2,ENSMUSG00000025075,ENSMUSP00000077402,1665,1,FALSE,NA,Other genes
Hacd2,ENSMUSG00000035376,ENSMUSP00000060462,765,1,FALSE,NA,Other genes
Hace1,ENSMUSG00000038822,ENSMUSP00000039206,2730,1,FALSE,NA,Other genes
Hacl1,ENSMUSG00000021884,ENSMUSP00000114922,1746,1,FALSE,NA,Other genes
Hadha,ENSMUSG00000025745,ENSMUSP00000120976,2292,1,FALSE,NA,Other genes
Hadhb,ENSMUSG00000059447,ENSMUSP00000026841,1428,2,FALSE,NA,Other genes
Hamp2,ENSMUSG00000056978,ENSMUSP00000151677,255,1,FALSE,NA,Other genes
Hap1,ENSMUSG00000006930,ENSMUSP00000133356,1887,1,FALSE,NA,Other genes
Hapln1,ENSMUSG00000021613,ENSMUSP00000022108,1071,2,FALSE,NA,Other genes
Has1,ENSMUSG00000003665,ENSMUSP00000003762,1752,2,FALSE,NA,Other genes
Has3,ENSMUSG00000031910,ENSMUSP00000034385,1665,1,FALSE,NA,Other genes
Hat1,ENSMUSG00000027018,ENSMUSP00000107750,1272,1,FALSE,NA,Other genes
Haus5,ENSMUSG00000078762,ENSMUSP00000019697,1860,1,FALSE,NA,Other genes
Hbb-bh1,ENSMUSG00000052217,ENSMUSP00000064865,444,1,FALSE,NA,Other genes
Hbb-bt,ENSMUSG00000073940,ENSMUSP00000095794,444,1,FALSE,NA,Other genes
Hc,ENSMUSG00000026874,ENSMUSP00000028233,5043,1,FALSE,NA,Other genes
Hcfc1,ENSMUSG00000031386,ENSMUSP00000110012,6273,1,FALSE,NA,Other genes
Hcn1,ENSMUSG00000021730,ENSMUSP00000006991,2733,9,FALSE,NA,Other genes
Hcn2,ENSMUSG00000020331,ENSMUSP00000097113,2592,1,FALSE,NA,Other genes
Hcn4,ENSMUSG00000032338,ENSMUSP00000034889,3606,1,FALSE,NA,Other genes
Hcrtr2,ENSMUSG00000032360,ENSMUSP00000058230,1383,1,FALSE,NA,Other genes
Hdac3,ENSMUSG00000024454,ENSMUSP00000037981,1287,1,FALSE,NA,Other genes
Hdac5,ENSMUSG00000008855,ENSMUSP00000008999,3366,2,FALSE,NA,Other genes
Hdac6,ENSMUSG00000031161,ENSMUSP00000111306,3450,1,FALSE,NA,Other genes
Hdac7,ENSMUSG00000022475,ENSMUSP00000112110,2862,1,FALSE,NA,Other genes
Hdac8,ENSMUSG00000067567,ENSMUSP00000085226,1134,1,FALSE,NA,Other genes
Hdc,ENSMUSG00000027360,ENSMUSP00000028838,1989,1,FALSE,NA,Other genes
Hdhd5,ENSMUSG00000058979,ENSMUSP00000074775,1260,2,FALSE,NA,Other genes
Hdlbp,ENSMUSG00000034088,ENSMUSP00000127903,3807,1,FALSE,NA,Other genes
Heatr5a,ENSMUSG00000035181,ENSMUSP00000043115,6117,1,FALSE,NA,Other genes
Heatr6,ENSMUSG00000000976,ENSMUSP00000001002,3555,1,FALSE,NA,Other genes
Hectd1,ENSMUSG00000035247,ENSMUSP00000136449,7857,3,FALSE,NA,Other genes
Hectd4,ENSMUSG00000042744,ENSMUSP00000048345,13257,5,FALSE,NA,Other genes
Helb,ENSMUSG00000020228,ENSMUSP00000020449,3225,2,FALSE,NA,Other genes
Helz,ENSMUSG00000020721,ENSMUSP00000074533,5898,5,FALSE,NA,Other genes
Helz2,ENSMUSG00000027580,ENSMUSP00000091756,8913,4,FALSE,NA,Other genes
Heph,ENSMUSG00000031209,ENSMUSP00000033553,3474,3,FALSE,NA,Other genes
Herc1,ENSMUSG00000038664,ENSMUSP00000044801,14580,1,FALSE,NA,Other genes
Herc2,ENSMUSG00000030451,ENSMUSP00000075579,14511,2,FALSE,NA,Other genes
Herc4,ENSMUSG00000020064,ENSMUSP00000151886,3174,1,FALSE,NA,Other genes
Herc6,ENSMUSG00000029798,ENSMUSP00000031817,3012,3,FALSE,NA,Other genes
Hes1,ENSMUSG00000022528,ENSMUSP00000023171,849,1,FALSE,NA,Other genes
Hes3,ENSMUSG00000028946,ENSMUSP00000151815,603,1,FALSE,NA,Other genes
Hes6,ENSMUSG00000067071,ENSMUSP00000084062,675,1,FALSE,NA,Other genes
Hey1,ENSMUSG00000040289,ENSMUSP00000038014,900,1,FALSE,NA,Other genes
Hgsnat,ENSMUSG00000037260,ENSMUSP00000040356,1971,1,FALSE,NA,Other genes
Hhat,ENSMUSG00000037375,ENSMUSP00000046686,1500,1,FALSE,NA,Other genes
Hhipl1,ENSMUSG00000021260,ENSMUSP00000021685,2376,1,FALSE,NA,Other genes
Hip1,ENSMUSG00000039959,ENSMUSP00000059033,3090,2,FALSE,NA,Other genes
Hipk1,ENSMUSG00000008730,ENSMUSP00000113998,3633,2,FALSE,NA,Other genes
Hipk2,ENSMUSG00000061436,ENSMUSP00000124133,3591,1,FALSE,NA,Other genes
Hipk3,ENSMUSG00000027177,ENSMUSP00000106754,3642,2,FALSE,NA,Other genes
Hirip3,ENSMUSG00000042606,ENSMUSP00000035535,1806,1,FALSE,NA,Other genes
Hist1h2an,ENSMUSG00000069309,ENSMUSP00000089345,393,1,FALSE,NA,Other genes
Hist1h2bp,ENSMUSG00000069308,ENSMUSP00000106099,417,1,FALSE,NA,Other genes
Hivep3,ENSMUSG00000028634,ENSMUSP00000101914,7047,2,FALSE,NA,Other genes
Hjurp,ENSMUSG00000044783,ENSMUSP00000054263,2004,1,FALSE,NA,Other genes
Hk2,ENSMUSG00000000628,ENSMUSP00000000642,2754,1,FALSE,NA,Other genes
Hmbox1,ENSMUSG00000021972,ENSMUSP00000135448,1263,1,FALSE,NA,Other genes
Hmbs,ENSMUSG00000032126,ENSMUSP00000076575,1086,1,FALSE,NA,Other genes
Hmcn1,ENSMUSG00000066842,ENSMUSP00000074340,16905,17,FALSE,NA,Other genes
Hmcn2,ENSMUSG00000055632,ENSMUSP00000109160,15303,9,FALSE,NA,Other genes
Hmg20b,ENSMUSG00000020232,ENSMUSP00000100960,954,1,FALSE,NA,Other genes
Hmgcr,ENSMUSG00000021670,ENSMUSP00000022176,2664,1,FALSE,NA,Other genes
Hmgn5,ENSMUSG00000031245,ENSMUSP00000033597,1221,1,FALSE,NA,Other genes
Hmgxb3,ENSMUSG00000024622,ENSMUSP00000158376,3861,1,FALSE,NA,Other genes
Hmmr,ENSMUSG00000020330,ENSMUSP00000020579,2385,2,FALSE,NA,Other genes
Hmox2,ENSMUSG00000004070,ENSMUSP00000004172,948,1,FALSE,NA,Other genes
Hnf1b,ENSMUSG00000020679,ENSMUSP00000021016,1677,1,FALSE,NA,Other genes
Hnrnpd,ENSMUSG00000000568,ENSMUSP00000132735,1068,1,FALSE,NA,Other genes
Hnrnph2,ENSMUSG00000045427,ENSMUSP00000074483,1350,1,FALSE,NA,Other genes
Hnrnph3,ENSMUSG00000020069,ENSMUSP00000020263,1041,2,FALSE,NA,Other genes
Hnrnpl,ENSMUSG00000015165,ENSMUSP00000133728,1761,1,FALSE,NA,Other genes
Hnrnpm,ENSMUSG00000059208,ENSMUSP00000120115,2190,2,FALSE,NA,Other genes
Hnrnpu,ENSMUSG00000039630,ENSMUSP00000047571,2403,3,FALSE,NA,Other genes
Hnrnpul1,ENSMUSG00000040725,ENSMUSP00000146263,2580,1,FALSE,NA,Other genes
Hook2,ENSMUSG00000052566,ENSMUSP00000067752,2151,2,FALSE,NA,Other genes
Hook3,ENSMUSG00000037234,ENSMUSP00000046788,2157,1,FALSE,NA,Other genes
Hoxa1,ENSMUSG00000029844,ENSMUSP00000000964,1011,1,FALSE,NA,Other genes
Hoxa3,ENSMUSG00000079560,ENSMUSP00000110077,1332,1,FALSE,NA,Other genes
Hoxa7,ENSMUSG00000038236,ENSMUSP00000048648,690,1,FALSE,NA,Other genes
Hp,ENSMUSG00000031722,ENSMUSP00000074436,1044,1,FALSE,NA,Other genes
Hp1bp3,ENSMUSG00000028759,ENSMUSP00000101453,1665,1,FALSE,NA,Other genes
Hps3,ENSMUSG00000027615,ENSMUSP00000012580,3009,1,FALSE,NA,Other genes
Hpse2,ENSMUSG00000074852,ENSMUSP00000097026,1779,1,FALSE,NA,Other genes
Hras,ENSMUSG00000025499,ENSMUSP00000026572,570,3,FALSE,NA,Other genes
Hrg,ENSMUSG00000022877,ENSMUSP00000023590,1611,1,FALSE,NA,Other genes
Hrh2,ENSMUSG00000034987,ENSMUSP00000148117,1266,1,FALSE,NA,Other genes
Hrnr,ENSMUSG00000041991,ENSMUSP00000091288,10236,1,FALSE,NA,Other genes
Hs3st4,ENSMUSG00000078591,ENSMUSP00000102045,1350,1,FALSE,NA,Other genes
Hsd17b10,ENSMUSG00000025260,ENSMUSP00000108236,816,1,FALSE,NA,Other genes
Hsd17b3,ENSMUSG00000033122,ENSMUSP00000152848,918,1,FALSE,NA,Other genes
Hsd17b7,ENSMUSG00000026675,ENSMUSP00000106985,1089,1,FALSE,NA,Other genes
Hsd3b1,ENSMUSG00000027871,ENSMUSP00000102630,1122,1,FALSE,NA,Other genes
Hsd3b5,ENSMUSG00000038092,ENSMUSP00000041442,1122,1,FALSE,NA,Other genes
Hsf2,ENSMUSG00000019878,ENSMUSP00000078761,1554,1,FALSE,NA,Other genes
Hsp90ab1,ENSMUSG00000023944,ENSMUSP00000024739,2175,13,FALSE,NA,Other genes
Hsp90b1,ENSMUSG00000020048,ENSMUSP00000020238,2409,1,FALSE,NA,Other genes
Hspa12a,ENSMUSG00000025092,ENSMUSP00000066860,2028,1,FALSE,NA,Other genes
Hspa12b,ENSMUSG00000074793,ENSMUSP00000096950,2058,2,FALSE,NA,Other genes
Hspa14,ENSMUSG00000109865,ENSMUSP00000027961,1530,1,FALSE,NA,Other genes
Hspa5,ENSMUSG00000026864,ENSMUSP00000028222,1968,2,FALSE,NA,Other genes
Hspa9,ENSMUSG00000024359,ENSMUSP00000025217,2040,1,FALSE,NA,Other genes
Hspd1,ENSMUSG00000025980,ENSMUSP00000027123,1722,1,FALSE,NA,Other genes
Hspg2,ENSMUSG00000028763,ENSMUSP00000131316,13152,5,FALSE,NA,Other genes
Hsph1,ENSMUSG00000029657,ENSMUSP00000144654,2577,1,FALSE,NA,Other genes
Htatip2,ENSMUSG00000039745,ENSMUSP00000146858,828,1,FALSE,NA,Other genes
Htatsf1,ENSMUSG00000067873,ENSMUSP00000086027,2274,1,FALSE,NA,Other genes
Htr1b,ENSMUSG00000049511,ENSMUSP00000139389,1161,1,FALSE,NA,Other genes
Htr2b,ENSMUSG00000026228,ENSMUSP00000027431,1440,1,FALSE,NA,Other genes
Htr3a,ENSMUSG00000032269,ENSMUSP00000003826,1470,1,FALSE,NA,Other genes
Htr3b,ENSMUSG00000008590,ENSMUSP00000008734,1314,1,FALSE,NA,Other genes
Htr4,ENSMUSG00000026322,ENSMUSP00000027560,1167,3,FALSE,NA,Other genes
Htr5a,ENSMUSG00000039106,ENSMUSP00000038884,1074,1,FALSE,NA,Other genes
Htr6,ENSMUSG00000028747,ENSMUSP00000101428,1323,1,FALSE,NA,Other genes
Htra2,ENSMUSG00000068329,ENSMUSP00000087073,1377,2,FALSE,NA,Other genes
Htra3,ENSMUSG00000029096,ENSMUSP00000084910,1380,1,FALSE,NA,Other genes
Htt,ENSMUSG00000029104,ENSMUSP00000078945,9363,4,FALSE,NA,Other genes
Hus1b,ENSMUSG00000076430,ENSMUSP00000100007,831,1,FALSE,NA,Other genes
Hyal5,ENSMUSG00000029678,ENSMUSP00000144011,1581,1,FALSE,NA,Other genes
Hydin,ENSMUSG00000059854,ENSMUSP00000046204,15465,8,FALSE,NA,Other genes
Hyou1,ENSMUSG00000032115,ENSMUSP00000068594,3000,1,FALSE,NA,Other genes
Iba57,ENSMUSG00000049287,ENSMUSP00000049823,1077,1,FALSE,NA,Other genes
Ibsp,ENSMUSG00000029306,ENSMUSP00000031246,975,1,FALSE,NA,Other genes
Ica1,ENSMUSG00000062995,ENSMUSP00000111182,1437,1,FALSE,NA,Other genes
Icam1,ENSMUSG00000037405,ENSMUSP00000083587,1614,1,FALSE,NA,Other genes
Icam2,ENSMUSG00000001029,ENSMUSP00000001055,834,1,FALSE,NA,Other genes
Ice1,ENSMUSG00000034525,ENSMUSP00000036482,6726,4,FALSE,NA,Other genes
Idh2,ENSMUSG00000030541,ENSMUSP00000103007,1359,2,FALSE,NA,Other genes
Idh3g,ENSMUSG00000002010,ENSMUSP00000056502,1182,2,FALSE,NA,Other genes
Ifi203,ENSMUSG00000039997,ENSMUSP00000122424,2616,1,FALSE,NA,Other genes
Ifi207,ENSMUSG00000073490,ENSMUSP00000048129,2937,1,FALSE,NA,Other genes
Ifih1,ENSMUSG00000026896,ENSMUSP00000028259,3078,1,FALSE,NA,Other genes
Ifna16,ENSMUSG00000078355,ENSMUSP00000100779,570,1,FALSE,NA,Other genes
Ifnar1,ENSMUSG00000022967,ENSMUSP00000023689,1773,1,FALSE,NA,Other genes
Ifne,ENSMUSG00000045364,ENSMUSP00000059199,579,1,FALSE,NA,Other genes
Ifng,ENSMUSG00000055170,ENSMUSP00000063800,468,1,FALSE,NA,Other genes
Ifnl2,ENSMUSG00000059128,ENSMUSP00000080384,582,1,FALSE,NA,Other genes
Ift43,ENSMUSG00000007867,ENSMUSP00000152079,621,1,FALSE,NA,Other genes
Ift80,ENSMUSG00000027778,ENSMUSP00000103442,2334,2,FALSE,NA,Other genes
Igbp1,ENSMUSG00000031221,ENSMUSP00000033570,1023,1,FALSE,NA,Other genes
Igbp1b,ENSMUSG00000046717,ENSMUSP00000050818,1032,1,FALSE,NA,Other genes
Igdcc4,ENSMUSG00000032816,ENSMUSP00000076878,3900,1,FALSE,NA,Other genes
Igf1r,ENSMUSG00000005533,ENSMUSP00000005671,4110,2,FALSE,NA,Other genes
Igf2r,ENSMUSG00000023830,ENSMUSP00000024599,7452,2,FALSE,NA,Other genes
Igfbp4,ENSMUSG00000017493,ENSMUSP00000017637,765,1,FALSE,NA,Other genes
Igflr1,ENSMUSG00000036826,ENSMUSP00000132400,1098,1,FALSE,NA,Other genes
Ighmbp2,ENSMUSG00000024831,ENSMUSP00000025751,2982,3,FALSE,NA,Other genes
Ighv1-18,ENSMUSG00000076695,ENSMUSP00000142064,351,1,FALSE,NA,Other genes
Ighv1-20,ENSMUSG00000095761,ENSMUSP00000141859,351,1,FALSE,NA,Other genes
Ighv1-22,ENSMUSG00000094561,ENSMUSP00000100288,351,1,FALSE,NA,Other genes
Ighv1-31,ENSMUSG00000096649,ENSMUSP00000141586,351,1,FALSE,NA,Other genes
Ighv1-36,ENSMUSG00000094051,ENSMUSP00000142128,351,1,FALSE,NA,Other genes
Ighv1-43,ENSMUSG00000095859,ENSMUSP00000142065,351,1,FALSE,NA,Other genes
Ighv1-63,ENSMUSG00000096672,ENSMUSP00000100315,351,2,FALSE,NA,Other genes
Ighv1-64,ENSMUSG00000094088,ENSMUSP00000100316,351,1,FALSE,NA,Other genes
Ighv1-80,ENSMUSG00000094075,ENSMUSP00000100328,351,2,FALSE,NA,Other genes
Ighv1-82,ENSMUSG00000095127,ENSMUSP00000142912,351,1,FALSE,NA,Other genes
Ighv6-7,ENSMUSG00000087582,ENSMUSP00000141701,357,1,FALSE,NA,Other genes
Ighv7-1,ENSMUSG00000076665,ENSMUSP00000100255,363,1,FALSE,NA,Other genes
Iglon5,ENSMUSG00000013367,ENSMUSP00000103608,1011,1,FALSE,NA,Other genes
Igsf1,ENSMUSG00000031111,ENSMUSP00000033442,3954,3,FALSE,NA,Other genes
Igsf10,ENSMUSG00000036334,ENSMUSP00000141971,7785,2,FALSE,NA,Other genes
Igsf3,ENSMUSG00000042035,ENSMUSP00000141823,3645,1,FALSE,NA,Other genes
Igsf5,ENSMUSG00000000159,ENSMUSP00000109425,1119,3,FALSE,NA,Other genes
Ikbkb,ENSMUSG00000031537,ENSMUSP00000033939,2274,2,FALSE,NA,Other genes
Ikbkg,ENSMUSG00000004221,ENSMUSP00000004330,1293,1,FALSE,NA,Other genes
Ikzf4,ENSMUSG00000002578,ENSMUSP00000152617,2061,1,FALSE,NA,Other genes
Il10ra,ENSMUSG00000032089,ENSMUSP00000034594,1728,1,FALSE,NA,Other genes
Il17f,ENSMUSG00000041872,ENSMUSP00000046960,486,1,FALSE,NA,Other genes
Il17rb,ENSMUSG00000015966,ENSMUSP00000113686,1500,1,FALSE,NA,Other genes
Il18r1,ENSMUSG00000026070,ENSMUSP00000142070,1614,1,FALSE,NA,Other genes
Il18rap,ENSMUSG00000026068,ENSMUSP00000027237,1845,2,FALSE,NA,Other genes
Il1rap,ENSMUSG00000022514,ENSMUSP00000093843,2058,1,FALSE,NA,Other genes
Il1rapl1,ENSMUSG00000052372,ENSMUSP00000109599,2091,2,FALSE,NA,Other genes
Il1rapl2,ENSMUSG00000059203,ENSMUSP00000108686,2061,2,FALSE,NA,Other genes
Il20ra,ENSMUSG00000020007,ENSMUSP00000020185,1641,1,FALSE,NA,Other genes
Il21r,ENSMUSG00000030745,ENSMUSP00000033000,1590,3,FALSE,NA,Other genes
Il24,ENSMUSG00000026420,ENSMUSP00000113064,663,1,FALSE,NA,Other genes
Il2rb,ENSMUSG00000068227,ENSMUSP00000086820,1620,2,FALSE,NA,Other genes
Il6ra,ENSMUSG00000027947,ENSMUSP00000029559,1383,2,FALSE,NA,Other genes
Ildr2,ENSMUSG00000040612,ENSMUSP00000107047,1986,1,FALSE,NA,Other genes
Ilf3,ENSMUSG00000032178,ENSMUSP00000149483,2736,1,FALSE,NA,Other genes
Imp4,ENSMUSG00000026127,ENSMUSP00000027303,876,1,FALSE,NA,Other genes
Impa2,ENSMUSG00000024525,ENSMUSP00000025403,873,1,FALSE,NA,Other genes
Incenp,ENSMUSG00000024660,ENSMUSP00000157547,2643,1,FALSE,NA,Other genes
Ing4,ENSMUSG00000030330,ENSMUSP00000121519,750,2,FALSE,NA,Other genes
Inhbc,ENSMUSG00000025405,ENSMUSP00000026472,1059,1,FALSE,NA,Other genes
Ino80,ENSMUSG00000034154,ENSMUSP00000051845,4680,1,FALSE,NA,Other genes
Inpp4a,ENSMUSG00000026113,ENSMUSP00000121803,2934,1,FALSE,NA,Other genes
Inpp4b,ENSMUSG00000037940,ENSMUSP00000150541,2826,1,FALSE,NA,Other genes
Inpp5a,ENSMUSG00000025477,ENSMUSP00000026550,1269,1,FALSE,NA,Other genes
Inpp5b,ENSMUSG00000028894,ENSMUSP00000092375,2982,3,FALSE,NA,Other genes
Inpp5d,ENSMUSG00000026288,ENSMUSP00000127941,3576,2,FALSE,NA,Other genes
Inpp5f,ENSMUSG00000042105,ENSMUSP00000045910,3399,1,FALSE,NA,Other genes
Insrr,ENSMUSG00000005640,ENSMUSP00000029711,3903,1,FALSE,NA,Other genes
Insyn1,ENSMUSG00000066607,ENSMUSP00000082800,879,1,FALSE,NA,Other genes
Ints11,ENSMUSG00000029034,ENSMUSP00000030901,1803,1,FALSE,NA,Other genes
Ints2,ENSMUSG00000018068,ENSMUSP00000018212,3597,1,FALSE,NA,Other genes
Ints6,ENSMUSG00000035161,ENSMUSP00000086788,2652,3,FALSE,NA,Other genes
Ints9,ENSMUSG00000021975,ENSMUSP00000159373,2064,1,FALSE,NA,Other genes
Intu,ENSMUSG00000060798,ENSMUSP00000088725,2829,1,FALSE,NA,Other genes
Invs,ENSMUSG00000028344,ENSMUSP00000030029,3189,3,FALSE,NA,Other genes
Ip6k2,ENSMUSG00000032599,ENSMUSP00000082091,1347,1,FALSE,NA,Other genes
Ip6k3,ENSMUSG00000024210,ENSMUSP00000025046,1191,1,FALSE,NA,Other genes
Ipcef1,ENSMUSG00000064065,ENSMUSP00000077215,1233,1,FALSE,NA,Other genes
Ippk,ENSMUSG00000021385,ENSMUSP00000021817,1617,1,FALSE,NA,Other genes
Iqca,ENSMUSG00000026301,ENSMUSP00000148643,2574,1,FALSE,NA,Other genes
Iqch,ENSMUSG00000037801,ENSMUSP00000047953,3216,1,FALSE,NA,Other genes
Iqgap1,ENSMUSG00000030536,ENSMUSP00000128278,4974,5,FALSE,NA,Other genes
Iqsec1,ENSMUSG00000034312,ENSMUSP00000098710,3300,1,FALSE,NA,Other genes
Iqsec2,ENSMUSG00000041115,ENSMUSP00000108224,4467,1,FALSE,NA,Other genes
Irf6,ENSMUSG00000026638,ENSMUSP00000075839,1404,1,FALSE,NA,Other genes
Irs2,ENSMUSG00000038894,ENSMUSP00000038514,3966,1,FALSE,NA,Other genes
Irx3,ENSMUSG00000031734,ENSMUSP00000091002,1569,1,FALSE,NA,Other genes
Irx4,ENSMUSG00000021604,ENSMUSP00000134738,1548,1,FALSE,NA,Other genes
Irx5,ENSMUSG00000031737,ENSMUSP00000147339,1551,1,FALSE,NA,Other genes
Irx6,ENSMUSG00000031738,ENSMUSP00000034185,1320,1,FALSE,NA,Other genes
Isoc2a,ENSMUSG00000086784,ENSMUSP00000131514,621,2,FALSE,NA,Other genes
Isoc2b,ENSMUSG00000052605,ENSMUSP00000066859,633,1,FALSE,NA,Other genes
Isx,ENSMUSG00000031621,ENSMUSP00000134368,729,1,FALSE,NA,Other genes
Isy1,ENSMUSG00000030056,ENSMUSP00000086923,858,1,FALSE,NA,Other genes
Isyna1,ENSMUSG00000019139,ENSMUSP00000148077,1674,1,FALSE,NA,Other genes
Itfg1,ENSMUSG00000031703,ENSMUSP00000034140,1833,1,FALSE,NA,Other genes
Itfg2,ENSMUSG00000001518,ENSMUSP00000001559,1332,1,FALSE,NA,Other genes
Itga11,ENSMUSG00000032243,ENSMUSP00000034774,3567,1,FALSE,NA,Other genes
Itga4,ENSMUSG00000027009,ENSMUSP00000099718,3099,1,FALSE,NA,Other genes
Itga8,ENSMUSG00000026768,ENSMUSP00000028106,3189,1,FALSE,NA,Other genes
Itga9,ENSMUSG00000039115,ENSMUSP00000044227,3111,1,FALSE,NA,Other genes
Itgae,ENSMUSG00000005947,ENSMUSP00000006101,3504,1,FALSE,NA,Other genes
Itgam,ENSMUSG00000030786,ENSMUSP00000113957,3504,2,FALSE,NA,Other genes
Itgax,ENSMUSG00000030789,ENSMUSP00000033053,3510,3,FALSE,NA,Other genes
Itgb2,ENSMUSG00000000290,ENSMUSP00000000299,2313,1,FALSE,NA,Other genes
Itgb4,ENSMUSG00000020758,ENSMUSP00000102066,5457,2,FALSE,NA,Other genes
Itgb5,ENSMUSG00000022817,ENSMUSP00000069416,2451,1,FALSE,NA,Other genes
Itgb7,ENSMUSG00000001281,ENSMUSP00000001327,2421,1,FALSE,NA,Other genes
Itih1,ENSMUSG00000006529,ENSMUSP00000006704,2736,2,FALSE,NA,Other genes
Itih4,ENSMUSG00000021922,ENSMUSP00000112798,2829,1,FALSE,NA,Other genes
Itih5,ENSMUSG00000025780,ENSMUSP00000026886,2859,2,FALSE,NA,Other genes
Itm2c,ENSMUSG00000026223,ENSMUSP00000027425,810,1,FALSE,NA,Other genes
Itpka,ENSMUSG00000027296,ENSMUSP00000028758,1380,1,FALSE,NA,Other genes
Itpkc,ENSMUSG00000003752,ENSMUSP00000003850,2037,1,FALSE,NA,Other genes
Itpr1,ENSMUSG00000030102,ENSMUSP00000032192,8250,2,FALSE,NA,Other genes
Itpr2,ENSMUSG00000030287,ENSMUSP00000049584,8106,1,FALSE,NA,Other genes
Itpr3,ENSMUSG00000042644,ENSMUSP00000038150,8013,5,FALSE,NA,Other genes
Itsn2,ENSMUSG00000020640,ENSMUSP00000151896,5058,1,FALSE,NA,Other genes
Ivd,ENSMUSG00000027332,ENSMUSP00000028807,1275,3,FALSE,NA,Other genes
Izumo2,ENSMUSG00000066500,ENSMUSP00000082543,582,1,FALSE,NA,Other genes
Jade2,ENSMUSG00000020387,ENSMUSP00000020655,2490,1,FALSE,NA,Other genes
Jag1,ENSMUSG00000027276,ENSMUSP00000028735,3657,1,FALSE,NA,Other genes
Jag2,ENSMUSG00000002799,ENSMUSP00000075224,3744,1,FALSE,NA,Other genes
Jak1,ENSMUSG00000028530,ENSMUSP00000099842,3462,1,FALSE,NA,Other genes
Jakmip2,ENSMUSG00000024502,ENSMUSP00000080881,2463,1,FALSE,NA,Other genes
Jaml,ENSMUSG00000048534,ENSMUSP00000052033,1140,1,FALSE,NA,Other genes
Jmjd1c,ENSMUSG00000037876,ENSMUSP00000134551,7596,1,FALSE,NA,Other genes
Jph1,ENSMUSG00000042686,ENSMUSP00000039072,1983,1,FALSE,NA,Other genes
Jph4,ENSMUSG00000022208,ENSMUSP00000022819,1887,1,FALSE,NA,Other genes
Kalrn,ENSMUSG00000061751,ENSMUSP00000076088,8895,2,FALSE,NA,Other genes
Kank1,ENSMUSG00000032702,ENSMUSP00000042177,4083,1,FALSE,NA,Other genes
Kank2,ENSMUSG00000032194,ENSMUSP00000034717,2532,1,FALSE,NA,Other genes
Kars,ENSMUSG00000031948,ENSMUSP00000090808,1875,1,FALSE,NA,Other genes
Kat2a,ENSMUSG00000020918,ENSMUSP00000099407,2493,1,FALSE,NA,Other genes
Kat6b,ENSMUSG00000021767,ENSMUSP00000159058,6165,1,FALSE,NA,Other genes
Katnal1,ENSMUSG00000041298,ENSMUSP00000043210,1467,1,FALSE,NA,Other genes
Katnal2,ENSMUSG00000025420,ENSMUSP00000122079,1620,1,FALSE,NA,Other genes
Kbtbd13,ENSMUSG00000054978,ENSMUSP00000136872,1377,1,FALSE,NA,Other genes
Kbtbd6,ENSMUSG00000075502,ENSMUSP00000097929,1650,1,FALSE,NA,Other genes
Kbtbd7,ENSMUSG00000043881,ENSMUSP00000060768,2073,2,FALSE,NA,Other genes
Kcna1,ENSMUSG00000047976,ENSMUSP00000055225,1488,1,FALSE,NA,Other genes
Kcna10,ENSMUSG00000042861,ENSMUSP00000088118,1536,1,FALSE,NA,Other genes
Kcna4,ENSMUSG00000042604,ENSMUSP00000037958,1965,1,FALSE,NA,Other genes
Kcna7,ENSMUSG00000038201,ENSMUSP00000103403,1470,2,FALSE,NA,Other genes
Kcnc1,ENSMUSG00000058975,ENSMUSP00000124938,1758,1,FALSE,NA,Other genes
Kcnd1,ENSMUSG00000009731,ENSMUSP00000009875,1956,2,FALSE,NA,Other genes
Kcnd2,ENSMUSG00000060882,ENSMUSP00000080257,1893,1,FALSE,NA,Other genes
Kcnd3,ENSMUSG00000040896,ENSMUSP00000113436,1968,1,FALSE,NA,Other genes
Kcne3,ENSMUSG00000035165,ENSMUSP00000136616,312,1,FALSE,NA,Other genes
Kcnh2,ENSMUSG00000038319,ENSMUSP00000047705,3489,1,FALSE,NA,Other genes
Kcnh4,ENSMUSG00000035355,ENSMUSP00000102984,3057,2,FALSE,NA,Other genes
Kcnh5,ENSMUSG00000034402,ENSMUSP00000046864,2967,2,FALSE,NA,Other genes
Kcnh6,ENSMUSG00000001901,ENSMUSP00000001965,2853,1,FALSE,NA,Other genes
Kcnh7,ENSMUSG00000059742,ENSMUSP00000074563,3588,1,FALSE,NA,Other genes
Kcnh8,ENSMUSG00000035580,ENSMUSP00000049206,3309,3,FALSE,NA,Other genes
Kcnj10,ENSMUSG00000044708,ENSMUSP00000054356,1140,1,FALSE,NA,Other genes
Kcnj11,ENSMUSG00000096146,ENSMUSP00000147439,1173,1,FALSE,NA,Other genes
Kcnj12,ENSMUSG00000042529,ENSMUSP00000041696,1590,1,FALSE,NA,Other genes
Kcnj13,ENSMUSG00000079436,ENSMUSP00000108838,1083,1,FALSE,NA,Other genes
Kcnj2,ENSMUSG00000041695,ENSMUSP00000037192,1287,1,FALSE,NA,Other genes
Kcnk2,ENSMUSG00000037624,ENSMUSP00000141891,1281,1,FALSE,NA,Other genes
Kcnk3,ENSMUSG00000049265,ENSMUSP00000098987,1230,2,FALSE,NA,Other genes
Kcnk5,ENSMUSG00000023243,ENSMUSP00000024011,1509,1,FALSE,NA,Other genes
Kcnn4,ENSMUSG00000054342,ENSMUSP00000146012,1278,1,FALSE,NA,Other genes
Kcnq5,ENSMUSG00000028033,ENSMUSP00000110955,2859,2,FALSE,NA,Other genes
Kcnrg,ENSMUSG00000046168,ENSMUSP00000055327,795,1,FALSE,NA,Other genes
Kcns1,ENSMUSG00000040164,ENSMUSP00000038901,1494,1,FALSE,NA,Other genes
Kcns3,ENSMUSG00000043673,ENSMUSP00000060706,1476,1,FALSE,NA,Other genes
Kcnt2,ENSMUSG00000052726,ENSMUSP00000113333,3408,1,FALSE,NA,Other genes
Kcnu1,ENSMUSG00000031576,ENSMUSP00000096457,3366,1,FALSE,NA,Other genes
Kcp,ENSMUSG00000059022,ENSMUSP00000099135,4653,2,FALSE,NA,Other genes
Kctd1,ENSMUSG00000036225,ENSMUSP00000128070,2586,1,FALSE,NA,Other genes
Kctd11,ENSMUSG00000046731,ENSMUSP00000059107,816,1,FALSE,NA,Other genes
Kctd12b,ENSMUSG00000041633,ENSMUSP00000037539,879,1,FALSE,NA,Other genes
Kctd15,ENSMUSG00000030499,ENSMUSP00000103704,852,1,FALSE,NA,Other genes
Kctd17,ENSMUSG00000033287,ENSMUSP00000086835,891,1,FALSE,NA,Other genes
Kctd19,ENSMUSG00000051648,ENSMUSP00000050687,2853,1,FALSE,NA,Other genes
Kctd5,ENSMUSG00000016946,ENSMUSP00000017090,705,1,FALSE,NA,Other genes
Kctd6,ENSMUSG00000021752,ENSMUSP00000022272,714,2,FALSE,NA,Other genes
Kctd7,ENSMUSG00000034110,ENSMUSP00000044568,870,1,FALSE,NA,Other genes
Kctd8,ENSMUSG00000037653,ENSMUSP00000055326,1431,2,FALSE,NA,Other genes
Kdm2a,ENSMUSG00000054611,ENSMUSP00000047683,3486,3,FALSE,NA,Other genes
Kdm2b,ENSMUSG00000029475,ENSMUSP00000038229,3930,1,FALSE,NA,Other genes
Kdm4a,ENSMUSG00000033326,ENSMUSP00000102014,3195,1,FALSE,NA,Other genes
Kdm4c,ENSMUSG00000028397,ENSMUSP00000077017,3165,1,FALSE,NA,Other genes
Kdm5a,ENSMUSG00000030180,ENSMUSP00000005108,5073,1,FALSE,NA,Other genes
Kdm5b,ENSMUSG00000042207,ENSMUSP00000038138,4635,9,FALSE,NA,Other genes
Kdm5c,ENSMUSG00000025332,ENSMUSP00000108203,4665,1,FALSE,NA,Other genes
Kdm6a,ENSMUSG00000037369,ENSMUSP00000061539,4275,9,FALSE,NA,Other genes
Kdm6b,ENSMUSG00000018476,ENSMUSP00000091620,4926,1,FALSE,NA,Other genes
Kdr,ENSMUSG00000062960,ENSMUSP00000109144,4038,2,FALSE,NA,Other genes
Keap1,ENSMUSG00000003308,ENSMUSP00000141807,1875,1,FALSE,NA,Other genes
Kel,ENSMUSG00000029866,ENSMUSP00000031899,2142,2,FALSE,NA,Other genes
Kera,ENSMUSG00000019932,ENSMUSP00000100923,1056,1,FALSE,NA,Other genes
Khdc4,ENSMUSG00000028060,ENSMUSP00000029696,1839,1,FALSE,NA,Other genes
Khdrbs1,ENSMUSG00000028790,ENSMUSP00000115402,1332,1,FALSE,NA,Other genes
Khk,ENSMUSG00000029162,ENSMUSP00000031053,1032,1,FALSE,NA,Other genes
Khsrp,ENSMUSG00000007670,ENSMUSP00000007814,2247,1,FALSE,NA,Other genes
Kif11,ENSMUSG00000012443,ENSMUSP00000012587,3159,1,FALSE,NA,Other genes
Kif12,ENSMUSG00000028357,ENSMUSP00000152690,1932,2,FALSE,NA,Other genes
Kif13a,ENSMUSG00000021375,ENSMUSP00000055304,5250,1,FALSE,NA,Other genes
Kif13b,ENSMUSG00000060012,ENSMUSP00000153168,5544,1,FALSE,NA,Other genes
Kif14,ENSMUSG00000041498,ENSMUSP00000139698,5025,1,FALSE,NA,Other genes
Kif18a,ENSMUSG00000027115,ENSMUSP00000028527,2661,1,FALSE,NA,Other genes
Kif19a,ENSMUSG00000010021,ENSMUSP00000081398,2994,2,FALSE,NA,Other genes
Kif1a,ENSMUSG00000014602,ENSMUSP00000140163,5376,3,FALSE,NA,Other genes
Kif1b,ENSMUSG00000063077,ENSMUSP00000158941,5652,3,FALSE,NA,Other genes
Kif1c,ENSMUSG00000020821,ENSMUSP00000072048,3339,2,FALSE,NA,Other genes
Kif20a,ENSMUSG00000003779,ENSMUSP00000130045,2664,1,FALSE,NA,Other genes
Kif21a,ENSMUSG00000022629,ENSMUSP00000085985,5019,1,FALSE,NA,Other genes
Kif21b,ENSMUSG00000041642,ENSMUSP00000114297,4920,1,FALSE,NA,Other genes
Kif26a,ENSMUSG00000021294,ENSMUSP00000119482,5646,3,FALSE,NA,Other genes
Kif26b,ENSMUSG00000026494,ENSMUSP00000124462,6339,2,FALSE,NA,Other genes
Kif3b,ENSMUSG00000027475,ENSMUSP00000028977,2244,1,FALSE,NA,Other genes
Kif5a,ENSMUSG00000074657,ENSMUSP00000096775,3084,1,FALSE,NA,Other genes
Kif5c,ENSMUSG00000026764,ENSMUSP00000028102,2871,1,FALSE,NA,Other genes
Kif7,ENSMUSG00000050382,ENSMUSP00000139359,4047,1,FALSE,NA,Other genes
Kifbp,ENSMUSG00000036955,ENSMUSP00000065160,1854,1,FALSE,NA,Other genes
Kifc3,ENSMUSG00000031788,ENSMUSP00000034240,2475,2,FALSE,NA,Other genes
Kifc5b,ENSMUSG00000024301,ENSMUSP00000077984,2019,1,FALSE,NA,Other genes
Kir3dl2,ENSMUSG00000057439,ENSMUSP00000108732,1167,2,FALSE,NA,Other genes
Kirrel,ENSMUSG00000041734,ENSMUSP00000125525,2370,1,FALSE,NA,Other genes
Kirrel2,ENSMUSG00000036915,ENSMUSP00000039395,2103,1,FALSE,NA,Other genes
Kit,ENSMUSG00000005672,ENSMUSP00000005815,2940,2,FALSE,NA,Other genes
Kiz,ENSMUSG00000074749,ENSMUSP00000096884,2088,1,FALSE,NA,Other genes
Klb,ENSMUSG00000029195,ENSMUSP00000031096,3132,2,FALSE,NA,Other genes
Klf15,ENSMUSG00000030087,ENSMUSP00000032174,1248,1,FALSE,NA,Other genes
Klf17,ENSMUSG00000048626,ENSMUSP00000052316,1026,1,FALSE,NA,Other genes
Klf2,ENSMUSG00000055148,ENSMUSP00000064823,1065,1,FALSE,NA,Other genes
Klf9,ENSMUSG00000033863,ENSMUSP00000045639,735,1,FALSE,NA,Other genes
Klhdc10,ENSMUSG00000029775,ENSMUSP00000069669,1320,2,FALSE,NA,Other genes
Klhdc4,ENSMUSG00000040263,ENSMUSP00000043439,1755,1,FALSE,NA,Other genes
Klhdc8b,ENSMUSG00000032609,ENSMUSP00000142325,1065,1,FALSE,NA,Other genes
Klhdc9,ENSMUSG00000045259,ENSMUSP00000056212,1053,1,FALSE,NA,Other genes
Klhl12,ENSMUSG00000026455,ENSMUSP00000027725,1707,1,FALSE,NA,Other genes
Klhl13,ENSMUSG00000036782,ENSMUSP00000110972,1965,1,FALSE,NA,Other genes
Klhl2,ENSMUSG00000031605,ENSMUSP00000147262,1812,1,FALSE,NA,Other genes
Klhl22,ENSMUSG00000022750,ENSMUSP00000127227,1905,1,FALSE,NA,Other genes
Klhl25,ENSMUSG00000055652,ENSMUSP00000133175,1770,1,FALSE,NA,Other genes
Klhl26,ENSMUSG00000055707,ENSMUSP00000069077,1821,1,FALSE,NA,Other genes
Klhl30,ENSMUSG00000026308,ENSMUSP00000027533,1746,1,FALSE,NA,Other genes
Klhl31,ENSMUSG00000044938,ENSMUSP00000059643,1905,1,FALSE,NA,Other genes
Klhl38,ENSMUSG00000022357,ENSMUSP00000022985,1746,1,FALSE,NA,Other genes
Klhl4,ENSMUSG00000025597,ENSMUSP00000038080,2154,1,FALSE,NA,Other genes
Klhl40,ENSMUSG00000074001,ENSMUSP00000095873,1866,2,FALSE,NA,Other genes
Klhl41,ENSMUSG00000075307,ENSMUSP00000097627,1821,1,FALSE,NA,Other genes
Klk12,ENSMUSG00000044430,ENSMUSP00000103604,744,1,FALSE,NA,Other genes
Klk15,ENSMUSG00000055193,ENSMUSP00000066969,765,1,FALSE,NA,Other genes
Klk1b22,ENSMUSG00000060177,ENSMUSP00000076733,780,1,FALSE,NA,Other genes
Klk1b24,ENSMUSG00000063713,ENSMUSP00000073392,792,1,FALSE,NA,Other genes
Klk1b26,ENSMUSG00000053719,ENSMUSP00000047488,786,2,FALSE,NA,Other genes
Klk4,ENSMUSG00000006948,ENSMUSP00000007161,768,1,FALSE,NA,Other genes
Klk5,ENSMUSG00000074155,ENSMUSP00000049339,882,1,FALSE,NA,Other genes
Klk9,ENSMUSG00000047884,ENSMUSP00000005891,756,1,FALSE,NA,Other genes
Klrc2,ENSMUSG00000052736,ENSMUSP00000107688,717,1,FALSE,NA,Other genes
Klrc3,ENSMUSG00000033027,ENSMUSP00000071147,666,1,FALSE,NA,Other genes
Klrd1,ENSMUSG00000030165,ENSMUSP00000113399,597,1,FALSE,NA,Other genes
Kmt2a,ENSMUSG00000002028,ENSMUSP00000110337,11901,4,FALSE,NA,Other genes
Kmt2b,ENSMUSG00000006307,ENSMUSP00000006470,8166,4,FALSE,NA,Other genes
Kmt2c,ENSMUSG00000038056,ENSMUSP00000043874,14715,24,FALSE,NA,Other genes
Kmt2d,ENSMUSG00000048154,ENSMUSP00000023741,16767,63,FALSE,NA,Other genes
Kmt2e,ENSMUSG00000029004,ENSMUSP00000092569,5607,1,FALSE,NA,Other genes
Kng1,ENSMUSG00000022875,ENSMUSP00000023589,1986,2,FALSE,NA,Other genes
Knl1,ENSMUSG00000027326,ENSMUSP00000028802,6360,2,FALSE,NA,Other genes
Kpna6,ENSMUSG00000003731,ENSMUSP00000099650,1611,1,FALSE,NA,Other genes
Kprp,ENSMUSG00000059832,ENSMUSP00000072200,1974,1,FALSE,NA,Other genes
Kras,ENSMUSG00000030265,ENSMUSP00000107339,570,1,FALSE,NA,Other genes
Krba1,ENSMUSG00000042810,ENSMUSP00000110219,3237,3,FALSE,NA,Other genes
Kremen1,ENSMUSG00000020393,ENSMUSP00000020662,1422,1,FALSE,NA,Other genes
Kremen2,ENSMUSG00000040680,ENSMUSP00000046369,1386,1,FALSE,NA,Other genes
Krit1,ENSMUSG00000000600,ENSMUSP00000078985,2211,1,FALSE,NA,Other genes
Krt10,ENSMUSG00000019761,ENSMUSP00000099420,1686,1,FALSE,NA,Other genes
Krt14,ENSMUSG00000045545,ENSMUSP00000007272,1455,2,FALSE,NA,Other genes
Krt2,ENSMUSG00000064201,ENSMUSP00000023712,2124,2,FALSE,NA,Other genes
Krt26,ENSMUSG00000075570,ENSMUSP00000098051,1389,1,FALSE,NA,Other genes
Krt28,ENSMUSG00000055937,ENSMUSP00000006963,1389,2,FALSE,NA,Other genes
Krt33a,ENSMUSG00000035592,ENSMUSP00000018399,1215,1,FALSE,NA,Other genes
Krt34,ENSMUSG00000043485,ENSMUSP00000056622,1179,2,FALSE,NA,Other genes
Krt4,ENSMUSG00000059668,ENSMUSP00000023797,1578,2,FALSE,NA,Other genes
Krt40,ENSMUSG00000059169,ENSMUSP00000073869,1320,1,FALSE,NA,Other genes
Krt6a,ENSMUSG00000058354,ENSMUSP00000023788,1662,4,FALSE,NA,Other genes
Krt71,ENSMUSG00000051879,ENSMUSP00000023710,1575,1,FALSE,NA,Other genes
Krt72,ENSMUSG00000056605,ENSMUSP00000065922,1563,1,FALSE,NA,Other genes
Krt73,ENSMUSG00000063661,ENSMUSP00000065349,1620,1,FALSE,NA,Other genes
Krt78,ENSMUSG00000050463,ENSMUSP00000126197,3207,2,FALSE,NA,Other genes
Krt8,ENSMUSG00000049382,ENSMUSP00000023952,1473,1,FALSE,NA,Other genes
Krt81,ENSMUSG00000067615,ENSMUSP00000056525,1446,2,FALSE,NA,Other genes
Krt82,ENSMUSG00000049548,ENSMUSP00000023713,1551,2,FALSE,NA,Other genes
Krt84,ENSMUSG00000044294,ENSMUSP00000023720,1812,1,FALSE,NA,Other genes
Krt86,ENSMUSG00000067614,ENSMUSP00000085365,1461,1,FALSE,NA,Other genes
Krt90,ENSMUSG00000048699,ENSMUSP00000023714,1617,1,FALSE,NA,Other genes
Krtap1-3,ENSMUSG00000078131,ENSMUSP00000100535,522,7,FALSE,NA,Other genes
Krtap10-10,ENSMUSG00000112223,ENSMUSP00000151758,654,2,FALSE,NA,Other genes
Krtap10-4,ENSMUSG00000069582,ENSMUSP00000139550,666,2,FALSE,NA,Other genes
Krtap13,ENSMUSG00000050224,ENSMUSP00000061716,594,2,FALSE,NA,Other genes
Krtap16-1,ENSMUSG00000078253,ENSMUSP00000100671,1509,1,FALSE,NA,Other genes
Krtap19-1,ENSMUSG00000060691,ENSMUSP00000132718,264,2,FALSE,NA,Other genes
Krtap19-3,ENSMUSG00000060469,ENSMUSP00000133176,264,2,FALSE,NA,Other genes
Krtap21-1,ENSMUSG00000058368,ENSMUSP00000077524,387,2,FALSE,NA,Other genes
Krtap24-1,ENSMUSG00000050239,ENSMUSP00000052005,747,1,FALSE,NA,Other genes
Krtap4-1,ENSMUSG00000063251,ENSMUSP00000079799,510,7,FALSE,NA,Other genes
Krtap4-13,ENSMUSG00000048294,ENSMUSP00000053810,498,6,FALSE,NA,Other genes
Krtap4-16,ENSMUSG00000046474,ENSMUSP00000103060,609,35,FALSE,NA,Other genes
Krtap4-2,ENSMUSG00000044649,ENSMUSP00000056162,504,3,FALSE,NA,Other genes
Krtap4-6,ENSMUSG00000075566,ENSMUSP00000098045,588,29,FALSE,NA,Other genes
Krtap4-7,ENSMUSG00000045109,ENSMUSP00000053711,507,19,FALSE,NA,Other genes
Krtap4-8,ENSMUSG00000089724,ENSMUSP00000103063,630,5,FALSE,NA,Other genes
Krtap4-9,ENSMUSG00000078262,ENSMUSP00000100680,735,32,FALSE,NA,Other genes
Krtap5-2,ENSMUSG00000054759,ENSMUSP00000140784,1104,7,FALSE,NA,Other genes
Krtap5-3,ENSMUSG00000046248,ENSMUSP00000141116,1071,1,FALSE,NA,Other genes
Krtap5-5,ENSMUSG00000073785,ENSMUSP00000095555,726,1,FALSE,NA,Other genes
Krtap9-1,ENSMUSG00000070335,ENSMUSP00000091468,561,6,FALSE,NA,Other genes
Krtap9-3,ENSMUSG00000049809,ENSMUSP00000057445,411,1,FALSE,NA,Other genes
Krtap9-5,ENSMUSG00000078255,ENSMUSP00000100673,1077,15,FALSE,NA,Other genes
Ksr1,ENSMUSG00000018334,ENSMUSP00000018478,2622,2,FALSE,NA,Other genes
Ksr2,ENSMUSG00000061578,ENSMUSP00000137670,2856,2,FALSE,NA,Other genes
Ky,ENSMUSG00000035606,ENSMUSP00000036032,1986,2,FALSE,NA,Other genes
L3mbtl2,ENSMUSG00000022394,ENSMUSP00000133967,2220,1,FALSE,NA,Other genes
L3mbtl3,ENSMUSG00000039089,ENSMUSP00000133479,2652,1,FALSE,NA,Other genes
Lama1,ENSMUSG00000032796,ENSMUSP00000043957,9252,1,FALSE,NA,Other genes
Lama2,ENSMUSG00000019899,ENSMUSP00000090304,9357,3,FALSE,NA,Other genes
Lama3,ENSMUSG00000024421,ENSMUSP00000089703,9993,3,FALSE,NA,Other genes
Lama4,ENSMUSG00000019846,ENSMUSP00000019992,5451,3,FALSE,NA,Other genes
Lama5,ENSMUSG00000015647,ENSMUSP00000015791,11157,1,FALSE,NA,Other genes
Lamb1,ENSMUSG00000002900,ENSMUSP00000159366,5505,3,FALSE,NA,Other genes
Lamb2,ENSMUSG00000052911,ENSMUSP00000069087,5400,1,FALSE,NA,Other genes
Lamc3,ENSMUSG00000026840,ENSMUSP00000028187,4746,1,FALSE,NA,Other genes
Lamp2,ENSMUSG00000016534,ENSMUSP00000074448,1251,1,FALSE,NA,Other genes
Lancl3,ENSMUSG00000047344,ENSMUSP00000064516,1263,1,FALSE,NA,Other genes
Laptm5,ENSMUSG00000028581,ENSMUSP00000118415,786,1,FALSE,NA,Other genes
Large1,ENSMUSG00000004383,ENSMUSP00000112617,2271,1,FALSE,NA,Other genes
Larp4,ENSMUSG00000023025,ENSMUSP00000097780,2160,1,FALSE,NA,Other genes
Larp4b,ENSMUSG00000033499,ENSMUSP00000140993,2226,1,FALSE,NA,Other genes
Las1l,ENSMUSG00000057421,ENSMUSP00000109495,2331,2,FALSE,NA,Other genes
Lat,ENSMUSG00000030742,ENSMUSP00000032997,729,1,FALSE,NA,Other genes
Lats1,ENSMUSG00000040021,ENSMUSP00000132078,3390,2,FALSE,NA,Other genes
Lax1,ENSMUSG00000051998,ENSMUSP00000131126,1224,3,FALSE,NA,Other genes
Lbhd2,ENSMUSG00000087075,ENSMUSP00000128648,345,1,FALSE,NA,Other genes
Lbp,ENSMUSG00000016024,ENSMUSP00000016168,1446,1,FALSE,NA,Other genes
Lce1c,ENSMUSG00000042092,ENSMUSP00000045573,444,1,FALSE,NA,Other genes
Lce1i,ENSMUSG00000068888,ENSMUSP00000088379,450,1,FALSE,NA,Other genes
Lce6a,ENSMUSG00000086848,ENSMUSP00000114595,246,1,FALSE,NA,Other genes
Lcmt2,ENSMUSG00000074890,ENSMUSP00000106302,2061,1,FALSE,NA,Other genes
Lcn10,ENSMUSG00000047356,ENSMUSP00000059353,549,1,FALSE,NA,Other genes
Lct,ENSMUSG00000026354,ENSMUSP00000073190,5796,1,FALSE,NA,Other genes
Ldb1,ENSMUSG00000025223,ENSMUSP00000118546,1236,1,FALSE,NA,Other genes
Ldb3,ENSMUSG00000021798,ENSMUSP00000022327,2172,1,FALSE,NA,Other genes
Ldc1,ENSMUSG00000023120,ENSMUSP00000023884,1278,2,FALSE,NA,Other genes
Ldhb,ENSMUSG00000030246,ENSMUSP00000032373,1005,2,FALSE,NA,Other genes
Ldhc,ENSMUSG00000030851,ENSMUSP00000014545,999,1,FALSE,NA,Other genes
Ldlr,ENSMUSG00000032193,ENSMUSP00000034713,2589,1,FALSE,NA,Other genes
Ldlrad1,ENSMUSG00000070877,ENSMUSP00000092521,657,1,FALSE,NA,Other genes
Lfng,ENSMUSG00000029570,ENSMUSP00000031555,1137,1,FALSE,NA,Other genes
Lgi3,ENSMUSG00000033595,ENSMUSP00000046705,1647,1,FALSE,NA,Other genes
Lgr6,ENSMUSG00000042793,ENSMUSP00000035444,2904,1,FALSE,NA,Other genes
Lhcgr,ENSMUSG00000024107,ENSMUSP00000024916,2103,1,FALSE,NA,Other genes
Lhx2,ENSMUSG00000000247,ENSMUSP00000000253,1221,1,FALSE,NA,Other genes
Lhx9,ENSMUSG00000019230,ENSMUSP00000107657,1194,1,FALSE,NA,Other genes
Lilra6,ENSMUSG00000030427,ENSMUSP00000042636,1992,1,FALSE,NA,Other genes
Lilrb4a,ENSMUSG00000112148,ENSMUSP00000077833,1008,2,FALSE,NA,Other genes
Lim2,ENSMUSG00000118560,ENSMUSP00000158870,558,1,FALSE,NA,Other genes
Limk1,ENSMUSG00000029674,ENSMUSP00000015137,1944,1,FALSE,NA,Other genes
Lin28b,ENSMUSG00000063804,ENSMUSP00000078361,816,1,FALSE,NA,Other genes
Lin54,ENSMUSG00000035310,ENSMUSP00000123425,2250,1,FALSE,NA,Other genes
Lingo3,ENSMUSG00000051067,ENSMUSP00000054960,1770,1,FALSE,NA,Other genes
Lins1,ENSMUSG00000053091,ENSMUSP00000112404,2295,1,FALSE,NA,Other genes
Lipa,ENSMUSG00000024781,ENSMUSP00000136967,1194,1,FALSE,NA,Other genes
Lipc,ENSMUSG00000032207,ENSMUSP00000034731,1533,1,FALSE,NA,Other genes
Lipe,ENSMUSG00000003123,ENSMUSP00000123485,3219,1,FALSE,NA,Other genes
Lipn,ENSMUSG00000024770,ENSMUSP00000025682,1203,1,FALSE,NA,Other genes
Lkaaear1,ENSMUSG00000045794,ENSMUSP00000061134,597,1,FALSE,NA,Other genes
Lmbr1l,ENSMUSG00000022999,ENSMUSP00000023736,1470,1,FALSE,NA,Other genes
Lmbrd1,ENSMUSG00000073725,ENSMUSP00000140783,1614,1,FALSE,NA,Other genes
Lmf1,ENSMUSG00000002279,ENSMUSP00000112340,1725,2,FALSE,NA,Other genes
Lmnb1,ENSMUSG00000024590,ENSMUSP00000025486,1767,1,FALSE,NA,Other genes
Lmntd2,ENSMUSG00000025500,ENSMUSP00000130905,2025,1,FALSE,NA,Other genes
Lmod1,ENSMUSG00000048096,ENSMUSP00000061597,1788,1,FALSE,NA,Other genes
Lmtk2,ENSMUSG00000038970,ENSMUSP00000048238,4416,2,FALSE,NA,Other genes
Lmtk3,ENSMUSG00000062044,ENSMUSP00000148041,4353,1,FALSE,NA,Other genes
Lmx1a,ENSMUSG00000026686,ENSMUSP00000107008,1149,2,FALSE,NA,Other genes
Lonrf2,ENSMUSG00000048814,ENSMUSP00000117600,2265,1,FALSE,NA,Other genes
Lonrf3,ENSMUSG00000016239,ENSMUSP00000016383,2262,2,FALSE,NA,Other genes
Lox,ENSMUSG00000024529,ENSMUSP00000025409,1236,1,FALSE,NA,Other genes
Loxhd1,ENSMUSG00000032818,ENSMUSP00000114988,6651,7,FALSE,NA,Other genes
Lpcat1,ENSMUSG00000021608,ENSMUSP00000022099,1605,1,FALSE,NA,Other genes
Lpcat4,ENSMUSG00000027134,ENSMUSP00000028554,1575,1,FALSE,NA,Other genes
Lpgat1,ENSMUSG00000026623,ENSMUSP00000106480,1230,1,FALSE,NA,Other genes
Lpin2,ENSMUSG00000024052,ENSMUSP00000118610,2796,2,FALSE,NA,Other genes
Lpin3,ENSMUSG00000027412,ENSMUSP00000105083,2577,2,FALSE,NA,Other genes
Lpl,ENSMUSG00000015568,ENSMUSP00000015712,1425,1,FALSE,NA,Other genes
Lpo,ENSMUSG00000009356,ENSMUSP00000099466,2133,1,FALSE,NA,Other genes
Lpxn,ENSMUSG00000024696,ENSMUSP00000025601,1161,1,FALSE,NA,Other genes
Lrba,ENSMUSG00000028080,ENSMUSP00000103261,8565,1,FALSE,NA,Other genes
Lrch1,ENSMUSG00000068015,ENSMUSP00000086363,2130,1,FALSE,NA,Other genes
Lrch2,ENSMUSG00000031290,ENSMUSP00000108438,2322,1,FALSE,NA,Other genes
Lrfn5,ENSMUSG00000035653,ENSMUSP00000051546,2241,1,FALSE,NA,Other genes
Lrg1,ENSMUSG00000037095,ENSMUSP00000038048,1029,1,FALSE,NA,Other genes
Lrig1,ENSMUSG00000030029,ENSMUSP00000144963,3276,2,FALSE,NA,Other genes
Lrig3,ENSMUSG00000020105,ENSMUSP00000074360,3354,1,FALSE,NA,Other genes
Lrit1,ENSMUSG00000041044,ENSMUSP00000113964,1875,1,FALSE,NA,Other genes
Lrit2,ENSMUSG00000043418,ENSMUSP00000056642,1650,1,FALSE,NA,Other genes
Lrp1,ENSMUSG00000040249,ENSMUSP00000044004,13638,9,FALSE,NA,Other genes
Lrp10,ENSMUSG00000022175,ENSMUSP00000022782,2142,1,FALSE,NA,Other genes
Lrp11,ENSMUSG00000019796,ENSMUSP00000019931,1452,1,FALSE,NA,Other genes
Lrp12,ENSMUSG00000022305,ENSMUSP00000022916,2577,1,FALSE,NA,Other genes
Lrp2,ENSMUSG00000027070,ENSMUSP00000079752,13983,7,FALSE,NA,Other genes
Lrp4,ENSMUSG00000027253,ENSMUSP00000028689,5718,1,FALSE,NA,Other genes
Lrp5,ENSMUSG00000024913,ENSMUSP00000025856,4845,2,FALSE,NA,Other genes
Lrp6,ENSMUSG00000030201,ENSMUSP00000032322,4842,1,FALSE,NA,Other genes
Lrp8,ENSMUSG00000028613,ENSMUSP00000115854,2991,1,FALSE,NA,Other genes
Lrpap1,ENSMUSG00000029103,ENSMUSP00000030986,1083,1,FALSE,NA,Other genes
Lrpprc,ENSMUSG00000024120,ENSMUSP00000107927,4179,1,FALSE,NA,Other genes
Lrrc14b,ENSMUSG00000021579,ENSMUSP00000022064,1533,1,FALSE,NA,Other genes
Lrrc26,ENSMUSG00000026961,ENSMUSP00000028337,996,1,FALSE,NA,Other genes
Lrrc28,ENSMUSG00000030556,ENSMUSP00000052177,1104,1,FALSE,NA,Other genes
Lrrc3,ENSMUSG00000051652,ENSMUSP00000059570,774,2,FALSE,NA,Other genes
Lrrc31,ENSMUSG00000074653,ENSMUSP00000120802,1506,1,FALSE,NA,Other genes
Lrrc32,ENSMUSG00000090958,ENSMUSP00000145859,1992,1,FALSE,NA,Other genes
Lrrc37a,ENSMUSG00000078632,ENSMUSP00000121903,9897,7,FALSE,NA,Other genes
Lrrc40,ENSMUSG00000063052,ENSMUSP00000071956,1809,1,FALSE,NA,Other genes
Lrrc45,ENSMUSG00000025145,ENSMUSP00000026139,2013,2,FALSE,NA,Other genes
Lrrc49,ENSMUSG00000047766,ENSMUSP00000070606,2259,1,FALSE,NA,Other genes
Lrrc55,ENSMUSG00000075224,ENSMUSP00000097514,936,1,FALSE,NA,Other genes
Lrrc56,ENSMUSG00000038637,ENSMUSP00000063912,1659,1,FALSE,NA,Other genes
Lrrc6,ENSMUSG00000022375,ENSMUSP00000023006,1422,1,FALSE,NA,Other genes
Lrrc66,ENSMUSG00000067206,ENSMUSP00000084423,2619,2,FALSE,NA,Other genes
Lrrc71,ENSMUSG00000023084,ENSMUSP00000023846,1677,1,FALSE,NA,Other genes
Lrrc74a,ENSMUSG00000059114,ENSMUSP00000152661,1485,1,FALSE,NA,Other genes
Lrriq1,ENSMUSG00000019892,ENSMUSP00000131419,5022,3,FALSE,NA,Other genes
Lrriq4,ENSMUSG00000027703,ENSMUSP00000103902,1791,1,FALSE,NA,Other genes
Lrrn2,ENSMUSG00000026443,ENSMUSP00000027706,2193,1,FALSE,NA,Other genes
Lrrtm3,ENSMUSG00000042846,ENSMUSP00000101079,1749,1,FALSE,NA,Other genes
Lrwd1,ENSMUSG00000029703,ENSMUSP00000006301,1947,1,FALSE,NA,Other genes
Lsamp,ENSMUSG00000061080,ENSMUSP00000139667,1068,1,FALSE,NA,Other genes
Lsg1,ENSMUSG00000022538,ENSMUSP00000112860,1935,1,FALSE,NA,Other genes
Lsm14b,ENSMUSG00000039108,ENSMUSP00000055036,1158,1,FALSE,NA,Other genes
Lss,ENSMUSG00000033105,ENSMUSP00000046856,2202,1,FALSE,NA,Other genes
Lta4h,ENSMUSG00000015889,ENSMUSP00000016033,1836,1,FALSE,NA,Other genes
Ltb,ENSMUSG00000024399,ENSMUSP00000025262,921,1,FALSE,NA,Other genes
Ltbp4,ENSMUSG00000040488,ENSMUSP00000037536,5001,1,FALSE,NA,Other genes
Ltf,ENSMUSG00000032496,ENSMUSP00000035077,2124,3,FALSE,NA,Other genes
Ltn1,ENSMUSG00000052299,ENSMUSP00000038775,5304,1,FALSE,NA,Other genes
Ltv1,ENSMUSG00000019814,ENSMUSP00000019950,1413,2,FALSE,NA,Other genes
Luc7l2,ENSMUSG00000029823,ENSMUSP00000055254,1179,1,FALSE,NA,Other genes
Lvrn,ENSMUSG00000024481,ENSMUSP00000025358,2976,1,FALSE,NA,Other genes
Ly6c2,ENSMUSG00000022584,ENSMUSP00000098110,396,1,FALSE,NA,Other genes
Ly6d,ENSMUSG00000034634,ENSMUSP00000047419,384,1,FALSE,NA,Other genes
Ly6g5b,ENSMUSG00000043807,ENSMUSP00000052133,585,1,FALSE,NA,Other genes
Ly9,ENSMUSG00000004707,ENSMUSP00000069319,1965,1,FALSE,NA,Other genes
Lyg1,ENSMUSG00000026085,ENSMUSP00000027254,594,1,FALSE,NA,Other genes
Lyrm1,ENSMUSG00000030922,ENSMUSP00000102128,369,1,FALSE,NA,Other genes
Lyrm7,ENSMUSG00000020268,ENSMUSP00000118373,315,1,FALSE,NA,Other genes
Lyst,ENSMUSG00000019726,ENSMUSP00000106188,11364,3,FALSE,NA,Other genes
Lyzl1,ENSMUSG00000024233,ENSMUSP00000025076,447,3,FALSE,NA,Other genes
Lzts2,ENSMUSG00000035342,ENSMUSP00000045478,2016,2,FALSE,NA,Other genes
Maats1,ENSMUSG00000022805,ENSMUSP00000023501,2352,1,FALSE,NA,Other genes
Mab21l1,ENSMUSG00000056947,ENSMUSP00000074878,1080,1,FALSE,NA,Other genes
Mab21l2,ENSMUSG00000057777,ENSMUSP00000076729,1080,1,FALSE,NA,Other genes
Mab21l3,ENSMUSG00000044313,ENSMUSP00000059212,1290,1,FALSE,NA,Other genes
Mab21l4,ENSMUSG00000034159,ENSMUSP00000035332,1359,1,FALSE,NA,Other genes
Macf1,ENSMUSG00000028649,ENSMUSP00000095507,22068,3,FALSE,NA,Other genes
Maco1,ENSMUSG00000028826,ENSMUSP00000030628,1995,1,FALSE,NA,Other genes
Macrod2,ENSMUSG00000068205,ENSMUSP00000105691,1428,1,FALSE,NA,Other genes
Macroh2a2,ENSMUSG00000020086,ENSMUSP00000020283,1119,1,FALSE,NA,Other genes
Mad1l1,ENSMUSG00000029554,ENSMUSP00000031534,2154,1,FALSE,NA,Other genes
Maf1,ENSMUSG00000022553,ENSMUSP00000125387,777,1,FALSE,NA,Other genes
Magea2,ENSMUSG00000055746,ENSMUSP00000108178,963,1,FALSE,NA,Other genes
Magea6,ENSMUSG00000063728,ENSMUSP00000108181,978,2,FALSE,NA,Other genes
Mageb16,ENSMUSG00000046942,ENSMUSP00000109649,1092,1,FALSE,NA,Other genes
Mageb4,ENSMUSG00000035427,ENSMUSP00000109602,1671,8,FALSE,NA,Other genes
Maged2,ENSMUSG00000025268,ENSMUSP00000108319,1851,1,FALSE,NA,Other genes
Magee1,ENSMUSG00000031227,ENSMUSP00000094078,2757,1,FALSE,NA,Other genes
Magee2,ENSMUSG00000031224,ENSMUSP00000033575,1572,1,FALSE,NA,Other genes
Magel2,ENSMUSG00000056972,ENSMUSP00000079265,3855,1,FALSE,NA,Other genes
Magi1,ENSMUSG00000045095,ENSMUSP00000086730,4416,1,FALSE,NA,Other genes
Magi2,ENSMUSG00000040003,ENSMUSP00000142576,4245,1,FALSE,NA,Other genes
Magt1,ENSMUSG00000031232,ENSMUSP00000158823,1107,1,FALSE,NA,Other genes
Malt1,ENSMUSG00000032688,ENSMUSP00000153585,2499,1,FALSE,NA,Other genes
Mamdc2,ENSMUSG00000033207,ENSMUSP00000045432,2061,2,FALSE,NA,Other genes
Mamdc4,ENSMUSG00000026941,ENSMUSP00000092735,3699,1,FALSE,NA,Other genes
Maml1,ENSMUSG00000050567,ENSMUSP00000059210,3063,1,FALSE,NA,Other genes
Maml2,ENSMUSG00000031925,ENSMUSP00000124083,3513,1,FALSE,NA,Other genes
Maml3,ENSMUSG00000061143,ENSMUSP00000112637,3408,1,FALSE,NA,Other genes
Mamld1,ENSMUSG00000059401,ENSMUSP00000080737,2412,3,FALSE,NA,Other genes
Man2a1,ENSMUSG00000024085,ENSMUSP00000083928,3453,1,FALSE,NA,Other genes
Man2b1,ENSMUSG00000005142,ENSMUSP00000034121,3042,1,FALSE,NA,Other genes
Man2c1,ENSMUSG00000032295,ENSMUSP00000125478,3120,2,FALSE,NA,Other genes
Map1b,ENSMUSG00000052727,ENSMUSP00000068374,7395,1,FALSE,NA,Other genes
Map2,ENSMUSG00000015222,ENSMUSP00000159224,5970,1,FALSE,NA,Other genes
Map2k5,ENSMUSG00000058444,ENSMUSP00000034920,1347,1,FALSE,NA,Other genes
Map2k6,ENSMUSG00000020623,ENSMUSP00000020949,1005,1,FALSE,NA,Other genes
Map3k10,ENSMUSG00000040390,ENSMUSP00000103978,2829,2,FALSE,NA,Other genes
Map3k14,ENSMUSG00000020941,ENSMUSP00000021324,2829,1,FALSE,NA,Other genes
Map3k4,ENSMUSG00000014426,ENSMUSP00000086459,4794,2,FALSE,NA,Other genes
Map3k6,ENSMUSG00000028862,ENSMUSP00000030677,3876,1,FALSE,NA,Other genes
Map3k7cl,ENSMUSG00000025610,ENSMUSP00000026700,429,1,FALSE,NA,Other genes
Map3k8,ENSMUSG00000024235,ENSMUSP00000025078,1404,1,FALSE,NA,Other genes
Map4,ENSMUSG00000032479,ENSMUSP00000035055,3378,1,FALSE,NA,Other genes
Map4k1,ENSMUSG00000037337,ENSMUSP00000082995,2484,1,FALSE,NA,Other genes
Map4k2,ENSMUSG00000024948,ENSMUSP00000025897,2466,1,FALSE,NA,Other genes
Map4k3,ENSMUSG00000024242,ENSMUSP00000108008,2691,1,FALSE,NA,Other genes
Map6,ENSMUSG00000055407,ENSMUSP00000146585,2721,2,FALSE,NA,Other genes
Map7,ENSMUSG00000019996,ENSMUSP00000111963,2217,1,FALSE,NA,Other genes
Map7d2,ENSMUSG00000041020,ENSMUSP00000108090,2346,1,FALSE,NA,Other genes
Mapk10,ENSMUSG00000046709,ENSMUSP00000108469,1485,1,FALSE,NA,Other genes
Mapk13,ENSMUSG00000004864,ENSMUSP00000156387,1101,1,FALSE,NA,Other genes
Mapk3,ENSMUSG00000063065,ENSMUSP00000101969,1143,1,FALSE,NA,Other genes
Mapk6,ENSMUSG00000042688,ENSMUSP00000040315,2163,1,FALSE,NA,Other genes
Mapk8ip2,ENSMUSG00000022619,ENSMUSP00000023291,2493,1,FALSE,NA,Other genes
Mapk8ip3,ENSMUSG00000024163,ENSMUSP00000110884,4038,1,FALSE,NA,Other genes
Mapk9,ENSMUSG00000020366,ENSMUSP00000020634,1272,1,FALSE,NA,Other genes
Mapkap1,ENSMUSG00000038696,ENSMUSP00000116494,1569,1,FALSE,NA,Other genes
Mapkapk3,ENSMUSG00000032577,ENSMUSP00000035194,1155,1,FALSE,NA,Other genes
Mapkbp1,ENSMUSG00000033902,ENSMUSP00000155163,4530,2,FALSE,NA,Other genes
Mapre2,ENSMUSG00000024277,ENSMUSP00000025127,981,1,FALSE,NA,Other genes
Mapt,ENSMUSG00000018411,ENSMUSP00000102602,2250,2,FALSE,NA,Other genes
Marchf1,ENSMUSG00000036469,ENSMUSP00000105885,1623,1,FALSE,NA,Other genes
Marchf10,ENSMUSG00000078627,ENSMUSP00000121919,2367,1,FALSE,NA,Other genes
Marchf4,ENSMUSG00000039372,ENSMUSP00000042803,1230,1,FALSE,NA,Other genes
Marchf6,ENSMUSG00000039100,ENSMUSP00000087694,2730,2,FALSE,NA,Other genes
Marchf8,ENSMUSG00000025702,ENSMUSP00000144936,1707,2,FALSE,NA,Other genes
Marco,ENSMUSG00000026390,ENSMUSP00000027639,1557,1,FALSE,NA,Other genes
Marf1,ENSMUSG00000060657,ENSMUSP00000087770,5211,1,FALSE,NA,Other genes
Mark2,ENSMUSG00000024969,ENSMUSP00000131684,2331,1,FALSE,NA,Other genes
Mark4,ENSMUSG00000030397,ENSMUSP00000082862,2259,1,FALSE,NA,Other genes
Mars1,ENSMUSG00000040354,ENSMUSP00000130666,2733,2,FALSE,NA,Other genes
Marveld2,ENSMUSG00000021636,ENSMUSP00000153294,1668,1,FALSE,NA,Other genes
Mast2,ENSMUSG00000003810,ENSMUSP00000102095,5403,1,FALSE,NA,Other genes
Mast4,ENSMUSG00000034751,ENSMUSP00000128464,7857,2,FALSE,NA,Other genes
Mastl,ENSMUSG00000026779,ENSMUSP00000028119,2598,1,FALSE,NA,Other genes
Matn1,ENSMUSG00000040533,ENSMUSP00000099636,1503,1,FALSE,NA,Other genes
Mau2,ENSMUSG00000031858,ENSMUSP00000148479,1953,2,FALSE,NA,Other genes
Mb,ENSMUSG00000018893,ENSMUSP00000128399,465,1,FALSE,NA,Other genes
Mb21d2,ENSMUSG00000051065,ENSMUSP00000097600,1476,1,FALSE,NA,Other genes
Mbd3,ENSMUSG00000035478,ENSMUSP00000089948,858,2,FALSE,NA,Other genes
Mbd5,ENSMUSG00000036792,ENSMUSP00000036847,5187,3,FALSE,NA,Other genes
Mbd6,ENSMUSG00000025409,ENSMUSP00000026476,3018,2,FALSE,NA,Other genes
Mbip,ENSMUSG00000021028,ENSMUSP00000021416,1026,1,FALSE,NA,Other genes
Mbnl2,ENSMUSG00000022139,ENSMUSP00000126186,1158,1,FALSE,NA,Other genes
Mbp,ENSMUSG00000041607,ENSMUSP00000046185,753,1,FALSE,NA,Other genes
Mbtd1,ENSMUSG00000059474,ENSMUSP00000103486,1896,2,FALSE,NA,Other genes
Mbtps2,ENSMUSG00000046873,ENSMUSP00000059471,1548,1,FALSE,NA,Other genes
Mc4r,ENSMUSG00000047259,ENSMUSP00000054776,999,1,FALSE,NA,Other genes
Mc5r,ENSMUSG00000007480,ENSMUSP00000159315,1119,1,FALSE,NA,Other genes
Mcc,ENSMUSG00000071856,ENSMUSP00000087318,3012,1,FALSE,NA,Other genes
Mcf2,ENSMUSG00000031139,ENSMUSP00000067075,3096,1,FALSE,NA,Other genes
Mcf2l,ENSMUSG00000031442,ENSMUSP00000106500,3528,2,FALSE,NA,Other genes
Mcm2,ENSMUSG00000002870,ENSMUSP00000061923,2715,1,FALSE,NA,Other genes
Mcm3,ENSMUSG00000041859,ENSMUSP00000059192,2439,1,FALSE,NA,Other genes
Mcm3ap,ENSMUSG00000001150,ENSMUSP00000125960,5916,2,FALSE,NA,Other genes
Mcm4,ENSMUSG00000022673,ENSMUSP00000023353,2589,2,FALSE,NA,Other genes
Mcm8,ENSMUSG00000027353,ENSMUSP00000028831,2502,1,FALSE,NA,Other genes
Mcmbp,ENSMUSG00000048170,ENSMUSP00000113961,1983,1,FALSE,NA,Other genes
Mcmdc2,ENSMUSG00000046101,ENSMUSP00000120577,2079,1,FALSE,NA,Other genes
Mcoln3,ENSMUSG00000036853,ENSMUSP00000038801,1662,1,FALSE,NA,Other genes
Mcpt4,ENSMUSG00000061068,ENSMUSP00000038103,741,1,FALSE,NA,Other genes
Mctp2,ENSMUSG00000032776,ENSMUSP00000078302,2637,1,FALSE,NA,Other genes
Mdc1,ENSMUSG00000061607,ENSMUSP00000080949,5127,1,FALSE,NA,Other genes
Mdga1,ENSMUSG00000043557,ENSMUSP00000126529,2871,1,FALSE,NA,Other genes
Mdh1b,ENSMUSG00000025963,ENSMUSP00000109728,1503,1,FALSE,NA,Other genes
Mdm1,ENSMUSG00000020212,ENSMUSP00000127919,2157,1,FALSE,NA,Other genes
Mdn1,ENSMUSG00000058006,ENSMUSP00000071569,16770,4,FALSE,NA,Other genes
Me2,ENSMUSG00000024556,ENSMUSP00000025439,1770,1,FALSE,NA,Other genes
Mea1,ENSMUSG00000002768,ENSMUSP00000156392,525,1,FALSE,NA,Other genes
Meak7,ENSMUSG00000034105,ENSMUSP00000044430,1368,1,FALSE,NA,Other genes
Med10,ENSMUSG00000021598,ENSMUSP00000152144,465,1,FALSE,NA,Other genes
Med12,ENSMUSG00000079487,ENSMUSP00000085260,6573,3,FALSE,NA,Other genes
Med12l,ENSMUSG00000056476,ENSMUSP00000127038,6579,1,FALSE,NA,Other genes
Med13,ENSMUSG00000034297,ENSMUSP00000044268,6516,1,FALSE,NA,Other genes
Med13l,ENSMUSG00000018076,ENSMUSP00000144092,6651,4,FALSE,NA,Other genes
Med16,ENSMUSG00000013833,ENSMUSP00000129375,2598,1,FALSE,NA,Other genes
Med22,ENSMUSG00000015776,ENSMUSP00000015920,603,1,FALSE,NA,Other genes
Med23,ENSMUSG00000019984,ENSMUSP00000090316,4131,3,FALSE,NA,Other genes
Med4,ENSMUSG00000022109,ENSMUSP00000022705,813,1,FALSE,NA,Other genes
Med8,ENSMUSG00000006392,ENSMUSP00000019229,807,1,FALSE,NA,Other genes
Mefv,ENSMUSG00000022534,ENSMUSP00000097795,2427,1,FALSE,NA,Other genes
Megf10,ENSMUSG00000024593,ENSMUSP00000075174,3444,1,FALSE,NA,Other genes
Megf11,ENSMUSG00000036466,ENSMUSP00000128672,3288,3,FALSE,NA,Other genes
Megf6,ENSMUSG00000057751,ENSMUSP00000030897,4719,1,FALSE,NA,Other genes
Megf8,ENSMUSG00000045039,ENSMUSP00000122192,8370,2,FALSE,NA,Other genes
Mei4,ENSMUSG00000043289,ENSMUSP00000061341,1170,1,FALSE,NA,Other genes
Meis1,ENSMUSG00000020160,ENSMUSP00000139219,1398,2,FALSE,NA,Other genes
Meis3,ENSMUSG00000041420,ENSMUSP00000002495,1137,1,FALSE,NA,Other genes
Melk,ENSMUSG00000035683,ENSMUSP00000043806,1932,1,FALSE,NA,Other genes
Meltf,ENSMUSG00000022780,ENSMUSP00000023464,2217,1,FALSE,NA,Other genes
Meox2,ENSMUSG00000036144,ENSMUSP00000043587,912,1,FALSE,NA,Other genes
Mep1a,ENSMUSG00000023914,ENSMUSP00000024707,2283,2,FALSE,NA,Other genes
Met,ENSMUSG00000009376,ENSMUSP00000111103,4140,1,FALSE,NA,Other genes
Methig1,ENSMUSG00000093789,ENSMUSP00000075098,795,1,FALSE,NA,Other genes
Mettl17,ENSMUSG00000004561,ENSMUSP00000130200,1461,1,FALSE,NA,Other genes
Mettl22,ENSMUSG00000039345,ENSMUSP00000044108,1182,1,FALSE,NA,Other genes
Mfn1,ENSMUSG00000027668,ENSMUSP00000088801,2226,2,FALSE,NA,Other genes
Mfn2,ENSMUSG00000029020,ENSMUSP00000101341,2274,3,FALSE,NA,Other genes
Mfrp,ENSMUSG00000034739,ENSMUSP00000034654,1755,1,FALSE,NA,Other genes
Mfsd1,ENSMUSG00000027775,ENSMUSP00000029344,1395,1,FALSE,NA,Other genes
Mfsd11,ENSMUSG00000020818,ENSMUSP00000021173,1350,1,FALSE,NA,Other genes
Mfsd14b,ENSMUSG00000038212,ENSMUSP00000118180,1524,1,FALSE,NA,Other genes
Mfsd4a,ENSMUSG00000059149,ENSMUSP00000116706,1539,1,FALSE,NA,Other genes
Mfsd7a,ENSMUSG00000029490,ENSMUSP00000031455,1551,1,FALSE,NA,Other genes
Mga,ENSMUSG00000033943,ENSMUSP00000106401,9129,1,FALSE,NA,Other genes
Mgarp,ENSMUSG00000037161,ENSMUSP00000123126,894,1,FALSE,NA,Other genes
Mgat3,ENSMUSG00000042428,ENSMUSP00000043077,1617,3,FALSE,NA,Other genes
Mgat4e,ENSMUSG00000046367,ENSMUSP00000133717,1320,1,FALSE,NA,Other genes
Mgat4f,ENSMUSG00000050526,ENSMUSP00000124251,1440,2,FALSE,NA,Other genes
Mgat5,ENSMUSG00000036155,ENSMUSP00000038359,2223,1,FALSE,NA,Other genes
Mgat5b,ENSMUSG00000043857,ENSMUSP00000099316,2379,1,FALSE,NA,Other genes
Mgrn1,ENSMUSG00000022517,ENSMUSP00000023159,1671,1,FALSE,NA,Other genes
Mib1,ENSMUSG00000024294,ENSMUSP00000054428,3021,1,FALSE,NA,Other genes
Mical1,ENSMUSG00000019823,ENSMUSP00000113783,3147,1,FALSE,NA,Other genes
Mical3,ENSMUSG00000051586,ENSMUSP00000159123,6135,1,FALSE,NA,Other genes
Micall2,ENSMUSG00000036718,ENSMUSP00000039707,3030,3,FALSE,NA,Other genes
Micu1,ENSMUSG00000020111,ENSMUSP00000020311,1452,1,FALSE,NA,Other genes
Mier2,ENSMUSG00000042570,ENSMUSP00000127387,1626,2,FALSE,NA,Other genes
Mier3,ENSMUSG00000032727,ENSMUSP00000104895,1656,1,FALSE,NA,Other genes
Mill1,ENSMUSG00000054005,ENSMUSP00000069083,1188,1,FALSE,NA,Other genes
Minar1,ENSMUSG00000039313,ENSMUSP00000046111,2754,1,FALSE,NA,Other genes
Mindy2,ENSMUSG00000042444,ENSMUSP00000037035,1806,1,FALSE,NA,Other genes
Mink1,ENSMUSG00000020827,ENSMUSP00000072091,4035,1,FALSE,NA,Other genes
Miox,ENSMUSG00000022613,ENSMUSP00000023282,858,1,FALSE,NA,Other genes
Mitf,ENSMUSG00000035158,ENSMUSP00000044938,1581,1,FALSE,NA,Other genes
Mki67,ENSMUSG00000031004,ENSMUSP00000033310,9534,6,FALSE,NA,Other genes
Mkln1,ENSMUSG00000025609,ENSMUSP00000026699,2208,1,FALSE,NA,Other genes
Mknk1,ENSMUSG00000028708,ENSMUSP00000019677,1248,1,FALSE,NA,Other genes
Mks1,ENSMUSG00000034121,ENSMUSP00000043790,1686,1,FALSE,NA,Other genes
Mlana,ENSMUSG00000024806,ENSMUSP00000025719,342,1,FALSE,NA,Other genes
Mlh3,ENSMUSG00000021245,ENSMUSP00000152840,4332,1,FALSE,NA,Other genes
Mllt3,ENSMUSG00000028496,ENSMUSP00000077232,1710,7,FALSE,NA,Other genes
Mlxipl,ENSMUSG00000005373,ENSMUSP00000005507,2595,1,FALSE,NA,Other genes
Mmp10,ENSMUSG00000047562,ENSMUSP00000034488,1431,1,FALSE,NA,Other genes
Mmp16,ENSMUSG00000028226,ENSMUSP00000029881,1824,1,FALSE,NA,Other genes
Mmp17,ENSMUSG00000029436,ENSMUSP00000031390,1737,1,FALSE,NA,Other genes
Mmp1a,ENSMUSG00000043089,ENSMUSP00000034492,1392,1,FALSE,NA,Other genes
Mmp2,ENSMUSG00000031740,ENSMUSP00000034187,1989,1,FALSE,NA,Other genes
Mmp21,ENSMUSG00000030981,ENSMUSP00000033278,1707,1,FALSE,NA,Other genes
Mmp24,ENSMUSG00000027612,ENSMUSP00000029141,1857,1,FALSE,NA,Other genes
Mmp25,ENSMUSG00000023903,ENSMUSP00000024696,1848,3,FALSE,NA,Other genes
Mmp9,ENSMUSG00000017737,ENSMUSP00000017881,2193,2,FALSE,NA,Other genes
Mmrn2,ENSMUSG00000041445,ENSMUSP00000107539,2832,2,FALSE,NA,Other genes
Mms19,ENSMUSG00000025159,ENSMUSP00000130900,3096,1,FALSE,NA,Other genes
Mn1,ENSMUSG00000070576,ENSMUSP00000092034,3894,1,FALSE,NA,Other genes
Mnat1,ENSMUSG00000021103,ENSMUSP00000021523,930,1,FALSE,NA,Other genes
Mocs3,ENSMUSG00000074576,ENSMUSP00000096670,1383,1,FALSE,NA,Other genes
Mogat1,ENSMUSG00000012187,ENSMUSP00000109152,1008,1,FALSE,NA,Other genes
Mogs,ENSMUSG00000030036,ENSMUSP00000032114,2505,1,FALSE,NA,Other genes
Mon2,ENSMUSG00000034602,ENSMUSP00000073462,5148,1,FALSE,NA,Other genes
Morc1,ENSMUSG00000022652,ENSMUSP00000023330,2853,2,FALSE,NA,Other genes
Morc3,ENSMUSG00000039456,ENSMUSP00000144369,2829,1,FALSE,NA,Other genes
Morf4l1,ENSMUSG00000062270,ENSMUSP00000082346,1089,2,FALSE,NA,Other genes
Mospd2,ENSMUSG00000061778,ENSMUSP00000004715,1557,1,FALSE,NA,Other genes
Moxd2,ENSMUSG00000029885,ENSMUSP00000031937,1860,1,FALSE,NA,Other genes
Mphosph10,ENSMUSG00000030521,ENSMUSP00000032735,2046,1,FALSE,NA,Other genes
Mphosph8,ENSMUSG00000079184,ENSMUSP00000112170,2577,1,FALSE,NA,Other genes
Mpl,ENSMUSG00000006389,ENSMUSP00000006556,1902,1,FALSE,NA,Other genes
Mpp1,ENSMUSG00000031402,ENSMUSP00000033775,1401,1,FALSE,NA,Other genes
Mpp2,ENSMUSG00000017314,ENSMUSP00000097967,1710,1,FALSE,NA,Other genes
Mpped1,ENSMUSG00000041708,ENSMUSP00000105096,981,1,FALSE,NA,Other genes
Mrc1,ENSMUSG00000026712,ENSMUSP00000028045,4371,1,FALSE,NA,Other genes
Mrgprb5,ENSMUSG00000070551,ENSMUSP00000091953,969,1,FALSE,NA,Other genes
Mrgprb8,ENSMUSG00000050870,ENSMUSP00000052230,993,1,FALSE,NA,Other genes
Mrnip,ENSMUSG00000020381,ENSMUSP00000020647,1008,1,FALSE,NA,Other genes
Mroh1,ENSMUSG00000022558,ENSMUSP00000094115,4923,1,FALSE,NA,Other genes
Mroh2a,ENSMUSG00000079429,ENSMUSP00000130508,5040,3,FALSE,NA,Other genes
Mroh2b,ENSMUSG00000022155,ENSMUSP00000036148,4746,2,FALSE,NA,Other genes
Mroh5,ENSMUSG00000072487,ENSMUSP00000158590,3882,1,FALSE,NA,Other genes
Mrpl30,ENSMUSG00000026087,ENSMUSP00000027256,483,1,FALSE,NA,Other genes
Mrpl54,ENSMUSG00000034932,ENSMUSP00000039951,408,1,FALSE,NA,Other genes
Mrps10,ENSMUSG00000034729,ENSMUSP00000113343,606,1,FALSE,NA,Other genes
Mrtfb,ENSMUSG00000009569,ENSMUSP00000009713,3276,1,FALSE,NA,Other genes
Mrvi1,ENSMUSG00000005611,ENSMUSP00000114578,2766,1,FALSE,NA,Other genes
Ms4a14,ENSMUSG00000099398,ENSMUSP00000140996,3699,2,FALSE,NA,Other genes
Ms4a15,ENSMUSG00000067571,ENSMUSP00000085234,738,2,FALSE,NA,Other genes
Ms4a4b,ENSMUSG00000056290,ENSMUSP00000046909,681,1,FALSE,NA,Other genes
Ms4a8a,ENSMUSG00000024730,ENSMUSP00000025636,873,1,FALSE,NA,Other genes
Msantd2,ENSMUSG00000042138,ENSMUSP00000159310,1944,1,FALSE,NA,Other genes
Msh2,ENSMUSG00000024151,ENSMUSP00000024967,2808,2,FALSE,NA,Other genes
Msh6,ENSMUSG00000005370,ENSMUSP00000005503,4077,1,FALSE,NA,Other genes
Msi2,ENSMUSG00000069769,ENSMUSP00000090470,1041,1,FALSE,NA,Other genes
Msln,ENSMUSG00000063011,ENSMUSP00000075279,1890,1,FALSE,NA,Other genes
Mslnl,ENSMUSG00000041062,ENSMUSP00000049020,2058,1,FALSE,NA,Other genes
Msrb2,ENSMUSG00000023094,ENSMUSP00000023856,528,1,FALSE,NA,Other genes
Mst1r,ENSMUSG00000032584,ENSMUSP00000035203,4137,4,FALSE,NA,Other genes
Msx1,ENSMUSG00000048450,ENSMUSP00000058354,912,1,FALSE,NA,Other genes
Mtbp,ENSMUSG00000022369,ENSMUSP00000022998,2685,1,FALSE,NA,Other genes
Mtcl1,ENSMUSG00000052105,ENSMUSP00000083899,5838,2,FALSE,NA,Other genes
Mtf2,ENSMUSG00000029267,ENSMUSP00000080278,1782,1,FALSE,NA,Other genes
Mtg1,ENSMUSG00000039018,ENSMUSP00000036491,981,1,FALSE,NA,Other genes
Mthfd1,ENSMUSG00000021048,ENSMUSP00000021443,2808,1,FALSE,NA,Other genes
Mthfd2,ENSMUSG00000005667,ENSMUSP00000005810,1053,1,FALSE,NA,Other genes
Mtmr1,ENSMUSG00000015214,ENSMUSP00000110248,2016,1,FALSE,NA,Other genes
Mtmr10,ENSMUSG00000030522,ENSMUSP00000032736,2316,1,FALSE,NA,Other genes
Mtmr11,ENSMUSG00000045934,ENSMUSP00000062341,2103,2,FALSE,NA,Other genes
Mtmr12,ENSMUSG00000039458,ENSMUSP00000041227,2244,1,FALSE,NA,Other genes
Mtmr14,ENSMUSG00000030269,ENSMUSP00000108771,1947,1,FALSE,NA,Other genes
Mtmr6,ENSMUSG00000021987,ENSMUSP00000153403,1968,1,FALSE,NA,Other genes
Mtor,ENSMUSG00000028991,ENSMUSP00000099510,7650,3,FALSE,NA,Other genes
Mtrf1l,ENSMUSG00000019774,ENSMUSP00000019908,1122,1,FALSE,NA,Other genes
Mtus2,ENSMUSG00000029651,ENSMUSP00000082694,4062,1,FALSE,NA,Other genes
Muc1,ENSMUSG00000042784,ENSMUSP00000041963,1896,1,FALSE,NA,Other genes
Muc19,ENSMUSG00000044021,ENSMUSP00000158627,2145,3,FALSE,NA,Other genes
Muc2,ENSMUSG00000025515,ENSMUSP00000141040,2661,3,FALSE,NA,Other genes
Muc20,ENSMUSG00000035638,ENSMUSP00000110769,2067,2,FALSE,NA,Other genes
Muc4,ENSMUSG00000079620,ENSMUSP00000093813,10413,20,FALSE,NA,Other genes
Muc5ac,ENSMUSG00000037974,ENSMUSP00000122353,10368,4,FALSE,NA,Other genes
Muc5b,ENSMUSG00000066108,ENSMUSP00000128276,14403,4,FALSE,NA,Other genes
Muc6,ENSMUSG00000048191,ENSMUSP00000140483,8757,7,FALSE,NA,Other genes
Mug1,ENSMUSG00000059908,ENSMUSP00000032228,4431,1,FALSE,NA,Other genes
Mup12,ENSMUSG00000094793,ENSMUSP00000112787,543,1,FALSE,NA,Other genes
Mup21,ENSMUSG00000066153,ENSMUSP00000076899,546,1,FALSE,NA,Other genes
Mup4,ENSMUSG00000041333,ENSMUSP00000075356,537,1,FALSE,NA,Other genes
Mx1,ENSMUSG00000000386,ENSMUSP00000023655,1884,1,FALSE,NA,Other genes
Mx2,ENSMUSG00000023341,ENSMUSP00000024112,1968,2,FALSE,NA,Other genes
Mxra7,ENSMUSG00000020814,ENSMUSP00000021170,537,1,FALSE,NA,Other genes
Myb,ENSMUSG00000019982,ENSMUSP00000139699,2268,1,FALSE,NA,Other genes
Mybpc1,ENSMUSG00000020061,ENSMUSP00000158844,3420,2,FALSE,NA,Other genes
Mybpc2,ENSMUSG00000038670,ENSMUSP00000130127,3411,1,FALSE,NA,Other genes
Mybpc3,ENSMUSG00000002100,ENSMUSP00000127070,3837,1,FALSE,NA,Other genes
Mybph,ENSMUSG00000042451,ENSMUSP00000141104,1452,2,FALSE,NA,Other genes
Mycbp,ENSMUSG00000028647,ENSMUSP00000101808,441,1,FALSE,NA,Other genes
Mycbp2,ENSMUSG00000033004,ENSMUSP00000124710,14241,3,FALSE,NA,Other genes
Mycs,ENSMUSG00000044597,ENSMUSP00000054158,1296,1,FALSE,NA,Other genes
Myef2,ENSMUSG00000027201,ENSMUSP00000123088,1776,1,FALSE,NA,Other genes
Myh1,ENSMUSG00000056328,ENSMUSP00000117569,5829,2,FALSE,NA,Other genes
Myh10,ENSMUSG00000020900,ENSMUSP00000090661,6042,3,FALSE,NA,Other genes
Myh11,ENSMUSG00000018830,ENSMUSP00000156021,5940,4,FALSE,NA,Other genes
Myh13,ENSMUSG00000060180,ENSMUSP00000104324,5817,2,FALSE,NA,Other genes
Myh14,ENSMUSG00000030739,ENSMUSP00000147115,6102,1,FALSE,NA,Other genes
Myh15,ENSMUSG00000092009,ENSMUSP00000127539,5778,2,FALSE,NA,Other genes
Myh2,ENSMUSG00000033196,ENSMUSP00000018641,5829,1,FALSE,NA,Other genes
Myh3,ENSMUSG00000020908,ENSMUSP00000104329,5823,2,FALSE,NA,Other genes
Myh4,ENSMUSG00000057003,ENSMUSP00000018632,5820,3,FALSE,NA,Other genes
Myh6,ENSMUSG00000040752,ENSMUSP00000080538,5817,2,FALSE,NA,Other genes
Myh7,ENSMUSG00000053093,ENSMUSP00000099867,5808,3,FALSE,NA,Other genes
Myh9,ENSMUSG00000022443,ENSMUSP00000016771,5883,12,FALSE,NA,Other genes
Mylk,ENSMUSG00000022836,ENSMUSP00000023538,5853,1,FALSE,NA,Other genes
Mymk,ENSMUSG00000009214,ENSMUSP00000009358,666,1,FALSE,NA,Other genes
Myo15,ENSMUSG00000042678,ENSMUSP00000071777,10536,3,FALSE,NA,Other genes
Myo15b,ENSMUSG00000034427,ENSMUSP00000091439,9102,1,FALSE,NA,Other genes
Myo16,ENSMUSG00000039057,ENSMUSP00000146677,5760,2,FALSE,NA,Other genes
Myo18a,ENSMUSG00000000631,ENSMUSP00000130696,6252,1,FALSE,NA,Other genes
Myo18b,ENSMUSG00000072720,ENSMUSP00000083810,7818,4,FALSE,NA,Other genes
Myo1a,ENSMUSG00000025401,ENSMUSP00000078540,3132,2,FALSE,NA,Other genes
Myo1e,ENSMUSG00000032220,ENSMUSP00000034745,3324,1,FALSE,NA,Other genes
Myo1f,ENSMUSG00000024300,ENSMUSP00000084887,3297,2,FALSE,NA,Other genes
Myo1g,ENSMUSG00000020437,ENSMUSP00000003459,3075,1,FALSE,NA,Other genes
Myo3a,ENSMUSG00000025716,ENSMUSP00000046329,4866,1,FALSE,NA,Other genes
Myo3b,ENSMUSG00000042064,ENSMUSP00000055362,4002,2,FALSE,NA,Other genes
Myo5b,ENSMUSG00000025885,ENSMUSP00000112728,5535,3,FALSE,NA,Other genes
Myo5c,ENSMUSG00000033590,ENSMUSP00000042229,5229,2,FALSE,NA,Other genes
Myo6,ENSMUSG00000033577,ENSMUSP00000139019,3885,1,FALSE,NA,Other genes
Myo7a,ENSMUSG00000030761,ENSMUSP00000102745,6648,4,FALSE,NA,Other genes
Myo7b,ENSMUSG00000024388,ENSMUSP00000118046,6342,1,FALSE,NA,Other genes
Myo9a,ENSMUSG00000039585,ENSMUSP00000122852,7896,1,FALSE,NA,Other genes
Myoc,ENSMUSG00000026697,ENSMUSP00000028020,1473,1,FALSE,NA,Other genes
Myocd,ENSMUSG00000020542,ENSMUSP00000104335,2952,1,FALSE,NA,Other genes
Myod1,ENSMUSG00000009471,ENSMUSP00000072330,957,1,FALSE,NA,Other genes
Myof,ENSMUSG00000048612,ENSMUSP00000153225,6186,3,FALSE,NA,Other genes
Myom2,ENSMUSG00000031461,ENSMUSP00000033842,4392,3,FALSE,NA,Other genes
Myom3,ENSMUSG00000037139,ENSMUSP00000101480,4320,1,FALSE,NA,Other genes
Myorg,ENSMUSG00000046312,ENSMUSP00000059038,2151,1,FALSE,NA,Other genes
Mypn,ENSMUSG00000020067,ENSMUSP00000093240,3948,1,FALSE,NA,Other genes
Mysm1,ENSMUSG00000062627,ENSMUSP00000075269,2460,1,FALSE,NA,Other genes
Myt1,ENSMUSG00000010505,ENSMUSP00000079900,3510,1,FALSE,NA,Other genes
Myt1l,ENSMUSG00000061911,ENSMUSP00000058264,3564,1,FALSE,NA,Other genes
N4bp2,ENSMUSG00000037795,ENSMUSP00000143807,5037,1,FALSE,NA,Other genes
Naa25,ENSMUSG00000042719,ENSMUSP00000038977,2919,1,FALSE,NA,Other genes
Naa60,ENSMUSG00000005982,ENSMUSP00000140031,729,1,FALSE,NA,Other genes
Naaladl1,ENSMUSG00000054999,ENSMUSP00000044231,2238,1,FALSE,NA,Other genes
Nabp2,ENSMUSG00000025374,ENSMUSP00000131171,687,1,FALSE,NA,Other genes
Nacad,ENSMUSG00000041073,ENSMUSP00000049490,4515,1,FALSE,NA,Other genes
Naf1,ENSMUSG00000014907,ENSMUSP00000112640,1794,1,FALSE,NA,Other genes
Nagpa,ENSMUSG00000023143,ENSMUSP00000023911,1554,1,FALSE,NA,Other genes
Naip1,ENSMUSG00000021640,ENSMUSP00000022142,4212,2,FALSE,NA,Other genes
Naip2,ENSMUSG00000078945,ENSMUSP00000113890,4344,2,FALSE,NA,Other genes
Naip6,ENSMUSG00000078942,ENSMUSP00000112867,4212,1,FALSE,NA,Other genes
Nalcn,ENSMUSG00000000197,ENSMUSP00000000201,5220,1,FALSE,NA,Other genes
Nap1l1,ENSMUSG00000058799,ENSMUSP00000070068,1176,1,FALSE,NA,Other genes
Nap1l2,ENSMUSG00000082229,ENSMUSP00000112677,1383,1,FALSE,NA,Other genes
Nap1l3,ENSMUSG00000055733,ENSMUSP00000078453,1635,1,FALSE,NA,Other genes
Nap1l4,ENSMUSG00000059119,ENSMUSP00000147130,1161,1,FALSE,NA,Other genes
Nat14,ENSMUSG00000035285,ENSMUSP00000045354,621,1,FALSE,NA,Other genes
Nav2,ENSMUSG00000052512,ENSMUSP00000139045,7299,1,FALSE,NA,Other genes
Nav3,ENSMUSG00000020181,ENSMUSP00000032719,7101,3,FALSE,NA,Other genes
Naxd,ENSMUSG00000031505,ENSMUSP00000033901,1098,2,FALSE,NA,Other genes
Nbas,ENSMUSG00000020576,ENSMUSP00000036082,7071,1,FALSE,NA,Other genes
Nbea,ENSMUSG00000027799,ENSMUSP00000029374,8811,1,FALSE,NA,Other genes
Nbeal1,ENSMUSG00000073664,ENSMUSP00000124056,8067,1,FALSE,NA,Other genes
Nbeal2,ENSMUSG00000056724,ENSMUSP00000128586,8253,1,FALSE,NA,Other genes
Ncam2,ENSMUSG00000022762,ENSMUSP00000063468,2514,2,FALSE,NA,Other genes
Ncan,ENSMUSG00000002341,ENSMUSP00000002412,3807,1,FALSE,NA,Other genes
Ncapd2,ENSMUSG00000038252,ENSMUSP00000042260,4179,1,FALSE,NA,Other genes
Ncapd3,ENSMUSG00000035024,ENSMUSP00000150938,4521,1,FALSE,NA,Other genes
Ncaph2,ENSMUSG00000008690,ENSMUSP00000086095,1827,1,FALSE,NA,Other genes
Ncbp1,ENSMUSG00000028330,ENSMUSP00000030014,2373,1,FALSE,NA,Other genes
Ncdn,ENSMUSG00000028833,ENSMUSP00000030637,2190,1,FALSE,NA,Other genes
Nck1,ENSMUSG00000032475,ENSMUSP00000112221,1134,1,FALSE,NA,Other genes
Nckap1,ENSMUSG00000027002,ENSMUSP00000107390,3405,1,FALSE,NA,Other genes
Nckap1l,ENSMUSG00000022488,ENSMUSP00000035400,3405,4,FALSE,NA,Other genes
Nckap5l,ENSMUSG00000023009,ENSMUSP00000023747,3972,2,FALSE,NA,Other genes
Ncln,ENSMUSG00000020238,ENSMUSP00000020463,1692,2,FALSE,NA,Other genes
Ncoa1,ENSMUSG00000020647,ENSMUSP00000151358,4344,1,FALSE,NA,Other genes
Ncoa2,ENSMUSG00000005886,ENSMUSP00000006037,4389,1,FALSE,NA,Other genes
Ncoa4,ENSMUSG00000056234,ENSMUSP00000126071,1878,1,FALSE,NA,Other genes
Ncoa6,ENSMUSG00000038369,ENSMUSP00000105295,6210,2,FALSE,NA,Other genes
Ncor2,ENSMUSG00000029478,ENSMUSP00000107033,7524,2,FALSE,NA,Other genes
Ncstn,ENSMUSG00000003458,ENSMUSP00000003550,2127,2,FALSE,NA,Other genes
Ndc1,ENSMUSG00000028614,ENSMUSP00000120365,2022,1,FALSE,NA,Other genes
Ndc80,ENSMUSG00000024056,ENSMUSP00000024851,1929,1,FALSE,NA,Other genes
Ndfip2,ENSMUSG00000053253,ENSMUSP00000137875,1017,1,FALSE,NA,Other genes
Ndn,ENSMUSG00000033585,ENSMUSP00000045369,978,2,FALSE,NA,Other genes
Ndrg1,ENSMUSG00000005125,ENSMUSP00000005256,1185,2,FALSE,NA,Other genes
Ndst1,ENSMUSG00000054008,ENSMUSP00000158312,2649,1,FALSE,NA,Other genes
Ndufa10,ENSMUSG00000026260,ENSMUSP00000027478,1068,1,FALSE,NA,Other genes
Ndufb9,ENSMUSG00000022354,ENSMUSP00000022980,540,1,FALSE,NA,Other genes
Ndufv3,ENSMUSG00000024038,ENSMUSP00000049000,1407,1,FALSE,NA,Other genes
Neb,ENSMUSG00000026950,ENSMUSP00000158777,22572,7,FALSE,NA,Other genes
Nebl,ENSMUSG00000053702,ENSMUSP00000117805,3045,3,FALSE,NA,Other genes
Nectin2,ENSMUSG00000062300,ENSMUSP00000074898,1593,1,FALSE,NA,Other genes
Nedd4,ENSMUSG00000032216,ENSMUSP00000158796,3411,1,FALSE,NA,Other genes
Nefh,ENSMUSG00000020396,ENSMUSP00000091061,3273,2,FALSE,NA,Other genes
Nefl,ENSMUSG00000022055,ENSMUSP00000022639,1632,1,FALSE,NA,Other genes
Nek10,ENSMUSG00000042567,ENSMUSP00000153142,3348,1,FALSE,NA,Other genes
Nek3,ENSMUSG00000031478,ENSMUSP00000106358,1536,1,FALSE,NA,Other genes
Nek4,ENSMUSG00000021918,ENSMUSP00000154090,2379,1,FALSE,NA,Other genes
Nek7,ENSMUSG00000026393,ENSMUSP00000140903,909,1,FALSE,NA,Other genes
Nelfa,ENSMUSG00000029111,ENSMUSP00000030993,1593,1,FALSE,NA,Other genes
Nell2,ENSMUSG00000022454,ENSMUSP00000155436,2577,1,FALSE,NA,Other genes
Nemf,ENSMUSG00000020982,ENSMUSP00000021368,3195,1,FALSE,NA,Other genes
Nepn,ENSMUSG00000038624,ENSMUSP00000070130,1539,2,FALSE,NA,Other genes
Net1,ENSMUSG00000021215,ENSMUSP00000089464,1788,1,FALSE,NA,Other genes
Neu2,ENSMUSG00000079434,ENSMUSP00000131409,1182,1,FALSE,NA,Other genes
Neu4,ENSMUSG00000034000,ENSMUSP00000140127,1506,1,FALSE,NA,Other genes
Neurl2,ENSMUSG00000039873,ENSMUSP00000041806,858,1,FALSE,NA,Other genes
Neurl4,ENSMUSG00000047284,ENSMUSP00000053235,4692,5,FALSE,NA,Other genes
Neurod6,ENSMUSG00000037984,ENSMUSP00000047016,1014,1,FALSE,NA,Other genes
Nf1,ENSMUSG00000020716,ENSMUSP00000071289,8526,8,FALSE,NA,Other genes
Nf2,ENSMUSG00000009073,ENSMUSP00000105536,1791,1,FALSE,NA,Other genes
Nfasc,ENSMUSG00000026442,ENSMUSP00000139955,4044,2,FALSE,NA,Other genes
Nfatc2,ENSMUSG00000027544,ENSMUSP00000074198,2784,1,FALSE,NA,Other genes
Nfatc2ip,ENSMUSG00000030722,ENSMUSP00000075094,1239,1,FALSE,NA,Other genes
Nfatc4,ENSMUSG00000023411,ENSMUSP00000024179,2706,2,FALSE,NA,Other genes
Nfe2,ENSMUSG00000058794,ENSMUSP00000121817,1191,1,FALSE,NA,Other genes
Nfe2l2,ENSMUSG00000015839,ENSMUSP00000099733,1794,1,FALSE,NA,Other genes
Nfe2l3,ENSMUSG00000029832,ENSMUSP00000005103,1983,1,FALSE,NA,Other genes
Nfib,ENSMUSG00000008575,ENSMUSP00000052863,1713,2,FALSE,NA,Other genes
Nfkb1,ENSMUSG00000028163,ENSMUSP00000029812,2916,3,FALSE,NA,Other genes
Nfkbia,ENSMUSG00000021025,ENSMUSP00000021413,945,1,FALSE,NA,Other genes
Nfkbib,ENSMUSG00000030595,ENSMUSP00000032815,1080,1,FALSE,NA,Other genes
Nfkbid,ENSMUSG00000036931,ENSMUSP00000103811,1413,1,FALSE,NA,Other genes
Nfxl1,ENSMUSG00000072889,ENSMUSP00000084467,2757,1,FALSE,NA,Other genes
Nfya,ENSMUSG00000023994,ENSMUSP00000043909,1044,1,FALSE,NA,Other genes
Ngef,ENSMUSG00000026259,ENSMUSP00000066894,2133,1,FALSE,NA,Other genes
Ngf,ENSMUSG00000027859,ENSMUSP00000102538,924,1,FALSE,NA,Other genes
Ngp,ENSMUSG00000032484,ENSMUSP00000035061,504,1,FALSE,NA,Other genes
Ngrn,ENSMUSG00000047084,ENSMUSP00000113444,882,1,FALSE,NA,Other genes
Nhej1,ENSMUSG00000026162,ENSMUSP00000116797,498,1,FALSE,NA,Other genes
Nhs,ENSMUSG00000059493,ENSMUSP00000084319,4944,5,FALSE,NA,Other genes
Nid1,ENSMUSG00000005397,ENSMUSP00000005532,3738,1,FALSE,NA,Other genes
Nid2,ENSMUSG00000021806,ENSMUSP00000022340,4212,3,FALSE,NA,Other genes
Nif3l1,ENSMUSG00000026036,ENSMUSP00000084799,1131,1,FALSE,NA,Other genes
Nin,ENSMUSG00000021068,ENSMUSP00000152240,6342,1,FALSE,NA,Other genes
Ninl,ENSMUSG00000068115,ENSMUSP00000105522,4185,2,FALSE,NA,Other genes
Nipbl,ENSMUSG00000022141,ENSMUSP00000059385,8397,1,FALSE,NA,Other genes
Nisch,ENSMUSG00000021910,ENSMUSP00000022469,4782,1,FALSE,NA,Other genes
Nkpd1,ENSMUSG00000060621,ENSMUSP00000147092,2478,1,FALSE,NA,Other genes
Nkx2-3,ENSMUSG00000044220,ENSMUSP00000050933,1089,1,FALSE,NA,Other genes
Nkx6-1,ENSMUSG00000035187,ENSMUSP00000042716,1098,2,FALSE,NA,Other genes
Nle1,ENSMUSG00000020692,ENSMUSP00000099502,1458,2,FALSE,NA,Other genes
Nlgn1,ENSMUSG00000063887,ENSMUSP00000142200,2532,1,FALSE,NA,Other genes
Nlgn3,ENSMUSG00000031302,ENSMUSP00000123283,2538,1,FALSE,NA,Other genes
Nlrc5,ENSMUSG00000074151,ENSMUSP00000148677,5748,2,FALSE,NA,Other genes
Nlrp12,ENSMUSG00000078817,ENSMUSP00000104293,3165,2,FALSE,NA,Other genes
Nlrp14,ENSMUSG00000016626,ENSMUSP00000081819,2982,2,FALSE,NA,Other genes
Nlrp1a,ENSMUSG00000069830,ENSMUSP00000038186,3903,2,FALSE,NA,Other genes
Nlrp1b,ENSMUSG00000070390,ENSMUSP00000104155,3534,1,FALSE,NA,Other genes
Nlrp2,ENSMUSG00000035177,ENSMUSP00000045077,3141,1,FALSE,NA,Other genes
Nlrp4b,ENSMUSG00000034087,ENSMUSP00000113095,2592,4,FALSE,NA,Other genes
Nlrp4e,ENSMUSG00000045693,ENSMUSP00000075794,2937,1,FALSE,NA,Other genes
Nlrp5,ENSMUSG00000015721,ENSMUSP00000015866,3336,1,FALSE,NA,Other genes
Nlrp6,ENSMUSG00000038745,ENSMUSP00000139170,2700,3,FALSE,NA,Other genes
Nlrp9c,ENSMUSG00000040614,ENSMUSP00000083106,3015,1,FALSE,NA,Other genes
Nme6,ENSMUSG00000032478,ENSMUSP00000035053,570,1,FALSE,NA,Other genes
Nme9,ENSMUSG00000046242,ENSMUSP00000150820,990,1,FALSE,NA,Other genes
Nmnat2,ENSMUSG00000042751,ENSMUSP00000041110,924,2,FALSE,NA,Other genes
Nmt1,ENSMUSG00000020936,ENSMUSP00000021314,1491,1,FALSE,NA,Other genes
Nmt2,ENSMUSG00000026643,ENSMUSP00000080600,1590,1,FALSE,NA,Other genes
Nmur2,ENSMUSG00000037393,ENSMUSP00000044718,1188,1,FALSE,NA,Other genes
Nnmt,ENSMUSG00000032271,ENSMUSP00000034808,795,1,FALSE,NA,Other genes
Nnt,ENSMUSG00000116207,ENSMUSP00000152868,2508,2,FALSE,NA,Other genes
Nobox,ENSMUSG00000029736,ENSMUSP00000031749,1584,1,FALSE,NA,Other genes
Noc3l,ENSMUSG00000024999,ENSMUSP00000025963,2424,1,FALSE,NA,Other genes
Noc4l,ENSMUSG00000033294,ENSMUSP00000038263,1551,1,FALSE,NA,Other genes
Nod1,ENSMUSG00000038058,ENSMUSP00000130487,2862,1,FALSE,NA,Other genes
Nol12,ENSMUSG00000033099,ENSMUSP00000116103,654,2,FALSE,NA,Other genes
Nol4,ENSMUSG00000041923,ENSMUSP00000130950,1914,1,FALSE,NA,Other genes
Nol4l,ENSMUSG00000061411,ENSMUSP00000036571,2040,1,FALSE,NA,Other genes
Nol6,ENSMUSG00000028430,ENSMUSP00000030138,3459,1,FALSE,NA,Other genes
Nol7,ENSMUSG00000063200,ENSMUSP00000071818,765,1,FALSE,NA,Other genes
Nomo1,ENSMUSG00000030835,ENSMUSP00000033121,3645,1,FALSE,NA,Other genes
Nop53,ENSMUSG00000041560,ENSMUSP00000043981,1455,1,FALSE,NA,Other genes
Nop56,ENSMUSG00000027405,ENSMUSP00000099487,1743,1,FALSE,NA,Other genes
Nos1,ENSMUSG00000029361,ENSMUSP00000099617,4392,1,FALSE,NA,Other genes
Nos2,ENSMUSG00000020826,ENSMUSP00000018610,3435,1,FALSE,NA,Other genes
Notch1,ENSMUSG00000026923,ENSMUSP00000028288,7596,6,FALSE,NA,Other genes
Notch2,ENSMUSG00000027878,ENSMUSP00000078741,7422,7,FALSE,NA,Other genes
Notch3,ENSMUSG00000038146,ENSMUSP00000085016,6957,6,FALSE,NA,Other genes
Notch4,ENSMUSG00000015468,ENSMUSP00000015612,5895,8,FALSE,NA,Other genes
Noto,ENSMUSG00000068302,ENSMUSP00000087006,723,1,FALSE,NA,Other genes
Notum,ENSMUSG00000042988,ENSMUSP00000101783,1512,1,FALSE,NA,Other genes
Nova1,ENSMUSG00000021047,ENSMUSP00000021438,1524,1,FALSE,NA,Other genes
Nox3,ENSMUSG00000023802,ENSMUSP00000111466,1707,1,FALSE,NA,Other genes
Noxa1,ENSMUSG00000036805,ENSMUSP00000037423,1335,1,FALSE,NA,Other genes
Npas3,ENSMUSG00000021010,ENSMUSP00000098975,2778,2,FALSE,NA,Other genes
Npc1l1,ENSMUSG00000020447,ENSMUSP00000004505,4002,1,FALSE,NA,Other genes
Npcd,ENSMUSG00000089837,ENSMUSP00000086714,1410,1,FALSE,NA,Other genes
Npffr1,ENSMUSG00000020090,ENSMUSP00000020287,1299,1,FALSE,NA,Other genes
Nphp1,ENSMUSG00000027378,ENSMUSP00000028857,2076,1,FALSE,NA,Other genes
Nphp4,ENSMUSG00000039577,ENSMUSP00000049920,4278,2,FALSE,NA,Other genes
Nphs1,ENSMUSG00000006649,ENSMUSP00000006825,3771,2,FALSE,NA,Other genes
Npnt,ENSMUSG00000040998,ENSMUSP00000091505,1830,1,FALSE,NA,Other genes
Npr1,ENSMUSG00000027931,ENSMUSP00000029540,3174,2,FALSE,NA,Other genes
Npr2,ENSMUSG00000028469,ENSMUSP00000030191,3144,1,FALSE,NA,Other genes
Npr3,ENSMUSG00000022206,ENSMUSP00000066737,1611,1,FALSE,NA,Other genes
Npsr1,ENSMUSG00000043659,ENSMUSP00000056432,1116,3,FALSE,NA,Other genes
Nptn,ENSMUSG00000032336,ENSMUSP00000135199,1194,2,FALSE,NA,Other genes
Nptx1,ENSMUSG00000025582,ENSMUSP00000026670,1299,1,FALSE,NA,Other genes
Npy5r,ENSMUSG00000044014,ENSMUSP00000065157,1401,2,FALSE,NA,Other genes
Nr0b1,ENSMUSG00000025056,ENSMUSP00000026036,1419,1,FALSE,NA,Other genes
Nr0b2,ENSMUSG00000037583,ENSMUSP00000039175,783,2,FALSE,NA,Other genes
Nr1h2,ENSMUSG00000060601,ENSMUSP00000103545,1341,1,FALSE,NA,Other genes
Nr2c1,ENSMUSG00000005897,ENSMUSP00000100927,1773,1,FALSE,NA,Other genes
Nr2e1,ENSMUSG00000019803,ENSMUSP00000019938,1158,2,FALSE,NA,Other genes
Nr2f6,ENSMUSG00000002393,ENSMUSP00000002466,1173,1,FALSE,NA,Other genes
Nr3c1,ENSMUSG00000024431,ENSMUSP00000095199,2382,2,FALSE,NA,Other genes
Nr3c2,ENSMUSG00000031618,ENSMUSP00000034031,2955,1,FALSE,NA,Other genes
Nr4a1,ENSMUSG00000023034,ENSMUSP00000155225,1806,3,FALSE,NA,Other genes
Nr6a1,ENSMUSG00000063972,ENSMUSP00000108498,1488,2,FALSE,NA,Other genes
Nrap,ENSMUSG00000049134,ENSMUSP00000073228,5187,1,FALSE,NA,Other genes
Nrcam,ENSMUSG00000020598,ENSMUSP00000020939,3771,1,FALSE,NA,Other genes
Nrde2,ENSMUSG00000021179,ENSMUSP00000021596,3519,1,FALSE,NA,Other genes
Nrg2,ENSMUSG00000060275,ENSMUSP00000111378,2574,2,FALSE,NA,Other genes
Nrg3,ENSMUSG00000041014,ENSMUSP00000136884,2142,1,FALSE,NA,Other genes
Nrk,ENSMUSG00000052854,ENSMUSP00000108675,4368,1,FALSE,NA,Other genes
Nrm,ENSMUSG00000059791,ENSMUSP00000073873,789,1,FALSE,NA,Other genes
Nrp1,ENSMUSG00000025810,ENSMUSP00000026917,2772,2,FALSE,NA,Other genes
Nrxn1,ENSMUSG00000024109,ENSMUSP00000124116,4545,2,FALSE,NA,Other genes
Nrxn2,ENSMUSG00000033768,ENSMUSP00000119762,5133,1,FALSE,NA,Other genes
Nrxn3,ENSMUSG00000066392,ENSMUSP00000129678,4716,1,FALSE,NA,Other genes
Nsa2,ENSMUSG00000060739,ENSMUSP00000073161,783,1,FALSE,NA,Other genes
Nsd1,ENSMUSG00000021488,ENSMUSP00000097089,8076,2,FALSE,NA,Other genes
Nsd3,ENSMUSG00000054823,ENSMUSP00000117778,4341,1,FALSE,NA,Other genes
Nsmce3,ENSMUSG00000070520,ENSMUSP00000091889,840,1,FALSE,NA,Other genes
Nsun3,ENSMUSG00000050312,ENSMUSP00000059720,1047,1,FALSE,NA,Other genes
Nt5c1b,ENSMUSG00000020622,ENSMUSP00000151401,1896,1,FALSE,NA,Other genes
Nt5c3b,ENSMUSG00000017176,ENSMUSP00000090360,903,1,FALSE,NA,Other genes
Nt5dc3,ENSMUSG00000054027,ENSMUSP00000096994,1641,1,FALSE,NA,Other genes
Ntm,ENSMUSG00000059974,ENSMUSP00000074578,1035,1,FALSE,NA,Other genes
Ntn4,ENSMUSG00000020019,ENSMUSP00000020204,1887,1,FALSE,NA,Other genes
Ntn5,ENSMUSG00000070564,ENSMUSP00000103371,1359,1,FALSE,NA,Other genes
Ntng1,ENSMUSG00000059857,ENSMUSP00000072397,1620,1,FALSE,NA,Other genes
Ntng2,ENSMUSG00000035513,ENSMUSP00000035468,1770,2,FALSE,NA,Other genes
Ntrk2,ENSMUSG00000055254,ENSMUSP00000153553,2466,2,FALSE,NA,Other genes
Ntrk3,ENSMUSG00000059146,ENSMUSP00000141599,2595,1,FALSE,NA,Other genes
Ntsr2,ENSMUSG00000020591,ENSMUSP00000106693,1251,1,FALSE,NA,Other genes
Nubp1,ENSMUSG00000022503,ENSMUSP00000023146,963,2,FALSE,NA,Other genes
Nubp2,ENSMUSG00000039183,ENSMUSP00000049319,828,2,FALSE,NA,Other genes
Nucb1,ENSMUSG00000030824,ENSMUSP00000147383,1380,1,FALSE,NA,Other genes
Nudt12,ENSMUSG00000024228,ENSMUSP00000025065,1389,1,FALSE,NA,Other genes
Nudt21,ENSMUSG00000031754,ENSMUSP00000034204,684,1,FALSE,NA,Other genes
Nudt4,ENSMUSG00000020029,ENSMUSP00000020217,540,1,FALSE,NA,Other genes
Nup153,ENSMUSG00000021374,ENSMUSP00000021803,4389,1,FALSE,NA,Other genes
Nup188,ENSMUSG00000052533,ENSMUSP00000065836,5280,1,FALSE,NA,Other genes
Nup205,ENSMUSG00000038759,ENSMUSP00000144126,6186,1,FALSE,NA,Other genes
Nup210,ENSMUSG00000030091,ENSMUSP00000032179,5661,2,FALSE,NA,Other genes
Nup210l,ENSMUSG00000027939,ENSMUSP00000143368,5646,1,FALSE,NA,Other genes
Nup214,ENSMUSG00000001855,ENSMUSP00000066492,6258,7,FALSE,NA,Other genes
Nup50,ENSMUSG00000016619,ENSMUSP00000131457,1401,1,FALSE,NA,Other genes
Nup54,ENSMUSG00000034826,ENSMUSP00000046540,1533,1,FALSE,NA,Other genes
Nup85,ENSMUSG00000020739,ENSMUSP00000021085,1971,1,FALSE,NA,Other genes
Nup98,ENSMUSG00000063550,ENSMUSP00000148115,5451,1,FALSE,NA,Other genes
Nutm1,ENSMUSG00000041358,ENSMUSP00000048263,3381,1,FALSE,NA,Other genes
Nwd1,ENSMUSG00000048148,ENSMUSP00000091135,4692,2,FALSE,NA,Other genes
Nwd2,ENSMUSG00000090061,ENSMUSP00000124712,5229,1,FALSE,NA,Other genes
Nxf2,ENSMUSG00000009941,ENSMUSP00000010085,2076,1,FALSE,NA,Other genes
Nxn,ENSMUSG00000020844,ENSMUSP00000021204,1308,1,FALSE,NA,Other genes
Nxnl2,ENSMUSG00000021396,ENSMUSP00000021828,471,1,FALSE,NA,Other genes
Nxpe2,ENSMUSG00000032028,ENSMUSP00000034527,1677,1,FALSE,NA,Other genes
Nxph3,ENSMUSG00000046719,ENSMUSP00000058254,759,1,FALSE,NA,Other genes
Nyap1,ENSMUSG00000045348,ENSMUSP00000113397,2502,2,FALSE,NA,Other genes
Nynrin,ENSMUSG00000075592,ENSMUSP00000129557,5523,1,FALSE,NA,Other genes
Oas1c,ENSMUSG00000001166,ENSMUSP00000112584,1089,1,FALSE,NA,Other genes
Oas1d,ENSMUSG00000032623,ENSMUSP00000048054,1086,1,FALSE,NA,Other genes
Oas2,ENSMUSG00000032690,ENSMUSP00000080209,2256,1,FALSE,NA,Other genes
Oas3,ENSMUSG00000032661,ENSMUSP00000035588,3417,1,FALSE,NA,Other genes
Obox6,ENSMUSG00000041583,ENSMUSP00000104153,1044,1,FALSE,NA,Other genes
Obscn,ENSMUSG00000061462,ENSMUSP00000158795,26661,11,FALSE,NA,Other genes
Obsl1,ENSMUSG00000026211,ENSMUSP00000109197,5415,2,FALSE,NA,Other genes
Ocstamp,ENSMUSG00000027670,ENSMUSP00000029213,1497,1,FALSE,NA,Other genes
Odam,ENSMUSG00000009580,ENSMUSP00000117898,822,1,FALSE,NA,Other genes
Odf2,ENSMUSG00000026790,ENSMUSP00000109394,2493,2,FALSE,NA,Other genes
Odf3l2,ENSMUSG00000035963,ENSMUSP00000093117,834,1,FALSE,NA,Other genes
Ofcc1,ENSMUSG00000047094,ENSMUSP00000062217,2781,2,FALSE,NA,Other genes
Ogdhl,ENSMUSG00000021913,ENSMUSP00000022480,3090,1,FALSE,NA,Other genes
Ogfod1,ENSMUSG00000033009,ENSMUSP00000105183,1638,1,FALSE,NA,Other genes
Ogfod3,ENSMUSG00000025169,ENSMUSP00000026169,948,1,FALSE,NA,Other genes
Oit3,ENSMUSG00000009654,ENSMUSP00000009798,1641,2,FALSE,NA,Other genes
Olfr1008,ENSMUSG00000050603,ENSMUSP00000061191,942,1,FALSE,NA,Other genes
Olfr1009,ENSMUSG00000043226,ENSMUSP00000150450,945,2,FALSE,NA,Other genes
Olfr1018,ENSMUSG00000043892,ENSMUSP00000151090,936,1,FALSE,NA,Other genes
Olfr1023,ENSMUSG00000050128,ENSMUSP00000149138,936,1,FALSE,NA,Other genes
Olfr1031,ENSMUSG00000043267,ENSMUSP00000149225,1011,2,FALSE,NA,Other genes
Olfr1034,ENSMUSG00000102091,ENSMUSP00000150150,933,1,FALSE,NA,Other genes
Olfr1044,ENSMUSG00000075200,ENSMUSP00000150199,945,2,FALSE,NA,Other genes
Olfr105-ps,ENSMUSG00000094884,ENSMUSP00000154753,918,1,FALSE,NA,Other genes
Olfr1087,ENSMUSG00000075174,ENSMUSP00000149439,942,1,FALSE,NA,Other genes
Olfr1090,ENSMUSG00000075172,ENSMUSP00000150257,942,2,FALSE,NA,Other genes
Olfr1097,ENSMUSG00000075170,ENSMUSP00000150400,948,1,FALSE,NA,Other genes
Olfr11,ENSMUSG00000036658,ENSMUSP00000146091,942,1,FALSE,NA,Other genes
Olfr110,ENSMUSG00000090894,ENSMUSP00000131089,954,1,FALSE,NA,Other genes
Olfr1107,ENSMUSG00000075163,ENSMUSP00000150135,939,1,FALSE,NA,Other genes
Olfr1112,ENSMUSG00000044487,ENSMUSP00000149960,957,1,FALSE,NA,Other genes
Olfr112,ENSMUSG00000051611,ENSMUSP00000150904,963,1,FALSE,NA,Other genes
Olfr1126,ENSMUSG00000058194,ENSMUSP00000150504,945,1,FALSE,NA,Other genes
Olfr1137,ENSMUSG00000075150,ENSMUSP00000149311,933,1,FALSE,NA,Other genes
Olfr1145,ENSMUSG00000068814,ENSMUSP00000088209,978,1,FALSE,NA,Other genes
Olfr1148,ENSMUSG00000061875,ENSMUSP00000149438,945,1,FALSE,NA,Other genes
Olfr115,ENSMUSG00000092413,ENSMUSP00000152172,933,1,FALSE,NA,Other genes
Olfr1153,ENSMUSG00000048197,ENSMUSP00000057839,957,1,FALSE,NA,Other genes
Olfr1157,ENSMUSG00000075143,ENSMUSP00000097429,939,1,FALSE,NA,Other genes
Olfr1166,ENSMUSG00000101078,ENSMUSP00000149099,951,1,FALSE,NA,Other genes
Olfr1167,ENSMUSG00000100899,ENSMUSP00000149599,951,1,FALSE,NA,Other genes
Olfr1176,ENSMUSG00000050023,ENSMUSP00000149943,948,1,FALSE,NA,Other genes
Olfr1178,ENSMUSG00000056995,ENSMUSP00000150036,972,1,FALSE,NA,Other genes
Olfr1196,ENSMUSG00000075120,ENSMUSP00000149100,945,1,FALSE,NA,Other genes
Olfr1197,ENSMUSG00000075119,ENSMUSP00000150290,945,2,FALSE,NA,Other genes
Olfr1198,ENSMUSG00000075117,ENSMUSP00000150548,927,1,FALSE,NA,Other genes
Olfr121,ENSMUSG00000060017,ENSMUSP00000133865,966,1,FALSE,NA,Other genes
Olfr1214,ENSMUSG00000075110,ENSMUSP00000149049,936,1,FALSE,NA,Other genes
Olfr1216,ENSMUSG00000075107,ENSMUSP00000150674,936,1,FALSE,NA,Other genes
Olfr1222,ENSMUSG00000075101,ENSMUSP00000150144,936,1,FALSE,NA,Other genes
Olfr1224-ps1,ENSMUSG00000075099,ENSMUSP00000149046,936,1,FALSE,NA,Other genes
Olfr1228,ENSMUSG00000099486,ENSMUSP00000139920,972,3,FALSE,NA,Other genes
Olfr1231,ENSMUSG00000075093,ENSMUSP00000150310,942,1,FALSE,NA,Other genes
Olfr124,ENSMUSG00000044985,ENSMUSP00000148904,948,1,FALSE,NA,Other genes
Olfr1243,ENSMUSG00000075084,ENSMUSP00000149464,918,1,FALSE,NA,Other genes
Olfr1253,ENSMUSG00000075075,ENSMUSP00000149312,957,1,FALSE,NA,Other genes
Olfr1254,ENSMUSG00000075074,ENSMUSP00000149507,945,1,FALSE,NA,Other genes
Olfr126,ENSMUSG00000109212,ENSMUSP00000149896,960,1,FALSE,NA,Other genes
Olfr1263,ENSMUSG00000059112,ENSMUSP00000149887,921,3,FALSE,NA,Other genes
Olfr1269,ENSMUSG00000084336,ENSMUSP00000150655,930,1,FALSE,NA,Other genes
Olfr1271,ENSMUSG00000075062,ENSMUSP00000149028,918,1,FALSE,NA,Other genes
Olfr1274,ENSMUSG00000082980,ENSMUSP00000148849,930,1,FALSE,NA,Other genes
Olfr1279,ENSMUSG00000109813,ENSMUSP00000087801,942,1,FALSE,NA,Other genes
Olfr128,ENSMUSG00000059030,ENSMUSP00000151065,927,1,FALSE,NA,Other genes
Olfr1294,ENSMUSG00000109547,ENSMUSP00000146438,939,1,FALSE,NA,Other genes
Olfr1305,ENSMUSG00000074955,ENSMUSP00000149215,939,1,FALSE,NA,Other genes
Olfr1308,ENSMUSG00000074952,ENSMUSP00000146688,963,1,FALSE,NA,Other genes
Olfr1309,ENSMUSG00000109528,ENSMUSP00000146426,963,1,FALSE,NA,Other genes
Olfr1316,ENSMUSG00000109801,ENSMUSP00000097191,945,1,FALSE,NA,Other genes
Olfr1317,ENSMUSG00000050776,ENSMUSP00000150073,951,1,FALSE,NA,Other genes
Olfr1323,ENSMUSG00000050504,ENSMUSP00000149286,930,1,FALSE,NA,Other genes
Olfr133,ENSMUSG00000063240,ENSMUSP00000149451,939,1,FALSE,NA,Other genes
Olfr1330,ENSMUSG00000073768,ENSMUSP00000101968,948,1,FALSE,NA,Other genes
Olfr1333,ENSMUSG00000110947,ENSMUSP00000075398,954,2,FALSE,NA,Other genes
Olfr1339,ENSMUSG00000070820,ENSMUSP00000148988,948,1,FALSE,NA,Other genes
Olfr1340,ENSMUSG00000070821,ENSMUSP00000149563,948,1,FALSE,NA,Other genes
Olfr135,ENSMUSG00000057801,ENSMUSP00000150535,939,2,FALSE,NA,Other genes
Olfr1364,ENSMUSG00000046016,ENSMUSP00000145658,945,1,FALSE,NA,Other genes
Olfr1369-ps1,ENSMUSG00000060404,ENSMUSP00000150565,954,2,FALSE,NA,Other genes
Olfr138,ENSMUSG00000057443,ENSMUSP00000133828,939,1,FALSE,NA,Other genes
Olfr1380,ENSMUSG00000107645,ENSMUSP00000151039,936,2,FALSE,NA,Other genes
Olfr1384,ENSMUSG00000044170,ENSMUSP00000149183,957,1,FALSE,NA,Other genes
Olfr1385,ENSMUSG00000059729,ENSMUSP00000150035,930,1,FALSE,NA,Other genes
Olfr1386,ENSMUSG00000108167,ENSMUSP00000145320,930,1,FALSE,NA,Other genes
Olfr1388,ENSMUSG00000047702,ENSMUSP00000150160,936,1,FALSE,NA,Other genes
Olfr1390,ENSMUSG00000045421,ENSMUSP00000151059,936,1,FALSE,NA,Other genes
Olfr1396,ENSMUSG00000047511,ENSMUSP00000056876,948,1,FALSE,NA,Other genes
Olfr1408,ENSMUSG00000062527,ENSMUSP00000143864,933,1,FALSE,NA,Other genes
Olfr1411,ENSMUSG00000062497,ENSMUSP00000140373,972,1,FALSE,NA,Other genes
Olfr1419,ENSMUSG00000067545,ENSMUSP00000148848,1032,1,FALSE,NA,Other genes
Olfr1441,ENSMUSG00000050815,ENSMUSP00000150555,957,1,FALSE,NA,Other genes
Olfr1442,ENSMUSG00000044441,ENSMUSP00000147051,939,1,FALSE,NA,Other genes
Olfr1444,ENSMUSG00000046272,ENSMUSP00000150212,960,1,FALSE,NA,Other genes
Olfr145,ENSMUSG00000066748,ENSMUSP00000083229,933,1,FALSE,NA,Other genes
Olfr1469,ENSMUSG00000063777,ENSMUSP00000150006,930,1,FALSE,NA,Other genes
Olfr147,ENSMUSG00000049098,ENSMUSP00000051933,954,1,FALSE,NA,Other genes
Olfr149,ENSMUSG00000062121,ENSMUSP00000149664,936,1,FALSE,NA,Other genes
Olfr1504,ENSMUSG00000059105,ENSMUSP00000146610,948,1,FALSE,NA,Other genes
Olfr1513,ENSMUSG00000095030,ENSMUSP00000149216,942,1,FALSE,NA,Other genes
Olfr168,ENSMUSG00000061361,ENSMUSP00000149405,939,1,FALSE,NA,Other genes
Olfr169,ENSMUSG00000068535,ENSMUSP00000150528,942,1,FALSE,NA,Other genes
Olfr170,ENSMUSG00000062245,ENSMUSP00000151806,942,1,FALSE,NA,Other genes
Olfr175,ENSMUSG00000060663,ENSMUSP00000150202,927,1,FALSE,NA,Other genes
Olfr178,ENSMUSG00000044029,ENSMUSP00000145885,960,1,FALSE,NA,Other genes
Olfr20,ENSMUSG00000062128,ENSMUSP00000114110,945,1,FALSE,NA,Other genes
Olfr205,ENSMUSG00000094422,ENSMUSP00000149415,918,1,FALSE,NA,Other genes
Olfr211,ENSMUSG00000053391,ENSMUSP00000145330,930,1,FALSE,NA,Other genes
Olfr212,ENSMUSG00000053251,ENSMUSP00000075164,984,1,FALSE,NA,Other genes
Olfr220,ENSMUSG00000066671,ENSMUSP00000141919,978,1,FALSE,NA,Other genes
Olfr224,ENSMUSG00000059279,ENSMUSP00000150140,945,1,FALSE,NA,Other genes
Olfr235,ENSMUSG00000060049,ENSMUSP00000146532,939,1,FALSE,NA,Other genes
Olfr237,ENSMUSG00000094200,ENSMUSP00000149261,933,1,FALSE,NA,Other genes
Olfr24,ENSMUSG00000054141,ENSMUSP00000149702,942,1,FALSE,NA,Other genes
Olfr263,ENSMUSG00000071522,ENSMUSP00000149892,954,1,FALSE,NA,Other genes
Olfr275,ENSMUSG00000089717,ENSMUSP00000092700,960,1,FALSE,NA,Other genes
Olfr281,ENSMUSG00000032987,ENSMUSP00000150530,936,1,FALSE,NA,Other genes
Olfr286,ENSMUSG00000059460,ENSMUSP00000154601,975,1,FALSE,NA,Other genes
Olfr292,ENSMUSG00000060688,ENSMUSP00000079060,927,3,FALSE,NA,Other genes
Olfr294,ENSMUSG00000062042,ENSMUSP00000077662,1008,1,FALSE,NA,Other genes
Olfr307,ENSMUSG00000055610,ENSMUSP00000151140,942,1,FALSE,NA,Other genes
Olfr312,ENSMUSG00000096806,ENSMUSP00000149697,927,1,FALSE,NA,Other genes
Olfr313,ENSMUSG00000070438,ENSMUSP00000150529,927,2,FALSE,NA,Other genes
Olfr314,ENSMUSG00000059504,ENSMUSP00000145387,993,2,FALSE,NA,Other genes
Olfr324,ENSMUSG00000056564,ENSMUSP00000056457,1002,1,FALSE,NA,Other genes
Olfr342,ENSMUSG00000111869,ENSMUSP00000149751,939,1,FALSE,NA,Other genes
Olfr351,ENSMUSG00000075383,ENSMUSP00000149369,933,2,FALSE,NA,Other genes
Olfr356,ENSMUSG00000070943,ENSMUSP00000092631,948,1,FALSE,NA,Other genes
Olfr365,ENSMUSG00000059429,ENSMUSP00000150139,939,1,FALSE,NA,Other genes
Olfr370,ENSMUSG00000047286,ENSMUSP00000149251,945,1,FALSE,NA,Other genes
Olfr372,ENSMUSG00000069998,ENSMUSP00000149288,945,1,FALSE,NA,Other genes
Olfr374,ENSMUSG00000046881,ENSMUSP00000147605,942,1,FALSE,NA,Other genes
Olfr376,ENSMUSG00000063881,ENSMUSP00000077977,963,2,FALSE,NA,Other genes
Olfr380,ENSMUSG00000072709,ENSMUSP00000112462,936,1,FALSE,NA,Other genes
Olfr381,ENSMUSG00000072708,ENSMUSP00000148899,936,1,FALSE,NA,Other genes
Olfr382,ENSMUSG00000095312,ENSMUSP00000091575,939,1,FALSE,NA,Other genes
Olfr385,ENSMUSG00000095095,ENSMUSP00000149293,939,1,FALSE,NA,Other genes
Olfr389,ENSMUSG00000070383,ENSMUSP00000149734,939,1,FALSE,NA,Other genes
Olfr391,ENSMUSG00000070382,ENSMUSP00000151029,939,1,FALSE,NA,Other genes
Olfr401,ENSMUSG00000070380,ENSMUSP00000149542,948,1,FALSE,NA,Other genes
Olfr457,ENSMUSG00000091983,ENSMUSP00000144914,942,1,FALSE,NA,Other genes
Olfr46,ENSMUSG00000093942,ENSMUSP00000072445,957,2,FALSE,NA,Other genes
Olfr464,ENSMUSG00000060787,ENSMUSP00000149777,942,1,FALSE,NA,Other genes
Olfr466,ENSMUSG00000049806,ENSMUSP00000149328,927,3,FALSE,NA,Other genes
Olfr469,ENSMUSG00000095910,ENSMUSP00000150486,945,1,FALSE,NA,Other genes
Olfr470,ENSMUSG00000109542,ENSMUSP00000151543,945,1,FALSE,NA,Other genes
Olfr476,ENSMUSG00000095301,ENSMUSP00000149760,933,1,FALSE,NA,Other genes
Olfr479,ENSMUSG00000043855,ENSMUSP00000149060,984,2,FALSE,NA,Other genes
Olfr482,ENSMUSG00000059031,ENSMUSP00000150755,972,1,FALSE,NA,Other genes
Olfr485,ENSMUSG00000108995,ENSMUSP00000147194,954,1,FALSE,NA,Other genes
Olfr493,ENSMUSG00000093980,ENSMUSP00000079005,945,2,FALSE,NA,Other genes
Olfr506,ENSMUSG00000058244,ENSMUSP00000147623,945,1,FALSE,NA,Other genes
Olfr51,ENSMUSG00000060918,ENSMUSP00000151005,924,1,FALSE,NA,Other genes
Olfr512,ENSMUSG00000056946,ENSMUSP00000074291,981,2,FALSE,NA,Other genes
Olfr513,ENSMUSG00000051200,ENSMUSP00000149440,930,1,FALSE,NA,Other genes
Olfr518,ENSMUSG00000046431,ENSMUSP00000151883,1002,1,FALSE,NA,Other genes
Olfr524,ENSMUSG00000050366,ENSMUSP00000150970,957,1,FALSE,NA,Other genes
Olfr530,ENSMUSG00000060974,ENSMUSP00000149475,924,1,FALSE,NA,Other genes
Olfr532,ENSMUSG00000063823,ENSMUSP00000150798,930,1,FALSE,NA,Other genes
Olfr536,ENSMUSG00000052508,ENSMUSP00000149758,924,1,FALSE,NA,Other genes
Olfr54,ENSMUSG00000059397,ENSMUSP00000148863,942,1,FALSE,NA,Other genes
Olfr541,ENSMUSG00000057997,ENSMUSP00000148238,939,1,FALSE,NA,Other genes
Olfr550,ENSMUSG00000073975,ENSMUSP00000149536,951,1,FALSE,NA,Other genes
Olfr552,ENSMUSG00000073973,ENSMUSP00000150317,954,1,FALSE,NA,Other genes
Olfr553,ENSMUSG00000073972,ENSMUSP00000149901,981,1,FALSE,NA,Other genes
Olfr561,ENSMUSG00000073966,ENSMUSP00000095819,945,1,FALSE,NA,Other genes
Olfr564,ENSMUSG00000048469,ENSMUSP00000129376,951,1,FALSE,NA,Other genes
Olfr568,ENSMUSG00000073965,ENSMUSP00000095818,942,1,FALSE,NA,Other genes
Olfr575,ENSMUSG00000066269,ENSMUSP00000081873,957,1,FALSE,NA,Other genes
Olfr583,ENSMUSG00000073960,ENSMUSP00000095812,960,1,FALSE,NA,Other genes
Olfr584,ENSMUSG00000073959,ENSMUSP00000095811,960,1,FALSE,NA,Other genes
Olfr585,ENSMUSG00000078080,ENSMUSP00000100476,957,2,FALSE,NA,Other genes
Olfr593,ENSMUSG00000073955,ENSMUSP00000095807,984,1,FALSE,NA,Other genes
Olfr594,ENSMUSG00000073954,ENSMUSP00000149847,936,1,FALSE,NA,Other genes
Olfr601,ENSMUSG00000109951,ENSMUSP00000150751,945,2,FALSE,NA,Other genes
Olfr615,ENSMUSG00000073947,ENSMUSP00000148872,942,1,FALSE,NA,Other genes
Olfr617,ENSMUSG00000073946,ENSMUSP00000149045,957,1,FALSE,NA,Other genes
Olfr618,ENSMUSG00000073945,ENSMUSP00000151147,957,1,FALSE,NA,Other genes
Olfr619,ENSMUSG00000073944,ENSMUSP00000150630,963,1,FALSE,NA,Other genes
Olfr623,ENSMUSG00000099687,ENSMUSP00000150141,954,1,FALSE,NA,Other genes
Olfr631,ENSMUSG00000042219,ENSMUSP00000102476,960,1,FALSE,NA,Other genes
Olfr639,ENSMUSG00000066263,ENSMUSP00000149743,951,1,FALSE,NA,Other genes
Olfr654,ENSMUSG00000073925,ENSMUSP00000095775,1026,1,FALSE,NA,Other genes
Olfr658,ENSMUSG00000070421,ENSMUSP00000086711,972,1,FALSE,NA,Other genes
Olfr661,ENSMUSG00000073920,ENSMUSP00000151208,960,1,FALSE,NA,Other genes
Olfr671,ENSMUSG00000094531,ENSMUSP00000148008,954,1,FALSE,NA,Other genes
Olfr678,ENSMUSG00000073913,ENSMUSP00000150213,942,2,FALSE,NA,Other genes
Olfr681,ENSMUSG00000095248,ENSMUSP00000150733,948,1,FALSE,NA,Other genes
Olfr684,ENSMUSG00000047225,ENSMUSP00000149627,939,1,FALSE,NA,Other genes
Olfr700,ENSMUSG00000094493,ENSMUSP00000150320,951,1,FALSE,NA,Other genes
Olfr720,ENSMUSG00000052417,ENSMUSP00000146132,951,1,FALSE,NA,Other genes
Olfr732,ENSMUSG00000091873,ENSMUSP00000148984,927,1,FALSE,NA,Other genes
Olfr735,ENSMUSG00000046210,ENSMUSP00000056851,1065,1,FALSE,NA,Other genes
Olfr739,ENSMUSG00000057903,ENSMUSP00000150559,930,1,FALSE,NA,Other genes
Olfr745,ENSMUSG00000050028,ENSMUSP00000050184,987,2,FALSE,NA,Other genes
Olfr747,ENSMUSG00000057179,ENSMUSP00000145625,942,1,FALSE,NA,Other genes
Olfr763,ENSMUSG00000063374,ENSMUSP00000076671,930,1,FALSE,NA,Other genes
Olfr769,ENSMUSG00000042801,ENSMUSP00000149352,939,1,FALSE,NA,Other genes
Olfr770,ENSMUSG00000047868,ENSMUSP00000144950,936,1,FALSE,NA,Other genes
Olfr771,ENSMUSG00000061367,ENSMUSP00000151108,954,1,FALSE,NA,Other genes
Olfr782,ENSMUSG00000095075,ENSMUSP00000150951,945,1,FALSE,NA,Other genes
Olfr799,ENSMUSG00000094734,ENSMUSP00000149485,936,1,FALSE,NA,Other genes
Olfr801,ENSMUSG00000058513,ENSMUSP00000148943,957,2,FALSE,NA,Other genes
Olfr812,ENSMUSG00000049052,ENSMUSP00000145482,933,1,FALSE,NA,Other genes
Olfr821,ENSMUSG00000044897,ENSMUSP00000144938,933,1,FALSE,NA,Other genes
Olfr824,ENSMUSG00000095804,ENSMUSP00000150662,948,1,FALSE,NA,Other genes
Olfr826,ENSMUSG00000059862,ENSMUSP00000144755,942,1,FALSE,NA,Other genes
Olfr829,ENSMUSG00000051414,ENSMUSP00000058101,966,1,FALSE,NA,Other genes
Olfr830,ENSMUSG00000062868,ENSMUSP00000077903,948,2,FALSE,NA,Other genes
Olfr857,ENSMUSG00000094678,ENSMUSP00000150889,930,2,FALSE,NA,Other genes
Olfr860,ENSMUSG00000066905,ENSMUSP00000130735,954,1,FALSE,NA,Other genes
Olfr872,ENSMUSG00000066897,ENSMUSP00000083665,972,1,FALSE,NA,Other genes
Olfr877,ENSMUSG00000066749,ENSMUSP00000150698,936,1,FALSE,NA,Other genes
Olfr895,ENSMUSG00000096427,ENSMUSP00000091387,951,1,FALSE,NA,Other genes
Olfr898,ENSMUSG00000094588,ENSMUSP00000075824,951,1,FALSE,NA,Other genes
Olfr9,ENSMUSG00000069430,ENSMUSP00000089622,939,1,FALSE,NA,Other genes
Olfr933,ENSMUSG00000058515,ENSMUSP00000149292,927,1,FALSE,NA,Other genes
Olfr937,ENSMUSG00000094182,ENSMUSP00000150274,936,2,FALSE,NA,Other genes
Olfr944,ENSMUSG00000096555,ENSMUSP00000150471,936,1,FALSE,NA,Other genes
Olfr945,ENSMUSG00000063380,ENSMUSP00000076169,960,1,FALSE,NA,Other genes
Olfr952,ENSMUSG00000058856,ENSMUSP00000073558,945,3,FALSE,NA,Other genes
Olfr957,ENSMUSG00000095322,ENSMUSP00000149559,936,1,FALSE,NA,Other genes
Olfr96,ENSMUSG00000064121,ENSMUSP00000150010,942,1,FALSE,NA,Other genes
Olfr965,ENSMUSG00000095839,ENSMUSP00000150401,939,2,FALSE,NA,Other genes
Olfr971,ENSMUSG00000093934,ENSMUSP00000148850,924,1,FALSE,NA,Other genes
Olfr978,ENSMUSG00000044292,ENSMUSP00000151115,936,1,FALSE,NA,Other genes
Olfr979,ENSMUSG00000059473,ENSMUSP00000148903,936,1,FALSE,NA,Other genes
Olfr98,ENSMUSG00000063660,ENSMUSP00000094936,930,2,FALSE,NA,Other genes
Olfr981,ENSMUSG00000046678,ENSMUSP00000149436,933,1,FALSE,NA,Other genes
Olfr982,ENSMUSG00000049010,ENSMUSP00000052705,966,1,FALSE,NA,Other genes
Olfr983,ENSMUSG00000044205,ENSMUSP00000083206,948,1,FALSE,NA,Other genes
Olfr985,ENSMUSG00000049073,ENSMUSP00000149371,936,1,FALSE,NA,Other genes
Olfr99,ENSMUSG00000061972,ENSMUSP00000148900,918,1,FALSE,NA,Other genes
Olfr992,ENSMUSG00000075221,ENSMUSP00000149333,930,1,FALSE,NA,Other genes
Olfr996,ENSMUSG00000111179,ENSMUSP00000076330,945,1,FALSE,NA,Other genes
Oma1,ENSMUSG00000035069,ENSMUSP00000045269,1566,1,FALSE,NA,Other genes
Omt2a,ENSMUSG00000066463,ENSMUSP00000126342,303,1,FALSE,NA,Other genes
Oplah,ENSMUSG00000022562,ENSMUSP00000129100,3867,3,FALSE,NA,Other genes
Opn4,ENSMUSG00000021799,ENSMUSP00000022331,1566,2,FALSE,NA,Other genes
Oprl1,ENSMUSG00000027584,ENSMUSP00000071513,1104,1,FALSE,NA,Other genes
Optn,ENSMUSG00000026672,ENSMUSP00000110648,1755,1,FALSE,NA,Other genes
Os9,ENSMUSG00000040462,ENSMUSP00000128914,2019,3,FALSE,NA,Other genes
Osbpl11,ENSMUSG00000022807,ENSMUSP00000155873,2274,1,FALSE,NA,Other genes
Osbpl1a,ENSMUSG00000044252,ENSMUSP00000073957,2853,1,FALSE,NA,Other genes
Osbpl3,ENSMUSG00000029822,ENSMUSP00000087473,2661,1,FALSE,NA,Other genes
Osbpl9,ENSMUSG00000028559,ENSMUSP00000141991,2241,1,FALSE,NA,Other genes
Osm,ENSMUSG00000058755,ENSMUSP00000074708,792,1,FALSE,NA,Other genes
Osmr,ENSMUSG00000022146,ENSMUSP00000022746,2916,1,FALSE,NA,Other genes
Osr1,ENSMUSG00000048387,ENSMUSP00000055486,801,1,FALSE,NA,Other genes
Otoa,ENSMUSG00000034990,ENSMUSP00000044177,3414,1,FALSE,NA,Other genes
Otof,ENSMUSG00000062372,ENSMUSP00000073803,5994,1,FALSE,NA,Other genes
Otop2,ENSMUSG00000050201,ENSMUSP00000062109,1692,1,FALSE,NA,Other genes
Otud5,ENSMUSG00000031154,ENSMUSP00000111331,1716,1,FALSE,NA,Other genes
Otulinl,ENSMUSG00000056069,ENSMUSP00000154664,1062,1,FALSE,NA,Other genes
Ovgp1,ENSMUSG00000074340,ENSMUSP00000000573,2166,5,FALSE,NA,Other genes
Oxa1l,ENSMUSG00000000959,ENSMUSP00000000985,1302,2,FALSE,NA,Other genes
Oxct1,ENSMUSG00000022186,ENSMUSP00000106318,1563,1,FALSE,NA,Other genes
Oxgr1,ENSMUSG00000044819,ENSMUSP00000055137,1014,1,FALSE,NA,Other genes
Oxsr1,ENSMUSG00000036737,ENSMUSP00000042155,1584,1,FALSE,NA,Other genes
P2rx4,ENSMUSG00000029470,ENSMUSP00000031429,1167,1,FALSE,NA,Other genes
P2rx6,ENSMUSG00000022758,ENSMUSP00000023441,1170,1,FALSE,NA,Other genes
P2rx7,ENSMUSG00000029468,ENSMUSP00000098303,1788,1,FALSE,NA,Other genes
P2ry4,ENSMUSG00000044359,ENSMUSP00000055869,1086,1,FALSE,NA,Other genes
P2ry6,ENSMUSG00000048779,ENSMUSP00000055697,987,1,FALSE,NA,Other genes
P3h1,ENSMUSG00000028641,ENSMUSP00000099723,2247,1,FALSE,NA,Other genes
P3h2,ENSMUSG00000038168,ENSMUSP00000038056,2112,2,FALSE,NA,Other genes
P3h3,ENSMUSG00000023191,ENSMUSP00000023958,2199,1,FALSE,NA,Other genes
P4ha2,ENSMUSG00000018906,ENSMUSP00000019050,1614,1,FALSE,NA,Other genes
Pabpc2,ENSMUSG00000051732,ENSMUSP00000066639,1887,1,FALSE,NA,Other genes
Pacs1,ENSMUSG00000024855,ENSMUSP00000025786,2886,1,FALSE,NA,Other genes
Pacs2,ENSMUSG00000021143,ENSMUSP00000152439,2685,1,FALSE,NA,Other genes
Pacsin1,ENSMUSG00000040276,ENSMUSP00000110523,1326,1,FALSE,NA,Other genes
Padi4,ENSMUSG00000025330,ENSMUSP00000026381,2001,1,FALSE,NA,Other genes
Paf1,ENSMUSG00000003437,ENSMUSP00000003529,1608,1,FALSE,NA,Other genes
Pag1,ENSMUSG00000027508,ENSMUSP00000124529,1290,1,FALSE,NA,Other genes
Pak1,ENSMUSG00000030774,ENSMUSP00000146055,1635,1,FALSE,NA,Other genes
Pak1ip1,ENSMUSG00000038683,ENSMUSP00000040846,1149,1,FALSE,NA,Other genes
Pak6,ENSMUSG00000074923,ENSMUSP00000097153,2049,1,FALSE,NA,Other genes
Palld,ENSMUSG00000058056,ENSMUSP00000112442,4227,5,FALSE,NA,Other genes
Pamr1,ENSMUSG00000027188,ENSMUSP00000028612,2163,1,FALSE,NA,Other genes
Pank1,ENSMUSG00000033610,ENSMUSP00000043562,1647,1,FALSE,NA,Other genes
Papln,ENSMUSG00000021223,ENSMUSP00000113806,3909,2,FALSE,NA,Other genes
Papola,ENSMUSG00000021111,ENSMUSP00000105527,2220,1,FALSE,NA,Other genes
Papolb,ENSMUSG00000074817,ENSMUSP00000100595,1929,1,FALSE,NA,Other genes
Papolg,ENSMUSG00000020273,ENSMUSP00000020513,2220,1,FALSE,NA,Other genes
Pappa,ENSMUSG00000028370,ENSMUSP00000081545,4875,1,FALSE,NA,Other genes
Pappa2,ENSMUSG00000073530,ENSMUSP00000124022,5370,2,FALSE,NA,Other genes
Papss2,ENSMUSG00000024899,ENSMUSP00000025833,1866,1,FALSE,NA,Other genes
Paqr5,ENSMUSG00000032278,ENSMUSP00000034817,993,1,FALSE,NA,Other genes
Paqr9,ENSMUSG00000064225,ENSMUSP00000078547,1128,1,FALSE,NA,Other genes
Pard3b,ENSMUSG00000052062,ENSMUSP00000074837,3612,1,FALSE,NA,Other genes
Pard6a,ENSMUSG00000005699,ENSMUSP00000090886,1041,1,FALSE,NA,Other genes
Parg,ENSMUSG00000021911,ENSMUSP00000022470,2886,1,FALSE,NA,Other genes
Parp14,ENSMUSG00000034422,ENSMUSP00000037657,5454,2,FALSE,NA,Other genes
Parp16,ENSMUSG00000032392,ENSMUSP00000149927,969,1,FALSE,NA,Other genes
Parp2,ENSMUSG00000036023,ENSMUSP00000048877,1680,1,FALSE,NA,Other genes
Parp4,ENSMUSG00000054509,ENSMUSP00000124258,5910,1,FALSE,NA,Other genes
Parp8,ENSMUSG00000021725,ENSMUSP00000022239,2676,1,FALSE,NA,Other genes
Pars2,ENSMUSG00000043572,ENSMUSP00000102393,1536,1,FALSE,NA,Other genes
Pate14,ENSMUSG00000070313,ENSMUSP00000091391,300,1,FALSE,NA,Other genes
Pate7,ENSMUSG00000090738,ENSMUSP00000129553,330,1,FALSE,NA,Other genes
Pate8,ENSMUSG00000091248,ENSMUSP00000126891,330,1,FALSE,NA,Other genes
Patj,ENSMUSG00000061859,ENSMUSP00000158719,5577,3,FALSE,NA,Other genes
Patl1,ENSMUSG00000046139,ENSMUSP00000060398,2313,1,FALSE,NA,Other genes
Pax1,ENSMUSG00000037034,ENSMUSP00000105594,1341,1,FALSE,NA,Other genes
Pax2,ENSMUSG00000004231,ENSMUSP00000004340,1251,2,FALSE,NA,Other genes
Pax3,ENSMUSG00000004872,ENSMUSP00000004994,1455,1,FALSE,NA,Other genes
Pax7,ENSMUSG00000028736,ENSMUSP00000133536,1518,1,FALSE,NA,Other genes
Paxip1,ENSMUSG00000002221,ENSMUSP00000002291,3171,3,FALSE,NA,Other genes
Pbx1,ENSMUSG00000052534,ENSMUSP00000135516,1293,1,FALSE,NA,Other genes
Pbx4,ENSMUSG00000031860,ENSMUSP00000080219,1137,1,FALSE,NA,Other genes
Pcbd1,ENSMUSG00000020098,ENSMUSP00000020298,315,1,FALSE,NA,Other genes
Pcbp2,ENSMUSG00000056851,ENSMUSP00000076294,1089,1,FALSE,NA,Other genes
Pcbp3,ENSMUSG00000001120,ENSMUSP00000001148,1116,2,FALSE,NA,Other genes
Pcbp4,ENSMUSG00000023495,ENSMUSP00000024260,1212,2,FALSE,NA,Other genes
Pcca,ENSMUSG00000041650,ENSMUSP00000038763,2175,1,FALSE,NA,Other genes
Pcdh10,ENSMUSG00000049100,ENSMUSP00000131073,3174,1,FALSE,NA,Other genes
Pcdh15,ENSMUSG00000052613,ENSMUSP00000141792,5832,1,FALSE,NA,Other genes
Pcdh17,ENSMUSG00000035566,ENSMUSP00000071325,3474,1,FALSE,NA,Other genes
Pcdh18,ENSMUSG00000037892,ENSMUSP00000039245,3405,1,FALSE,NA,Other genes
Pcdh19,ENSMUSG00000051323,ENSMUSP00000116886,3438,1,FALSE,NA,Other genes
Pcdh9,ENSMUSG00000055421,ENSMUSP00000141396,3714,2,FALSE,NA,Other genes
Pcdha1,ENSMUSG00000103442,ENSMUSP00000068828,2847,4,FALSE,NA,Other genes
Pcdha11,ENSMUSG00000102206,ENSMUSP00000111321,2853,1,FALSE,NA,Other genes
Pcdha12,ENSMUSG00000103310,ENSMUSP00000047609,2853,1,FALSE,NA,Other genes
Pcdha2,ENSMUSG00000104148,ENSMUSP00000111326,2847,6,FALSE,NA,Other genes
Pcdha3,ENSMUSG00000102312,ENSMUSP00000141989,2829,2,FALSE,NA,Other genes
Pcdha5,ENSMUSG00000103092,ENSMUSP00000142293,2805,4,FALSE,NA,Other genes
Pcdhb10,ENSMUSG00000045657,ENSMUSP00000056420,2394,2,FALSE,NA,Other genes
Pcdhb11,ENSMUSG00000051486,ENSMUSP00000056148,2394,1,FALSE,NA,Other genes
Pcdhb12,ENSMUSG00000043458,ENSMUSP00000050357,2370,1,FALSE,NA,Other genes
Pcdhb13,ENSMUSG00000047307,ENSMUSP00000061087,2391,3,FALSE,NA,Other genes
Pcdhb14,ENSMUSG00000044043,ENSMUSP00000054111,2391,1,FALSE,NA,Other genes
Pcdhb15,ENSMUSG00000047033,ENSMUSP00000059598,2361,1,FALSE,NA,Other genes
Pcdhb16,ENSMUSG00000047910,ENSMUSP00000056347,2409,1,FALSE,NA,Other genes
Pcdhb18,ENSMUSG00000048347,ENSMUSP00000052113,2379,1,FALSE,NA,Other genes
Pcdhb19,ENSMUSG00000043313,ENSMUSP00000053326,2406,1,FALSE,NA,Other genes
Pcdhb2,ENSMUSG00000051599,ENSMUSP00000057921,2400,2,FALSE,NA,Other genes
Pcdhb21,ENSMUSG00000044022,ENSMUSP00000056424,2325,2,FALSE,NA,Other genes
Pcdhb22,ENSMUSG00000073591,ENSMUSP00000141521,2385,2,FALSE,NA,Other genes
Pcdhb4,ENSMUSG00000045689,ENSMUSP00000059770,2355,2,FALSE,NA,Other genes
Pcdhb5,ENSMUSG00000063687,ENSMUSP00000077389,2379,1,FALSE,NA,Other genes
Pcdhb7,ENSMUSG00000045062,ENSMUSP00000051041,2490,2,FALSE,NA,Other genes
Pcdhb9,ENSMUSG00000051242,ENSMUSP00000058801,2487,1,FALSE,NA,Other genes
Pcdhga11,ENSMUSG00000102742,ENSMUSP00000058362,2802,2,FALSE,NA,Other genes
Pcdhga7,ENSMUSG00000103472,ENSMUSP00000141704,2808,1,FALSE,NA,Other genes
Pcdhga8,ENSMUSG00000103897,ENSMUSP00000067728,2799,1,FALSE,NA,Other genes
Pcdhgb4,ENSMUSG00000103585,ENSMUSP00000142227,2739,1,FALSE,NA,Other genes
Pcdhgb6,ENSMUSG00000103088,ENSMUSP00000003599,2793,1,FALSE,NA,Other genes
Pcdhgb7,ENSMUSG00000104063,ENSMUSP00000141997,2790,2,FALSE,NA,Other genes
Pced1a,ENSMUSG00000037773,ENSMUSP00000087009,1350,1,FALSE,NA,Other genes
Pck1,ENSMUSG00000027513,ENSMUSP00000029017,1869,2,FALSE,NA,Other genes
Pck2,ENSMUSG00000040618,ENSMUSP00000038555,2004,2,FALSE,NA,Other genes
Pclo,ENSMUSG00000061601,ENSMUSP00000030691,15207,1,FALSE,NA,Other genes
Pcnt,ENSMUSG00000001151,ENSMUSP00000001179,8751,1,FALSE,NA,Other genes
Pcnx,ENSMUSG00000021140,ENSMUSP00000021567,7035,1,FALSE,NA,Other genes
Pcnx2,ENSMUSG00000060212,ENSMUSP00000042294,6369,1,FALSE,NA,Other genes
Pcnx3,ENSMUSG00000054874,ENSMUSP00000109245,6087,2,FALSE,NA,Other genes
Pcnx4,ENSMUSG00000034501,ENSMUSP00000038916,3534,1,FALSE,NA,Other genes
Pcolce,ENSMUSG00000029718,ENSMUSP00000057002,1482,1,FALSE,NA,Other genes
Pcsk1,ENSMUSG00000021587,ENSMUSP00000022075,2262,4,FALSE,NA,Other genes
Pcsk5,ENSMUSG00000024713,ENSMUSP00000025618,5634,2,FALSE,NA,Other genes
Pcsk6,ENSMUSG00000030513,ENSMUSP00000053742,2880,1,FALSE,NA,Other genes
Pcsk7,ENSMUSG00000035382,ENSMUSP00000047508,2313,3,FALSE,NA,Other genes
Pcsk9,ENSMUSG00000044254,ENSMUSP00000055757,2085,1,FALSE,NA,Other genes
Pcyt1b,ENSMUSG00000035246,ENSMUSP00000044280,1110,1,FALSE,NA,Other genes
Pdc,ENSMUSG00000006007,ENSMUSP00000141136,735,1,FALSE,NA,Other genes
Pde11a,ENSMUSG00000075270,ENSMUSP00000097572,2802,1,FALSE,NA,Other genes
Pde1b,ENSMUSG00000022489,ENSMUSP00000023132,1608,1,FALSE,NA,Other genes
Pde3b,ENSMUSG00000030671,ENSMUSP00000032909,3300,1,FALSE,NA,Other genes
Pde4c,ENSMUSG00000031842,ENSMUSP00000159363,2136,1,FALSE,NA,Other genes
Pde4d,ENSMUSG00000021699,ENSMUSP00000112991,2412,1,FALSE,NA,Other genes
Pde4dip,ENSMUSG00000038170,ENSMUSP00000088254,7392,8,FALSE,NA,Other genes
Pde6b,ENSMUSG00000029491,ENSMUSP00000031456,2571,1,FALSE,NA,Other genes
Pde8a,ENSMUSG00000025584,ENSMUSP00000026672,2472,1,FALSE,NA,Other genes
Pde8b,ENSMUSG00000021684,ENSMUSP00000070465,2598,1,FALSE,NA,Other genes
Pde9a,ENSMUSG00000041119,ENSMUSP00000038005,1605,1,FALSE,NA,Other genes
Pdgfra,ENSMUSG00000029231,ENSMUSP00000000476,3270,1,FALSE,NA,Other genes
Pdgfrb,ENSMUSG00000024620,ENSMUSP00000110929,3312,1,FALSE,NA,Other genes
Pdha1,ENSMUSG00000031299,ENSMUSP00000033662,1173,2,FALSE,NA,Other genes
Pdhb,ENSMUSG00000021748,ENSMUSP00000022268,1080,1,FALSE,NA,Other genes
Pdhx,ENSMUSG00000010914,ENSMUSP00000011058,1506,1,FALSE,NA,Other genes
Pdk1,ENSMUSG00000006494,ENSMUSP00000006669,1305,1,FALSE,NA,Other genes
Pdk3,ENSMUSG00000035232,ENSMUSP00000036604,1248,1,FALSE,NA,Other genes
Pdlim5,ENSMUSG00000028273,ENSMUSP00000142737,1845,1,FALSE,NA,Other genes
Pdp2,ENSMUSG00000048371,ENSMUSP00000092821,1599,1,FALSE,NA,Other genes
Pdpk1,ENSMUSG00000024122,ENSMUSP00000099991,1680,1,FALSE,NA,Other genes
Pdpn,ENSMUSG00000028583,ENSMUSP00000030317,519,1,FALSE,NA,Other genes
Pdpr,ENSMUSG00000033624,ENSMUSP00000046639,2637,1,FALSE,NA,Other genes
Pds5a,ENSMUSG00000029202,ENSMUSP00000144171,3999,2,FALSE,NA,Other genes
Pdxp,ENSMUSG00000116165,ENSMUSP00000086796,879,1,FALSE,NA,Other genes
Pdzd4,ENSMUSG00000002006,ENSMUSP00000002080,2319,1,FALSE,NA,Other genes
Pdzd8,ENSMUSG00000074746,ENSMUSP00000096880,3444,2,FALSE,NA,Other genes
Pdzph1,ENSMUSG00000024227,ENSMUSP00000025064,3717,1,FALSE,NA,Other genes
Pdzrn3,ENSMUSG00000035357,ENSMUSP00000075376,3192,1,FALSE,NA,Other genes
Pdzrn4,ENSMUSG00000036218,ENSMUSP00000133159,3045,1,FALSE,NA,Other genes
Peak1,ENSMUSG00000074305,ENSMUSP00000109901,5208,2,FALSE,NA,Other genes
Pecam1,ENSMUSG00000020717,ENSMUSP00000067111,2199,2,FALSE,NA,Other genes
Pecr,ENSMUSG00000026189,ENSMUSP00000027381,912,1,FALSE,NA,Other genes
Peg10,ENSMUSG00000092035,ENSMUSP00000127306,3018,13,FALSE,NA,Other genes
Peg3,ENSMUSG00000002265,ENSMUSP00000159154,4899,1,FALSE,NA,Other genes
Pelp1,ENSMUSG00000018921,ENSMUSP00000019065,3372,1,FALSE,NA,Other genes
Penk,ENSMUSG00000045573,ENSMUSP00000066822,807,1,FALSE,NA,Other genes
Per1,ENSMUSG00000020893,ENSMUSP00000021271,3876,1,FALSE,NA,Other genes
Perm1,ENSMUSG00000078486,ENSMUSP00000101197,2424,2,FALSE,NA,Other genes
Pes1,ENSMUSG00000020430,ENSMUSP00000105612,1767,1,FALSE,NA,Other genes
Pfas,ENSMUSG00000020899,ENSMUSP00000021282,4014,1,FALSE,NA,Other genes
Pfkl,ENSMUSG00000020277,ENSMUSP00000020522,2343,1,FALSE,NA,Other genes
Pfkm,ENSMUSG00000033065,ENSMUSP00000155809,2343,1,FALSE,NA,Other genes
Pfpl,ENSMUSG00000040065,ENSMUSP00000126346,2109,1,FALSE,NA,Other genes
Pgap1,ENSMUSG00000073678,ENSMUSP00000095346,2769,1,FALSE,NA,Other genes
Pgbd5,ENSMUSG00000050751,ENSMUSP00000120984,1572,1,FALSE,NA,Other genes
Pgc,ENSMUSG00000023987,ENSMUSP00000024782,1179,1,FALSE,NA,Other genes
Pggt1b,ENSMUSG00000024477,ENSMUSP00000158214,1134,1,FALSE,NA,Other genes
Pgm2l1,ENSMUSG00000030729,ENSMUSP00000081998,1866,1,FALSE,NA,Other genes
Pgr,ENSMUSG00000031870,ENSMUSP00000063562,2781,2,FALSE,NA,Other genes
Phactr2,ENSMUSG00000062866,ENSMUSP00000101185,1899,3,FALSE,NA,Other genes
Phactr3,ENSMUSG00000027525,ENSMUSP00000104543,1680,1,FALSE,NA,Other genes
Phactr4,ENSMUSG00000066043,ENSMUSP00000081270,2115,1,FALSE,NA,Other genes
Phc1,ENSMUSG00000040669,ENSMUSP00000125568,3033,1,FALSE,NA,Other genes
Pheta1,ENSMUSG00000044134,ENSMUSP00000143110,801,1,FALSE,NA,Other genes
Phex,ENSMUSG00000057457,ENSMUSP00000078863,2250,1,FALSE,NA,Other genes
Phf12,ENSMUSG00000037791,ENSMUSP00000044990,3012,1,FALSE,NA,Other genes
Phf13,ENSMUSG00000047777,ENSMUSP00000062590,891,3,FALSE,NA,Other genes
Phf2,ENSMUSG00000038025,ENSMUSP00000047308,3291,1,FALSE,NA,Other genes
Phf21b,ENSMUSG00000016624,ENSMUSP00000125355,1464,1,FALSE,NA,Other genes
Phf7,ENSMUSG00000021902,ENSMUSP00000022459,924,1,FALSE,NA,Other genes
Phf8,ENSMUSG00000041229,ENSMUSP00000040765,3072,2,FALSE,NA,Other genes
Phka1,ENSMUSG00000034055,ENSMUSP00000061991,3726,1,FALSE,NA,Other genes
Phka2,ENSMUSG00000031295,ENSMUSP00000033652,3708,1,FALSE,NA,Other genes
Phkg1,ENSMUSG00000025537,ENSMUSP00000026617,1167,1,FALSE,NA,Other genes
Phldb1,ENSMUSG00000048537,ENSMUSP00000120208,4350,1,FALSE,NA,Other genes
Phldb3,ENSMUSG00000074277,ENSMUSP00000146187,1947,1,FALSE,NA,Other genes
Phrf1,ENSMUSG00000038611,ENSMUSP00000101648,5049,2,FALSE,NA,Other genes
Phtf2,ENSMUSG00000039987,ENSMUSP00000114087,2244,1,FALSE,NA,Other genes
Pi4ka,ENSMUSG00000041720,ENSMUSP00000036162,6135,1,FALSE,NA,Other genes
Pias1,ENSMUSG00000032405,ENSMUSP00000096248,1956,1,FALSE,NA,Other genes
Pick1,ENSMUSG00000068206,ENSMUSP00000128126,1251,1,FALSE,NA,Other genes
Pid1,ENSMUSG00000045658,ENSMUSP00000127716,654,1,FALSE,NA,Other genes
Piezo1,ENSMUSG00000014444,ENSMUSP00000114584,7644,1,FALSE,NA,Other genes
Piezo2,ENSMUSG00000041482,ENSMUSP00000040019,8475,2,FALSE,NA,Other genes
Piga,ENSMUSG00000031381,ENSMUSP00000033754,1458,1,FALSE,NA,Other genes
Pigg,ENSMUSG00000029263,ENSMUSP00000113818,2952,1,FALSE,NA,Other genes
Pigk,ENSMUSG00000039047,ENSMUSP00000045351,1329,1,FALSE,NA,Other genes
Pign,ENSMUSG00000056536,ENSMUSP00000139638,2796,2,FALSE,NA,Other genes
Pigq,ENSMUSG00000025728,ENSMUSP00000094981,1926,1,FALSE,NA,Other genes
Pigr,ENSMUSG00000026417,ENSMUSP00000027675,2316,1,FALSE,NA,Other genes
Pigt,ENSMUSG00000017721,ENSMUSP00000099390,1749,1,FALSE,NA,Other genes
Pigu,ENSMUSG00000038383,ENSMUSP00000076816,1308,1,FALSE,NA,Other genes
Pih1d1,ENSMUSG00000003423,ENSMUSP00000148186,873,1,FALSE,NA,Other genes
Pih1d2,ENSMUSG00000000167,ENSMUSP00000000171,948,1,FALSE,NA,Other genes
Pik3ap1,ENSMUSG00000025017,ENSMUSP00000052777,2436,1,FALSE,NA,Other genes
Pik3c2g,ENSMUSG00000030228,ENSMUSP00000107499,3066,1,FALSE,NA,Other genes
Pik3c3,ENSMUSG00000033628,ENSMUSP00000111479,2664,1,FALSE,NA,Other genes
Pik3cg,ENSMUSG00000020573,ENSMUSP00000123539,3309,2,FALSE,NA,Other genes
Pik3r2,ENSMUSG00000031834,ENSMUSP00000034296,2169,1,FALSE,NA,Other genes
Pik3r4,ENSMUSG00000032571,ENSMUSP00000139427,4077,1,FALSE,NA,Other genes
Pik3r5,ENSMUSG00000020901,ENSMUSP00000021283,2616,1,FALSE,NA,Other genes
Pik3r6,ENSMUSG00000046207,ENSMUSP00000052522,2271,1,FALSE,NA,Other genes
Pikfyve,ENSMUSG00000025949,ENSMUSP00000095314,6294,1,FALSE,NA,Other genes
Pilrb2,ENSMUSG00000066682,ENSMUSP00000131233,678,1,FALSE,NA,Other genes
Pim3,ENSMUSG00000035828,ENSMUSP00000044603,981,1,FALSE,NA,Other genes
Pinx1,ENSMUSG00000021958,ENSMUSP00000022528,999,2,FALSE,NA,Other genes
Pip5k1b,ENSMUSG00000024867,ENSMUSP00000025800,1620,1,FALSE,NA,Other genes
Pirb,ENSMUSG00000058818,ENSMUSP00000077546,2526,2,FALSE,NA,Other genes
Pitpnb,ENSMUSG00000050017,ENSMUSP00000142732,819,1,FALSE,NA,Other genes
Pitx1,ENSMUSG00000021506,ENSMUSP00000021968,948,1,FALSE,NA,Other genes
Piwil1,ENSMUSG00000029423,ENSMUSP00000083222,2589,1,FALSE,NA,Other genes
Pja2,ENSMUSG00000024083,ENSMUSP00000134380,2124,1,FALSE,NA,Other genes
Pkd1,ENSMUSG00000032855,ENSMUSP00000049296,12882,3,FALSE,NA,Other genes
Pkd1l2,ENSMUSG00000034416,ENSMUSP00000104721,7389,1,FALSE,NA,Other genes
Pkd1l3,ENSMUSG00000048827,ENSMUSP00000104865,6606,7,FALSE,NA,Other genes
Pkd2,ENSMUSG00000034462,ENSMUSP00000084041,2901,1,FALSE,NA,Other genes
Pkd2l1,ENSMUSG00000037578,ENSMUSP00000045675,2283,3,FALSE,NA,Other genes
Pkhd1,ENSMUSG00000043760,ENSMUSP00000085794,12180,7,FALSE,NA,Other genes
Pkhd1l1,ENSMUSG00000038725,ENSMUSP00000147447,12750,2,FALSE,NA,Other genes
Pkm,ENSMUSG00000032294,ENSMUSP00000034834,1596,1,FALSE,NA,Other genes
Pkn1,ENSMUSG00000057672,ENSMUSP00000116235,2856,2,FALSE,NA,Other genes
Pkn3,ENSMUSG00000026785,ENSMUSP00000041025,2637,1,FALSE,NA,Other genes
Pkp1,ENSMUSG00000026413,ENSMUSP00000027667,2187,1,FALSE,NA,Other genes
Pkp2,ENSMUSG00000041957,ENSMUSP00000036890,2388,2,FALSE,NA,Other genes
Pla2g2c,ENSMUSG00000028750,ENSMUSP00000101434,453,1,FALSE,NA,Other genes
Pla2g4c,ENSMUSG00000033847,ENSMUSP00000127060,1824,1,FALSE,NA,Other genes
Pla2g4d,ENSMUSG00000070719,ENSMUSP00000092252,2478,1,FALSE,NA,Other genes
Pla2r1,ENSMUSG00000054580,ENSMUSP00000108144,4464,1,FALSE,NA,Other genes
Plat,ENSMUSG00000031538,ENSMUSP00000033941,1680,1,FALSE,NA,Other genes
Plb1,ENSMUSG00000029134,ENSMUSP00000144040,4437,1,FALSE,NA,Other genes
Plbd1,ENSMUSG00000030214,ENSMUSP00000032336,1653,1,FALSE,NA,Other genes
Plcb1,ENSMUSG00000051177,ENSMUSP00000105743,3651,1,FALSE,NA,Other genes
Plcb2,ENSMUSG00000040061,ENSMUSP00000099583,3546,2,FALSE,NA,Other genes
Plcd4,ENSMUSG00000026173,ENSMUSP00000027362,2424,2,FALSE,NA,Other genes
Plch1,ENSMUSG00000036834,ENSMUSP00000081122,5049,3,FALSE,NA,Other genes
Plch2,ENSMUSG00000029055,ENSMUSP00000101256,4506,1,FALSE,NA,Other genes
Plcl2,ENSMUSG00000038910,ENSMUSP00000046584,3387,1,FALSE,NA,Other genes
Plcz1,ENSMUSG00000030230,ENSMUSP00000032356,1944,1,FALSE,NA,Other genes
Pld3,ENSMUSG00000003363,ENSMUSP00000113820,1467,1,FALSE,NA,Other genes
Plec,ENSMUSG00000022565,ENSMUSP00000073124,14076,1,FALSE,NA,Other genes
Plekha4,ENSMUSG00000040428,ENSMUSP00000148229,2340,2,FALSE,NA,Other genes
Plekha7,ENSMUSG00000045659,ENSMUSP00000138575,3801,2,FALSE,NA,Other genes
Plekhg1,ENSMUSG00000040624,ENSMUSP00000159056,4398,2,FALSE,NA,Other genes
Plekhg2,ENSMUSG00000037552,ENSMUSP00000113449,4098,1,FALSE,NA,Other genes
Plekhg3,ENSMUSG00000052609,ENSMUSP00000074729,4026,1,FALSE,NA,Other genes
Plekhg4,ENSMUSG00000014782,ENSMUSP00000150574,3654,3,FALSE,NA,Other genes
Plekhj1,ENSMUSG00000035278,ENSMUSP00000042334,495,1,FALSE,NA,Other genes
Plekhm1,ENSMUSG00000034247,ENSMUSP00000047327,3225,1,FALSE,NA,Other genes
Plekho1,ENSMUSG00000015745,ENSMUSP00000015889,1227,1,FALSE,NA,Other genes
Plekho2,ENSMUSG00000050721,ENSMUSP00000063677,1488,2,FALSE,NA,Other genes
Plk1,ENSMUSG00000030867,ENSMUSP00000033154,1812,1,FALSE,NA,Other genes
Plk2,ENSMUSG00000021701,ENSMUSP00000022212,2049,2,FALSE,NA,Other genes
Plod1,ENSMUSG00000019055,ENSMUSP00000019199,2187,1,FALSE,NA,Other genes
Plod2,ENSMUSG00000032374,ENSMUSP00000125373,2277,1,FALSE,NA,Other genes
Plp1,ENSMUSG00000031425,ENSMUSP00000033800,834,1,FALSE,NA,Other genes
Plpp4,ENSMUSG00000070366,ENSMUSP00000091557,816,2,FALSE,NA,Other genes
Plppr1,ENSMUSG00000063446,ENSMUSP00000075966,978,1,FALSE,NA,Other genes
Plppr5,ENSMUSG00000033342,ENSMUSP00000159092,1140,1,FALSE,NA,Other genes
Pltp,ENSMUSG00000017754,ENSMUSP00000104939,1482,1,FALSE,NA,Other genes
Plxdc2,ENSMUSG00000026748,ENSMUSP00000028081,1593,1,FALSE,NA,Other genes
Plxna3,ENSMUSG00000031398,ENSMUSP00000004326,5619,2,FALSE,NA,Other genes
Plxna4,ENSMUSG00000029765,ENSMUSP00000110748,5682,2,FALSE,NA,Other genes
Plxnb1,ENSMUSG00000053646,ENSMUSP00000071966,6360,4,FALSE,NA,Other genes
Plxnb2,ENSMUSG00000036606,ENSMUSP00000104955,5529,2,FALSE,NA,Other genes
Plxnb3,ENSMUSG00000031385,ENSMUSP00000002079,5709,5,FALSE,NA,Other genes
Plxnd1,ENSMUSG00000030123,ENSMUSP00000015511,5778,3,FALSE,NA,Other genes
Pmel,ENSMUSG00000025359,ENSMUSP00000051869,1881,1,FALSE,NA,Other genes
Pmepa1,ENSMUSG00000038400,ENSMUSP00000039950,825,1,FALSE,NA,Other genes
Pmm1,ENSMUSG00000022474,ENSMUSP00000023112,789,2,FALSE,NA,Other genes
Pmpcb,ENSMUSG00000029017,ENSMUSP00000030882,1470,1,FALSE,NA,Other genes
Pms2,ENSMUSG00000079109,ENSMUSP00000119875,2580,1,FALSE,NA,Other genes
Pmvk,ENSMUSG00000027952,ENSMUSP00000029564,579,1,FALSE,NA,Other genes
Pnkp,ENSMUSG00000002963,ENSMUSP00000103508,1569,1,FALSE,NA,Other genes
Pnliprp1,ENSMUSG00000042179,ENSMUSP00000045465,1422,1,FALSE,NA,Other genes
Pnma1,ENSMUSG00000054383,ENSMUSP00000060783,1062,1,FALSE,NA,Other genes
Pnma5,ENSMUSG00000050424,ENSMUSP00000063061,1857,1,FALSE,NA,Other genes
Pnoc,ENSMUSG00000045731,ENSMUSP00000153589,639,1,FALSE,NA,Other genes
Pnp,ENSMUSG00000115338,ENSMUSP00000043926,870,1,FALSE,NA,Other genes
Pnpla5,ENSMUSG00000018868,ENSMUSP00000155268,1302,1,FALSE,NA,Other genes
Pnpla6,ENSMUSG00000004565,ENSMUSP00000146680,4038,3,FALSE,NA,Other genes
Pnpla7,ENSMUSG00000036833,ENSMUSP00000044078,4059,1,FALSE,NA,Other genes
Podn,ENSMUSG00000028600,ENSMUSP00000102320,1836,1,FALSE,NA,Other genes
Pofut1,ENSMUSG00000046020,ENSMUSP00000053122,1182,2,FALSE,NA,Other genes
Pofut2,ENSMUSG00000020260,ENSMUSP00000020493,1290,1,FALSE,NA,Other genes
Poglut1,ENSMUSG00000034064,ENSMUSP00000038166,1179,1,FALSE,NA,Other genes
Poglut3,ENSMUSG00000034487,ENSMUSP00000039313,1512,1,FALSE,NA,Other genes
Pogz,ENSMUSG00000038902,ENSMUSP00000102891,4230,1,FALSE,NA,Other genes
Pola1,ENSMUSG00000006678,ENSMUSP00000006856,4398,2,FALSE,NA,Other genes
Pola2,ENSMUSG00000024833,ENSMUSP00000025752,1803,1,FALSE,NA,Other genes
Pole,ENSMUSG00000007080,ENSMUSP00000007296,6852,2,FALSE,NA,Other genes
Polg,ENSMUSG00000039176,ENSMUSP00000073551,3654,1,FALSE,NA,Other genes
Poli,ENSMUSG00000038425,ENSMUSP00000112563,2214,1,FALSE,NA,Other genes
Polm,ENSMUSG00000020474,ENSMUSP00000105463,1536,1,FALSE,NA,Other genes
Polr1a,ENSMUSG00000049553,ENSMUSP00000060858,5154,2,FALSE,NA,Other genes
Polr1b,ENSMUSG00000027395,ENSMUSP00000099494,3408,1,FALSE,NA,Other genes
Polr2b,ENSMUSG00000029250,ENSMUSP00000031167,3525,2,FALSE,NA,Other genes
Polr2i,ENSMUSG00000019738,ENSMUSP00000019882,378,1,FALSE,NA,Other genes
Polr3a,ENSMUSG00000025280,ENSMUSP00000026322,4173,2,FALSE,NA,Other genes
Polrmt,ENSMUSG00000020329,ENSMUSP00000020580,3624,1,FALSE,NA,Other genes
Pom121,ENSMUSG00000053293,ENSMUSP00000106801,3603,1,FALSE,NA,Other genes
Pom121l12,ENSMUSG00000084135,ENSMUSP00000147960,837,1,FALSE,NA,Other genes
Pomc,ENSMUSG00000020660,ENSMUSP00000151504,708,1,FALSE,NA,Other genes
Pomt1,ENSMUSG00000039254,ENSMUSP00000038722,2241,1,FALSE,NA,Other genes
Popdc2,ENSMUSG00000022803,ENSMUSP00000023494,1116,1,FALSE,NA,Other genes
Porcn,ENSMUSG00000031169,ENSMUSP00000076790,1386,1,FALSE,NA,Other genes
Pot1a,ENSMUSG00000029676,ENSMUSP00000110986,1923,1,FALSE,NA,Other genes
Pot1b,ENSMUSG00000024174,ENSMUSP00000084089,1923,1,FALSE,NA,Other genes
Pou1f1,ENSMUSG00000004842,ENSMUSP00000135574,954,1,FALSE,NA,Other genes
Pou2f1,ENSMUSG00000026565,ENSMUSP00000124738,2382,1,FALSE,NA,Other genes
Pou2f2,ENSMUSG00000008496,ENSMUSP00000104056,1752,2,FALSE,NA,Other genes
Pou2f3,ENSMUSG00000032015,ENSMUSP00000135115,1296,1,FALSE,NA,Other genes
Pou3f2,ENSMUSG00000095139,ENSMUSP00000136147,1338,1,FALSE,NA,Other genes
Pou6f2,ENSMUSG00000009734,ENSMUSP00000138840,519,1,FALSE,NA,Other genes
Ppara,ENSMUSG00000022383,ENSMUSP00000105050,1407,1,FALSE,NA,Other genes
Ppargc1b,ENSMUSG00000033871,ENSMUSP00000069431,3093,1,FALSE,NA,Other genes
Ppcs,ENSMUSG00000028636,ENSMUSP00000030385,936,1,FALSE,NA,Other genes
Ppfia1,ENSMUSG00000037519,ENSMUSP00000138312,3801,1,FALSE,NA,Other genes
Ppfia2,ENSMUSG00000053825,ENSMUSP00000151545,3774,1,FALSE,NA,Other genes
Ppfia4,ENSMUSG00000026458,ENSMUSP00000128314,3564,2,FALSE,NA,Other genes
Ppil2,ENSMUSG00000022771,ENSMUSP00000023455,1566,1,FALSE,NA,Other genes
Ppip5k1,ENSMUSG00000033526,ENSMUSP00000057632,4311,1,FALSE,NA,Other genes
Ppip5k2,ENSMUSG00000040648,ENSMUSP00000108466,3729,1,FALSE,NA,Other genes
Ppl,ENSMUSG00000039457,ENSMUSP00000039360,5265,3,FALSE,NA,Other genes
Ppm1d,ENSMUSG00000020525,ENSMUSP00000020835,1797,1,FALSE,NA,Other genes
Ppm1g,ENSMUSG00000029147,ENSMUSP00000031032,1629,1,FALSE,NA,Other genes
Ppox,ENSMUSG00000062729,ENSMUSP00000072863,1434,1,FALSE,NA,Other genes
Ppp1r12b,ENSMUSG00000073557,ENSMUSP00000083633,2979,2,FALSE,NA,Other genes
Ppp1r16b,ENSMUSG00000037754,ENSMUSP00000062615,1707,1,FALSE,NA,Other genes
Ppp1r1a,ENSMUSG00000022490,ENSMUSP00000023133,516,1,FALSE,NA,Other genes
Ppp1r3g,ENSMUSG00000050423,ENSMUSP00000153702,1044,1,FALSE,NA,Other genes
Ppp1r8,ENSMUSG00000028882,ENSMUSP00000030702,1056,1,FALSE,NA,Other genes
Ppp1r9a,ENSMUSG00000032827,ENSMUSP00000134943,3879,2,FALSE,NA,Other genes
Ppp2r2b,ENSMUSG00000024500,ENSMUSP00000159213,1506,2,FALSE,NA,Other genes
Ppp3cb,ENSMUSG00000021816,ENSMUSP00000125722,1578,1,FALSE,NA,Other genes
Ppp3cc,ENSMUSG00000022092,ENSMUSP00000153725,1569,1,FALSE,NA,Other genes
Ppp4r1,ENSMUSG00000061950,ENSMUSP00000072848,2856,1,FALSE,NA,Other genes
Ppp5c,ENSMUSG00000003099,ENSMUSP00000003183,1500,1,FALSE,NA,Other genes
Ppp6r2,ENSMUSG00000036561,ENSMUSP00000159040,2853,1,FALSE,NA,Other genes
Pprc1,ENSMUSG00000055491,ENSMUSP00000079389,4941,1,FALSE,NA,Other genes
Ppt1,ENSMUSG00000028657,ENSMUSP00000030412,921,1,FALSE,NA,Other genes
Prag1,ENSMUSG00000050271,ENSMUSP00000106118,4122,1,FALSE,NA,Other genes
Pram1,ENSMUSG00000032739,ENSMUSP00000057065,2028,1,FALSE,NA,Other genes
Pramef6,ENSMUSG00000078512,ENSMUSP00000101393,1425,1,FALSE,NA,Other genes
Pramef8,ENSMUSG00000046862,ENSMUSP00000058676,1443,1,FALSE,NA,Other genes
Pramel5,ENSMUSG00000036749,ENSMUSP00000044222,1503,1,FALSE,NA,Other genes
Pramel6,ENSMUSG00000025838,ENSMUSP00000026956,1458,1,FALSE,NA,Other genes
Prb1,ENSMUSG00000067543,ENSMUSP00000085159,1515,2,FALSE,NA,Other genes
Prdm1,ENSMUSG00000038151,ENSMUSP00000039248,2571,2,FALSE,NA,Other genes
Prdm12,ENSMUSG00000079466,ENSMUSP00000109098,1098,1,FALSE,NA,Other genes
Prdm13,ENSMUSG00000040478,ENSMUSP00000092761,2265,1,FALSE,NA,Other genes
Prdm14,ENSMUSG00000042414,ENSMUSP00000044245,1686,1,FALSE,NA,Other genes
Prdm16,ENSMUSG00000039410,ENSMUSP00000101263,3831,1,FALSE,NA,Other genes
Prdm2,ENSMUSG00000057637,ENSMUSP00000101404,5130,1,FALSE,NA,Other genes
Prdm9,ENSMUSG00000051977,ENSMUSP00000156841,2544,5,FALSE,NA,Other genes
Prdx5,ENSMUSG00000024953,ENSMUSP00000135084,642,1,FALSE,NA,Other genes
Prdx6b,ENSMUSG00000050114,ENSMUSP00000133276,675,1,FALSE,NA,Other genes
Prelp,ENSMUSG00000041577,ENSMUSP00000048803,1137,1,FALSE,NA,Other genes
Prex2,ENSMUSG00000048960,ENSMUSP00000027056,4797,2,FALSE,NA,Other genes
Prg4,ENSMUSG00000006014,ENSMUSP00000125677,3666,6,FALSE,NA,Other genes
Prh1,ENSMUSG00000059934,ENSMUSP00000135877,870,2,FALSE,NA,Other genes
Prkca,ENSMUSG00000050965,ENSMUSP00000062392,2019,1,FALSE,NA,Other genes
Prkcg,ENSMUSG00000078816,ENSMUSP00000097874,2094,1,FALSE,NA,Other genes
Prkch,ENSMUSG00000021108,ENSMUSP00000021527,2052,1,FALSE,NA,Other genes
Prkcz,ENSMUSG00000029053,ENSMUSP00000030922,1779,1,FALSE,NA,Other genes
Prkdc,ENSMUSG00000022672,ENSMUSP00000023352,12387,2,FALSE,NA,Other genes
Prkg1,ENSMUSG00000052920,ENSMUSP00000073268,2061,1,FALSE,NA,Other genes
Prkn,ENSMUSG00000023826,ENSMUSP00000140587,1395,2,FALSE,NA,Other genes
Prkx,ENSMUSG00000035725,ENSMUSP00000045304,1068,1,FALSE,NA,Other genes
Prl2a1,ENSMUSG00000022886,ENSMUSP00000023602,687,1,FALSE,NA,Other genes
Prl2c2,ENSMUSG00000079092,ENSMUSP00000106224,675,1,FALSE,NA,Other genes
Prl3d1,ENSMUSG00000057170,ENSMUSP00000152890,675,1,FALSE,NA,Other genes
Prl3d3,ENSMUSG00000062201,ENSMUSP00000153035,675,1,FALSE,NA,Other genes
Prl7b1,ENSMUSG00000021347,ENSMUSP00000079431,756,1,FALSE,NA,Other genes
Prm2,ENSMUSG00000038015,ENSMUSP00000047925,324,1,FALSE,NA,Other genes
Prmt1,ENSMUSG00000109324,ENSMUSP00000103474,1116,1,FALSE,NA,Other genes
Prmt6,ENSMUSG00000049300,ENSMUSP00000129801,1137,1,FALSE,NA,Other genes
Prmt8,ENSMUSG00000030350,ENSMUSP00000032500,1185,2,FALSE,NA,Other genes
Prmt9,ENSMUSG00000037134,ENSMUSP00000112692,2541,1,FALSE,NA,Other genes
Prodh,ENSMUSG00000003526,ENSMUSP00000003620,1800,1,FALSE,NA,Other genes
Prodh2,ENSMUSG00000036892,ENSMUSP00000062214,1371,1,FALSE,NA,Other genes
Prok1,ENSMUSG00000070368,ENSMUSP00000060617,318,1,FALSE,NA,Other genes
Prom2,ENSMUSG00000027376,ENSMUSP00000028855,2508,1,FALSE,NA,Other genes
Prop1,ENSMUSG00000044542,ENSMUSP00000057231,672,1,FALSE,NA,Other genes
Pros1,ENSMUSG00000022912,ENSMUSP00000023629,2028,1,FALSE,NA,Other genes
Proser2,ENSMUSG00000045319,ENSMUSP00000110592,1416,1,FALSE,NA,Other genes
Prox1,ENSMUSG00000010175,ENSMUSP00000135703,2214,2,FALSE,NA,Other genes
Prpf18,ENSMUSG00000039449,ENSMUSP00000041428,1029,1,FALSE,NA,Other genes
Prpf40a,ENSMUSG00000061136,ENSMUSP00000159339,2862,1,FALSE,NA,Other genes
Prpf4b,ENSMUSG00000021413,ENSMUSP00000077019,3024,1,FALSE,NA,Other genes
Prpf6,ENSMUSG00000002455,ENSMUSP00000121340,2826,1,FALSE,NA,Other genes
Prpf8,ENSMUSG00000020850,ENSMUSP00000018449,7008,1,FALSE,NA,Other genes
Prpmp5,ENSMUSG00000107874,ENSMUSP00000047347,891,8,FALSE,NA,Other genes
Prps1,ENSMUSG00000031432,ENSMUSP00000033809,957,1,FALSE,NA,Other genes
Prps1l3,ENSMUSG00000079104,ENSMUSP00000133736,957,1,FALSE,NA,Other genes
Prr12,ENSMUSG00000046574,ENSMUSP00000054702,6108,1,FALSE,NA,Other genes
Prr16,ENSMUSG00000073565,ENSMUSP00000112338,915,1,FALSE,NA,Other genes
Prr33,ENSMUSG00000043795,ENSMUSP00000158581,1323,2,FALSE,NA,Other genes
Prrc2a,ENSMUSG00000024393,ENSMUSP00000025253,6477,1,FALSE,NA,Other genes
Prrc2b,ENSMUSG00000039262,ENSMUSP00000064892,6693,2,FALSE,NA,Other genes
Prrg4,ENSMUSG00000027171,ENSMUSP00000028593,681,1,FALSE,NA,Other genes
Prrt4,ENSMUSG00000079654,ENSMUSP00000123751,2709,1,FALSE,NA,Other genes
Prrx2,ENSMUSG00000039476,ENSMUSP00000040332,744,1,FALSE,NA,Other genes
Prss12,ENSMUSG00000027978,ENSMUSP00000029603,2286,1,FALSE,NA,Other genes
Prss2,ENSMUSG00000057163,ENSMUSP00000065393,741,1,FALSE,NA,Other genes
Prss22,ENSMUSG00000045027,ENSMUSP00000039808,924,1,FALSE,NA,Other genes
Prss28,ENSMUSG00000024171,ENSMUSP00000015267,825,2,FALSE,NA,Other genes
Prss34,ENSMUSG00000056399,ENSMUSP00000045672,957,2,FALSE,NA,Other genes
Prss39,ENSMUSG00000026125,ENSMUSP00000027299,1104,1,FALSE,NA,Other genes
Prss44,ENSMUSG00000032493,ENSMUSP00000095948,1119,1,FALSE,NA,Other genes
Prss53,ENSMUSG00000044139,ENSMUSP00000112972,1659,1,FALSE,NA,Other genes
Prtg,ENSMUSG00000036030,ENSMUSP00000055815,3576,2,FALSE,NA,Other genes
Prune2,ENSMUSG00000039126,ENSMUSP00000084977,9255,1,FALSE,NA,Other genes
Prxl2c,ENSMUSG00000021482,ENSMUSP00000152323,681,1,FALSE,NA,Other genes
Psd2,ENSMUSG00000024347,ENSMUSP00000135616,2316,2,FALSE,NA,Other genes
Psg20,ENSMUSG00000063305,ENSMUSP00000075973,1428,2,FALSE,NA,Other genes
Psg25,ENSMUSG00000070798,ENSMUSP00000092389,1428,1,FALSE,NA,Other genes
Psg26,ENSMUSG00000070799,ENSMUSP00000092392,1428,1,FALSE,NA,Other genes
Psg28,ENSMUSG00000030373,ENSMUSP00000019291,1419,2,FALSE,NA,Other genes
Psg29,ENSMUSG00000023159,ENSMUSP00000075320,1407,1,FALSE,NA,Other genes
Psma1,ENSMUSG00000030751,ENSMUSP00000033008,792,2,FALSE,NA,Other genes
Psma3,ENSMUSG00000060073,ENSMUSP00000125548,768,1,FALSE,NA,Other genes
Psmc1,ENSMUSG00000021178,ENSMUSP00000021595,1323,1,FALSE,NA,Other genes
Psmc3,ENSMUSG00000002102,ENSMUSP00000002171,1356,1,FALSE,NA,Other genes
Psmd10,ENSMUSG00000031429,ENSMUSP00000033805,696,1,FALSE,NA,Other genes
Psmd13,ENSMUSG00000025487,ENSMUSP00000026560,1131,1,FALSE,NA,Other genes
Psme1,ENSMUSG00000022216,ENSMUSP00000134735,750,2,FALSE,NA,Other genes
Psme2b,ENSMUSG00000078153,ENSMUSP00000100564,720,1,FALSE,NA,Other genes
Pstpip2,ENSMUSG00000025429,ENSMUSP00000110389,1005,1,FALSE,NA,Other genes
Ptbp1,ENSMUSG00000006498,ENSMUSP00000126192,1668,1,FALSE,NA,Other genes
Ptcd1,ENSMUSG00000029624,ENSMUSP00000031628,2088,1,FALSE,NA,Other genes
Ptchd4,ENSMUSG00000042256,ENSMUSP00000156770,2715,3,FALSE,NA,Other genes
Ptdss2,ENSMUSG00000025495,ENSMUSP00000026568,1422,1,FALSE,NA,Other genes
Pten,ENSMUSG00000013663,ENSMUSP00000013807,1212,4,FALSE,NA,Other genes
Ptger3,ENSMUSG00000040016,ENSMUSP00000134137,1101,1,FALSE,NA,Other genes
Ptgfr,ENSMUSG00000028036,ENSMUSP00000029670,1101,1,FALSE,NA,Other genes
Ptgis,ENSMUSG00000017969,ENSMUSP00000085357,1530,1,FALSE,NA,Other genes
Ptgr2,ENSMUSG00000072946,ENSMUSP00000115704,1056,1,FALSE,NA,Other genes
Ptgs1,ENSMUSG00000047250,ENSMUSP00000059977,1809,1,FALSE,NA,Other genes
Ptk2b,ENSMUSG00000059456,ENSMUSP00000022622,3030,3,FALSE,NA,Other genes
Ptp4a3,ENSMUSG00000059895,ENSMUSP00000154829,522,1,FALSE,NA,Other genes
Ptpn13,ENSMUSG00000034573,ENSMUSP00000048119,7356,1,FALSE,NA,Other genes
Ptpn20,ENSMUSG00000021940,ENSMUSP00000022508,1281,1,FALSE,NA,Other genes
Ptpn5,ENSMUSG00000030854,ENSMUSP00000099686,1626,1,FALSE,NA,Other genes
Ptpn7,ENSMUSG00000031506,ENSMUSP00000141133,1080,1,FALSE,NA,Other genes
Ptprd,ENSMUSG00000028399,ENSMUSP00000102910,5739,1,FALSE,NA,Other genes
Ptprg,ENSMUSG00000021745,ENSMUSP00000022264,4329,1,FALSE,NA,Other genes
Ptprh,ENSMUSG00000035429,ENSMUSP00000145543,2916,1,FALSE,NA,Other genes
Ptprk,ENSMUSG00000019889,ENSMUSP00000151866,4416,2,FALSE,NA,Other genes
Ptprm,ENSMUSG00000033278,ENSMUSP00000045603,4461,3,FALSE,NA,Other genes
Ptprn,ENSMUSG00000026204,ENSMUSP00000027404,2946,1,FALSE,NA,Other genes
Ptprn2,ENSMUSG00000056553,ENSMUSP00000064046,3006,1,FALSE,NA,Other genes
Ptpro,ENSMUSG00000030223,ENSMUSP00000076364,3681,1,FALSE,NA,Other genes
Ptprq,ENSMUSG00000035916,ENSMUSP00000058572,6903,1,FALSE,NA,Other genes
Ptprs,ENSMUSG00000013236,ENSMUSP00000064048,5724,1,FALSE,NA,Other genes
Ptprt,ENSMUSG00000053141,ENSMUSP00000105067,4368,6,FALSE,NA,Other genes
Ptpru,ENSMUSG00000028909,ENSMUSP00000030741,4341,2,FALSE,NA,Other genes
Ptprv,ENSMUSG00000097993,ENSMUSP00000159183,291,2,FALSE,NA,Other genes
Pttg1,ENSMUSG00000020415,ENSMUSP00000020687,600,1,FALSE,NA,Other genes
Pudp,ENSMUSG00000048875,ENSMUSP00000158276,705,1,FALSE,NA,Other genes
Pum1,ENSMUSG00000028580,ENSMUSP00000030315,3570,1,FALSE,NA,Other genes
Pum2,ENSMUSG00000020594,ENSMUSP00000131074,3201,1,FALSE,NA,Other genes
Pum3,ENSMUSG00000041360,ENSMUSP00000075573,1947,2,FALSE,NA,Other genes
Purg,ENSMUSG00000049184,ENSMUSP00000065002,1053,1,FALSE,NA,Other genes
Pus10,ENSMUSG00000020280,ENSMUSP00000105151,1584,1,FALSE,NA,Other genes
Pus7,ENSMUSG00000057541,ENSMUSP00000114588,2001,1,FALSE,NA,Other genes
Pus7l,ENSMUSG00000033356,ENSMUSP00000044075,2109,1,FALSE,NA,Other genes
Pwp1,ENSMUSG00000001785,ENSMUSP00000001836,1506,1,FALSE,NA,Other genes
Pwwp3b,ENSMUSG00000042515,ENSMUSP00000108666,2046,1,FALSE,NA,Other genes
Pxdc1,ENSMUSG00000021411,ENSMUSP00000051246,696,1,FALSE,NA,Other genes
Pygb,ENSMUSG00000033059,ENSMUSP00000035743,2532,2,FALSE,NA,Other genes
Pygm,ENSMUSG00000032648,ENSMUSP00000047564,2529,2,FALSE,NA,Other genes
Qdpr,ENSMUSG00000015806,ENSMUSP00000015950,726,1,FALSE,NA,Other genes
Qpct,ENSMUSG00000024084,ENSMUSP00000038732,1089,1,FALSE,NA,Other genes
Qsox1,ENSMUSG00000033684,ENSMUSP00000035658,2247,1,FALSE,NA,Other genes
Qtrt1,ENSMUSG00000002825,ENSMUSP00000002902,1212,1,FALSE,NA,Other genes
Qtrt2,ENSMUSG00000022704,ENSMUSP00000158885,1251,1,FALSE,NA,Other genes
R3hcc1l,ENSMUSG00000025184,ENSMUSP00000026188,2328,1,FALSE,NA,Other genes
R3hdml,ENSMUSG00000078949,ENSMUSP00000105043,762,1,FALSE,NA,Other genes
Rab11fip1,ENSMUSG00000031488,ENSMUSP00000058042,3501,1,FALSE,NA,Other genes
Rab11fip5,ENSMUSG00000051343,ENSMUSP00000145402,3957,1,FALSE,NA,Other genes
Rab21,ENSMUSG00000020132,ENSMUSP00000020343,669,1,FALSE,NA,Other genes
Rab23,ENSMUSG00000004768,ENSMUSP00000085625,714,1,FALSE,NA,Other genes
Rab37,ENSMUSG00000020732,ENSMUSP00000021076,672,1,FALSE,NA,Other genes
Rab3il1,ENSMUSG00000024663,ENSMUSP00000158807,1299,1,FALSE,NA,Other genes
Rab44,ENSMUSG00000064147,ENSMUSP00000156400,2922,1,FALSE,NA,Other genes
Rab8b,ENSMUSG00000036943,ENSMUSP00000041857,624,1,FALSE,NA,Other genes
Rabgap1l,ENSMUSG00000026721,ENSMUSP00000028049,2448,1,FALSE,NA,Other genes
Rabl3,ENSMUSG00000022827,ENSMUSP00000023524,711,1,FALSE,NA,Other genes
Racgap1,ENSMUSG00000023015,ENSMUSP00000126417,1887,1,FALSE,NA,Other genes
Rad51ap1,ENSMUSG00000030346,ENSMUSP00000107841,1014,1,FALSE,NA,Other genes
Rad51d,ENSMUSG00000018841,ENSMUSP00000018985,990,1,FALSE,NA,Other genes
Rad54l,ENSMUSG00000028702,ENSMUSP00000099766,2244,2,FALSE,NA,Other genes
Rad9a,ENSMUSG00000024824,ENSMUSP00000025740,1170,1,FALSE,NA,Other genes
Raet1d,ENSMUSG00000078452,ENSMUSP00000138328,750,1,FALSE,NA,Other genes
Rag1,ENSMUSG00000061311,ENSMUSP00000077584,3123,2,FALSE,NA,Other genes
Rai1,ENSMUSG00000062115,ENSMUSP00000099749,5670,1,FALSE,NA,Other genes
Rai14,ENSMUSG00000022246,ENSMUSP00000087815,2940,1,FALSE,NA,Other genes
Rala,ENSMUSG00000008859,ENSMUSP00000009003,621,1,FALSE,NA,Other genes
Ralbp1,ENSMUSG00000024096,ENSMUSP00000024905,1947,1,FALSE,NA,Other genes
Ralgapa1,ENSMUSG00000021027,ENSMUSP00000154749,7617,2,FALSE,NA,Other genes
Ralgds,ENSMUSG00000026821,ENSMUSP00000097812,2724,1,FALSE,NA,Other genes
Ralgps2,ENSMUSG00000026594,ENSMUSP00000130581,1773,1,FALSE,NA,Other genes
Ramp1,ENSMUSG00000034353,ENSMUSP00000095253,447,1,FALSE,NA,Other genes
Ran,ENSMUSG00000029430,ENSMUSP00000031383,651,17,FALSE,NA,Other genes
Ranbp2,ENSMUSG00000003226,ENSMUSP00000003310,9162,2,FALSE,NA,Other genes
Ranbp3,ENSMUSG00000002372,ENSMUSP00000156588,1677,1,FALSE,NA,Other genes
Rap1gap,ENSMUSG00000041351,ENSMUSP00000101461,2190,1,FALSE,NA,Other genes
Rap1gap2,ENSMUSG00000038807,ENSMUSP00000158689,2319,1,FALSE,NA,Other genes
Rap1gds1,ENSMUSG00000028149,ENSMUSP00000096173,1824,2,FALSE,NA,Other genes
Rapgef2,ENSMUSG00000062232,ENSMUSP00000141542,4935,1,FALSE,NA,Other genes
Rapgef3,ENSMUSG00000022469,ENSMUSP00000116426,2781,3,FALSE,NA,Other genes
Rapgef6,ENSMUSG00000037533,ENSMUSP00000098766,4830,1,FALSE,NA,Other genes
Rapgefl1,ENSMUSG00000038020,ENSMUSP00000103103,1989,1,FALSE,NA,Other genes
Rasa1,ENSMUSG00000021549,ENSMUSP00000105179,3117,6,FALSE,NA,Other genes
Rasal1,ENSMUSG00000029602,ENSMUSP00000031606,2400,1,FALSE,NA,Other genes
Rasal2,ENSMUSG00000070565,ENSMUSP00000077423,3861,1,FALSE,NA,Other genes
Rasal3,ENSMUSG00000052142,ENSMUSP00000123141,3132,1,FALSE,NA,Other genes
Rasef,ENSMUSG00000043003,ENSMUSP00000152127,2127,1,FALSE,NA,Other genes
Rasgef1a,ENSMUSG00000030134,ENSMUSP00000145214,1497,1,FALSE,NA,Other genes
Rasgef1b,ENSMUSG00000089809,ENSMUSP00000147997,1680,1,FALSE,NA,Other genes
Rasgef1c,ENSMUSG00000020374,ENSMUSP00000065619,1410,1,FALSE,NA,Other genes
Rasgrf1,ENSMUSG00000032356,ENSMUSP00000034912,3789,1,FALSE,NA,Other genes
Rasgrf2,ENSMUSG00000021708,ENSMUSP00000096930,3567,1,FALSE,NA,Other genes
Raver1,ENSMUSG00000010205,ENSMUSP00000111150,2247,1,FALSE,NA,Other genes
Rb1,ENSMUSG00000022105,ENSMUSP00000022701,2766,2,FALSE,NA,Other genes
Rb1cc1,ENSMUSG00000025907,ENSMUSP00000027040,4767,1,FALSE,NA,Other genes
Rbak,ENSMUSG00000061898,ENSMUSP00000059273,2136,2,FALSE,NA,Other genes
Rbbp6,ENSMUSG00000030779,ENSMUSP00000049528,5373,1,FALSE,NA,Other genes
Rbbp8nl,ENSMUSG00000038980,ENSMUSP00000047237,1845,1,FALSE,NA,Other genes
Rbfox2,ENSMUSG00000033565,ENSMUSP00000130739,1350,1,FALSE,NA,Other genes
Rbks,ENSMUSG00000029136,ENSMUSP00000031018,972,1,FALSE,NA,Other genes
Rbm10,ENSMUSG00000031060,ENSMUSP00000111032,2793,2,FALSE,NA,Other genes
Rbm12,ENSMUSG00000089824,ENSMUSP00000050461,2979,5,FALSE,NA,Other genes
Rbm14,ENSMUSG00000006456,ENSMUSP00000006625,2010,1,FALSE,NA,Other genes
Rbm15b,ENSMUSG00000074102,ENSMUSP00000059330,2664,1,FALSE,NA,Other genes
Rbm17,ENSMUSG00000037197,ENSMUSP00000041831,1218,1,FALSE,NA,Other genes
Rbm19,ENSMUSG00000029594,ENSMUSP00000031590,2859,1,FALSE,NA,Other genes
Rbm22,ENSMUSG00000024604,ENSMUSP00000025506,1263,1,FALSE,NA,Other genes
Rbm27,ENSMUSG00000024491,ENSMUSP00000158063,3183,1,FALSE,NA,Other genes
Rbm28,ENSMUSG00000029701,ENSMUSP00000007993,2253,1,FALSE,NA,Other genes
Rbm3,ENSMUSG00000031167,ENSMUSP00000038964,465,1,FALSE,NA,Other genes
Rbm41,ENSMUSG00000031433,ENSMUSP00000108634,1314,1,FALSE,NA,Other genes
Rbm47,ENSMUSG00000070780,ENSMUSP00000109355,1773,1,FALSE,NA,Other genes
Rbm5,ENSMUSG00000032580,ENSMUSP00000138379,2448,2,FALSE,NA,Other genes
Rbm6,ENSMUSG00000032582,ENSMUSP00000138400,3357,1,FALSE,NA,Other genes
Rbm8a,ENSMUSG00000038374,ENSMUSP00000143190,525,1,FALSE,NA,Other genes
Rbms1,ENSMUSG00000026970,ENSMUSP00000131306,1254,1,FALSE,NA,Other genes
Rbms3,ENSMUSG00000039607,ENSMUSP00000159354,1626,1,FALSE,NA,Other genes
Rbmx,ENSMUSG00000031134,ENSMUSP00000110378,1176,1,FALSE,NA,Other genes
Rbp3,ENSMUSG00000041534,ENSMUSP00000040249,3705,1,FALSE,NA,Other genes
Rbpj,ENSMUSG00000039191,ENSMUSP00000040694,1581,1,FALSE,NA,Other genes
Rbsn,ENSMUSG00000014550,ENSMUSP00000014694,2352,2,FALSE,NA,Other genes
Rbx1,ENSMUSG00000022400,ENSMUSP00000023036,327,1,FALSE,NA,Other genes
Rc3h1,ENSMUSG00000040423,ENSMUSP00000124871,3393,2,FALSE,NA,Other genes
Rc3h2,ENSMUSG00000075376,ENSMUSP00000108558,3564,1,FALSE,NA,Other genes
Rcc2,ENSMUSG00000040945,ENSMUSP00000071163,1563,1,FALSE,NA,Other genes
Rcl1,ENSMUSG00000024785,ENSMUSP00000067579,1122,1,FALSE,NA,Other genes
Rcn3,ENSMUSG00000019539,ENSMUSP00000148227,987,3,FALSE,NA,Other genes
Rdh12,ENSMUSG00000021123,ENSMUSP00000021548,951,1,FALSE,NA,Other genes
Rdh5,ENSMUSG00000025350,ENSMUSP00000026406,957,1,FALSE,NA,Other genes
Rdh7,ENSMUSG00000040134,ENSMUSP00000039252,951,1,FALSE,NA,Other genes
Rdh9,ENSMUSG00000056148,ENSMUSP00000057732,954,1,FALSE,NA,Other genes
Rdx,ENSMUSG00000032050,ENSMUSP00000158900,1815,1,FALSE,NA,Other genes
Reck,ENSMUSG00000028476,ENSMUSP00000030198,2916,2,FALSE,NA,Other genes
Recql,ENSMUSG00000030243,ENSMUSP00000107434,1947,3,FALSE,NA,Other genes
Recql4,ENSMUSG00000033762,ENSMUSP00000044363,3651,1,FALSE,NA,Other genes
Reg1,ENSMUSG00000059654,ENSMUSP00000145161,498,2,FALSE,NA,Other genes
Reg3g,ENSMUSG00000030017,ENSMUSP00000032089,525,2,FALSE,NA,Other genes
Rel,ENSMUSG00000020275,ENSMUSP00000099928,1767,1,FALSE,NA,Other genes
Relb,ENSMUSG00000002983,ENSMUSP00000092355,1677,1,FALSE,NA,Other genes
Rell1,ENSMUSG00000047881,ENSMUSP00000118125,819,1,FALSE,NA,Other genes
Reln,ENSMUSG00000042453,ENSMUSP00000124052,10386,2,FALSE,NA,Other genes
Reps1,ENSMUSG00000019854,ENSMUSP00000123238,2388,2,FALSE,NA,Other genes
Resp18,ENSMUSG00000033061,ENSMUSP00000043783,528,1,FALSE,NA,Other genes
Retsat,ENSMUSG00000056666,ENSMUSP00000068568,1830,1,FALSE,NA,Other genes
Rexo1,ENSMUSG00000047417,ENSMUSP00000049705,3642,2,FALSE,NA,Other genes
Rexo5,ENSMUSG00000030924,ENSMUSP00000102130,2280,2,FALSE,NA,Other genes
Rfc1,ENSMUSG00000029191,ENSMUSP00000145385,3438,1,FALSE,NA,Other genes
Rfc3,ENSMUSG00000033970,ENSMUSP00000039621,1071,1,FALSE,NA,Other genes
Rfc4,ENSMUSG00000022881,ENSMUSP00000110995,1113,1,FALSE,NA,Other genes
Rfx3,ENSMUSG00000040929,ENSMUSP00000133461,2250,2,FALSE,NA,Other genes
Rgl3,ENSMUSG00000040146,ENSMUSP00000148965,2130,2,FALSE,NA,Other genes
Rgmb,ENSMUSG00000048027,ENSMUSP00000126177,1311,1,FALSE,NA,Other genes
Rgs12,ENSMUSG00000029101,ENSMUSP00000084970,4356,3,FALSE,NA,Other genes
Rgs16,ENSMUSG00000026475,ENSMUSP00000027748,606,2,FALSE,NA,Other genes
Rgs19,ENSMUSG00000002458,ENSMUSP00000104408,732,1,FALSE,NA,Other genes
Rgs3,ENSMUSG00000059810,ENSMUSP00000081569,2901,2,FALSE,NA,Other genes
Rgs6,ENSMUSG00000021219,ENSMUSP00000139725,1518,2,FALSE,NA,Other genes
Rgs7,ENSMUSG00000026527,ENSMUSP00000141380,1434,1,FALSE,NA,Other genes
Rgsl1,ENSMUSG00000042641,ENSMUSP00000159120,3327,1,FALSE,NA,Other genes
Rhbdd2,ENSMUSG00000039917,ENSMUSP00000049060,1086,2,FALSE,NA,Other genes
Rhbdd3,ENSMUSG00000034175,ENSMUSP00000099131,1158,1,FALSE,NA,Other genes
Rhbdf2,ENSMUSG00000020806,ENSMUSP00000099318,2484,5,FALSE,NA,Other genes
Rhoa,ENSMUSG00000007815,ENSMUSP00000007959,582,1,FALSE,NA,Other genes
Rhobtb2,ENSMUSG00000022075,ENSMUSP00000022665,2187,1,FALSE,NA,Other genes
Rhod,ENSMUSG00000041845,ENSMUSP00000157654,756,1,FALSE,NA,Other genes
Rhot1,ENSMUSG00000017686,ENSMUSP00000076664,2115,1,FALSE,NA,Other genes
Rhox1,ENSMUSG00000071773,ENSMUSP00000110865,675,1,FALSE,NA,Other genes
Rhox12,ENSMUSG00000071766,ENSMUSP00000094191,561,1,FALSE,NA,Other genes
Rhox2c,ENSMUSG00000079637,ENSMUSP00000110844,576,1,FALSE,NA,Other genes
Rhox3g,ENSMUSG00000080933,ENSMUSP00000138947,483,1,FALSE,NA,Other genes
Rhox9,ENSMUSG00000068048,ENSMUSP00000086462,684,2,FALSE,NA,Other genes
Rimbp2,ENSMUSG00000029420,ENSMUSP00000158659,3876,1,FALSE,NA,Other genes
Rimklb,ENSMUSG00000040649,ENSMUSP00000064467,1164,1,FALSE,NA,Other genes
Rims4,ENSMUSG00000035226,ENSMUSP00000045637,810,2,FALSE,NA,Other genes
Rin2,ENSMUSG00000001768,ENSMUSP00000105632,2712,1,FALSE,NA,Other genes
Rin3,ENSMUSG00000044456,ENSMUSP00000060771,2943,1,FALSE,NA,Other genes
Riok2,ENSMUSG00000116564,ENSMUSP00000024620,1644,1,FALSE,NA,Other genes
Ripk4,ENSMUSG00000005251,ENSMUSP00000019386,2361,2,FALSE,NA,Other genes
Ripor2,ENSMUSG00000036006,ENSMUSP00000106013,3237,1,FALSE,NA,Other genes
Rlbp1,ENSMUSG00000039194,ENSMUSP00000137143,954,2,FALSE,NA,Other genes
Rmc1,ENSMUSG00000024410,ENSMUSP00000025276,1974,1,FALSE,NA,Other genes
Rnase1,ENSMUSG00000035896,ENSMUSP00000079025,450,1,FALSE,NA,Other genes
Rnase2b,ENSMUSG00000059606,ENSMUSP00000075074,468,1,FALSE,NA,Other genes
Rnf113a1,ENSMUSG00000036537,ENSMUSP00000042569,1026,2,FALSE,NA,Other genes
Rnf114,ENSMUSG00000006418,ENSMUSP00000104837,690,1,FALSE,NA,Other genes
Rnf123,ENSMUSG00000041528,ENSMUSP00000125745,3963,1,FALSE,NA,Other genes
Rnf145,ENSMUSG00000019189,ENSMUSP00000019333,1992,1,FALSE,NA,Other genes
Rnf214,ENSMUSG00000042790,ENSMUSP00000149889,2145,1,FALSE,NA,Other genes
Rnf216,ENSMUSG00000045078,ENSMUSP00000143705,2733,1,FALSE,NA,Other genes
Rnf31,ENSMUSG00000047098,ENSMUSP00000019443,3201,1,FALSE,NA,Other genes
Rnf38,ENSMUSG00000035696,ENSMUSP00000095702,1395,1,FALSE,NA,Other genes
Rnf39,ENSMUSG00000036492,ENSMUSP00000037860,1059,1,FALSE,NA,Other genes
Rnf44,ENSMUSG00000034928,ENSMUSP00000118474,1299,2,FALSE,NA,Other genes
Rngtt,ENSMUSG00000028274,ENSMUSP00000103788,1794,2,FALSE,NA,Other genes
Rnh1,ENSMUSG00000038650,ENSMUSP00000147928,1479,1,FALSE,NA,Other genes
Rnpc3,ENSMUSG00000027981,ENSMUSP00000089792,1545,1,FALSE,NA,Other genes
Rnps1,ENSMUSG00000034681,ENSMUSP00000085867,918,1,FALSE,NA,Other genes
Ro60,ENSMUSG00000018199,ENSMUSP00000125623,1617,1,FALSE,NA,Other genes
Rock2,ENSMUSG00000020580,ENSMUSP00000020904,4167,1,FALSE,NA,Other genes
Ror1,ENSMUSG00000035305,ENSMUSP00000048171,2814,1,FALSE,NA,Other genes
Ror2,ENSMUSG00000021464,ENSMUSP00000021918,2835,2,FALSE,NA,Other genes
Ros1,ENSMUSG00000019893,ENSMUSP00000020045,7023,5,FALSE,NA,Other genes
Rp1l1,ENSMUSG00000046049,ENSMUSP00000055449,5580,1,FALSE,NA,Other genes
Rpa1,ENSMUSG00000000751,ENSMUSP00000000767,1935,1,FALSE,NA,Other genes
Rpap2,ENSMUSG00000033773,ENSMUSP00000070209,1845,1,FALSE,NA,Other genes
Rpe65,ENSMUSG00000028174,ENSMUSP00000143654,1602,1,FALSE,NA,Other genes
Rpgrip1,ENSMUSG00000057132,ENSMUSP00000107230,3996,5,FALSE,NA,Other genes
Rpgrip1l,ENSMUSG00000033282,ENSMUSP00000042702,3795,1,FALSE,NA,Other genes
Rph3al,ENSMUSG00000020847,ENSMUSP00000113869,909,1,FALSE,NA,Other genes
Rpl10-ps3,ENSMUSG00000058443,ENSMUSP00000125806,645,1,FALSE,NA,Other genes
Rpl10l,ENSMUSG00000060499,ENSMUSP00000100795,645,1,FALSE,NA,Other genes
Rpl11,ENSMUSG00000059291,ENSMUSP00000099595,537,1,FALSE,NA,Other genes
Rpl14,ENSMUSG00000025794,ENSMUSP00000131489,654,1,FALSE,NA,Other genes
Rpl39,ENSMUSG00000079641,ENSMUSP00000110886,156,1,FALSE,NA,Other genes
Rpl7l1,ENSMUSG00000063888,ENSMUSP00000092888,741,1,FALSE,NA,Other genes
Rpn1,ENSMUSG00000030062,ENSMUSP00000032143,1827,2,FALSE,NA,Other genes
Rpp30,ENSMUSG00000024800,ENSMUSP00000025714,807,1,FALSE,NA,Other genes
Rprd1b,ENSMUSG00000027651,ENSMUSP00000029180,981,1,FALSE,NA,Other genes
Rprd2,ENSMUSG00000028106,ENSMUSP00000088297,4410,1,FALSE,NA,Other genes
Rps15a,ENSMUSG00000008683,ENSMUSP00000119975,393,1,FALSE,NA,Other genes
Rps2,ENSMUSG00000044533,ENSMUSP00000120715,909,1,FALSE,NA,Other genes
Rps27a,ENSMUSG00000020460,ENSMUSP00000099909,471,2,FALSE,NA,Other genes
Rps6ka3,ENSMUSG00000031309,ENSMUSP00000033671,2223,1,FALSE,NA,Other genes
Rps6ka4,ENSMUSG00000024952,ENSMUSP00000157597,2322,1,FALSE,NA,Other genes
Rps6ka5,ENSMUSG00000021180,ENSMUSP00000042987,2592,2,FALSE,NA,Other genes
Rptn,ENSMUSG00000041984,ENSMUSP00000044998,3357,5,FALSE,NA,Other genes
Rptor,ENSMUSG00000025583,ENSMUSP00000026671,4008,2,FALSE,NA,Other genes
Rras2,ENSMUSG00000055723,ENSMUSP00000069752,615,2,FALSE,NA,Other genes
Rrbp1,ENSMUSG00000027422,ENSMUSP00000016072,4395,1,FALSE,NA,Other genes
Rreb1,ENSMUSG00000039087,ENSMUSP00000115599,5265,1,FALSE,NA,Other genes
Rrp1,ENSMUSG00000061032,ENSMUSP00000058785,1485,1,FALSE,NA,Other genes
Rrp12,ENSMUSG00000035049,ENSMUSP00000039853,3888,3,FALSE,NA,Other genes
Rrs1,ENSMUSG00000061024,ENSMUSP00000071955,1098,19,FALSE,NA,Other genes
Rsc1a1,ENSMUSG00000040715,ENSMUSP00000101408,1749,1,FALSE,NA,Other genes
Rsph14,ENSMUSG00000009070,ENSMUSP00000131632,1125,1,FALSE,NA,Other genes
Rsph6a,ENSMUSG00000040866,ENSMUSP00000046526,2127,1,FALSE,NA,Other genes
Rsrc1,ENSMUSG00000034544,ENSMUSP00000125468,1005,1,FALSE,NA,Other genes
Rtel1,ENSMUSG00000038685,ENSMUSP00000053120,3630,1,FALSE,NA,Other genes
Rtl3,ENSMUSG00000047686,ENSMUSP00000060157,1662,2,FALSE,NA,Other genes
Rtl5,ENSMUSG00000049191,ENSMUSP00000109261,1800,1,FALSE,NA,Other genes
Rtl6,ENSMUSG00000055745,ENSMUSP00000069947,732,2,FALSE,NA,Other genes
Rtn3,ENSMUSG00000024758,ENSMUSP00000065810,2895,1,FALSE,NA,Other genes
Rtn4,ENSMUSG00000020458,ENSMUSP00000099907,3489,1,FALSE,NA,Other genes
Rtn4ip1,ENSMUSG00000019864,ENSMUSP00000060940,1191,1,FALSE,NA,Other genes
Rtn4r,ENSMUSG00000043811,ENSMUSP00000062924,1422,1,FALSE,NA,Other genes
Rtp3,ENSMUSG00000066319,ENSMUSP00000143305,1425,2,FALSE,NA,Other genes
Rttn,ENSMUSG00000023066,ENSMUSP00000023828,6681,3,FALSE,NA,Other genes
Rufy1,ENSMUSG00000020375,ENSMUSP00000020643,2139,1,FALSE,NA,Other genes
Rundc3a,ENSMUSG00000006575,ENSMUSP00000006750,1341,1,FALSE,NA,Other genes
Runx3,ENSMUSG00000070691,ENSMUSP00000050353,1272,1,FALSE,NA,Other genes
Rusc1,ENSMUSG00000041263,ENSMUSP00000088447,3093,1,FALSE,NA,Other genes
Rusc2,ENSMUSG00000035969,ENSMUSP00000038379,4572,1,FALSE,NA,Other genes
Ruvbl2,ENSMUSG00000003868,ENSMUSP00000147502,1392,1,FALSE,NA,Other genes
Rwdd3,ENSMUSG00000028133,ENSMUSP00000102075,1020,1,FALSE,NA,Other genes
Rxfp2,ENSMUSG00000053368,ENSMUSP00000067897,2214,1,FALSE,NA,Other genes
Rxfp4,ENSMUSG00000049741,ENSMUSP00000058732,1245,1,FALSE,NA,Other genes
Rxrg,ENSMUSG00000015843,ENSMUSP00000015987,1392,1,FALSE,NA,Other genes
Rybp,ENSMUSG00000072872,ENSMUSP00000098677,687,1,FALSE,NA,Other genes
Ryr1,ENSMUSG00000030592,ENSMUSP00000149042,15186,3,FALSE,NA,Other genes
Ryr2,ENSMUSG00000021313,ENSMUSP00000021750,14901,12,FALSE,NA,Other genes
Ryr3,ENSMUSG00000057378,ENSMUSP00000089426,14667,5,FALSE,NA,Other genes
S100a7a,ENSMUSG00000063767,ENSMUSP00000078268,327,1,FALSE,NA,Other genes
S1pr1,ENSMUSG00000045092,ENSMUSP00000050897,1149,1,FALSE,NA,Other genes
Saa3,ENSMUSG00000040026,ENSMUSP00000006956,369,1,FALSE,NA,Other genes
Saal1,ENSMUSG00000006763,ENSMUSP00000120658,1425,1,FALSE,NA,Other genes
Sac3d1,ENSMUSG00000024790,ENSMUSP00000109161,1284,1,FALSE,NA,Other genes
Sacs,ENSMUSG00000048279,ENSMUSP00000113377,13749,4,FALSE,NA,Other genes
Safb2,ENSMUSG00000042625,ENSMUSP00000074953,2976,1,FALSE,NA,Other genes
Sall1,ENSMUSG00000031665,ENSMUSP00000034090,3972,4,FALSE,NA,Other genes
Sall3,ENSMUSG00000024565,ENSMUSP00000158909,3963,3,FALSE,NA,Other genes
Sall4,ENSMUSG00000027547,ENSMUSP00000029061,3204,2,FALSE,NA,Other genes
Samd14,ENSMUSG00000047181,ENSMUSP00000062231,1254,1,FALSE,NA,Other genes
Samhd1,ENSMUSG00000027639,ENSMUSP00000059717,1977,1,FALSE,NA,Other genes
Saraf,ENSMUSG00000031532,ENSMUSP00000159294,1092,2,FALSE,NA,Other genes
Sarm1,ENSMUSG00000050132,ENSMUSP00000103922,2295,2,FALSE,NA,Other genes
Sart3,ENSMUSG00000018974,ENSMUSP00000019118,2889,1,FALSE,NA,Other genes
Sash3,ENSMUSG00000031101,ENSMUSP00000033427,1143,1,FALSE,NA,Other genes
Sass6,ENSMUSG00000027959,ENSMUSP00000143233,1965,1,FALSE,NA,Other genes
Satb1,ENSMUSG00000023927,ENSMUSP00000118839,2388,1,FALSE,NA,Other genes
Satb2,ENSMUSG00000038331,ENSMUSP00000110057,2202,1,FALSE,NA,Other genes
Sav1,ENSMUSG00000021067,ENSMUSP00000021467,1161,1,FALSE,NA,Other genes
Sbf1,ENSMUSG00000036529,ENSMUSP00000118107,5682,1,FALSE,NA,Other genes
Sbf2,ENSMUSG00000038371,ENSMUSP00000033058,5619,1,FALSE,NA,Other genes
Sbno1,ENSMUSG00000038095,ENSMUSP00000142481,4176,1,FALSE,NA,Other genes
Sbsn,ENSMUSG00000046056,ENSMUSP00000079362,2049,4,FALSE,NA,Other genes
Scaf11,ENSMUSG00000033228,ENSMUSP00000044898,4371,2,FALSE,NA,Other genes
Scamp3,ENSMUSG00000028049,ENSMUSP00000112846,1053,1,FALSE,NA,Other genes
Scamp4,ENSMUSG00000113949,ENSMUSP00000078808,693,2,FALSE,NA,Other genes
Scfd1,ENSMUSG00000020952,ENSMUSP00000021335,1920,1,FALSE,NA,Other genes
Scg3,ENSMUSG00000032181,ENSMUSP00000034699,1416,1,FALSE,NA,Other genes
Scgb1a1,ENSMUSG00000024653,ENSMUSP00000025554,291,1,FALSE,NA,Other genes
Scgb1b3,ENSMUSG00000095257,ENSMUSP00000136099,282,1,FALSE,NA,Other genes
Scn10a,ENSMUSG00000034533,ENSMUSP00000150830,5877,2,FALSE,NA,Other genes
Scn11a,ENSMUSG00000034115,ENSMUSP00000149420,5298,3,FALSE,NA,Other genes
Scn1a,ENSMUSG00000064329,ENSMUSP00000107985,6030,6,FALSE,NA,Other genes
Scn2a,ENSMUSG00000075318,ENSMUSP00000028377,6021,4,FALSE,NA,Other genes
Scn3a,ENSMUSG00000057182,ENSMUSP00000097647,5844,1,FALSE,NA,Other genes
Scn4a,ENSMUSG00000001027,ENSMUSP00000021056,5526,1,FALSE,NA,Other genes
Scn5a,ENSMUSG00000032511,ENSMUSP00000112838,6063,4,FALSE,NA,Other genes
Scn7a,ENSMUSG00000034810,ENSMUSP00000042405,5046,2,FALSE,NA,Other genes
Scn8a,ENSMUSG00000023033,ENSMUSP00000104537,5967,2,FALSE,NA,Other genes
Scn9a,ENSMUSG00000075316,ENSMUSP00000097642,5955,4,FALSE,NA,Other genes
Scnn1g,ENSMUSG00000000216,ENSMUSP00000000221,1968,1,FALSE,NA,Other genes
Scrib,ENSMUSG00000022568,ENSMUSP00000002603,4998,1,FALSE,NA,Other genes
Scrn2,ENSMUSG00000020877,ENSMUSP00000021249,1278,1,FALSE,NA,Other genes
Scube1,ENSMUSG00000016763,ENSMUSP00000016907,3057,1,FALSE,NA,Other genes
Scyl2,ENSMUSG00000069539,ENSMUSP00000133992,2793,1,FALSE,NA,Other genes
Sdha,ENSMUSG00000021577,ENSMUSP00000022062,1995,1,FALSE,NA,Other genes
Sdhaf4,ENSMUSG00000026154,ENSMUSP00000027338,315,1,FALSE,NA,Other genes
Sdk1,ENSMUSG00000039683,ENSMUSP00000082928,6582,3,FALSE,NA,Other genes
Sdk2,ENSMUSG00000041592,ENSMUSP00000038972,6531,2,FALSE,NA,Other genes
Sec14l1,ENSMUSG00000020823,ENSMUSP00000021177,2160,1,FALSE,NA,Other genes
Sec14l2,ENSMUSG00000003585,ENSMUSP00000003681,1212,1,FALSE,NA,Other genes
Sec14l3,ENSMUSG00000054986,ENSMUSP00000065084,1206,1,FALSE,NA,Other genes
Sec16a,ENSMUSG00000026924,ENSMUSP00000109716,7134,1,FALSE,NA,Other genes
Sec16b,ENSMUSG00000026589,ENSMUSP00000083300,3156,1,FALSE,NA,Other genes
Sec22c,ENSMUSG00000061536,ENSMUSP00000077628,912,1,FALSE,NA,Other genes
Sec23ip,ENSMUSG00000055319,ENSMUSP00000035610,2997,1,FALSE,NA,Other genes
Sec24b,ENSMUSG00000001052,ENSMUSP00000001079,3756,2,FALSE,NA,Other genes
Sec24d,ENSMUSG00000039234,ENSMUSP00000035823,3099,1,FALSE,NA,Other genes
Sec31a,ENSMUSG00000035325,ENSMUSP00000092157,3693,1,FALSE,NA,Other genes
Sec31b,ENSMUSG00000051984,ENSMUSP00000064900,3477,3,FALSE,NA,Other genes
Secisbp2l,ENSMUSG00000035093,ENSMUSP00000055772,3270,1,FALSE,NA,Other genes
Sectm1b,ENSMUSG00000039364,ENSMUSP00000045748,639,1,FALSE,NA,Other genes
Selenbp2,ENSMUSG00000068877,ENSMUSP00000088358,1419,1,FALSE,NA,Other genes
Sell,ENSMUSG00000026581,ENSMUSP00000095099,1164,2,FALSE,NA,Other genes
Selp,ENSMUSG00000026580,ENSMUSP00000123924,2307,2,FALSE,NA,Other genes
Selplg,ENSMUSG00000048163,ENSMUSP00000098436,1254,4,FALSE,NA,Other genes
Sema3a,ENSMUSG00000028883,ENSMUSP00000092621,2319,1,FALSE,NA,Other genes
Sema3f,ENSMUSG00000034684,ENSMUSP00000141865,2358,2,FALSE,NA,Other genes
Sema3g,ENSMUSG00000021904,ENSMUSP00000087643,2343,2,FALSE,NA,Other genes
Sema6b,ENSMUSG00000001227,ENSMUSP00000001256,2661,2,FALSE,NA,Other genes
Sema6c,ENSMUSG00000038777,ENSMUSP00000088333,2892,2,FALSE,NA,Other genes
Sema7a,ENSMUSG00000038264,ENSMUSP00000042211,1995,1,FALSE,NA,Other genes
Senp2,ENSMUSG00000022855,ENSMUSP00000023561,1767,2,FALSE,NA,Other genes
Septin12,ENSMUSG00000022542,ENSMUSP00000154901,1074,1,FALSE,NA,Other genes
Septin4,ENSMUSG00000020486,ENSMUSP00000158869,2916,1,FALSE,NA,Other genes
Septin5,ENSMUSG00000072214,ENSMUSP00000156292,1146,1,FALSE,NA,Other genes
Septin8,ENSMUSG00000018398,ENSMUSP00000113038,1455,1,FALSE,NA,Other genes
Septin9,ENSMUSG00000059248,ENSMUSP00000091435,1752,2,FALSE,NA,Other genes
Serinc5,ENSMUSG00000021703,ENSMUSP00000047547,1386,1,FALSE,NA,Other genes
Serpina10,ENSMUSG00000061947,ENSMUSP00000048357,1347,3,FALSE,NA,Other genes
Serpina11,ENSMUSG00000063232,ENSMUSP00000074258,1284,1,FALSE,NA,Other genes
Serpina1b,ENSMUSG00000071178,ENSMUSP00000093101,1242,1,FALSE,NA,Other genes
Serpina1d,ENSMUSG00000071177,ENSMUSP00000077909,1242,1,FALSE,NA,Other genes
Serpina3k,ENSMUSG00000058207,ENSMUSP00000042095,1257,1,FALSE,NA,Other genes
Serpinb1c,ENSMUSG00000079049,ENSMUSP00000021834,1128,2,FALSE,NA,Other genes
Serpinb6e,ENSMUSG00000069248,ENSMUSP00000105904,1290,1,FALSE,NA,Other genes
Serpinh1,ENSMUSG00000070436,ENSMUSP00000126390,1254,1,FALSE,NA,Other genes
Sesn3,ENSMUSG00000032009,ENSMUSP00000146362,1479,1,FALSE,NA,Other genes
Setbp1,ENSMUSG00000024548,ENSMUSP00000025430,4749,3,FALSE,NA,Other genes
Setd1a,ENSMUSG00000042308,ENSMUSP00000047672,5151,2,FALSE,NA,Other genes
Setd2,ENSMUSG00000044791,ENSMUSP00000116313,7614,6,FALSE,NA,Other genes
Setd3,ENSMUSG00000056770,ENSMUSP00000066413,1785,1,FALSE,NA,Other genes
Setd5,ENSMUSG00000034269,ENSMUSP00000108780,4383,1,FALSE,NA,Other genes
Setdb1,ENSMUSG00000015697,ENSMUSP00000015841,3927,1,FALSE,NA,Other genes
Setx,ENSMUSG00000043535,ENSMUSP00000051492,7941,1,FALSE,NA,Other genes
Sez6l2,ENSMUSG00000030683,ENSMUSP00000101940,2772,1,FALSE,NA,Other genes
Sf3a1,ENSMUSG00000002129,ENSMUSP00000002198,2376,1,FALSE,NA,Other genes
Sf3b3,ENSMUSG00000033732,ENSMUSP00000045073,3654,1,FALSE,NA,Other genes
Sfmbt2,ENSMUSG00000061186,ENSMUSP00000040575,2928,2,FALSE,NA,Other genes
Sfr1,ENSMUSG00000025066,ENSMUSP00000096954,960,1,FALSE,NA,Other genes
Sfrp4,ENSMUSG00000021319,ENSMUSP00000152498,1098,1,FALSE,NA,Other genes
Sfswap,ENSMUSG00000029439,ENSMUSP00000062413,2838,1,FALSE,NA,Other genes
Sft2d2,ENSMUSG00000040848,ENSMUSP00000043537,480,1,FALSE,NA,Other genes
Sftpb,ENSMUSG00000056370,ENSMUSP00000066805,1131,1,FALSE,NA,Other genes
Sfxn3,ENSMUSG00000025212,ENSMUSP00000059419,966,1,FALSE,NA,Other genes
Sfxn5,ENSMUSG00000033720,ENSMUSP00000041872,1029,1,FALSE,NA,Other genes
Sgcg,ENSMUSG00000035296,ENSMUSP00000077106,876,1,FALSE,NA,Other genes
Sgk2,ENSMUSG00000017868,ENSMUSP00000018012,1104,1,FALSE,NA,Other genes
Sgo1,ENSMUSG00000023940,ENSMUSP00000024736,1554,1,FALSE,NA,Other genes
Sgpp2,ENSMUSG00000032908,ENSMUSP00000036656,1065,1,FALSE,NA,Other genes
Sgsh,ENSMUSG00000005043,ENSMUSP00000005173,1509,1,FALSE,NA,Other genes
Sgsm1,ENSMUSG00000042216,ENSMUSP00000046544,3282,4,FALSE,NA,Other genes
Sgsm2,ENSMUSG00000038351,ENSMUSP00000080489,3153,2,FALSE,NA,Other genes
Sgta,ENSMUSG00000004937,ENSMUSP00000005067,948,1,FALSE,NA,Other genes
Sh2d3c,ENSMUSG00000059013,ENSMUSP00000073866,2565,1,FALSE,NA,Other genes
Sh3bgrl3,ENSMUSG00000028843,ENSMUSP00000030651,282,1,FALSE,NA,Other genes
Sh3bp1,ENSMUSG00000022436,ENSMUSP00000001226,2043,1,FALSE,NA,Other genes
Sh3bp2,ENSMUSG00000054520,ENSMUSP00000112554,1848,1,FALSE,NA,Other genes
Sh3bp4,ENSMUSG00000036206,ENSMUSP00000067581,2889,1,FALSE,NA,Other genes
Sh3gl1,ENSMUSG00000003200,ENSMUSP00000003268,1107,1,FALSE,NA,Other genes
Sh3gl2,ENSMUSG00000028488,ENSMUSP00000102806,1296,1,FALSE,NA,Other genes
Sh3kbp1,ENSMUSG00000040990,ENSMUSP00000072840,2130,1,FALSE,NA,Other genes
Sh3pxd2a,ENSMUSG00000053617,ENSMUSP00000080325,3375,1,FALSE,NA,Other genes
Sh3pxd2b,ENSMUSG00000040711,ENSMUSP00000158896,2811,1,FALSE,NA,Other genes
Sh3rf1,ENSMUSG00000031642,ENSMUSP00000034060,2676,1,FALSE,NA,Other genes
Sh3tc1,ENSMUSG00000036553,ENSMUSP00000070610,4041,5,FALSE,NA,Other genes
Sh3tc2,ENSMUSG00000045629,ENSMUSP00000055094,3870,2,FALSE,NA,Other genes
Shank1,ENSMUSG00000038738,ENSMUSP00000103571,6504,1,FALSE,NA,Other genes
Shank3,ENSMUSG00000022623,ENSMUSP00000104932,5193,1,FALSE,NA,Other genes
Shbg,ENSMUSG00000005202,ENSMUSP00000005334,1212,1,FALSE,NA,Other genes
Shc4,ENSMUSG00000035109,ENSMUSP00000043146,1881,1,FALSE,NA,Other genes
Shd,ENSMUSG00000039154,ENSMUSP00000153605,1035,1,FALSE,NA,Other genes
Shf,ENSMUSG00000033256,ENSMUSP00000117099,1341,1,FALSE,NA,Other genes
Shisa3,ENSMUSG00000050010,ENSMUSP00000084494,717,1,FALSE,NA,Other genes
Shisa9,ENSMUSG00000022494,ENSMUSP00000132646,1275,1,FALSE,NA,Other genes
Shoc1,ENSMUSG00000038598,ENSMUSP00000103171,4446,1,FALSE,NA,Other genes
Shpk,ENSMUSG00000005951,ENSMUSP00000006105,1431,1,FALSE,NA,Other genes
Shprh,ENSMUSG00000090112,ENSMUSP00000039422,5025,1,FALSE,NA,Other genes
Shroom2,ENSMUSG00000045180,ENSMUSP00000098701,4464,1,FALSE,NA,Other genes
Shroom3,ENSMUSG00000029381,ENSMUSP00000108678,5943,1,FALSE,NA,Other genes
Shroom4,ENSMUSG00000068270,ENSMUSP00000100070,4428,1,FALSE,NA,Other genes
Shtn1,ENSMUSG00000041362,ENSMUSP00000041378,1896,1,FALSE,NA,Other genes
Siah1b,ENSMUSG00000040749,ENSMUSP00000043215,849,1,FALSE,NA,Other genes
Siah2,ENSMUSG00000036432,ENSMUSP00000067496,978,1,FALSE,NA,Other genes
Siglec1,ENSMUSG00000027322,ENSMUSP00000028794,5106,3,FALSE,NA,Other genes
Siglecf,ENSMUSG00000039013,ENSMUSP00000012798,1710,2,FALSE,NA,Other genes
Siglecg,ENSMUSG00000030468,ENSMUSP00000005592,2067,1,FALSE,NA,Other genes
Sik1,ENSMUSG00000024042,ENSMUSP00000024839,2340,1,FALSE,NA,Other genes
Sik2,ENSMUSG00000037112,ENSMUSP00000038761,2796,2,FALSE,NA,Other genes
Sik3,ENSMUSG00000034135,ENSMUSP00000121032,4110,1,FALSE,NA,Other genes
Sil1,ENSMUSG00000024357,ENSMUSP00000025215,1398,1,FALSE,NA,Other genes
Sim1,ENSMUSG00000019913,ENSMUSP00000020071,2298,1,FALSE,NA,Other genes
Simc1,ENSMUSG00000043183,ENSMUSP00000113676,4065,6,FALSE,NA,Other genes
Sin3b,ENSMUSG00000031622,ENSMUSP00000004494,3297,3,FALSE,NA,Other genes
Sipa1,ENSMUSG00000056917,ENSMUSP00000128208,3117,2,FALSE,NA,Other genes
Sipa1l2,ENSMUSG00000001995,ENSMUSP00000148536,5169,2,FALSE,NA,Other genes
Sipa1l3,ENSMUSG00000030583,ENSMUSP00000138171,5331,1,FALSE,NA,Other genes
Sirpb1b,ENSMUSG00000095028,ENSMUSP00000142068,1194,8,FALSE,NA,Other genes
Sirpb1c,ENSMUSG00000074677,ENSMUSP00000103989,1194,1,FALSE,NA,Other genes
Sirt3,ENSMUSG00000025486,ENSMUSP00000147716,930,1,FALSE,NA,Other genes
Sirt6,ENSMUSG00000034748,ENSMUSP00000048971,1005,1,FALSE,NA,Other genes
Six4,ENSMUSG00000034460,ENSMUSP00000036150,2328,2,FALSE,NA,Other genes
Skap1,ENSMUSG00000057058,ENSMUSP00000099443,1068,3,FALSE,NA,Other genes
Skil,ENSMUSG00000027660,ENSMUSP00000112413,2028,1,FALSE,NA,Other genes
Skint3,ENSMUSG00000070868,ENSMUSP00000131300,1377,1,FALSE,NA,Other genes
Skint6,ENSMUSG00000087194,ENSMUSP00000121870,3723,1,FALSE,NA,Other genes
Skiv2l,ENSMUSG00000040356,ENSMUSP00000036265,3735,1,FALSE,NA,Other genes
Skor1,ENSMUSG00000022245,ENSMUSP00000055037,2895,2,FALSE,NA,Other genes
Sla,ENSMUSG00000022372,ENSMUSP00000131865,894,1,FALSE,NA,Other genes
Slamf7,ENSMUSG00000038179,ENSMUSP00000141259,1008,1,FALSE,NA,Other genes
Slbp,ENSMUSG00000004642,ENSMUSP00000062930,828,2,FALSE,NA,Other genes
Slc10a7,ENSMUSG00000031684,ENSMUSP00000034111,1023,1,FALSE,NA,Other genes
Slc12a2,ENSMUSG00000024597,ENSMUSP00000111023,3621,2,FALSE,NA,Other genes
Slc12a3,ENSMUSG00000031766,ENSMUSP00000034218,3009,2,FALSE,NA,Other genes
Slc12a5,ENSMUSG00000017740,ENSMUSP00000144623,3417,1,FALSE,NA,Other genes
Slc12a6,ENSMUSG00000027130,ENSMUSP00000028549,3453,1,FALSE,NA,Other genes
Slc12a7,ENSMUSG00000017756,ENSMUSP00000017900,3252,1,FALSE,NA,Other genes
Slc12a8,ENSMUSG00000035506,ENSMUSP00000112439,2118,1,FALSE,NA,Other genes
Slc13a1,ENSMUSG00000029700,ENSMUSP00000031713,1785,2,FALSE,NA,Other genes
Slc13a5,ENSMUSG00000020805,ENSMUSP00000021161,1719,1,FALSE,NA,Other genes
Slc14a1,ENSMUSG00000059336,ENSMUSP00000125114,1323,3,FALSE,NA,Other genes
Slc14a2,ENSMUSG00000024552,ENSMUSP00000157851,2793,1,FALSE,NA,Other genes
Slc15a2,ENSMUSG00000022899,ENSMUSP00000023616,2223,1,FALSE,NA,Other genes
Slc15a5,ENSMUSG00000044378,ENSMUSP00000129239,1701,1,FALSE,NA,Other genes
Slc16a12,ENSMUSG00000009378,ENSMUSP00000009522,1461,1,FALSE,NA,Other genes
Slc16a5,ENSMUSG00000045775,ENSMUSP00000090102,1407,1,FALSE,NA,Other genes
Slc17a6,ENSMUSG00000030500,ENSMUSP00000032710,1749,2,FALSE,NA,Other genes
Slc17a9,ENSMUSG00000023393,ENSMUSP00000091771,1344,1,FALSE,NA,Other genes
Slc18a2,ENSMUSG00000025094,ENSMUSP00000026084,1554,1,FALSE,NA,Other genes
Slc18b1,ENSMUSG00000037455,ENSMUSP00000137431,1380,1,FALSE,NA,Other genes
Slc19a3,ENSMUSG00000038496,ENSMUSP00000041683,1467,1,FALSE,NA,Other genes
Slc1a3,ENSMUSG00000005360,ENSMUSP00000005493,1632,1,FALSE,NA,Other genes
Slc20a2,ENSMUSG00000037656,ENSMUSP00000065935,1971,1,FALSE,NA,Other genes
Slc22a13,ENSMUSG00000074028,ENSMUSP00000081855,1656,1,FALSE,NA,Other genes
Slc22a16,ENSMUSG00000019834,ENSMUSP00000019978,2013,1,FALSE,NA,Other genes
Slc22a19,ENSMUSG00000024757,ENSMUSP00000025666,1656,1,FALSE,NA,Other genes
Slc22a23,ENSMUSG00000038267,ENSMUSP00000042742,2070,1,FALSE,NA,Other genes
Slc22a3,ENSMUSG00000023828,ENSMUSP00000024595,1656,1,FALSE,NA,Other genes
Slc22a6,ENSMUSG00000024650,ENSMUSP00000010250,1638,1,FALSE,NA,Other genes
Slc23a1,ENSMUSG00000024354,ENSMUSP00000025212,1818,1,FALSE,NA,Other genes
Slc24a5,ENSMUSG00000035183,ENSMUSP00000063887,1506,1,FALSE,NA,Other genes
Slc25a17,ENSMUSG00000022404,ENSMUSP00000023040,924,1,FALSE,NA,Other genes
Slc25a19,ENSMUSG00000020744,ENSMUSP00000021089,957,1,FALSE,NA,Other genes
Slc25a31,ENSMUSG00000069041,ENSMUSP00000088723,963,1,FALSE,NA,Other genes
Slc25a35,ENSMUSG00000018740,ENSMUSP00000099666,903,1,FALSE,NA,Other genes
Slc25a39,ENSMUSG00000018677,ENSMUSP00000018821,1080,1,FALSE,NA,Other genes
Slc25a40,ENSMUSG00000054099,ENSMUSP00000067611,1014,1,FALSE,NA,Other genes
Slc25a45,ENSMUSG00000024818,ENSMUSP00000025732,867,1,FALSE,NA,Other genes
Slc26a1,ENSMUSG00000046959,ENSMUSP00000113185,2163,2,FALSE,NA,Other genes
Slc26a11,ENSMUSG00000039908,ENSMUSP00000050999,1782,1,FALSE,NA,Other genes
Slc26a8,ENSMUSG00000036196,ENSMUSP00000110412,3000,1,FALSE,NA,Other genes
Slc26a9,ENSMUSG00000042268,ENSMUSP00000036916,2373,1,FALSE,NA,Other genes
Slc27a5,ENSMUSG00000030382,ENSMUSP00000032539,2070,1,FALSE,NA,Other genes
Slc28a1,ENSMUSG00000025726,ENSMUSP00000026820,1947,1,FALSE,NA,Other genes
Slc28a2,ENSMUSG00000027219,ENSMUSP00000106154,1983,1,FALSE,NA,Other genes
Slc29a3,ENSMUSG00000020100,ENSMUSP00000112685,1428,1,FALSE,NA,Other genes
Slc29a4,ENSMUSG00000050822,ENSMUSP00000059896,1587,1,FALSE,NA,Other genes
Slc2a10,ENSMUSG00000027661,ENSMUSP00000029196,1611,1,FALSE,NA,Other genes
Slc2a4,ENSMUSG00000018566,ENSMUSP00000018710,1530,1,FALSE,NA,Other genes
Slc2a6,ENSMUSG00000036067,ENSMUSP00000049103,1494,1,FALSE,NA,Other genes
Slc2a7,ENSMUSG00000062064,ENSMUSP00000059106,1578,1,FALSE,NA,Other genes
Slc30a1,ENSMUSG00000037434,ENSMUSP00000042410,1512,1,FALSE,NA,Other genes
Slc34a1,ENSMUSG00000021490,ENSMUSP00000153038,1914,2,FALSE,NA,Other genes
Slc34a2,ENSMUSG00000029188,ENSMUSP00000092380,2094,1,FALSE,NA,Other genes
Slc34a3,ENSMUSG00000006469,ENSMUSP00000006638,1806,1,FALSE,NA,Other genes
Slc35a2,ENSMUSG00000031156,ENSMUSP00000111327,1182,2,FALSE,NA,Other genes
Slc35a5,ENSMUSG00000022664,ENSMUSP00000023344,1314,1,FALSE,NA,Other genes
Slc35c2,ENSMUSG00000017664,ENSMUSP00000017808,1095,2,FALSE,NA,Other genes
Slc35e3,ENSMUSG00000060181,ENSMUSP00000078050,942,1,FALSE,NA,Other genes
Slc35f6,ENSMUSG00000029175,ENSMUSP00000058680,1119,1,FALSE,NA,Other genes
Slc35g1,ENSMUSG00000044026,ENSMUSP00000061282,1107,2,FALSE,NA,Other genes
Slc36a3,ENSMUSG00000049491,ENSMUSP00000020502,1434,1,FALSE,NA,Other genes
Slc37a2,ENSMUSG00000032122,ENSMUSP00000124569,1521,1,FALSE,NA,Other genes
Slc38a10,ENSMUSG00000061306,ENSMUSP00000099307,3273,2,FALSE,NA,Other genes
Slc38a6,ENSMUSG00000044712,ENSMUSP00000120810,1374,1,FALSE,NA,Other genes
Slc39a10,ENSMUSG00000025986,ENSMUSP00000027131,2502,1,FALSE,NA,Other genes
Slc39a2,ENSMUSG00000072572,ENSMUSP00000038707,930,1,FALSE,NA,Other genes
Slc39a4,ENSMUSG00000063354,ENSMUSP00000155442,1983,1,FALSE,NA,Other genes
Slc39a6,ENSMUSG00000024270,ENSMUSP00000064667,2298,3,FALSE,NA,Other genes
Slc39a8,ENSMUSG00000053897,ENSMUSP00000080640,1389,1,FALSE,NA,Other genes
Slc3a2,ENSMUSG00000010095,ENSMUSP00000130194,1698,1,FALSE,NA,Other genes
Slc40a1,ENSMUSG00000025993,ENSMUSP00000027137,1713,1,FALSE,NA,Other genes
Slc41a2,ENSMUSG00000034591,ENSMUSP00000036690,1722,1,FALSE,NA,Other genes
Slc44a2,ENSMUSG00000057193,ENSMUSP00000034697,2121,1,FALSE,NA,Other genes
Slc44a5,ENSMUSG00000028360,ENSMUSP00000159268,2166,1,FALSE,NA,Other genes
Slc45a1,ENSMUSG00000039838,ENSMUSP00000036774,2256,1,FALSE,NA,Other genes
Slc45a2,ENSMUSG00000022243,ENSMUSP00000112408,1593,1,FALSE,NA,Other genes
Slc4a1,ENSMUSG00000006574,ENSMUSP00000006749,2790,1,FALSE,NA,Other genes
Slc4a11,ENSMUSG00000074796,ENSMUSP00000096963,2589,1,FALSE,NA,Other genes
Slc4a4,ENSMUSG00000060961,ENSMUSP00000159229,3336,2,FALSE,NA,Other genes
Slc4a5,ENSMUSG00000068323,ENSMUSP00000109533,3351,3,FALSE,NA,Other genes
Slc4a8,ENSMUSG00000023032,ENSMUSP00000023776,3270,2,FALSE,NA,Other genes
Slc52a2,ENSMUSG00000022560,ENSMUSP00000023220,1353,1,FALSE,NA,Other genes
Slc5a1,ENSMUSG00000011034,ENSMUSP00000011178,1998,1,FALSE,NA,Other genes
Slc5a10,ENSMUSG00000042371,ENSMUSP00000054407,1791,3,FALSE,NA,Other genes
Slc5a11,ENSMUSG00000030769,ENSMUSP00000033035,2022,1,FALSE,NA,Other genes
Slc5a12,ENSMUSG00000041644,ENSMUSP00000047340,1872,1,FALSE,NA,Other genes
Slc5a4b,ENSMUSG00000020226,ENSMUSP00000113582,1983,1,FALSE,NA,Other genes
Slc6a11,ENSMUSG00000030307,ENSMUSP00000032451,1884,1,FALSE,NA,Other genes
Slc6a13,ENSMUSG00000030108,ENSMUSP00000066779,1809,1,FALSE,NA,Other genes
Slc6a15,ENSMUSG00000019894,ENSMUSP00000136676,2190,1,FALSE,NA,Other genes
Slc6a18,ENSMUSG00000021612,ENSMUSP00000152525,1848,1,FALSE,NA,Other genes
Slc6a19,ENSMUSG00000021565,ENSMUSP00000022048,1905,1,FALSE,NA,Other genes
Slc6a4,ENSMUSG00000020838,ENSMUSP00000104039,1893,2,FALSE,NA,Other genes
Slc6a5,ENSMUSG00000039728,ENSMUSP00000058699,2376,1,FALSE,NA,Other genes
Slc6a6,ENSMUSG00000030096,ENSMUSP00000032185,1866,1,FALSE,NA,Other genes
Slc7a11,ENSMUSG00000027737,ENSMUSP00000029297,1509,1,FALSE,NA,Other genes
Slc7a15,ENSMUSG00000020600,ENSMUSP00000093548,1467,1,FALSE,NA,Other genes
Slc7a2,ENSMUSG00000031596,ENSMUSP00000112848,2025,1,FALSE,NA,Other genes
Slc7a3,ENSMUSG00000031297,ENSMUSP00000098914,1857,1,FALSE,NA,Other genes
Slc8a3,ENSMUSG00000079055,ENSMUSP00000138735,2787,1,FALSE,NA,Other genes
Slc9a1,ENSMUSG00000028854,ENSMUSP00000030669,2463,2,FALSE,NA,Other genes
Slco1a4,ENSMUSG00000030237,ENSMUSP00000130746,2013,1,FALSE,NA,Other genes
Slco1b2,ENSMUSG00000030236,ENSMUSP00000044326,2070,1,FALSE,NA,Other genes
Slco3a1,ENSMUSG00000025790,ENSMUSP00000026897,2133,1,FALSE,NA,Other genes
Slco4a1,ENSMUSG00000038963,ENSMUSP00000046502,2172,1,FALSE,NA,Other genes
Slco4c1,ENSMUSG00000040693,ENSMUSP00000071875,2169,1,FALSE,NA,Other genes
Slco5a1,ENSMUSG00000025938,ENSMUSP00000140091,2553,1,FALSE,NA,Other genes
Slf2,ENSMUSG00000036097,ENSMUSP00000093758,3492,3,FALSE,NA,Other genes
Slfn1,ENSMUSG00000078763,ENSMUSP00000047782,1014,1,FALSE,NA,Other genes
Slfn14,ENSMUSG00000082101,ENSMUSP00000139132,2700,1,FALSE,NA,Other genes
Slfn2,ENSMUSG00000072620,ENSMUSP00000035562,1137,1,FALSE,NA,Other genes
Slfn4,ENSMUSG00000000204,ENSMUSP00000000208,1809,1,FALSE,NA,Other genes
Slfn5,ENSMUSG00000054404,ENSMUSP00000064819,2655,1,FALSE,NA,Other genes
Slfn9,ENSMUSG00000069793,ENSMUSP00000044435,2733,2,FALSE,NA,Other genes
Slit1,ENSMUSG00000025020,ENSMUSP00000025993,4596,1,FALSE,NA,Other genes
Slit2,ENSMUSG00000031558,ENSMUSP00000134263,4629,1,FALSE,NA,Other genes
Slit3,ENSMUSG00000056427,ENSMUSP00000066857,4572,4,FALSE,NA,Other genes
Slitrk4,ENSMUSG00000046699,ENSMUSP00000064443,2514,1,FALSE,NA,Other genes
Slitrk5,ENSMUSG00000033214,ENSMUSP00000041499,2874,1,FALSE,NA,Other genes
Slk,ENSMUSG00000025060,ENSMUSP00000049977,3702,1,FALSE,NA,Other genes
Sltm,ENSMUSG00000032212,ENSMUSP00000049112,3096,2,FALSE,NA,Other genes
Smad2,ENSMUSG00000024563,ENSMUSP00000130115,1404,2,FALSE,NA,Other genes
Smad3,ENSMUSG00000032402,ENSMUSP00000034973,1278,1,FALSE,NA,Other genes
Smad4,ENSMUSG00000024515,ENSMUSP00000025393,1656,1,FALSE,NA,Other genes
Smad6,ENSMUSG00000036867,ENSMUSP00000036285,1488,1,FALSE,NA,Other genes
Smad9,ENSMUSG00000027796,ENSMUSP00000029371,1293,1,FALSE,NA,Other genes
Smap2,ENSMUSG00000032870,ENSMUSP00000035800,1287,1,FALSE,NA,Other genes
Smarca2,ENSMUSG00000024921,ENSMUSP00000135784,4806,4,FALSE,NA,Other genes
Smarca4,ENSMUSG00000032187,ENSMUSP00000096547,4854,8,FALSE,NA,Other genes
Smarcad1,ENSMUSG00000029920,ENSMUSP00000031984,3066,1,FALSE,NA,Other genes
Smarcc1,ENSMUSG00000032481,ENSMUSP00000086094,3315,2,FALSE,NA,Other genes
Smarcd1,ENSMUSG00000023018,ENSMUSP00000023759,1548,1,FALSE,NA,Other genes
Smarce1,ENSMUSG00000037935,ENSMUSP00000099422,1236,1,FALSE,NA,Other genes
Smc1a,ENSMUSG00000041133,ENSMUSP00000044645,3702,1,FALSE,NA,Other genes
Smcr8,ENSMUSG00000049323,ENSMUSP00000055926,2808,1,FALSE,NA,Other genes
Smg1,ENSMUSG00000030655,ENSMUSP00000032891,10977,31,FALSE,NA,Other genes
Smg5,ENSMUSG00000001415,ENSMUSP00000001451,3054,1,FALSE,NA,Other genes
Smg9,ENSMUSG00000002210,ENSMUSP00000002280,1563,3,FALSE,NA,Other genes
Smo,ENSMUSG00000001761,ENSMUSP00000001812,2382,3,FALSE,NA,Other genes
Smok2a,ENSMUSG00000073458,ENSMUSP00000094432,1515,2,FALSE,NA,Other genes
Smpd4,ENSMUSG00000005899,ENSMUSP00000006053,2472,1,FALSE,NA,Other genes
Smr3a,ENSMUSG00000029280,ENSMUSP00000031211,444,2,FALSE,NA,Other genes
Smtn,ENSMUSG00000020439,ENSMUSP00000105638,2841,1,FALSE,NA,Other genes
Smtnl2,ENSMUSG00000045667,ENSMUSP00000059043,1371,3,FALSE,NA,Other genes
Snai3,ENSMUSG00000006587,ENSMUSP00000006762,864,1,FALSE,NA,Other genes
Snapc2,ENSMUSG00000011837,ENSMUSP00000011981,1080,1,FALSE,NA,Other genes
Snapc4,ENSMUSG00000036281,ENSMUSP00000109750,4002,1,FALSE,NA,Other genes
Snd1,ENSMUSG00000001424,ENSMUSP00000001460,2733,1,FALSE,NA,Other genes
Sned1,ENSMUSG00000047793,ENSMUSP00000050832,4212,1,FALSE,NA,Other genes
Snf8,ENSMUSG00000006058,ENSMUSP00000006217,777,2,FALSE,NA,Other genes
Snph,ENSMUSG00000027457,ENSMUSP00000028951,1587,1,FALSE,NA,Other genes
Snrnp40,ENSMUSG00000074088,ENSMUSP00000101616,1077,2,FALSE,NA,Other genes
Snta1,ENSMUSG00000027488,ENSMUSP00000028991,1512,1,FALSE,NA,Other genes
Snu13,ENSMUSG00000063480,ENSMUSP00000091840,387,2,FALSE,NA,Other genes
Snupn,ENSMUSG00000055334,ENSMUSP00000067200,1077,1,FALSE,NA,Other genes
Snx18,ENSMUSG00000042364,ENSMUSP00000104864,1848,1,FALSE,NA,Other genes
Snx21,ENSMUSG00000050373,ENSMUSP00000054137,1092,2,FALSE,NA,Other genes
Snx25,ENSMUSG00000038291,ENSMUSP00000106007,2961,2,FALSE,NA,Other genes
Snx29,ENSMUSG00000071669,ENSMUSP00000138025,2457,1,FALSE,NA,Other genes
Snx30,ENSMUSG00000028385,ENSMUSP00000030080,1314,1,FALSE,NA,Other genes
Snx4,ENSMUSG00000022808,ENSMUSP00000023502,1353,1,FALSE,NA,Other genes
Snx9,ENSMUSG00000002365,ENSMUSP00000002436,1788,1,FALSE,NA,Other genes
Soat2,ENSMUSG00000023045,ENSMUSP00000023806,1578,1,FALSE,NA,Other genes
Sod3,ENSMUSG00000072941,ENSMUSP00000098768,756,1,FALSE,NA,Other genes
Soga1,ENSMUSG00000055485,ENSMUSP00000066556,4965,1,FALSE,NA,Other genes
Son,ENSMUSG00000022961,ENSMUSP00000112453,7434,3,FALSE,NA,Other genes
Sorbs2,ENSMUSG00000031626,ENSMUSP00000128000,3645,1,FALSE,NA,Other genes
Sorbs3,ENSMUSG00000022091,ENSMUSP00000022682,2202,1,FALSE,NA,Other genes
Sorcs3,ENSMUSG00000063434,ENSMUSP00000077919,3660,1,FALSE,NA,Other genes
Sord,ENSMUSG00000027227,ENSMUSP00000106180,1074,1,FALSE,NA,Other genes
Sort1,ENSMUSG00000068747,ENSMUSP00000123564,2577,1,FALSE,NA,Other genes
Sos1,ENSMUSG00000024241,ENSMUSP00000067786,3960,1,FALSE,NA,Other genes
Sos2,ENSMUSG00000034801,ENSMUSP00000138793,4002,2,FALSE,NA,Other genes
Sowahb,ENSMUSG00000045314,ENSMUSP00000055267,2283,1,FALSE,NA,Other genes
Sox14,ENSMUSG00000053747,ENSMUSP00000091310,723,1,FALSE,NA,Other genes
Sox2,ENSMUSG00000074637,ENSMUSP00000096755,960,1,FALSE,NA,Other genes
Sox30,ENSMUSG00000040489,ENSMUSP00000037519,2349,1,FALSE,NA,Other genes
Sox5,ENSMUSG00000041540,ENSMUSP00000047567,2292,1,FALSE,NA,Other genes
Sox6,ENSMUSG00000051910,ENSMUSP00000145931,2487,1,FALSE,NA,Other genes
Sp1,ENSMUSG00000001280,ENSMUSP00000001326,2346,1,FALSE,NA,Other genes
Sp110,ENSMUSG00000070034,ENSMUSP00000091226,1338,1,FALSE,NA,Other genes
Sp140,ENSMUSG00000070031,ENSMUSP00000079095,1605,7,FALSE,NA,Other genes
Sp8,ENSMUSG00000048562,ENSMUSP00000065746,1461,1,FALSE,NA,Other genes
Spa17,ENSMUSG00000001948,ENSMUSP00000002013,450,1,FALSE,NA,Other genes
Spag1,ENSMUSG00000037617,ENSMUSP00000047335,2706,1,FALSE,NA,Other genes
Spag16,ENSMUSG00000053153,ENSMUSP00000069821,1920,1,FALSE,NA,Other genes
Spag17,ENSMUSG00000027867,ENSMUSP00000134066,6963,3,FALSE,NA,Other genes
Spag9,ENSMUSG00000020859,ENSMUSP00000042271,3924,1,FALSE,NA,Other genes
Spam1,ENSMUSG00000029682,ENSMUSP00000143970,1539,1,FALSE,NA,Other genes
Sparc,ENSMUSG00000018593,ENSMUSP00000149604,999,1,FALSE,NA,Other genes
Sparcl1,ENSMUSG00000029309,ENSMUSP00000031249,1953,1,FALSE,NA,Other genes
Spata18,ENSMUSG00000029155,ENSMUSP00000064308,1614,1,FALSE,NA,Other genes
Spata31,ENSMUSG00000056223,ENSMUSP00000097025,3045,1,FALSE,NA,Other genes
Spata31d1a,ENSMUSG00000050876,ENSMUSP00000152919,4011,2,FALSE,NA,Other genes
Spata31d1b,ENSMUSG00000091311,ENSMUSP00000130813,4086,1,FALSE,NA,Other genes
Spata31d1d,ENSMUSG00000043986,ENSMUSP00000128200,3744,1,FALSE,NA,Other genes
Spata46,ENSMUSG00000042800,ENSMUSP00000062245,615,1,FALSE,NA,Other genes
Spata5,ENSMUSG00000027722,ENSMUSP00000103747,2682,2,FALSE,NA,Other genes
Spatc1l,ENSMUSG00000009115,ENSMUSP00000009259,1029,1,FALSE,NA,Other genes
Spats2,ENSMUSG00000051934,ENSMUSP00000070549,1638,1,FALSE,NA,Other genes
Speer2,ENSMUSG00000063163,ENSMUSP00000075821,795,1,FALSE,NA,Other genes
Speer4a,ENSMUSG00000073119,ENSMUSP00000078415,804,3,FALSE,NA,Other genes
Speer4b,ENSMUSG00000048703,ENSMUSP00000062903,804,3,FALSE,NA,Other genes
Speer4f2,ENSMUSG00000091827,ENSMUSP00000129818,888,3,FALSE,NA,Other genes
Spen,ENSMUSG00000040761,ENSMUSP00000101412,10932,5,FALSE,NA,Other genes
Spice1,ENSMUSG00000043065,ENSMUSP00000058832,2583,1,FALSE,NA,Other genes
Spin2f,ENSMUSG00000095754,ENSMUSP00000137473,765,16,FALSE,NA,Other genes
Spo11,ENSMUSG00000005883,ENSMUSP00000059056,1191,1,FALSE,NA,Other genes
Spocd1,ENSMUSG00000028784,ENSMUSP00000081284,2811,1,FALSE,NA,Other genes
Spop,ENSMUSG00000057522,ENSMUSP00000103350,1125,1,FALSE,NA,Other genes
Spopfm2,ENSMUSG00000074424,ENSMUSP00000124942,1074,2,FALSE,NA,Other genes
Sppl2b,ENSMUSG00000035206,ENSMUSP00000036289,1737,1,FALSE,NA,Other genes
Sppl2c,ENSMUSG00000049506,ENSMUSP00000102613,2073,2,FALSE,NA,Other genes
Sppl3,ENSMUSG00000029550,ENSMUSP00000031530,1155,1,FALSE,NA,Other genes
Sprr1b,ENSMUSG00000048455,ENSMUSP00000058617,462,1,FALSE,NA,Other genes
Sprr2g,ENSMUSG00000046203,ENSMUSP00000131798,231,1,FALSE,NA,Other genes
Sprr2i,ENSMUSG00000042157,ENSMUSP00000043513,231,1,FALSE,NA,Other genes
Sprr2j-ps,ENSMUSG00000027925,ENSMUSP00000029533,330,1,FALSE,NA,Other genes
Spryd3,ENSMUSG00000036966,ENSMUSP00000121493,1329,1,FALSE,NA,Other genes
Spta1,ENSMUSG00000026532,ENSMUSP00000027817,7248,2,FALSE,NA,Other genes
Sptan1,ENSMUSG00000057738,ENSMUSP00000121116,7497,1,FALSE,NA,Other genes
Sptb,ENSMUSG00000021061,ENSMUSP00000021458,6990,2,FALSE,NA,Other genes
Sptbn1,ENSMUSG00000020315,ENSMUSP00000006629,7092,2,FALSE,NA,Other genes
Sptbn2,ENSMUSG00000067889,ENSMUSP00000008991,7167,2,FALSE,NA,Other genes
Sptbn5,ENSMUSG00000074899,ENSMUSP00000158705,10875,1,FALSE,NA,Other genes
Spz1,ENSMUSG00000046957,ENSMUSP00000054083,1137,2,FALSE,NA,Other genes
Sqstm1,ENSMUSG00000015837,ENSMUSP00000099835,1329,1,FALSE,NA,Other genes
Srcap,ENSMUSG00000053877,ENSMUSP00000140036,9816,2,FALSE,NA,Other genes
Srd5a1,ENSMUSG00000021594,ENSMUSP00000089097,768,1,FALSE,NA,Other genes
Srgap2,ENSMUSG00000026425,ENSMUSP00000095195,3216,1,FALSE,NA,Other genes
Srms,ENSMUSG00000027579,ENSMUSP00000016498,1524,1,FALSE,NA,Other genes
Srp68,ENSMUSG00000020780,ENSMUSP00000021133,1878,1,FALSE,NA,Other genes
Srpk3,ENSMUSG00000002007,ENSMUSP00000002081,1698,2,FALSE,NA,Other genes
Srpr,ENSMUSG00000032042,ENSMUSP00000034541,1911,1,FALSE,NA,Other genes
Srpx,ENSMUSG00000090084,ENSMUSP00000047926,1395,1,FALSE,NA,Other genes
Srrm1,ENSMUSG00000028809,ENSMUSP00000125003,2772,2,FALSE,NA,Other genes
Srrm2,ENSMUSG00000039218,ENSMUSP00000139842,8112,1,FALSE,NA,Other genes
Srrm3,ENSMUSG00000039860,ENSMUSP00000115695,1947,1,FALSE,NA,Other genes
Srsf5,ENSMUSG00000021134,ENSMUSP00000105983,813,1,FALSE,NA,Other genes
Ss18l1,ENSMUSG00000039086,ENSMUSP00000041288,1209,1,FALSE,NA,Other genes
Ssbp3,ENSMUSG00000061887,ENSMUSP00000030367,1167,3,FALSE,NA,Other genes
Ssh1,ENSMUSG00000042121,ENSMUSP00000124312,3129,1,FALSE,NA,Other genes
Ssh2,ENSMUSG00000037926,ENSMUSP00000137933,4290,1,FALSE,NA,Other genes
Ssmem1,ENSMUSG00000029784,ENSMUSP00000031798,735,1,FALSE,NA,Other genes
Sspo,ENSMUSG00000029797,ENSMUSP00000131401,15435,4,FALSE,NA,Other genes
Ssr4,ENSMUSG00000002014,ENSMUSP00000131386,522,2,FALSE,NA,Other genes
St13,ENSMUSG00000022403,ENSMUSP00000130195,1116,1,FALSE,NA,Other genes
St14,ENSMUSG00000031995,ENSMUSP00000034478,2568,1,FALSE,NA,Other genes
St18,ENSMUSG00000033740,ENSMUSP00000118322,3138,2,FALSE,NA,Other genes
St3gal2,ENSMUSG00000031749,ENSMUSP00000034197,1053,1,FALSE,NA,Other genes
St3gal3,ENSMUSG00000028538,ENSMUSP00000030263,1125,1,FALSE,NA,Other genes
St3gal5,ENSMUSG00000056091,ENSMUSP00000070414,1245,1,FALSE,NA,Other genes
St3gal6,ENSMUSG00000022747,ENSMUSP00000115756,990,1,FALSE,NA,Other genes
St6galnac5,ENSMUSG00000039037,ENSMUSP00000036227,1008,2,FALSE,NA,Other genes
St8sia5,ENSMUSG00000025425,ENSMUSP00000074764,1239,1,FALSE,NA,Other genes
Stab1,ENSMUSG00000042286,ENSMUSP00000046199,7716,3,FALSE,NA,Other genes
Stac2,ENSMUSG00000017400,ENSMUSP00000017544,1227,1,FALSE,NA,Other genes
Stag1,ENSMUSG00000037286,ENSMUSP00000116205,3777,1,FALSE,NA,Other genes
Stag3,ENSMUSG00000036928,ENSMUSP00000040945,3723,3,FALSE,NA,Other genes
Stard9,ENSMUSG00000033705,ENSMUSP00000136055,13686,3,FALSE,NA,Other genes
Stat1,ENSMUSG00000026104,ENSMUSP00000141132,2268,1,FALSE,NA,Other genes
Stat2,ENSMUSG00000040033,ENSMUSP00000100872,2772,2,FALSE,NA,Other genes
Stat5b,ENSMUSG00000020919,ENSMUSP00000102981,2361,1,FALSE,NA,Other genes
Stau1,ENSMUSG00000039536,ENSMUSP00000104861,1488,1,FALSE,NA,Other genes
Stau2,ENSMUSG00000025920,ENSMUSP00000053190,1713,1,FALSE,NA,Other genes
Stil,ENSMUSG00000028718,ENSMUSP00000030490,3789,4,FALSE,NA,Other genes
Stk25,ENSMUSG00000026277,ENSMUSP00000027498,1281,1,FALSE,NA,Other genes
Stk36,ENSMUSG00000033276,ENSMUSP00000084430,3951,1,FALSE,NA,Other genes
Stk38l,ENSMUSG00000001630,ENSMUSP00000107271,1416,1,FALSE,NA,Other genes
Stk40,ENSMUSG00000042608,ENSMUSP00000111990,1350,1,FALSE,NA,Other genes
Stmn1,ENSMUSG00000028832,ENSMUSP00000030636,450,1,FALSE,NA,Other genes
Stoml1,ENSMUSG00000032333,ENSMUSP00000034883,1200,1,FALSE,NA,Other genes
Ston2,ENSMUSG00000020961,ENSMUSP00000131098,2697,1,FALSE,NA,Other genes
Stox1,ENSMUSG00000036923,ENSMUSP00000114652,2973,1,FALSE,NA,Other genes
Stox2,ENSMUSG00000038143,ENSMUSP00000148776,2784,1,FALSE,NA,Other genes
Stra6,ENSMUSG00000032327,ENSMUSP00000082820,2013,2,FALSE,NA,Other genes
Strc,ENSMUSG00000033498,ENSMUSP00000039378,5430,1,FALSE,NA,Other genes
Strip2,ENSMUSG00000039629,ENSMUSP00000036477,2535,1,FALSE,NA,Other genes
Strn4,ENSMUSG00000030374,ENSMUSP00000019220,2283,1,FALSE,NA,Other genes
Stx16,ENSMUSG00000027522,ENSMUSP00000039543,984,2,FALSE,NA,Other genes
Stx1a,ENSMUSG00000007207,ENSMUSP00000005509,867,1,FALSE,NA,Other genes
Stx3,ENSMUSG00000041488,ENSMUSP00000069529,870,1,FALSE,NA,Other genes
Stxbp1,ENSMUSG00000026797,ENSMUSP00000089051,1812,1,FALSE,NA,Other genes
Stxbp5l,ENSMUSG00000022829,ENSMUSP00000110435,3558,1,FALSE,NA,Other genes
Styk1,ENSMUSG00000032899,ENSMUSP00000044098,1290,1,FALSE,NA,Other genes
Sucla2,ENSMUSG00000022110,ENSMUSP00000022706,1392,1,FALSE,NA,Other genes
Suds3,ENSMUSG00000066900,ENSMUSP00000130535,999,1,FALSE,NA,Other genes
Sult2a3,ENSMUSG00000074375,ENSMUSP00000096407,858,1,FALSE,NA,Other genes
Sult2b1,ENSMUSG00000003271,ENSMUSP00000148064,1119,1,FALSE,NA,Other genes
Sult4a1,ENSMUSG00000018865,ENSMUSP00000080973,855,1,FALSE,NA,Other genes
Sumf1,ENSMUSG00000030101,ENSMUSP00000032191,1119,1,FALSE,NA,Other genes
Sumf2,ENSMUSG00000025538,ENSMUSP00000126036,927,1,FALSE,NA,Other genes
Sun1,ENSMUSG00000036817,ENSMUSP00000056655,2742,1,FALSE,NA,Other genes
Sun3,ENSMUSG00000040985,ENSMUSP00000045199,963,2,FALSE,NA,Other genes
Supt16,ENSMUSG00000035726,ENSMUSP00000042283,3144,1,FALSE,NA,Other genes
Supt5,ENSMUSG00000003435,ENSMUSP00000003527,3249,1,FALSE,NA,Other genes
Suz12,ENSMUSG00000017548,ENSMUSP00000017692,2226,1,FALSE,NA,Other genes
Svep1,ENSMUSG00000028369,ENSMUSP00000045856,10704,4,FALSE,NA,Other genes
Svs1,ENSMUSG00000039215,ENSMUSP00000045221,2463,1,FALSE,NA,Other genes
Swsap1,ENSMUSG00000051238,ENSMUSP00000060331,837,1,FALSE,NA,Other genes
Sycp2,ENSMUSG00000060445,ENSMUSP00000079909,4503,1,FALSE,NA,Other genes
Sycp2l,ENSMUSG00000038651,ENSMUSP00000115127,2529,1,FALSE,NA,Other genes
Syk,ENSMUSG00000021457,ENSMUSP00000113852,1890,1,FALSE,NA,Other genes
Syn1,ENSMUSG00000037217,ENSMUSP00000080568,2121,2,FALSE,NA,Other genes
Syn2,ENSMUSG00000009394,ENSMUSP00000009538,1761,1,FALSE,NA,Other genes
Syna,ENSMUSG00000085957,ENSMUSP00000116437,1854,1,FALSE,NA,Other genes
Syne1,ENSMUSG00000096054,ENSMUSP00000150262,26400,24,FALSE,NA,Other genes
Syne2,ENSMUSG00000063450,ENSMUSP00000047697,20625,21,FALSE,NA,Other genes
Syne3,ENSMUSG00000054150,ENSMUSP00000093090,2928,2,FALSE,NA,Other genes
Syngr1,ENSMUSG00000022415,ENSMUSP00000009727,705,1,FALSE,NA,Other genes
Synj1,ENSMUSG00000022973,ENSMUSP00000113308,4824,1,FALSE,NA,Other genes
Synj2,ENSMUSG00000023805,ENSMUSP00000111457,4440,1,FALSE,NA,Other genes
Synm,ENSMUSG00000030554,ENSMUSP00000073855,4686,1,FALSE,NA,Other genes
Synpo,ENSMUSG00000043079,ENSMUSP00000115355,3303,2,FALSE,NA,Other genes
Synpo2l,ENSMUSG00000039376,ENSMUSP00000112792,2937,1,FALSE,NA,Other genes
Synrg,ENSMUSG00000034940,ENSMUSP00000138969,3990,1,FALSE,NA,Other genes
Syt1,ENSMUSG00000035864,ENSMUSP00000100912,1266,1,FALSE,NA,Other genes
Syt10,ENSMUSG00000063260,ENSMUSP00000029441,1572,1,FALSE,NA,Other genes
Syt11,ENSMUSG00000068923,ENSMUSP00000103129,1293,1,FALSE,NA,Other genes
Syt14,ENSMUSG00000016200,ENSMUSP00000151129,2517,2,FALSE,NA,Other genes
Syt16,ENSMUSG00000044912,ENSMUSP00000158983,1920,1,FALSE,NA,Other genes
Syt4,ENSMUSG00000024261,ENSMUSP00000025110,1278,1,FALSE,NA,Other genes
Syt6,ENSMUSG00000027849,ENSMUSP00000159100,1590,2,FALSE,NA,Other genes
Sytl1,ENSMUSG00000028860,ENSMUSP00000030674,1707,1,FALSE,NA,Other genes
Sytl2,ENSMUSG00000030616,ENSMUSP00000158976,6462,1,FALSE,NA,Other genes
Szt2,ENSMUSG00000033253,ENSMUSP00000074862,10296,4,FALSE,NA,Other genes
Taar2,ENSMUSG00000059763,ENSMUSP00000078137,1020,1,FALSE,NA,Other genes
Taar6,ENSMUSG00000045111,ENSMUSP00000097603,1038,1,FALSE,NA,Other genes
Taar7a,ENSMUSG00000095647,ENSMUSP00000077616,1077,2,FALSE,NA,Other genes
Taar7e,ENSMUSG00000100689,ENSMUSP00000090326,1077,1,FALSE,NA,Other genes
Taar8c,ENSMUSG00000100004,ENSMUSP00000133193,1035,1,FALSE,NA,Other genes
Tab2,ENSMUSG00000015755,ENSMUSP00000121266,2082,1,FALSE,NA,Other genes
Tab3,ENSMUSG00000035476,ENSMUSP00000039668,2151,1,FALSE,NA,Other genes
Tacc1,ENSMUSG00000065954,ENSMUSP00000081043,2331,1,FALSE,NA,Other genes
Tacc2,ENSMUSG00000030852,ENSMUSP00000081561,8640,1,FALSE,NA,Other genes
Tacc3,ENSMUSG00000037313,ENSMUSP00000074394,1914,1,FALSE,NA,Other genes
Tacr1,ENSMUSG00000030043,ENSMUSP00000032122,1224,1,FALSE,NA,Other genes
Taf12,ENSMUSG00000028899,ENSMUSP00000101583,642,1,FALSE,NA,Other genes
Taf15,ENSMUSG00000020680,ENSMUSP00000021018,1674,2,FALSE,NA,Other genes
Taf1c,ENSMUSG00000031832,ENSMUSP00000090789,2511,1,FALSE,NA,Other genes
Taf2,ENSMUSG00000037343,ENSMUSP00000043733,3597,1,FALSE,NA,Other genes
Taf4b,ENSMUSG00000054321,ENSMUSP00000126909,2568,1,FALSE,NA,Other genes
Taf5l,ENSMUSG00000038697,ENSMUSP00000090726,1770,1,FALSE,NA,Other genes
Taf7,ENSMUSG00000051316,ENSMUSP00000065645,1026,1,FALSE,NA,Other genes
Tafa2,ENSMUSG00000044071,ENSMUSP00000050199,408,1,FALSE,NA,Other genes
Tagap,ENSMUSG00000033450,ENSMUSP00000047431,2145,1,FALSE,NA,Other genes
Tango2,ENSMUSG00000013539,ENSMUSP00000111291,831,2,FALSE,NA,Other genes
Tango6,ENSMUSG00000041949,ENSMUSP00000043953,3240,1,FALSE,NA,Other genes
Tank,ENSMUSG00000064289,ENSMUSP00000077219,1347,1,FALSE,NA,Other genes
Tarbp1,ENSMUSG00000090290,ENSMUSP00000129815,4740,1,FALSE,NA,Other genes
Tarm1,ENSMUSG00000053338,ENSMUSP00000145188,882,1,FALSE,NA,Other genes
Tas1r1,ENSMUSG00000028950,ENSMUSP00000030792,2529,1,FALSE,NA,Other genes
Tas1r3,ENSMUSG00000029072,ENSMUSP00000030949,2577,1,FALSE,NA,Other genes
Tas2r130,ENSMUSG00000054497,ENSMUSP00000063954,939,2,FALSE,NA,Other genes
Tas2r134,ENSMUSG00000056115,ENSMUSP00000064657,897,1,FALSE,NA,Other genes
Tas2r137,ENSMUSG00000052850,ENSMUSP00000063743,1002,1,FALSE,NA,Other genes
Tasor2,ENSMUSG00000033799,ENSMUSP00000093774,7149,1,FALSE,NA,Other genes
Tat,ENSMUSG00000001670,ENSMUSP00000001720,1365,1,FALSE,NA,Other genes
Tatdn2,ENSMUSG00000056952,ENSMUSP00000108645,2352,1,FALSE,NA,Other genes
Tbc1d10c,ENSMUSG00000040247,ENSMUSP00000158437,1335,1,FALSE,NA,Other genes
Tbc1d13,ENSMUSG00000039678,ENSMUSP00000048426,1203,2,FALSE,NA,Other genes
Tbc1d16,ENSMUSG00000039976,ENSMUSP00000048516,2301,1,FALSE,NA,Other genes
Tbc1d21,ENSMUSG00000036244,ENSMUSP00000037525,1011,1,FALSE,NA,Other genes
Tbc1d22a,ENSMUSG00000051864,ENSMUSP00000065721,1551,1,FALSE,NA,Other genes
Tbc1d25,ENSMUSG00000039201,ENSMUSP00000047838,2229,1,FALSE,NA,Other genes
Tbc1d30,ENSMUSG00000052302,ENSMUSP00000070488,2301,1,FALSE,NA,Other genes
Tbc1d4,ENSMUSG00000033083,ENSMUSP00000124909,3921,1,FALSE,NA,Other genes
Tbc1d5,ENSMUSG00000023923,ENSMUSP00000153172,2514,3,FALSE,NA,Other genes
Tbc1d8,ENSMUSG00000003134,ENSMUSP00000049967,3405,1,FALSE,NA,Other genes
Tbc1d9b,ENSMUSG00000036644,ENSMUSP00000098828,3792,2,FALSE,NA,Other genes
Tbcb,ENSMUSG00000006095,ENSMUSP00000006254,735,2,FALSE,NA,Other genes
Tbcd,ENSMUSG00000039230,ENSMUSP00000099302,3591,1,FALSE,NA,Other genes
Tbck,ENSMUSG00000028030,ENSMUSP00000129205,2682,1,FALSE,NA,Other genes
Tbl1x,ENSMUSG00000025246,ENSMUSP00000085549,1584,1,FALSE,NA,Other genes
Tbl3,ENSMUSG00000040688,ENSMUSP00000120911,2406,1,FALSE,NA,Other genes
Tbrg4,ENSMUSG00000000384,ENSMUSP00000114256,1893,1,FALSE,NA,Other genes
Tbx15,ENSMUSG00000027868,ENSMUSP00000029462,1809,1,FALSE,NA,Other genes
Tbx18,ENSMUSG00000032419,ENSMUSP00000034991,1842,2,FALSE,NA,Other genes
Tbx19,ENSMUSG00000026572,ENSMUSP00000027859,1341,1,FALSE,NA,Other genes
Tbx2,ENSMUSG00000000093,ENSMUSP00000000095,2136,1,FALSE,NA,Other genes
Tbxas1,ENSMUSG00000029925,ENSMUSP00000003017,1602,1,FALSE,NA,Other genes
Tcaf3,ENSMUSG00000018656,ENSMUSP00000064060,2745,2,FALSE,NA,Other genes
Tcam1,ENSMUSG00000020712,ENSMUSP00000044757,1647,1,FALSE,NA,Other genes
Tcea3,ENSMUSG00000001604,ENSMUSP00000099592,1044,1,FALSE,NA,Other genes
Tceanc2,ENSMUSG00000028619,ENSMUSP00000059741,624,1,FALSE,NA,Other genes
Tcerg1,ENSMUSG00000024498,ENSMUSP00000158288,3303,1,FALSE,NA,Other genes
Tcf20,ENSMUSG00000041852,ENSMUSP00000105136,5964,1,FALSE,NA,Other genes
Tcf21,ENSMUSG00000045680,ENSMUSP00000053178,540,1,FALSE,NA,Other genes
Tcf3,ENSMUSG00000020167,ENSMUSP00000100979,1962,1,FALSE,NA,Other genes
Tcfl5,ENSMUSG00000038932,ENSMUSP00000040611,1470,1,FALSE,NA,Other genes
Tchh,ENSMUSG00000052415,ENSMUSP00000069525,4800,5,FALSE,NA,Other genes
Tchp,ENSMUSG00000002486,ENSMUSP00000092009,1494,1,FALSE,NA,Other genes
Tcp10a,ENSMUSG00000071322,ENSMUSP00000093394,1317,1,FALSE,NA,Other genes
Tctex1d2,ENSMUSG00000014075,ENSMUSP00000014220,435,1,FALSE,NA,Other genes
Tctex1d4,ENSMUSG00000047671,ENSMUSP00000052243,660,1,FALSE,NA,Other genes
Tdp1,ENSMUSG00000021177,ENSMUSP00000118656,1830,1,FALSE,NA,Other genes
Tdrd1,ENSMUSG00000025081,ENSMUSP00000107233,3519,1,FALSE,NA,Other genes
Tdrd12,ENSMUSG00000030491,ENSMUSP00000141796,3651,1,FALSE,NA,Other genes
Tdrd3,ENSMUSG00000022019,ENSMUSP00000129019,2232,1,FALSE,NA,Other genes
Tdrd6,ENSMUSG00000040140,ENSMUSP00000035338,6408,3,FALSE,NA,Other genes
Tdrd9,ENSMUSG00000054003,ENSMUSP00000078022,4152,1,FALSE,NA,Other genes
Tead1,ENSMUSG00000055320,ENSMUSP00000060671,1356,1,FALSE,NA,Other genes
Tecpr1,ENSMUSG00000066621,ENSMUSP00000082844,3501,4,FALSE,NA,Other genes
Tecta,ENSMUSG00000037705,ENSMUSP00000040262,6468,1,FALSE,NA,Other genes
Tedc2,ENSMUSG00000024118,ENSMUSP00000024930,1311,1,FALSE,NA,Other genes
Tefm,ENSMUSG00000046909,ENSMUSP00000059304,1095,1,FALSE,NA,Other genes
Tek,ENSMUSG00000006386,ENSMUSP00000099862,3372,1,FALSE,NA,Other genes
Telo2,ENSMUSG00000024170,ENSMUSP00000110835,2523,2,FALSE,NA,Other genes
Tenm1,ENSMUSG00000016150,ENSMUSP00000110711,8196,2,FALSE,NA,Other genes
Tenm2,ENSMUSG00000049336,ENSMUSP00000052014,8298,3,FALSE,NA,Other genes
Tenm3,ENSMUSG00000031561,ENSMUSP00000033965,8148,3,FALSE,NA,Other genes
Tenm4,ENSMUSG00000048078,ENSMUSP00000102783,8502,1,FALSE,NA,Other genes
Tent5a,ENSMUSG00000032265,ENSMUSP00000034802,1344,1,FALSE,NA,Other genes
Tepsin,ENSMUSG00000025377,ENSMUSP00000091428,1722,1,FALSE,NA,Other genes
Tert,ENSMUSG00000021611,ENSMUSP00000022104,3369,1,FALSE,NA,Other genes
Tet2,ENSMUSG00000040943,ENSMUSP00000143029,5763,2,FALSE,NA,Other genes
Tet3,ENSMUSG00000034832,ENSMUSP00000139630,5412,1,FALSE,NA,Other genes
Tex11,ENSMUSG00000009670,ENSMUSP00000109347,2844,1,FALSE,NA,Other genes
Tex12,ENSMUSG00000032065,ENSMUSP00000149921,372,1,FALSE,NA,Other genes
Tex14,ENSMUSG00000010342,ENSMUSP00000054444,4353,2,FALSE,NA,Other genes
Tex24,ENSMUSG00000071138,ENSMUSP00000093021,1056,3,FALSE,NA,Other genes
Tex261,ENSMUSG00000014748,ENSMUSP00000014892,591,1,FALSE,NA,Other genes
Tex33,ENSMUSG00000062154,ENSMUSP00000133264,801,1,FALSE,NA,Other genes
Tex37,ENSMUSG00000051896,ENSMUSP00000066786,543,1,FALSE,NA,Other genes
Tex38,ENSMUSG00000044556,ENSMUSP00000102131,606,1,FALSE,NA,Other genes
Tex43,ENSMUSG00000032900,ENSMUSP00000038152,426,1,FALSE,NA,Other genes
Tex44,ENSMUSG00000036574,ENSMUSP00000136430,1593,1,FALSE,NA,Other genes
Tex46,ENSMUSG00000036921,ENSMUSP00000038976,498,1,FALSE,NA,Other genes
Tfap2c,ENSMUSG00000028640,ENSMUSP00000096657,1542,1,FALSE,NA,Other genes
Tfcp2l1,ENSMUSG00000026380,ENSMUSP00000027629,1440,1,FALSE,NA,Other genes
Tfdp2,ENSMUSG00000032411,ENSMUSP00000139926,1341,1,FALSE,NA,Other genes
Tfeb,ENSMUSG00000023990,ENSMUSP00000024786,1605,1,FALSE,NA,Other genes
Tfip11,ENSMUSG00000029345,ENSMUSP00000031288,2517,1,FALSE,NA,Other genes
Tfr2,ENSMUSG00000029716,ENSMUSP00000142720,2397,2,FALSE,NA,Other genes
Tg,ENSMUSG00000053469,ENSMUSP00000070239,8301,3,FALSE,NA,Other genes
Tgm5,ENSMUSG00000053675,ENSMUSP00000028721,2175,1,FALSE,NA,Other genes
Tgm6,ENSMUSG00000027403,ENSMUSP00000028888,2121,1,FALSE,NA,Other genes
Tgm7,ENSMUSG00000079103,ENSMUSP00000106303,2133,2,FALSE,NA,Other genes
Thada,ENSMUSG00000024251,ENSMUSP00000041701,5817,1,FALSE,NA,Other genes
Thap1,ENSMUSG00000037214,ENSMUSP00000042464,633,5,FALSE,NA,Other genes
Thap7,ENSMUSG00000022760,ENSMUSP00000097701,930,1,FALSE,NA,Other genes
Thbs4,ENSMUSG00000021702,ENSMUSP00000022213,2892,1,FALSE,NA,Other genes
Them4,ENSMUSG00000028145,ENSMUSP00000062841,693,1,FALSE,NA,Other genes
Themis,ENSMUSG00000049109,ENSMUSP00000060129,1911,1,FALSE,NA,Other genes
Thoc1,ENSMUSG00000024287,ENSMUSP00000025137,1974,1,FALSE,NA,Other genes
Thoc2l,ENSMUSG00000097392,ENSMUSP00000159295,4770,1,FALSE,NA,Other genes
Thop1,ENSMUSG00000004929,ENSMUSP00000005057,2064,3,FALSE,NA,Other genes
Thrb,ENSMUSG00000021779,ENSMUSP00000022304,1428,1,FALSE,NA,Other genes
Thsd1,ENSMUSG00000031480,ENSMUSP00000067701,2556,2,FALSE,NA,Other genes
Thsd4,ENSMUSG00000032289,ENSMUSP00000096257,3057,3,FALSE,NA,Other genes
Thsd7a,ENSMUSG00000032625,ENSMUSP00000113681,4941,1,FALSE,NA,Other genes
Thsd7b,ENSMUSG00000042581,ENSMUSP00000073220,4824,1,FALSE,NA,Other genes
Thtpa,ENSMUSG00000045691,ENSMUSP00000056026,675,1,FALSE,NA,Other genes
Thumpd2,ENSMUSG00000024246,ENSMUSP00000025093,1587,1,FALSE,NA,Other genes
Thy1,ENSMUSG00000032011,ENSMUSP00000110489,489,1,FALSE,NA,Other genes
Tiam1,ENSMUSG00000002489,ENSMUSP00000132137,4776,2,FALSE,NA,Other genes
Tiam2,ENSMUSG00000023800,ENSMUSP00000125842,5148,2,FALSE,NA,Other genes
Timd2,ENSMUSG00000040413,ENSMUSP00000104848,918,1,FALSE,NA,Other genes
Timeless,ENSMUSG00000039994,ENSMUSP00000058021,3594,3,FALSE,NA,Other genes
Timm50,ENSMUSG00000003438,ENSMUSP00000080614,1062,1,FALSE,NA,Other genes
Timmdc1,ENSMUSG00000002846,ENSMUSP00000002925,858,1,FALSE,NA,Other genes
Tjp1,ENSMUSG00000030516,ENSMUSP00000099652,5238,1,FALSE,NA,Other genes
Tktl1,ENSMUSG00000031397,ENSMUSP00000010127,1788,1,FALSE,NA,Other genes
Tle4,ENSMUSG00000024642,ENSMUSP00000057527,2322,1,FALSE,NA,Other genes
Tll1,ENSMUSG00000053626,ENSMUSP00000070560,3042,1,FALSE,NA,Other genes
Tln1,ENSMUSG00000028465,ENSMUSP00000030187,7626,5,FALSE,NA,Other genes
Tln2,ENSMUSG00000052698,ENSMUSP00000148901,7635,2,FALSE,NA,Other genes
Tlr11,ENSMUSG00000051969,ENSMUSP00000138814,2796,3,FALSE,NA,Other genes
Tlr9,ENSMUSG00000045322,ENSMUSP00000082207,3099,1,FALSE,NA,Other genes
Tm4sf1,ENSMUSG00000027800,ENSMUSP00000143652,609,2,FALSE,NA,Other genes
Tm4sf4,ENSMUSG00000027801,ENSMUSP00000029377,609,1,FALSE,NA,Other genes
Tmbim7,ENSMUSG00000014529,ENSMUSP00000014673,909,1,FALSE,NA,Other genes
Tmc2,ENSMUSG00000060332,ENSMUSP00000077139,2667,2,FALSE,NA,Other genes
Tmc3,ENSMUSG00000038540,ENSMUSP00000046028,3393,1,FALSE,NA,Other genes
Tmc4,ENSMUSG00000019734,ENSMUSP00000043853,2085,1,FALSE,NA,Other genes
Tmcc2,ENSMUSG00000042066,ENSMUSP00000038369,2121,1,FALSE,NA,Other genes
Tmco5,ENSMUSG00000027355,ENSMUSP00000028834,912,1,FALSE,NA,Other genes
Tmed3,ENSMUSG00000032353,ENSMUSP00000058723,666,1,FALSE,NA,Other genes
Tmed9,ENSMUSG00000058569,ENSMUSP00000105531,708,1,FALSE,NA,Other genes
Tmeff1,ENSMUSG00000028347,ENSMUSP00000030032,1119,1,FALSE,NA,Other genes
Tmem104,ENSMUSG00000045980,ENSMUSP00000056805,1491,1,FALSE,NA,Other genes
Tmem120a,ENSMUSG00000039886,ENSMUSP00000045252,1032,1,FALSE,NA,Other genes
Tmem120b,ENSMUSG00000054434,ENSMUSP00000068551,1020,1,FALSE,NA,Other genes
Tmem130,ENSMUSG00000043388,ENSMUSP00000061100,1260,1,FALSE,NA,Other genes
Tmem131,ENSMUSG00000026116,ENSMUSP00000142307,5634,1,FALSE,NA,Other genes
Tmem131l,ENSMUSG00000033767,ENSMUSP00000141438,4794,1,FALSE,NA,Other genes
Tmem145,ENSMUSG00000043843,ENSMUSP00000159059,1815,1,FALSE,NA,Other genes
Tmem150c,ENSMUSG00000050640,ENSMUSP00000057116,750,1,FALSE,NA,Other genes
Tmem159,ENSMUSG00000030917,ENSMUSP00000033210,486,2,FALSE,NA,Other genes
Tmem163,ENSMUSG00000026347,ENSMUSP00000027585,867,1,FALSE,NA,Other genes
Tmem175,ENSMUSG00000013495,ENSMUSP00000068607,1500,1,FALSE,NA,Other genes
Tmem176a,ENSMUSG00000023367,ENSMUSP00000098969,735,1,FALSE,NA,Other genes
Tmem178b,ENSMUSG00000057716,ENSMUSP00000159180,885,2,FALSE,NA,Other genes
Tmem179b,ENSMUSG00000118346,ENSMUSP00000010249,660,1,FALSE,NA,Other genes
Tmem201,ENSMUSG00000044700,ENSMUSP00000101312,1995,1,FALSE,NA,Other genes
Tmem211,ENSMUSG00000066964,ENSMUSP00000083808,588,1,FALSE,NA,Other genes
Tmem214,ENSMUSG00000038828,ENSMUSP00000144615,2064,1,FALSE,NA,Other genes
Tmem219,ENSMUSG00000060538,ENSMUSP00000113647,819,1,FALSE,NA,Other genes
Tmem229a,ENSMUSG00000048022,ENSMUSP00000116234,1116,1,FALSE,NA,Other genes
Tmem237,ENSMUSG00000038079,ENSMUSP00000139823,1284,2,FALSE,NA,Other genes
Tmem260,ENSMUSG00000036339,ENSMUSP00000154083,2139,1,FALSE,NA,Other genes
Tmem268,ENSMUSG00000045917,ENSMUSP00000076891,1029,1,FALSE,NA,Other genes
Tmem270,ENSMUSG00000040576,ENSMUSP00000144496,795,1,FALSE,NA,Other genes
Tmem29,ENSMUSG00000041353,ENSMUSP00000053632,615,1,FALSE,NA,Other genes
Tmem39a,ENSMUSG00000002845,ENSMUSP00000132515,1461,1,FALSE,NA,Other genes
Tmem39b,ENSMUSG00000053730,ENSMUSP00000099648,1479,1,FALSE,NA,Other genes
Tmem41a,ENSMUSG00000022856,ENSMUSP00000023562,795,1,FALSE,NA,Other genes
Tmem43,ENSMUSG00000030095,ENSMUSP00000032183,1203,1,FALSE,NA,Other genes
Tmem54,ENSMUSG00000028786,ENSMUSP00000101679,660,1,FALSE,NA,Other genes
Tmem63b,ENSMUSG00000036026,ENSMUSP00000109151,2499,2,FALSE,NA,Other genes
Tmem8b,ENSMUSG00000078716,ENSMUSP00000103498,2796,1,FALSE,NA,Other genes
Tmem94,ENSMUSG00000020747,ENSMUSP00000159201,4116,2,FALSE,NA,Other genes
Tmem9b,ENSMUSG00000031021,ENSMUSP00000033333,600,1,FALSE,NA,Other genes
Tmprss11a,ENSMUSG00000072845,ENSMUSP00000098634,1170,2,FALSE,NA,Other genes
Tmprss11b,ENSMUSG00000035861,ENSMUSP00000042406,1251,1,FALSE,NA,Other genes
Tmprss13,ENSMUSG00000037129,ENSMUSP00000034597,1647,3,FALSE,NA,Other genes
Tmprss4,ENSMUSG00000032091,ENSMUSP00000034599,1308,1,FALSE,NA,Other genes
Tmprss5,ENSMUSG00000032268,ENSMUSP00000132181,1368,2,FALSE,NA,Other genes
Tmprss6,ENSMUSG00000016942,ENSMUSP00000017086,2436,1,FALSE,NA,Other genes
Tmx4,ENSMUSG00000034723,ENSMUSP00000045154,1008,1,FALSE,NA,Other genes
Tnc,ENSMUSG00000028364,ENSMUSP00000102995,6333,1,FALSE,NA,Other genes
Tnfrsf11a,ENSMUSG00000026321,ENSMUSP00000027559,1878,1,FALSE,NA,Other genes
Tnfrsf14,ENSMUSG00000042333,ENSMUSP00000151575,831,1,FALSE,NA,Other genes
Tnfrsf17,ENSMUSG00000022496,ENSMUSP00000023140,558,1,FALSE,NA,Other genes
Tnfrsf1b,ENSMUSG00000028599,ENSMUSP00000030336,1425,1,FALSE,NA,Other genes
Tnfrsf21,ENSMUSG00000023915,ENSMUSP00000024708,1968,1,FALSE,NA,Other genes
Tnfrsf26,ENSMUSG00000045362,ENSMUSP00000054938,615,1,FALSE,NA,Other genes
Tnfrsf8,ENSMUSG00000028602,ENSMUSP00000030339,1497,2,FALSE,NA,Other genes
Tnfsf15,ENSMUSG00000050395,ENSMUSP00000159365,813,1,FALSE,NA,Other genes
Tnfsf18,ENSMUSG00000066755,ENSMUSP00000083251,522,1,FALSE,NA,Other genes
Tnik,ENSMUSG00000027692,ENSMUSP00000125081,4083,1,FALSE,NA,Other genes
Tnip1,ENSMUSG00000020400,ENSMUSP00000018482,1944,1,FALSE,NA,Other genes
Tnk2,ENSMUSG00000022791,ENSMUSP00000158905,3219,1,FALSE,NA,Other genes
Tnks,ENSMUSG00000031529,ENSMUSP00000033929,3963,2,FALSE,NA,Other genes
Tnn,ENSMUSG00000026725,ENSMUSP00000039452,4683,2,FALSE,NA,Other genes
Tnni3,ENSMUSG00000035458,ENSMUSP00000096458,636,1,FALSE,NA,Other genes
Tnni3k,ENSMUSG00000040086,ENSMUSP00000070561,2505,1,FALSE,NA,Other genes
Tnnt3,ENSMUSG00000061723,ENSMUSP00000136278,819,1,FALSE,NA,Other genes
Tnp2,ENSMUSG00000043050,ENSMUSP00000053078,354,1,FALSE,NA,Other genes
Tnpo2,ENSMUSG00000031691,ENSMUSP00000091051,2694,1,FALSE,NA,Other genes
Tnpo3,ENSMUSG00000012535,ENSMUSP00000110906,2790,1,FALSE,NA,Other genes
Tnr,ENSMUSG00000015829,ENSMUSP00000141553,4077,7,FALSE,NA,Other genes
Tnrc6a,ENSMUSG00000052707,ENSMUSP00000091595,5691,3,FALSE,NA,Other genes
Tnrc6b,ENSMUSG00000047888,ENSMUSP00000064336,5433,1,FALSE,NA,Other genes
Tnrc6c,ENSMUSG00000025571,ENSMUSP00000101951,5703,2,FALSE,NA,Other genes
Tns1,ENSMUSG00000055322,ENSMUSP00000127715,5667,2,FALSE,NA,Other genes
Tns3,ENSMUSG00000020422,ENSMUSP00000158940,4770,1,FALSE,NA,Other genes
Tns4,ENSMUSG00000017607,ENSMUSP00000017751,2091,1,FALSE,NA,Other genes
Tnxb,ENSMUSG00000033327,ENSMUSP00000158977,13071,7,FALSE,NA,Other genes
Tob1,ENSMUSG00000037573,ENSMUSP00000036039,1089,5,FALSE,NA,Other genes
Tonsl,ENSMUSG00000059323,ENSMUSP00000129597,4092,2,FALSE,NA,Other genes
Top1mt,ENSMUSG00000000934,ENSMUSP00000000958,1782,1,FALSE,NA,Other genes
Topors,ENSMUSG00000036822,ENSMUSP00000046843,3102,1,FALSE,NA,Other genes
Tor1aip2,ENSMUSG00000050565,ENSMUSP00000107387,1509,1,FALSE,NA,Other genes
Tor4a,ENSMUSG00000059555,ENSMUSP00000080548,1281,1,FALSE,NA,Other genes
Tpp1,ENSMUSG00000030894,ENSMUSP00000033184,1689,1,FALSE,NA,Other genes
Tpsab1,ENSMUSG00000024173,ENSMUSP00000120741,933,2,FALSE,NA,Other genes
Trabd,ENSMUSG00000015363,ENSMUSP00000080403,1131,1,FALSE,NA,Other genes
Trabd2b,ENSMUSG00000070867,ENSMUSP00000092494,1554,1,FALSE,NA,Other genes
Traf6,ENSMUSG00000027164,ENSMUSP00000004949,1593,2,FALSE,NA,Other genes
Traf7,ENSMUSG00000052752,ENSMUSP00000134759,2010,1,FALSE,NA,Other genes
Trak2,ENSMUSG00000026028,ENSMUSP00000027186,2742,3,FALSE,NA,Other genes
Trank1,ENSMUSG00000062296,ENSMUSP00000077697,9000,2,FALSE,NA,Other genes
Trappc11,ENSMUSG00000038102,ENSMUSP00000047562,3402,1,FALSE,NA,Other genes
Trappc12,ENSMUSG00000020628,ENSMUSP00000127752,2394,1,FALSE,NA,Other genes
Trappc9,ENSMUSG00000047921,ENSMUSP00000087202,3420,4,FALSE,NA,Other genes
Trarg1,ENSMUSG00000046275,ENSMUSP00000061634,522,1,FALSE,NA,Other genes
Trdn,ENSMUSG00000019787,ENSMUSP00000093436,2082,2,FALSE,NA,Other genes
Trem3,ENSMUSG00000041754,ENSMUSP00000044478,552,2,FALSE,NA,Other genes
Trex1,ENSMUSG00000049734,ENSMUSP00000050971,945,1,FALSE,NA,Other genes
Trhde,ENSMUSG00000050663,ENSMUSP00000159381,3201,2,FALSE,NA,Other genes
Trhr2,ENSMUSG00000039079,ENSMUSP00000042575,1149,1,FALSE,NA,Other genes
Trib2,ENSMUSG00000020601,ENSMUSP00000020922,1032,1,FALSE,NA,Other genes
Trim14,ENSMUSG00000039853,ENSMUSP00000038719,1323,1,FALSE,NA,Other genes
Trim21,ENSMUSG00000030966,ENSMUSP00000033264,1389,1,FALSE,NA,Other genes
Trim24,ENSMUSG00000029833,ENSMUSP00000031859,3156,1,FALSE,NA,Other genes
Trim27,ENSMUSG00000021326,ENSMUSP00000152730,1542,1,FALSE,NA,Other genes
Trim28,ENSMUSG00000005566,ENSMUSP00000005705,2505,3,FALSE,NA,Other genes
Trim3,ENSMUSG00000036989,ENSMUSP00000053384,2235,1,FALSE,NA,Other genes
Trim30b,ENSMUSG00000052749,ENSMUSP00000131747,612,1,FALSE,NA,Other genes
Trim30c,ENSMUSG00000078616,ENSMUSP00000102441,1542,1,FALSE,NA,Other genes
Trim31,ENSMUSG00000058063,ENSMUSP00000077535,1524,1,FALSE,NA,Other genes
Trim36,ENSMUSG00000033949,ENSMUSP00000037978,2190,1,FALSE,NA,Other genes
Trim38,ENSMUSG00000064140,ENSMUSP00000153240,1416,2,FALSE,NA,Other genes
Trim40,ENSMUSG00000073399,ENSMUSP00000084400,741,1,FALSE,NA,Other genes
Trim45,ENSMUSG00000033233,ENSMUSP00000115669,2274,1,FALSE,NA,Other genes
Trim6,ENSMUSG00000072244,ENSMUSP00000095782,1467,2,FALSE,NA,Other genes
Trim62,ENSMUSG00000041000,ENSMUSP00000039121,1428,1,FALSE,NA,Other genes
Trim66,ENSMUSG00000031026,ENSMUSP00000102352,4035,1,FALSE,NA,Other genes
Trim68,ENSMUSG00000073968,ENSMUSP00000080813,1458,1,FALSE,NA,Other genes
Trim69,ENSMUSG00000033368,ENSMUSP00000047627,1503,1,FALSE,NA,Other genes
Trim9,ENSMUSG00000021071,ENSMUSP00000152147,2454,1,FALSE,NA,Other genes
Trio,ENSMUSG00000022263,ENSMUSP00000087714,9312,7,FALSE,NA,Other genes
Triobp,ENSMUSG00000033088,ENSMUSP00000105312,6045,1,FALSE,NA,Other genes
Trip10,ENSMUSG00000019487,ENSMUSP00000153081,1812,1,FALSE,NA,Other genes
Trip12,ENSMUSG00000026219,ENSMUSP00000140224,6078,1,FALSE,NA,Other genes
Trip13,ENSMUSG00000021569,ENSMUSP00000022053,1299,1,FALSE,NA,Other genes
Trmt1,ENSMUSG00000001909,ENSMUSP00000001974,1992,1,FALSE,NA,Other genes
Trmt11,ENSMUSG00000019792,ENSMUSP00000019927,1383,1,FALSE,NA,Other genes
Trmt13,ENSMUSG00000033439,ENSMUSP00000047320,1446,1,FALSE,NA,Other genes
Trmt1l,ENSMUSG00000053286,ENSMUSP00000068309,2187,1,FALSE,NA,Other genes
Trmt2a,ENSMUSG00000022721,ENSMUSP00000111304,1842,1,FALSE,NA,Other genes
Trmt6,ENSMUSG00000037376,ENSMUSP00000044687,1494,1,FALSE,NA,Other genes
Tro,ENSMUSG00000025272,ENSMUSP00000084513,6264,7,FALSE,NA,Other genes
Trpc4,ENSMUSG00000027748,ENSMUSP00000029311,2925,1,FALSE,NA,Other genes
Trpc5os,ENSMUSG00000072934,ENSMUSP00000148184,333,1,FALSE,NA,Other genes
Trpc7,ENSMUSG00000021541,ENSMUSP00000022023,2589,2,FALSE,NA,Other genes
Trpm1,ENSMUSG00000030523,ENSMUSP00000146226,4887,3,FALSE,NA,Other genes
Trpm2,ENSMUSG00000009292,ENSMUSP00000101040,4521,3,FALSE,NA,Other genes
Trpm6,ENSMUSG00000024727,ENSMUSP00000037443,6087,2,FALSE,NA,Other genes
Trpm8,ENSMUSG00000036251,ENSMUSP00000108739,3315,1,FALSE,NA,Other genes
Trpv4,ENSMUSG00000014158,ENSMUSP00000071859,2616,1,FALSE,NA,Other genes
Trpv6,ENSMUSG00000029868,ENSMUSP00000031902,2304,2,FALSE,NA,Other genes
Trrap,ENSMUSG00000045482,ENSMUSP00000148419,11580,8,FALSE,NA,Other genes
Try5,ENSMUSG00000036938,ENSMUSP00000064498,741,1,FALSE,NA,Other genes
Tsc1,ENSMUSG00000026812,ENSMUSP00000109500,3486,1,FALSE,NA,Other genes
Tsc2,ENSMUSG00000002496,ENSMUSP00000154338,5427,3,FALSE,NA,Other genes
Tsc22d1,ENSMUSG00000022010,ENSMUSP00000044517,3234,1,FALSE,NA,Other genes
Tsc22d4,ENSMUSG00000029723,ENSMUSP00000098108,1530,1,FALSE,NA,Other genes
Tsfm,ENSMUSG00000040521,ENSMUSP00000042134,975,2,FALSE,NA,Other genes
Tsg101,ENSMUSG00000014402,ENSMUSP00000014546,1176,1,FALSE,NA,Other genes
Tsga13,ENSMUSG00000039032,ENSMUSP00000040894,822,1,FALSE,NA,Other genes
Tshz2,ENSMUSG00000047907,ENSMUSP00000104787,3093,1,FALSE,NA,Other genes
Tsku,ENSMUSG00000049580,ENSMUSP00000091713,1065,1,FALSE,NA,Other genes
Tsnaxip1,ENSMUSG00000031893,ENSMUSP00000034365,2115,1,FALSE,NA,Other genes
Tspan10,ENSMUSG00000039691,ENSMUSP00000041883,999,1,FALSE,NA,Other genes
Tspan3,ENSMUSG00000032324,ENSMUSP00000149496,771,1,FALSE,NA,Other genes
Tspan32,ENSMUSG00000000244,ENSMUSP00000009396,771,1,FALSE,NA,Other genes
Tspan9,ENSMUSG00000030352,ENSMUSP00000115922,789,1,FALSE,NA,Other genes
Tspo,ENSMUSG00000041736,ENSMUSP00000037039,510,1,FALSE,NA,Other genes
Tspoap1,ENSMUSG00000034156,ENSMUSP00000048063,5541,1,FALSE,NA,Other genes
Tspyl3,ENSMUSG00000074671,ENSMUSP00000096799,1005,1,FALSE,NA,Other genes
Tssk4,ENSMUSG00000007591,ENSMUSP00000154783,1017,1,FALSE,NA,Other genes
Ttbk1,ENSMUSG00000015599,ENSMUSP00000044580,3927,2,FALSE,NA,Other genes
Ttc12,ENSMUSG00000040219,ENSMUSP00000056378,2115,2,FALSE,NA,Other genes
Ttc21a,ENSMUSG00000032514,ENSMUSP00000035100,3945,2,FALSE,NA,Other genes
Ttc22,ENSMUSG00000034919,ENSMUSP00000035773,1707,2,FALSE,NA,Other genes
Ttc23,ENSMUSG00000030555,ENSMUSP00000032774,1467,1,FALSE,NA,Other genes
Ttc24,ENSMUSG00000051036,ENSMUSP00000061571,1005,1,FALSE,NA,Other genes
Ttc26,ENSMUSG00000056832,ENSMUSP00000124369,1665,1,FALSE,NA,Other genes
Ttc27,ENSMUSG00000024078,ENSMUSP00000024882,2544,2,FALSE,NA,Other genes
Ttc28,ENSMUSG00000033209,ENSMUSP00000136116,7446,1,FALSE,NA,Other genes
Ttc30a1,ENSMUSG00000075271,ENSMUSP00000097574,1995,1,FALSE,NA,Other genes
Ttc39c,ENSMUSG00000024424,ENSMUSP00000157144,1743,3,FALSE,NA,Other genes
Ttc4,ENSMUSG00000025413,ENSMUSP00000026480,1161,1,FALSE,NA,Other genes
Ttc41,ENSMUSG00000044937,ENSMUSP00000075059,3957,1,FALSE,NA,Other genes
Ttc5,ENSMUSG00000006288,ENSMUSP00000006451,1323,1,FALSE,NA,Other genes
Ttc7,ENSMUSG00000036918,ENSMUSP00000040771,2577,1,FALSE,NA,Other genes
Ttf2,ENSMUSG00000033222,ENSMUSP00000076208,3417,1,FALSE,NA,Other genes
Ttll3,ENSMUSG00000030276,ENSMUSP00000037870,2787,1,FALSE,NA,Other genes
Ttll6,ENSMUSG00000038756,ENSMUSP00000127778,2469,1,FALSE,NA,Other genes
Ttll7,ENSMUSG00000036745,ENSMUSP00000043753,2739,1,FALSE,NA,Other genes
Ttn,ENSMUSG00000051747,ENSMUSP00000097561,106173,28,FALSE,NA,Other genes
Ttyh2,ENSMUSG00000034714,ENSMUSP00000037821,1599,2,FALSE,NA,Other genes
Tuba3b,ENSMUSG00000067338,ENSMUSP00000084713,1353,1,FALSE,NA,Other genes
Tubb1,ENSMUSG00000016255,ENSMUSP00000016399,1356,1,FALSE,NA,Other genes
Tubb3,ENSMUSG00000062380,ENSMUSP00000071134,1353,1,FALSE,NA,Other genes
Tubb5,ENSMUSG00000001525,ENSMUSP00000001566,1335,1,FALSE,NA,Other genes
Tubg1,ENSMUSG00000035198,ENSMUSP00000048036,1356,1,FALSE,NA,Other genes
Tubgcp2,ENSMUSG00000025474,ENSMUSP00000026547,2718,1,FALSE,NA,Other genes
Tubgcp3,ENSMUSG00000000759,ENSMUSP00000000776,2718,1,FALSE,NA,Other genes
Tubgcp5,ENSMUSG00000033790,ENSMUSP00000032627,3075,1,FALSE,NA,Other genes
Tubgcp6,ENSMUSG00000051786,ENSMUSP00000104977,5310,2,FALSE,NA,Other genes
Tuft1,ENSMUSG00000005968,ENSMUSP00000006123,1173,1,FALSE,NA,Other genes
Tut4,ENSMUSG00000034610,ENSMUSP00000095538,4947,1,FALSE,NA,Other genes
Txlna,ENSMUSG00000053841,ENSMUSP00000081285,1665,1,FALSE,NA,Other genes
Txndc15,ENSMUSG00000021497,ENSMUSP00000021959,1035,1,FALSE,NA,Other genes
Txndc16,ENSMUSG00000021830,ENSMUSP00000120287,2463,1,FALSE,NA,Other genes
Txndc2,ENSMUSG00000050612,ENSMUSP00000054909,1653,7,FALSE,NA,Other genes
Txndc5,ENSMUSG00000038991,ENSMUSP00000041839,1254,1,FALSE,NA,Other genes
Txnip,ENSMUSG00000038393,ENSMUSP00000102710,1194,1,FALSE,NA,Other genes
Tyms,ENSMUSG00000025747,ENSMUSP00000026846,924,1,FALSE,NA,Other genes
Tyr,ENSMUSG00000004651,ENSMUSP00000004770,1602,2,FALSE,NA,Other genes
Tyro3,ENSMUSG00000027298,ENSMUSP00000028763,2643,2,FALSE,NA,Other genes
Tyw1,ENSMUSG00000056310,ENSMUSP00000037173,2166,1,FALSE,NA,Other genes
Uba1,ENSMUSG00000001924,ENSMUSP00000086626,3177,3,FALSE,NA,Other genes
Uba3,ENSMUSG00000030061,ENSMUSP00000086701,1389,1,FALSE,NA,Other genes
Uba6,ENSMUSG00000035898,ENSMUSP00000035328,3162,1,FALSE,NA,Other genes
Uba7,ENSMUSG00000032596,ENSMUSP00000035216,2934,1,FALSE,NA,Other genes
Ubac2,ENSMUSG00000041765,ENSMUSP00000043245,1038,1,FALSE,NA,Other genes
Ubap2l,ENSMUSG00000042520,ENSMUSP00000066138,3339,1,FALSE,NA,Other genes
Ubash3b,ENSMUSG00000032020,ENSMUSP00000043865,1917,3,FALSE,NA,Other genes
Ubc,ENSMUSG00000008348,ENSMUSP00000114180,2205,1,FALSE,NA,Other genes
Ube2b,ENSMUSG00000020390,ENSMUSP00000020657,459,1,FALSE,NA,Other genes
Ube2dnl2,ENSMUSG00000047079,ENSMUSP00000059077,468,1,FALSE,NA,Other genes
Ube2g2,ENSMUSG00000009293,ENSMUSP00000133515,498,1,FALSE,NA,Other genes
Ube2j1,ENSMUSG00000028277,ENSMUSP00000118333,957,2,FALSE,NA,Other genes
Ube2l3,ENSMUSG00000038965,ENSMUSP00000156121,465,1,FALSE,NA,Other genes
Ube2l6,ENSMUSG00000027078,ENSMUSP00000099702,462,1,FALSE,NA,Other genes
Ube2o,ENSMUSG00000020802,ENSMUSP00000080791,3867,1,FALSE,NA,Other genes
Ube3b,ENSMUSG00000029577,ENSMUSP00000073652,3213,1,FALSE,NA,Other genes
Ube4b,ENSMUSG00000028960,ENSMUSP00000158872,4062,2,FALSE,NA,Other genes
Ubfd1,ENSMUSG00000030870,ENSMUSP00000033158,1107,1,FALSE,NA,Other genes
Ubl4b,ENSMUSG00000055891,ENSMUSP00000100577,567,1,FALSE,NA,Other genes
Ubl7,ENSMUSG00000055720,ENSMUSP00000150925,1143,1,FALSE,NA,Other genes
Ubn2,ENSMUSG00000038538,ENSMUSP00000036188,3951,1,FALSE,NA,Other genes
Ubr2,ENSMUSG00000023977,ENSMUSP00000108963,5268,2,FALSE,NA,Other genes
Ubr4,ENSMUSG00000066036,ENSMUSP00000095433,15543,2,FALSE,NA,Other genes
Ubr5,ENSMUSG00000037487,ENSMUSP00000154293,8397,3,FALSE,NA,Other genes
Uck1,ENSMUSG00000002550,ENSMUSP00000002625,852,1,FALSE,NA,Other genes
Uckl1,ENSMUSG00000089917,ENSMUSP00000050398,1647,1,FALSE,NA,Other genes
Ucma,ENSMUSG00000026668,ENSMUSP00000110662,417,1,FALSE,NA,Other genes
Ucp2,ENSMUSG00000033685,ENSMUSP00000120967,930,1,FALSE,NA,Other genes
Ufsp2,ENSMUSG00000031634,ENSMUSP00000034051,1386,1,FALSE,NA,Other genes
Uggt2,ENSMUSG00000042104,ENSMUSP00000121249,4515,1,FALSE,NA,Other genes
Ugp2,ENSMUSG00000001891,ENSMUSP00000099939,1527,1,FALSE,NA,Other genes
Ugt1a6a,ENSMUSG00000054545,ENSMUSP00000108759,1596,1,FALSE,NA,Other genes
Ugt2a3,ENSMUSG00000035780,ENSMUSP00000031195,1605,1,FALSE,NA,Other genes
Ulk1,ENSMUSG00000029512,ENSMUSP00000143536,3174,1,FALSE,NA,Other genes
Umodl1,ENSMUSG00000054134,ENSMUSP00000110202,4047,1,FALSE,NA,Other genes
Unc13a,ENSMUSG00000034799,ENSMUSP00000135189,5196,4,FALSE,NA,Other genes
Unc13b,ENSMUSG00000028456,ENSMUSP00000147100,13173,3,FALSE,NA,Other genes
Unc13c,ENSMUSG00000062151,ENSMUSP00000139027,6633,3,FALSE,NA,Other genes
Unc45b,ENSMUSG00000018845,ENSMUSP00000103795,2796,1,FALSE,NA,Other genes
Unc5c,ENSMUSG00000059921,ENSMUSP00000074758,2853,1,FALSE,NA,Other genes
Unc5cl,ENSMUSG00000043592,ENSMUSP00000074159,1557,1,FALSE,NA,Other genes
Unc5d,ENSMUSG00000063626,ENSMUSP00000128521,2871,1,FALSE,NA,Other genes
Unc79,ENSMUSG00000021198,ENSMUSP00000136332,7965,2,FALSE,NA,Other genes
Unc80,ENSMUSG00000055567,ENSMUSP00000053692,9981,1,FALSE,NA,Other genes
Unk,ENSMUSG00000020770,ENSMUSP00000021116,2433,2,FALSE,NA,Other genes
Unkl,ENSMUSG00000015127,ENSMUSP00000039670,2184,1,FALSE,NA,Other genes
Uox,ENSMUSG00000028186,ENSMUSP00000029837,912,2,FALSE,NA,Other genes
Upf1,ENSMUSG00000058301,ENSMUSP00000075089,3375,1,FALSE,NA,Other genes
Upk3a,ENSMUSG00000022435,ENSMUSP00000023070,864,1,FALSE,NA,Other genes
Upk3bl,ENSMUSG00000006143,ENSMUSP00000106767,945,1,FALSE,NA,Other genes
Uqcrfs1,ENSMUSG00000038462,ENSMUSP00000045284,825,1,FALSE,NA,Other genes
Uqcrh,ENSMUSG00000063882,ENSMUSP00000077744,270,1,FALSE,NA,Other genes
Urad,ENSMUSG00000075543,ENSMUSP00000098000,537,1,FALSE,NA,Other genes
Urb1,ENSMUSG00000039929,ENSMUSP00000114717,6834,1,FALSE,NA,Other genes
Urb2,ENSMUSG00000031976,ENSMUSP00000034457,4575,1,FALSE,NA,Other genes
Uri1,ENSMUSG00000030421,ENSMUSP00000145738,1602,1,FALSE,NA,Other genes
Usf2,ENSMUSG00000058239,ENSMUSP00000132256,1041,1,FALSE,NA,Other genes
Ush1c,ENSMUSG00000030838,ENSMUSP00000009667,2733,1,FALSE,NA,Other genes
Ush2a,ENSMUSG00000026609,ENSMUSP00000050454,15582,6,FALSE,NA,Other genes
Ushbp1,ENSMUSG00000034911,ENSMUSP00000045668,2043,1,FALSE,NA,Other genes
Usp10,ENSMUSG00000031826,ENSMUSP00000123590,2382,1,FALSE,NA,Other genes
Usp11,ENSMUSG00000031066,ENSMUSP00000033383,2766,1,FALSE,NA,Other genes
Usp17lc,ENSMUSG00000058976,ENSMUSP00000102505,1638,1,FALSE,NA,Other genes
Usp17ld,ENSMUSG00000057321,ENSMUSP00000073107,1638,1,FALSE,NA,Other genes
Usp19,ENSMUSG00000006676,ENSMUSP00000006854,4083,5,FALSE,NA,Other genes
Usp2,ENSMUSG00000032010,ENSMUSP00000034508,1860,1,FALSE,NA,Other genes
Usp20,ENSMUSG00000026854,ENSMUSP00000099913,2751,2,FALSE,NA,Other genes
Usp22,ENSMUSG00000042506,ENSMUSP00000041263,1578,2,FALSE,NA,Other genes
Usp24,ENSMUSG00000028514,ENSMUSP00000133095,7857,3,FALSE,NA,Other genes
Usp25,ENSMUSG00000022867,ENSMUSP00000159060,3378,1,FALSE,NA,Other genes
Usp29,ENSMUSG00000051527,ENSMUSP00000143769,2610,2,FALSE,NA,Other genes
Usp34,ENSMUSG00000056342,ENSMUSP00000137430,10749,1,FALSE,NA,Other genes
Usp37,ENSMUSG00000033364,ENSMUSP00000140670,2940,2,FALSE,NA,Other genes
Usp48,ENSMUSG00000043411,ENSMUSP00000055016,3159,1,FALSE,NA,Other genes
Usp54,ENSMUSG00000034235,ENSMUSP00000022356,4767,2,FALSE,NA,Other genes
Usp6nl,ENSMUSG00000039046,ENSMUSP00000043178,2529,1,FALSE,NA,Other genes
Usp9x,ENSMUSG00000031010,ENSMUSP00000086716,7665,2,FALSE,NA,Other genes
Ust,ENSMUSG00000047712,ENSMUSP00000052017,1224,1,FALSE,NA,Other genes
Utp14a,ENSMUSG00000063785,ENSMUSP00000079538,2304,1,FALSE,NA,Other genes
Utp20,ENSMUSG00000004356,ENSMUSP00000004470,8370,1,FALSE,NA,Other genes
Uxs1,ENSMUSG00000057363,ENSMUSP00000119939,1263,3,FALSE,NA,Other genes
Vamp5,ENSMUSG00000073002,ENSMUSP00000098843,309,1,FALSE,NA,Other genes
Vamp8,ENSMUSG00000050732,ENSMUSP00000059501,306,1,FALSE,NA,Other genes
Vapb,ENSMUSG00000054455,ENSMUSP00000064699,732,1,FALSE,NA,Other genes
Vars2,ENSMUSG00000038838,ENSMUSP00000047917,3183,2,FALSE,NA,Other genes
Vash1,ENSMUSG00000021256,ENSMUSP00000021681,1128,1,FALSE,NA,Other genes
Vasn,ENSMUSG00000039646,ENSMUSP00000045162,2022,1,FALSE,NA,Other genes
Vat1,ENSMUSG00000034993,ENSMUSP00000048350,1221,1,FALSE,NA,Other genes
Vav1,ENSMUSG00000034116,ENSMUSP00000005889,2538,1,FALSE,NA,Other genes
Vav2,ENSMUSG00000009621,ENSMUSP00000062782,2607,2,FALSE,NA,Other genes
Vav3,ENSMUSG00000033721,ENSMUSP00000036270,2544,1,FALSE,NA,Other genes
Vcan,ENSMUSG00000021614,ENSMUSP00000105173,10065,4,FALSE,NA,Other genes
Vcl,ENSMUSG00000021823,ENSMUSP00000022369,3201,1,FALSE,NA,Other genes
Vegfc,ENSMUSG00000031520,ENSMUSP00000033919,1248,2,FALSE,NA,Other genes
Veph1,ENSMUSG00000027831,ENSMUSP00000029419,2502,3,FALSE,NA,Other genes
Vgll1,ENSMUSG00000031131,ENSMUSP00000033465,924,1,FALSE,NA,Other genes
Vhl,ENSMUSG00000033933,ENSMUSP00000039418,546,1,FALSE,NA,Other genes
Vldlr,ENSMUSG00000024924,ENSMUSP00000127329,2622,1,FALSE,NA,Other genes
Vmac,ENSMUSG00000054723,ENSMUSP00000064120,525,1,FALSE,NA,Other genes
Vmn1r113,ENSMUSG00000091638,ENSMUSP00000133307,924,1,FALSE,NA,Other genes
Vmn1r12,ENSMUSG00000057981,ENSMUSP00000154607,924,1,FALSE,NA,Other genes
Vmn1r120,ENSMUSG00000093986,ENSMUSP00000100837,918,1,FALSE,NA,Other genes
Vmn1r15,ENSMUSG00000115199,ENSMUSP00000154252,900,2,FALSE,NA,Other genes
Vmn1r158,ENSMUSG00000094700,ENSMUSP00000133990,924,1,FALSE,NA,Other genes
Vmn1r174,ENSMUSG00000090411,ENSMUSP00000154506,942,3,FALSE,NA,Other genes
Vmn1r18,ENSMUSG00000091382,ENSMUSP00000154497,900,2,FALSE,NA,Other genes
Vmn1r188,ENSMUSG00000069299,ENSMUSP00000154654,927,1,FALSE,NA,Other genes
Vmn1r197,ENSMUSG00000069294,ENSMUSP00000153747,897,1,FALSE,NA,Other genes
Vmn1r198,ENSMUSG00000095125,ENSMUSP00000153942,903,1,FALSE,NA,Other genes
Vmn1r199,ENSMUSG00000069292,ENSMUSP00000153918,1104,2,FALSE,NA,Other genes
Vmn1r2,ENSMUSG00000115072,ENSMUSP00000154142,921,1,FALSE,NA,Other genes
Vmn1r211,ENSMUSG00000063998,ENSMUSP00000154146,897,2,FALSE,NA,Other genes
Vmn1r212,ENSMUSG00000071490,ENSMUSP00000093655,1074,1,FALSE,NA,Other genes
Vmn1r218,ENSMUSG00000115020,ENSMUSP00000154543,897,2,FALSE,NA,Other genes
Vmn1r22,ENSMUSG00000115091,ENSMUSP00000154262,909,2,FALSE,NA,Other genes
Vmn1r221,ENSMUSG00000082316,ENSMUSP00000157606,939,1,FALSE,NA,Other genes
Vmn1r238,ENSMUSG00000091539,ENSMUSP00000129804,921,1,FALSE,NA,Other genes
Vmn1r3,ENSMUSG00000115466,ENSMUSP00000100790,921,4,FALSE,NA,Other genes
Vmn1r30,ENSMUSG00000095670,ENSMUSP00000153898,909,2,FALSE,NA,Other genes
Vmn1r4,ENSMUSG00000071893,ENSMUSP00000135323,894,1,FALSE,NA,Other genes
Vmn1r50,ENSMUSG00000094553,ENSMUSP00000100705,933,1,FALSE,NA,Other genes
Vmn1r59,ENSMUSG00000117744,ENSMUSP00000073768,933,1,FALSE,NA,Other genes
Vmn1r60,ENSMUSG00000118298,ENSMUSP00000157873,933,1,FALSE,NA,Other genes
Vmn1r61,ENSMUSG00000117863,ENSMUSP00000157894,903,2,FALSE,NA,Other genes
Vmn1r72,ENSMUSG00000095430,ENSMUSP00000154511,921,1,FALSE,NA,Other genes
Vmn1r73,ENSMUSG00000051687,ENSMUSP00000153827,912,1,FALSE,NA,Other genes
Vmn1r74,ENSMUSG00000047655,ENSMUSP00000154746,915,1,FALSE,NA,Other genes
Vmn1r8,ENSMUSG00000061208,ENSMUSP00000154544,912,1,FALSE,NA,Other genes
Vmn1r84,ENSMUSG00000066803,ENSMUSP00000083405,957,1,FALSE,NA,Other genes
Vmn1r85,ENSMUSG00000070817,ENSMUSP00000148178,927,1,FALSE,NA,Other genes
Vmn2r-ps159,ENSMUSG00000057021,ENSMUSP00000157307,2553,26,FALSE,NA,Other genes
Vmn2r10,ENSMUSG00000067010,ENSMUSP00000078162,2544,3,FALSE,NA,Other genes
Vmn2r102,ENSMUSG00000095961,ENSMUSP00000126559,2574,1,FALSE,NA,Other genes
Vmn2r104,ENSMUSG00000090315,ENSMUSP00000129895,2583,1,FALSE,NA,Other genes
Vmn2r106,ENSMUSG00000091656,ENSMUSP00000126534,2589,1,FALSE,NA,Other genes
Vmn2r107,ENSMUSG00000056910,ENSMUSP00000048706,2586,1,FALSE,NA,Other genes
Vmn2r109,ENSMUSG00000090572,ENSMUSP00000132641,2577,1,FALSE,NA,Other genes
Vmn2r111,ENSMUSG00000095093,ENSMUSP00000090148,2574,1,FALSE,NA,Other genes
Vmn2r112,ENSMUSG00000094921,ENSMUSP00000094994,2574,1,FALSE,NA,Other genes
Vmn2r114,ENSMUSG00000091945,ENSMUSP00000127505,2571,11,FALSE,NA,Other genes
Vmn2r115,ENSMUSG00000091076,ENSMUSP00000131447,2574,39,FALSE,NA,Other genes
Vmn2r116,ENSMUSG00000090966,ENSMUSP00000128106,2571,7,FALSE,NA,Other genes
Vmn2r117,ENSMUSG00000091407,ENSMUSP00000126885,2574,46,FALSE,NA,Other genes
Vmn2r118,ENSMUSG00000091504,ENSMUSP00000131128,2562,1,FALSE,NA,Other genes
Vmn2r121,ENSMUSG00000072049,ENSMUSP00000092067,2544,3,FALSE,NA,Other genes
Vmn2r124,ENSMUSG00000094396,ENSMUSP00000135613,2568,1,FALSE,NA,Other genes
Vmn2r126,ENSMUSG00000091528,ENSMUSP00000129068,2586,1,FALSE,NA,Other genes
Vmn2r128,ENSMUSG00000091967,ENSMUSP00000157322,1287,2,FALSE,NA,Other genes
Vmn2r14,ENSMUSG00000091059,ENSMUSP00000128015,2547,1,FALSE,NA,Other genes
Vmn2r15,ENSMUSG00000091375,ENSMUSP00000128333,2568,1,FALSE,NA,Other genes
Vmn2r19,ENSMUSG00000091260,ENSMUSP00000073604,2565,1,FALSE,NA,Other genes
Vmn2r23,ENSMUSG00000091620,ENSMUSP00000126682,2550,2,FALSE,NA,Other genes
Vmn2r24,ENSMUSG00000072780,ENSMUSP00000074602,2565,2,FALSE,NA,Other genes
Vmn2r25,ENSMUSG00000094672,ENSMUSP00000124342,2568,1,FALSE,NA,Other genes
Vmn2r27,ENSMUSG00000072778,ENSMUSP00000098528,2574,1,FALSE,NA,Other genes
Vmn2r28,ENSMUSG00000066820,ENSMUSP00000083477,2559,1,FALSE,NA,Other genes
Vmn2r3,ENSMUSG00000091572,ENSMUSP00000134891,2730,1,FALSE,NA,Other genes
Vmn2r4,ENSMUSG00000092049,ENSMUSP00000135228,2742,1,FALSE,NA,Other genes
Vmn2r44,ENSMUSG00000094098,ENSMUSP00000132467,2586,1,FALSE,NA,Other genes
Vmn2r53,ENSMUSG00000096002,ENSMUSP00000156838,2637,1,FALSE,NA,Other genes
Vmn2r57,ENSMUSG00000066537,ENSMUSP00000125817,2592,1,FALSE,NA,Other genes
Vmn2r6,ENSMUSG00000090581,ENSMUSP00000135148,2742,2,FALSE,NA,Other genes
Vmn2r72,ENSMUSG00000051877,ENSMUSP00000133014,2571,2,FALSE,NA,Other genes
Vmn2r73,ENSMUSG00000070458,ENSMUSP00000076687,2556,1,FALSE,NA,Other genes
Vmn2r76,ENSMUSG00000091239,ENSMUSP00000127309,2562,1,FALSE,NA,Other genes
Vmn2r77,ENSMUSG00000090949,ENSMUSP00000129540,2565,1,FALSE,NA,Other genes
Vmn2r79,ENSMUSG00000090362,ENSMUSP00000132478,2556,1,FALSE,NA,Other genes
Vmn2r8,ENSMUSG00000090961,ENSMUSP00000126953,2547,1,FALSE,NA,Other genes
Vmn2r80,ENSMUSG00000091888,ENSMUSP00000132299,2592,2,FALSE,NA,Other genes
Vmn2r81,ENSMUSG00000055515,ENSMUSP00000020547,2598,1,FALSE,NA,Other genes
Vmn2r82,ENSMUSG00000091468,ENSMUSP00000130114,2598,2,FALSE,NA,Other genes
Vmn2r83,ENSMUSG00000091381,ENSMUSP00000131426,2595,1,FALSE,NA,Other genes
Vmn2r88,ENSMUSG00000000606,ENSMUSP00000022438,2574,2,FALSE,NA,Other genes
Vmn2r89,ENSMUSG00000070448,ENSMUSP00000124065,1524,9,FALSE,NA,Other genes
Vmn2r92,ENSMUSG00000091350,ENSMUSP00000128685,2583,1,FALSE,NA,Other genes
Vmn2r93,ENSMUSG00000079698,ENSMUSP00000078200,2574,1,FALSE,NA,Other genes
Vnn1,ENSMUSG00000037440,ENSMUSP00000040599,1539,1,FALSE,NA,Other genes
Vnn3,ENSMUSG00000020010,ENSMUSP00000020190,1503,1,FALSE,NA,Other genes
Vpreb1,ENSMUSG00000059305,ENSMUSP00000074537,429,1,FALSE,NA,Other genes
Vps11,ENSMUSG00000032127,ENSMUSP00000034644,2826,1,FALSE,NA,Other genes
Vps13a,ENSMUSG00000046230,ENSMUSP00000068716,9501,1,FALSE,NA,Other genes
Vps13b,ENSMUSG00000037646,ENSMUSP00000045490,11982,4,FALSE,NA,Other genes
Vps13c,ENSMUSG00000035284,ENSMUSP00000077040,11247,3,FALSE,NA,Other genes
Vps18,ENSMUSG00000034216,ENSMUSP00000036915,2922,2,FALSE,NA,Other genes
Vps4a,ENSMUSG00000031913,ENSMUSP00000034388,1314,2,FALSE,NA,Other genes
Vps4b,ENSMUSG00000009907,ENSMUSP00000108356,1335,1,FALSE,NA,Other genes
Vps53,ENSMUSG00000017288,ENSMUSP00000061317,2499,3,FALSE,NA,Other genes
Vps8,ENSMUSG00000033653,ENSMUSP00000111055,4290,1,FALSE,NA,Other genes
Vps9d1,ENSMUSG00000001062,ENSMUSP00000113634,1953,1,FALSE,NA,Other genes
Vrtn,ENSMUSG00000071235,ENSMUSP00000093207,2223,1,FALSE,NA,Other genes
Vsig1,ENSMUSG00000031430,ENSMUSP00000033806,1224,1,FALSE,NA,Other genes
Vsir,ENSMUSG00000020101,ENSMUSP00000020301,930,1,FALSE,NA,Other genes
Vstm4,ENSMUSG00000050666,ENSMUSP00000055178,960,2,FALSE,NA,Other genes
Vstm5,ENSMUSG00000031937,ENSMUSP00000034413,600,1,FALSE,NA,Other genes
Vtn,ENSMUSG00000017344,ENSMUSP00000017488,1437,1,FALSE,NA,Other genes
Vwa5b1,ENSMUSG00000028753,ENSMUSP00000030533,3648,1,FALSE,NA,Other genes
Vwa5b2,ENSMUSG00000046613,ENSMUSP00000123727,3747,1,FALSE,NA,Other genes
Vwa8,ENSMUSG00000058997,ENSMUSP00000048925,5718,1,FALSE,NA,Other genes
Vwc2,ENSMUSG00000050830,ENSMUSP00000105303,975,1,FALSE,NA,Other genes
Vwce,ENSMUSG00000043789,ENSMUSP00000056958,2790,1,FALSE,NA,Other genes
Vwf,ENSMUSG00000001930,ENSMUSP00000107873,8442,1,FALSE,NA,Other genes
Wapl,ENSMUSG00000041408,ENSMUSP00000130547,3603,1,FALSE,NA,Other genes
Wasf2,ENSMUSG00000028868,ENSMUSP00000081263,1494,1,FALSE,NA,Other genes
Washc2,ENSMUSG00000024104,ENSMUSP00000038983,4005,1,FALSE,NA,Other genes
Washc5,ENSMUSG00000022350,ENSMUSP00000022976,3480,1,FALSE,NA,Other genes
Wbp2,ENSMUSG00000034341,ENSMUSP00000074204,786,1,FALSE,NA,Other genes
Wbp2nl,ENSMUSG00000022455,ENSMUSP00000023089,1080,1,FALSE,NA,Other genes
Wdfy3,ENSMUSG00000043940,ENSMUSP00000134244,10581,2,FALSE,NA,Other genes
Wdfy4,ENSMUSG00000051506,ENSMUSP00000117068,9552,6,FALSE,NA,Other genes
Wdhd1,ENSMUSG00000037572,ENSMUSP00000141182,3357,1,FALSE,NA,Other genes
Wdr13,ENSMUSG00000031166,ENSMUSP00000033506,1458,1,FALSE,NA,Other genes
Wdr17,ENSMUSG00000039375,ENSMUSP00000115550,3969,1,FALSE,NA,Other genes
Wdr24,ENSMUSG00000025737,ENSMUSP00000026833,2373,1,FALSE,NA,Other genes
Wdr26,ENSMUSG00000038733,ENSMUSP00000158345,2190,1,FALSE,NA,Other genes
Wdr4,ENSMUSG00000024037,ENSMUSP00000126061,1371,1,FALSE,NA,Other genes
Wdr41,ENSMUSG00000042015,ENSMUSP00000138543,1404,4,FALSE,NA,Other genes
Wdr45,ENSMUSG00000039382,ENSMUSP00000041456,1083,1,FALSE,NA,Other genes
Wdr46,ENSMUSG00000024312,ENSMUSP00000025170,1869,1,FALSE,NA,Other genes
Wdr59,ENSMUSG00000031959,ENSMUSP00000034437,2982,3,FALSE,NA,Other genes
Wdr6,ENSMUSG00000066357,ENSMUSP00000070927,3378,1,FALSE,NA,Other genes
Wdr61,ENSMUSG00000061559,ENSMUSP00000056359,918,1,FALSE,NA,Other genes
Wdr7,ENSMUSG00000040560,ENSMUSP00000072509,4470,1,FALSE,NA,Other genes
Wdr72,ENSMUSG00000044976,ENSMUSP00000057320,3345,1,FALSE,NA,Other genes
Wdr75,ENSMUSG00000025995,ENSMUSP00000027139,2493,3,FALSE,NA,Other genes
Wdr78,ENSMUSG00000035126,ENSMUSP00000102481,2424,2,FALSE,NA,Other genes
Wdr81,ENSMUSG00000045374,ENSMUSP00000134266,5805,1,FALSE,NA,Other genes
Wdr82,ENSMUSG00000020257,ENSMUSP00000020490,942,2,FALSE,NA,Other genes
Wdr89,ENSMUSG00000045690,ENSMUSP00000050532,1161,2,FALSE,NA,Other genes
Wdr90,ENSMUSG00000073434,ENSMUSP00000078426,5679,1,FALSE,NA,Other genes
Wdr91,ENSMUSG00000058486,ENSMUSP00000079974,2247,1,FALSE,NA,Other genes
Wdr95,ENSMUSG00000029658,ENSMUSP00000144385,2355,1,FALSE,NA,Other genes
Wdyhv1,ENSMUSG00000022359,ENSMUSP00000064622,630,1,FALSE,NA,Other genes
Wfdc8,ENSMUSG00000070533,ENSMUSP00000104963,1281,1,FALSE,NA,Other genes
Wfikkn2,ENSMUSG00000044177,ENSMUSP00000053238,1716,2,FALSE,NA,Other genes
Wfs1,ENSMUSG00000039474,ENSMUSP00000048053,2673,2,FALSE,NA,Other genes
Whrn,ENSMUSG00000039137,ENSMUSP00000081557,2757,2,FALSE,NA,Other genes
Wipi2,ENSMUSG00000029578,ENSMUSP00000045201,1338,1,FALSE,NA,Other genes
Wnk1,ENSMUSG00000045962,ENSMUSP00000086017,7908,8,FALSE,NA,Other genes
Wnk2,ENSMUSG00000037989,ENSMUSP00000089212,6642,2,FALSE,NA,Other genes
Wnk3,ENSMUSG00000041245,ENSMUSP00000138839,5370,1,FALSE,NA,Other genes
Wnt16,ENSMUSG00000029671,ENSMUSP00000031681,1095,1,FALSE,NA,Other genes
Wnt7a,ENSMUSG00000030093,ENSMUSP00000032180,1050,1,FALSE,NA,Other genes
Wrn,ENSMUSG00000031583,ENSMUSP00000033990,4206,1,FALSE,NA,Other genes
Wscd1,ENSMUSG00000020811,ENSMUSP00000021168,1719,2,FALSE,NA,Other genes
Wt1,ENSMUSG00000016458,ENSMUSP00000117891,1554,1,FALSE,NA,Other genes
Wwc1,ENSMUSG00000018849,ENSMUSP00000018993,3315,1,FALSE,NA,Other genes
Wwc2,ENSMUSG00000031563,ENSMUSP00000056121,3564,1,FALSE,NA,Other genes
Wwox,ENSMUSG00000004637,ENSMUSP00000004756,1245,1,FALSE,NA,Other genes
Wwp1,ENSMUSG00000041058,ENSMUSP00000103881,2757,1,FALSE,NA,Other genes
Xcl1,ENSMUSG00000026573,ENSMUSP00000027860,345,1,FALSE,NA,Other genes
Xdh,ENSMUSG00000024066,ENSMUSP00000024866,4008,1,FALSE,NA,Other genes
Xirp1,ENSMUSG00000079243,ENSMUSP00000158836,5442,3,FALSE,NA,Other genes
Xkr5,ENSMUSG00000039814,ENSMUSP00000093089,2031,1,FALSE,NA,Other genes
Xkr6,ENSMUSG00000035067,ENSMUSP00000113708,1917,1,FALSE,NA,Other genes
Xkr8,ENSMUSG00000037752,ENSMUSP00000041205,1206,1,FALSE,NA,Other genes
Xkrx,ENSMUSG00000031258,ENSMUSP00000033611,1350,1,FALSE,NA,Other genes
Xlr3a,ENSMUSG00000057836,ENSMUSP00000110170,681,1,FALSE,NA,Other genes
Xlr4b,ENSMUSG00000067768,ENSMUSP00000064686,648,1,FALSE,NA,Other genes
Xpa,ENSMUSG00000028329,ENSMUSP00000050453,840,1,FALSE,NA,Other genes
Xpnpep1,ENSMUSG00000025027,ENSMUSP00000138250,2001,1,FALSE,NA,Other genes
Xpo5,ENSMUSG00000067150,ENSMUSP00000084257,3615,1,FALSE,NA,Other genes
Xpo6,ENSMUSG00000000131,ENSMUSP00000130527,3378,1,FALSE,NA,Other genes
Xpo7,ENSMUSG00000022100,ENSMUSP00000154350,3267,1,FALSE,NA,Other genes
Xrra1,ENSMUSG00000035211,ENSMUSP00000035929,2361,1,FALSE,NA,Other genes
Xylt1,ENSMUSG00000030657,ENSMUSP00000032892,2862,1,FALSE,NA,Other genes
Yap1,ENSMUSG00000053110,ENSMUSP00000069554,1467,1,FALSE,NA,Other genes
Yars,ENSMUSG00000028811,ENSMUSP00000101669,1587,1,FALSE,NA,Other genes
Yeats4,ENSMUSG00000020171,ENSMUSP00000020382,684,1,FALSE,NA,Other genes
Yipf2,ENSMUSG00000032182,ENSMUSP00000077649,939,1,FALSE,NA,Other genes
Yipf5,ENSMUSG00000024487,ENSMUSP00000025364,774,1,FALSE,NA,Other genes
Yipf7,ENSMUSG00000029158,ENSMUSP00000031045,765,1,FALSE,NA,Other genes
Ylpm1,ENSMUSG00000021244,ENSMUSP00000021670,6420,1,FALSE,NA,Other genes
Ypel4,ENSMUSG00000034059,ENSMUSP00000158708,477,1,FALSE,NA,Other genes
Zan,ENSMUSG00000079173,ENSMUSP00000114068,16263,57,FALSE,NA,Other genes
Zar1l,ENSMUSG00000056586,ENSMUSP00000114116,876,1,FALSE,NA,Other genes
Zbbx,ENSMUSG00000034151,ENSMUSP00000103407,2151,1,FALSE,NA,Other genes
Zbed5,ENSMUSG00000034173,ENSMUSP00000044533,2271,1,FALSE,NA,Other genes
Zbtb11,ENSMUSG00000022601,ENSMUSP00000056923,3153,1,FALSE,NA,Other genes
Zbtb16,ENSMUSG00000066687,ENSMUSP00000091374,2022,1,FALSE,NA,Other genes
Zbtb2,ENSMUSG00000075327,ENSMUSP00000097655,1545,2,FALSE,NA,Other genes
Zbtb22,ENSMUSG00000051390,ENSMUSP00000057466,1917,1,FALSE,NA,Other genes
Zbtb33,ENSMUSG00000048047,ENSMUSP00000110795,2016,1,FALSE,NA,Other genes
Zbtb34,ENSMUSG00000068966,ENSMUSP00000108783,1557,1,FALSE,NA,Other genes
Zbtb38,ENSMUSG00000040433,ENSMUSP00000121753,3594,1,FALSE,NA,Other genes
Zbtb39,ENSMUSG00000044617,ENSMUSP00000052717,2139,1,FALSE,NA,Other genes
Zbtb40,ENSMUSG00000060862,ENSMUSP00000061899,3777,1,FALSE,NA,Other genes
Zbtb41,ENSMUSG00000033964,ENSMUSP00000045570,2727,2,FALSE,NA,Other genes
Zbtb48,ENSMUSG00000028952,ENSMUSP00000067521,2046,1,FALSE,NA,Other genes
Zbtb5,ENSMUSG00000049657,ENSMUSP00000059919,2013,1,FALSE,NA,Other genes
Zbtb7b,ENSMUSG00000028042,ENSMUSP00000103056,1635,2,FALSE,NA,Other genes
Zbtb8b,ENSMUSG00000048485,ENSMUSP00000101661,1554,1,FALSE,NA,Other genes
Zc2hc1c,ENSMUSG00000045064,ENSMUSP00000051664,1584,1,FALSE,NA,Other genes
Zc3h11a,ENSMUSG00000116275,ENSMUSP00000027736,2379,1,FALSE,NA,Other genes
Zc3h12c,ENSMUSG00000035164,ENSMUSP00000127603,2712,1,FALSE,NA,Other genes
Zc3h13,ENSMUSG00000022000,ENSMUSP00000153882,5193,1,FALSE,NA,Other genes
Zc3h4,ENSMUSG00000059273,ENSMUSP00000096386,3768,2,FALSE,NA,Other genes
Zc3h7a,ENSMUSG00000037965,ENSMUSP00000041308,2913,1,FALSE,NA,Other genes
Zc4h2,ENSMUSG00000035062,ENSMUSP00000041236,675,1,FALSE,NA,Other genes
Zcchc24,ENSMUSG00000055538,ENSMUSP00000068677,726,1,FALSE,NA,Other genes
Zdhhc13,ENSMUSG00000030471,ENSMUSP00000112498,1869,1,FALSE,NA,Other genes
Zdhhc22,ENSMUSG00000048483,ENSMUSP00000152660,792,1,FALSE,NA,Other genes
Zdhhc23,ENSMUSG00000036304,ENSMUSP00000156253,1278,1,FALSE,NA,Other genes
Zdhhc5,ENSMUSG00000034075,ENSMUSP00000048198,2148,1,FALSE,NA,Other genes
Zdhhc9,ENSMUSG00000036985,ENSMUSP00000044734,1095,2,FALSE,NA,Other genes
Zeb2,ENSMUSG00000026872,ENSMUSP00000028229,3780,1,FALSE,NA,Other genes
Zer1,ENSMUSG00000039686,ENSMUSP00000046441,2340,2,FALSE,NA,Other genes
Zfand2b,ENSMUSG00000026197,ENSMUSP00000125086,774,1,FALSE,NA,Other genes
Zfat,ENSMUSG00000022335,ENSMUSP00000125257,3714,1,FALSE,NA,Other genes
Zfc3h1,ENSMUSG00000034163,ENSMUSP00000044069,5979,2,FALSE,NA,Other genes
Zfhx2,ENSMUSG00000040721,ENSMUSP00000045156,7689,1,FALSE,NA,Other genes
Zfhx3,ENSMUSG00000038872,ENSMUSP00000152353,11172,13,FALSE,NA,Other genes
Zfhx4,ENSMUSG00000025255,ENSMUSP00000135827,10821,3,FALSE,NA,Other genes
Zfp101,ENSMUSG00000055240,ENSMUSP00000132508,1839,1,FALSE,NA,Other genes
Zfp106,ENSMUSG00000027288,ENSMUSP00000055602,5667,3,FALSE,NA,Other genes
Zfp108,ENSMUSG00000030486,ENSMUSP00000145928,1929,1,FALSE,NA,Other genes
Zfp112,ENSMUSG00000052675,ENSMUSP00000005413,2640,2,FALSE,NA,Other genes
Zfp13,ENSMUSG00000062012,ENSMUSP00000111178,1539,1,FALSE,NA,Other genes
Zfp142,ENSMUSG00000026135,ENSMUSP00000027315,5532,5,FALSE,NA,Other genes
Zfp169,ENSMUSG00000050954,ENSMUSP00000135414,2196,1,FALSE,NA,Other genes
Zfp182,ENSMUSG00000054737,ENSMUSP00000110990,1992,1,FALSE,NA,Other genes
Zfp219,ENSMUSG00000049295,ENSMUSP00000154709,2181,1,FALSE,NA,Other genes
Zfp236,ENSMUSG00000041258,ENSMUSP00000138557,5544,3,FALSE,NA,Other genes
Zfp260,ENSMUSG00000049421,ENSMUSP00000052200,1224,1,FALSE,NA,Other genes
Zfp267,ENSMUSG00000033883,ENSMUSP00000142829,2391,1,FALSE,NA,Other genes
Zfp28,ENSMUSG00000062861,ENSMUSP00000079812,2478,1,FALSE,NA,Other genes
Zfp292,ENSMUSG00000039967,ENSMUSP00000037233,8097,1,FALSE,NA,Other genes
Zfp30,ENSMUSG00000047473,ENSMUSP00000032803,1647,1,FALSE,NA,Other genes
Zfp300,ENSMUSG00000031079,ENSMUSP00000046514,1938,1,FALSE,NA,Other genes
Zfp326,ENSMUSG00000029290,ENSMUSP00000031227,1743,3,FALSE,NA,Other genes
Zfp329,ENSMUSG00000057894,ENSMUSP00000072079,1569,1,FALSE,NA,Other genes
Zfp352,ENSMUSG00000070902,ENSMUSP00000102746,1656,1,FALSE,NA,Other genes
Zfp365,ENSMUSG00000037855,ENSMUSP00000067197,1227,1,FALSE,NA,Other genes
Zfp366,ENSMUSG00000050919,ENSMUSP00000060040,2241,1,FALSE,NA,Other genes
Zfp36l1,ENSMUSG00000021127,ENSMUSP00000021552,1017,1,FALSE,NA,Other genes
Zfp36l3,ENSMUSG00000059334,ENSMUSP00000071630,2178,1,FALSE,NA,Other genes
Zfp384,ENSMUSG00000038346,ENSMUSP00000108046,1755,1,FALSE,NA,Other genes
Zfp39,ENSMUSG00000037001,ENSMUSP00000099764,2157,4,FALSE,NA,Other genes
Zfp398,ENSMUSG00000062519,ENSMUSP00000078806,1932,1,FALSE,NA,Other genes
Zfp407,ENSMUSG00000048410,ENSMUSP00000118361,6741,1,FALSE,NA,Other genes
Zfp420,ENSMUSG00000058402,ENSMUSP00000074417,1737,1,FALSE,NA,Other genes
Zfp423,ENSMUSG00000045333,ENSMUSP00000105282,3879,5,FALSE,NA,Other genes
Zfp438,ENSMUSG00000050945,ENSMUSP00000067049,2397,1,FALSE,NA,Other genes
Zfp454,ENSMUSG00000048728,ENSMUSP00000061824,1611,1,FALSE,NA,Other genes
Zfp457,ENSMUSG00000055341,ENSMUSP00000053879,1944,16,FALSE,NA,Other genes
Zfp458,ENSMUSG00000055480,ENSMUSP00000047222,2259,13,FALSE,NA,Other genes
Zfp462,ENSMUSG00000060206,ENSMUSP00000095677,7488,1,FALSE,NA,Other genes
Zfp467,ENSMUSG00000068551,ENSMUSP00000110207,1785,1,FALSE,NA,Other genes
Zfp512b,ENSMUSG00000000823,ENSMUSP00000115601,2640,1,FALSE,NA,Other genes
Zfp513,ENSMUSG00000043059,ENSMUSP00000110238,1626,1,FALSE,NA,Other genes
Zfp516,ENSMUSG00000058881,ENSMUSP00000071216,3474,1,FALSE,NA,Other genes
Zfp521,ENSMUSG00000024420,ENSMUSP00000025288,3936,1,FALSE,NA,Other genes
Zfp532,ENSMUSG00000042439,ENSMUSP00000157961,3915,1,FALSE,NA,Other genes
Zfp541,ENSMUSG00000078796,ENSMUSP00000147475,4092,1,FALSE,NA,Other genes
Zfp553,ENSMUSG00000045598,ENSMUSP00000101919,1776,1,FALSE,NA,Other genes
Zfp57,ENSMUSG00000036036,ENSMUSP00000065811,1266,1,FALSE,NA,Other genes
Zfp595,ENSMUSG00000057842,ENSMUSP00000105357,1878,1,FALSE,NA,Other genes
Zfp607a,ENSMUSG00000020420,ENSMUSP00000146006,2061,1,FALSE,NA,Other genes
Zfp607b,ENSMUSG00000057093,ENSMUSP00000112494,1947,1,FALSE,NA,Other genes
Zfp608,ENSMUSG00000052713,ENSMUSP00000068192,4536,1,FALSE,NA,Other genes
Zfp609,ENSMUSG00000040524,ENSMUSP00000124089,4242,1,FALSE,NA,Other genes
Zfp618,ENSMUSG00000028358,ENSMUSP00000103038,2862,2,FALSE,NA,Other genes
Zfp619,ENSMUSG00000068959,ENSMUSP00000103650,3486,1,FALSE,NA,Other genes
Zfp623,ENSMUSG00000050846,ENSMUSP00000036049,1500,1,FALSE,NA,Other genes
Zfp626,ENSMUSG00000030604,ENSMUSP00000146286,2031,1,FALSE,NA,Other genes
Zfp64,ENSMUSG00000027551,ENSMUSP00000085285,2031,1,FALSE,NA,Other genes
Zfp644,ENSMUSG00000049606,ENSMUSP00000108316,3972,4,FALSE,NA,Other genes
Zfp677,ENSMUSG00000062743,ENSMUSP00000052667,1905,1,FALSE,NA,Other genes
Zfp68,ENSMUSG00000058291,ENSMUSP00000106530,1821,1,FALSE,NA,Other genes
Zfp687,ENSMUSG00000019338,ENSMUSP00000019482,3714,1,FALSE,NA,Other genes
Zfp688,ENSMUSG00000045251,ENSMUSP00000101907,825,1,FALSE,NA,Other genes
Zfp69,ENSMUSG00000064141,ENSMUSP00000101887,1764,2,FALSE,NA,Other genes
Zfp692,ENSMUSG00000037243,ENSMUSP00000131896,1596,1,FALSE,NA,Other genes
Zfp729a,ENSMUSG00000021510,ENSMUSP00000012314,2922,2,FALSE,NA,Other genes
Zfp729b,ENSMUSG00000058093,ENSMUSP00000012873,3138,2,FALSE,NA,Other genes
Zfp747,ENSMUSG00000054381,ENSMUSP00000070685,1269,1,FALSE,NA,Other genes
Zfp750,ENSMUSG00000039238,ENSMUSP00000089951,2112,1,FALSE,NA,Other genes
Zfp777,ENSMUSG00000071477,ENSMUSP00000110230,2658,1,FALSE,NA,Other genes
Zfp790,ENSMUSG00000011427,ENSMUSP00000136932,2340,1,FALSE,NA,Other genes
Zfp804b,ENSMUSG00000092094,ENSMUSP00000143568,4032,1,FALSE,NA,Other genes
Zfp810,ENSMUSG00000066829,ENSMUSP00000083459,1386,2,FALSE,NA,Other genes
Zfp819,ENSMUSG00000055102,ENSMUSP00000032661,1824,1,FALSE,NA,Other genes
Zfp830,ENSMUSG00000046010,ENSMUSP00000056154,1092,1,FALSE,NA,Other genes
Zfp831,ENSMUSG00000050600,ENSMUSP00000060255,4887,2,FALSE,NA,Other genes
Zfp868,ENSMUSG00000060427,ENSMUSP00000113952,1269,1,FALSE,NA,Other genes
Zfp871,ENSMUSG00000024298,ENSMUSP00000127178,1848,1,FALSE,NA,Other genes
Zfp90,ENSMUSG00000031907,ENSMUSP00000034382,1911,1,FALSE,NA,Other genes
Zfp941,ENSMUSG00000060314,ENSMUSP00000079482,2025,1,FALSE,NA,Other genes
Zfp955b,ENSMUSG00000096910,ENSMUSP00000097011,1638,1,FALSE,NA,Other genes
Zfp956,ENSMUSG00000045466,ENSMUSP00000098989,1719,1,FALSE,NA,Other genes
Zfp957,ENSMUSG00000071262,ENSMUSP00000124930,1704,2,FALSE,NA,Other genes
Zfp982,ENSMUSG00000078496,ENSMUSP00000101346,1107,16,FALSE,NA,Other genes
Zfpm2,ENSMUSG00000022306,ENSMUSP00000051335,3456,2,FALSE,NA,Other genes
Zfr2,ENSMUSG00000034949,ENSMUSP00000113913,2625,1,FALSE,NA,Other genes
Zfyve1,ENSMUSG00000042628,ENSMUSP00000152501,2334,1,FALSE,NA,Other genes
Zfyve26,ENSMUSG00000066440,ENSMUSP00000021547,7590,5,FALSE,NA,Other genes
Zfyve9,ENSMUSG00000034557,ENSMUSP00000102268,4194,1,FALSE,NA,Other genes
Zhx1,ENSMUSG00000022361,ENSMUSP00000134844,2622,1,FALSE,NA,Other genes
Zhx2,ENSMUSG00000071757,ENSMUSP00000094164,2511,1,FALSE,NA,Other genes
Zhx3,ENSMUSG00000035877,ENSMUSP00000099400,2856,2,FALSE,NA,Other genes
Zic1,ENSMUSG00000032368,ENSMUSP00000034927,1344,2,FALSE,NA,Other genes
Zic5,ENSMUSG00000041703,ENSMUSP00000035754,1869,1,FALSE,NA,Other genes
Zkscan17,ENSMUSG00000020472,ENSMUSP00000013262,1758,1,FALSE,NA,Other genes
Zkscan5,ENSMUSG00000055991,ENSMUSP00000082814,2460,1,FALSE,NA,Other genes
Zkscan6,ENSMUSG00000018347,ENSMUSP00000018491,1671,3,FALSE,NA,Other genes
Zmat3,ENSMUSG00000027663,ENSMUSP00000029199,873,1,FALSE,NA,Other genes
Zmym3,ENSMUSG00000031310,ENSMUSP00000068197,4113,1,FALSE,NA,Other genes
Zmynd15,ENSMUSG00000040829,ENSMUSP00000048816,2211,1,FALSE,NA,Other genes
Zmynd8,ENSMUSG00000039671,ENSMUSP00000104892,3708,1,FALSE,NA,Other genes
Znfx1,ENSMUSG00000039501,ENSMUSP00000049404,5730,1,FALSE,NA,Other genes
Znrf3,ENSMUSG00000041961,ENSMUSP00000105493,2742,1,FALSE,NA,Other genes
Zp3r,ENSMUSG00000042554,ENSMUSP00000045443,1740,1,FALSE,NA,Other genes
Zpld1,ENSMUSG00000064310,ENSMUSP00000119774,1248,1,FALSE,NA,Other genes
Zpld2,ENSMUSG00000073747,ENSMUSP00000095461,2040,1,FALSE,NA,Other genes
Zranb3,ENSMUSG00000036086,ENSMUSP00000083806,3210,2,FALSE,NA,Other genes
Zrsr2,ENSMUSG00000031370,ENSMUSP00000107908,1626,1,FALSE,NA,Other genes
Zscan18,ENSMUSG00000070822,ENSMUSP00000148239,2430,2,FALSE,NA,Other genes
Zscan20,ENSMUSG00000061894,ENSMUSP00000095487,3093,3,FALSE,NA,Other genes
Zscan21,ENSMUSG00000037017,ENSMUSP00000053430,1668,1,FALSE,NA,Other genes
Zscan25,ENSMUSG00000070420,ENSMUSP00000091664,1632,1,FALSE,NA,Other genes
Zscan4-ps1,ENSMUSG00000110103,ENSMUSP00000131258,1521,1,FALSE,NA,Other genes
Zscan4-ps3,ENSMUSG00000109969,ENSMUSP00000147528,1521,1,FALSE,NA,Other genes
Zscan4d,ENSMUSG00000090714,ENSMUSP00000066504,1521,1,FALSE,NA,Other genes
Zscan5b,ENSMUSG00000058028,ENSMUSP00000072449,1407,1,FALSE,NA,Other genes
Zswim2,ENSMUSG00000034552,ENSMUSP00000044913,1896,1,FALSE,NA,Other genes
Zswim4,ENSMUSG00000035671,ENSMUSP00000040078,3306,1,FALSE,NA,Other genes
Zswim5,ENSMUSG00000033948,ENSMUSP00000049474,3567,1,FALSE,NA,Other genes
Zswim8,ENSMUSG00000021819,ENSMUSP00000022358,5499,2,FALSE,NA,Other genes
Zswim9,ENSMUSG00000070814,ENSMUSP00000104172,2550,1,FALSE,NA,Other genes
Zyg11b,ENSMUSG00000034636,ENSMUSP00000043844,2235,2,FALSE,NA,Other genes
Zyx,ENSMUSG00000029860,ENSMUSP00000145451,1695,1,FALSE,NA,Other genes
Zzef1,ENSMUSG00000055670,ENSMUSP00000147028,8862,5,FALSE,NA,Other genes
Aatk,ENSMUSG00000025375,ENSMUSP00000067181,4125,2,TRUE,Initiation (I),Initiation (I)
Arid2,ENSMUSG00000033237,ENSMUSP00000093969,5487,3,TRUE,I+P,I+P
Bmper,ENSMUSG00000031963,ENSMUSP00000071872,2058,2,TRUE,Initiation (I),Initiation (I)
Cep170b,ENSMUSG00000072825,ENSMUSP00000098580,4725,2,TRUE,Initiation (I),Initiation (I)
Cldn18,ENSMUSG00000032473,ENSMUSP00000035048,795,3,TRUE,Initiation (I),Initiation (I)
Csmd2,ENSMUSG00000028804,ENSMUSP00000138958,10836,7,TRUE,Predisposition,Predisposition
Dennd1c,ENSMUSG00000002668,ENSMUSP00000011623,2361,3,TRUE,Initiation (I),Initiation (I)
Erbb2,ENSMUSG00000062312,ENSMUSP00000053897,3771,5,TRUE,Predisposition,Predisposition
Ezh1,ENSMUSG00000006920,ENSMUSP00000102906,2253,2,TRUE,Initiation (I),Initiation (I)
Folh1,ENSMUSG00000001773,ENSMUSP00000001824,2259,3,TRUE,Initiation (I),Initiation (I)
Foxp4,ENSMUSG00000023991,ENSMUSP00000094916,2058,2,TRUE,Initiation (I),Initiation (I)
Huwe1,ENSMUSG00000025261,ENSMUSP00000026292,13137,7,TRUE,Predisposition,Predisposition
Kndc1,ENSMUSG00000066129,ENSMUSP00000050586,5229,2,TRUE,Initiation (I),Initiation (I)
Lrp1b,ENSMUSG00000049252,ENSMUSP00000054275,13800,6,TRUE,Predisposition,Predisposition
Ophn1,ENSMUSG00000031214,ENSMUSP00000033560,2409,3,TRUE,Initiation (I),Initiation (I)
Otog,ENSMUSG00000009487,ENSMUSP00000130949,8736,4,TRUE,Initiation (I),Initiation (I)
Pard3,ENSMUSG00000025812,ENSMUSP00000125453,4005,5,TRUE,Predisposition,Predisposition
Pkp4,ENSMUSG00000026991,ENSMUSP00000099815,3573,2,TRUE,Initiation (I),Initiation (I)
Plce1,ENSMUSG00000024998,ENSMUSP00000138330,6891,2,TRUE,Initiation (I),Initiation (I)
Ppp1r14d,ENSMUSG00000027317,ENSMUSP00000106444,528,2,TRUE,Initiation (I),Initiation (I)
Psme4,ENSMUSG00000040850,ENSMUSP00000045460,5532,6,TRUE,Predisposition,Predisposition
Ptch1,ENSMUSG00000021466,ENSMUSP00000021921,4305,7,TRUE,Predisposition,Predisposition
Rad51b,ENSMUSG00000059060,ENSMUSP00000128357,1053,2,TRUE,Initiation (I),Initiation (I)
Rasd2,ENSMUSG00000034472,ENSMUSP00000118070,801,2,TRUE,Initiation (I),Initiation (I)
Spats2l,ENSMUSG00000038305,ENSMUSP00000133054,1737,2,TRUE,Initiation (I),Initiation (I)
Srgap1,ENSMUSG00000020121,ENSMUSP00000080389,3258,2,TRUE,Initiation (I),Initiation (I)
Tmprss9,ENSMUSG00000059406,ENSMUSP00000152034,3300,3,TRUE,Initiation (I),Initiation (I)
Ube2d2a,ENSMUSG00000091896,ENSMUSP00000132446,444,2,TRUE,Initiation (I),Initiation (I)
Usp3,ENSMUSG00000032376,ENSMUSP00000122199,1563,2,TRUE,Initiation (I),Initiation (I)
Xirp2,ENSMUSG00000027022,ENSMUSP00000028410,11355,2,TRUE,Initiation (I),Initiation (I)
