vaf_group,x,mean,lwr,upr,n_samples
TES Acetone,0,0.7524523882644362,0.24536535298923523,1.259539423539637,4
TES Acetone,0.0019569471624266144,0.9589262349130225,0.41825410519029527,1.4995983646357498,4
TES Acetone,0.003913894324853229,1.1822856126613777,0.5976517419552049,1.7669194833675506,4
TES Acetone,0.005870841487279843,1.4120580976822266,0.7601297334652937,2.0639864618991597,4
TES Acetone,0.007827788649706457,1.6349545659122489,0.8941805514161363,2.3757285804083614,4
TES Acetone,0.009784735812133072,1.8364256579861697,1.0021049745240171,2.6707463414483223,4
TES Acetone,0.011741682974559686,2.003856134959821,1.0930150861068069,2.914697183812835,4
TES Acetone,0.0136986301369863,2.1310662814734562,1.1774537893956922,3.0846787735512202,4
TES Acetone,0.015655577299412915,2.2227199938908306,1.2669468563826825,3.178493131398979,4
TES Acetone,0.01761252446183953,2.2965386962427683,1.3765400260599896,3.216537366425547,4
TES Acetone,0.019569471624266144,2.381469152714363,1.5276639211140033,3.2352743843147227,4
TES Acetone,0.021526418786692758,2.5112782753100453,1.7479321192597845,3.274624431360306,4
TES Acetone,0.023483365949119372,2.716039712283167,2.0626266986008384,3.3694527259654956,4
TES Acetone,0.025440313111545987,3.0096163555777635,2.476312118660011,3.542920592495516,4
TES Acetone,0.0273972602739726,3.3857337468690876,2.939631528460779,3.831835965277396,4
TES Acetone,0.029354207436399216,3.8173793521603625,3.3576684303451003,4.277090273975625,4
TES Acetone,0.03131115459882583,4.268782229438363,3.716271664941371,4.821292793935355,4
TES Acetone,0.033268101761252444,4.7081558728841415,4.074227890573125,5.342083855195158,4
TES Acetone,0.03522504892367906,5.11737703712355,4.475295389199193,5.759458685047907,4
TES Acetone,0.03718199608610567,5.495425012743675,4.914848536096565,6.0760014893907845,4
TES Acetone,0.03913894324853229,5.8560626663897395,5.283073026621591,6.429052306157888,4
TES Acetone,0.0410958904109589,6.219259078584998,5.428203890960701,7.010314266209296,4
TES Acetone,0.043052837573385516,6.607593722263437,5.4296334586846475,7.785553985842227,4
TES Acetone,0.04500978473581213,7.040011741202176,5.448304853969829,8.631718628434523,4
TES Acetone,0.046966731898238745,7.527872553474587,5.597337788370297,9.458407318578878,4
TES Acetone,0.04892367906066536,8.072452016811447,5.939114851797828,10.205789181825065,4
TES Acetone,0.050880626223091974,8.664377531572583,6.475721721139468,10.853033342005698,4
TES Acetone,0.05283757338551859,9.285483254505866,7.1378040813051475,11.433162427706584,4
TES Acetone,0.0547945205479452,9.91256361026953,7.793881186459744,12.031246034079315,4
TES Acetone,0.05675146771037182,10.52198210763415,8.315192768428219,12.728771446840081,4
TES Acetone,0.05870841487279843,11.092380277215625,8.672045047079834,13.512715507351416,4
TES Acetone,0.060665362035225046,11.60434565419546,8.935805447266866,14.272885861124056,4
TES Acetone,0.06262230919765166,12.040157606825717,9.19664881048634,14.883666403165094,4
TES Acetone,0.06457925636007827,12.386027023042043,9.512534012063698,15.259520034020388,4
TES Acetone,0.06653620352250489,12.636100681940064,9.906970024139465,15.365231339740664,4
TES Acetone,0.0684931506849315,12.8153968605194,10.3671966742371,15.2635970468017,4
TES Acetone,0.07045009784735812,12.963343360698346,10.867982883870443,15.058703837526249,4
TES Acetone,0.07240704500978473,13.130159643660711,11.376059351511742,14.88425993580968,4
TES Acetone,0.07436399217221135,13.360852572796677,11.856069299506554,14.8656358460868,4
TES Acetone,0.07632093933463796,13.680402284599682,12.280740171122567,15.080064398076797,4
TES Acetone,0.07827788649706457,14.087187885177919,12.643019581534904,15.531356188820933,4
TES Acetone,0.08023483365949119,14.55987757120327,12.959003618896281,16.160751523510257,4
TES Acetone,0.0821917808219178,15.073837686744124,13.262371035069217,16.885304338419033,4
TES Acetone,0.08414872798434442,15.611500559924302,13.590774937870144,17.63222618197846,4
TES Acetone,0.08610567514677103,16.162637455675167,13.983386733358738,18.341888177991596,4
TES Acetone,0.08806262230919765,16.711347227304955,14.47228577567865,18.95040867893126,4
TES Acetone,0.09001956947162426,17.21998576994377,15.05327344615596,19.386698093731578,4
TES Acetone,0.09197651663405088,17.61702586550901,15.631575819301288,19.602475911716734,4
TES Acetone,0.09393346379647749,17.792889930977967,15.976184720153592,19.609595141802345,4
TES Acetone,0.0958904109589041,17.61267980248529,15.786011746611026,19.43934785835955,4
TES Acetone,0.09784735812133072,16.947490336492905,14.920974262949077,18.974006410036733,4
TES Acetone,0.09980430528375733,15.718928150395504,13.463831079470392,17.974025221320616,4
TES Acetone,0.10176125244618395,13.93915056895337,11.551588821868684,16.326712316038055,4
TES Acetone,0.10371819960861056,11.737565125871004,9.344247176481026,14.130883075260982,4
TES Acetone,0.10567514677103718,9.340468668367436,7.0436230674109375,11.637314269323934,4
TES Acetone,0.10763209393346379,7.002304607143606,4.874946203794224,9.129663010492989,4
TES Acetone,0.1095890410958904,4.934976553603177,3.037667571163544,6.832285536042811,4
TES Acetone,0.11154598825831702,3.2665898949349823,1.6571649935310315,4.876014796338933,4
TES Acetone,0.11350293542074363,2.030915124986377,0.7497626702792448,3.312067579693509,4
TES Acetone,0.11545988258317025,1.190405064827003,0.24453908326209128,2.136271046391915,4
TES Acetone,0.11741682974559686,0.6588539361628782,0.013068101854482594,1.3046397704712738,4
TES Acetone,0.11937377690802348,0.34744517270385844,0,0.7650246419334695,4
TES Acetone,0.12133072407045009,0.17427628801448536,0,0.4259489887803651,4
TES Acetone,0.1232876712328767,0.0833675281509008,0,0.2249677063207688,4
TES Acetone,0.12524461839530332,0.03811513395229445,0,0.11259306198191872,4
TES Acetone,0.12720156555772993,0.016676066404293848,0,0.05333604028118927,4
TES Acetone,0.12915851272015655,0.006982995786800053,0,0.02388287294393967,4
TES Acetone,0.13111545988258316,0.002795639252674913,0,0.010095498095215795,4
TES Acetone,0.13307240704500978,0.001067873764617694,0,0.004023249941328182,4
TES Acetone,0.1350293542074364,3.8814530963453167e-4,0,0.0015097640301316641,4
TES Acetone,0.136986301369863,1.3385807041201603e-4,0,5.329150122805839e-4,4
TES Acetone,0.13894324853228962,4.381425936563525e-5,0,1.7677683324710463e-4,4
TES Acetone,0.14090019569471623,1.3517933340142363e-5,0,5.506373363722467e-5,4
TES Acetone,0.14285714285714285,3.92344055399756e-6,0,1.609577810512092e-5,4
TES Acetone,0.14481409001956946,1.0700549805117757e-6,0,4.413105180866307e-6,4
TES Acetone,0.14677103718199608,2.7398654429015033e-7,0,1.1344467086586822e-6,4
TES Acetone,0.1487279843444227,6.581929369494757e-8,0,2.733303698901043e-7,4
TES Acetone,0.1506849315068493,1.6731236620581056e-8,0,6.967046288724427e-8,4
TES Acetone,0.15264187866927592,4.109069693510095e-9,0,1.7141549208823765e-8,4
TES Acetone,0.15459882583170254,9.386415967686546e-10,0,3.919871472101537e-9,4
TES Acetone,0.15655577299412915,1.994777600603701e-10,0,8.335778277297761e-10,4
TES Acetone,0.15851272015655576,3.945559243640108e-11,0,1.6494084631698888e-10,4
TES Acetone,0.16046966731898238,7.266595532773051e-12,0,3.0385008766946986e-11,4
TES Acetone,0.162426614481409,1.2464253611856505e-12,0,5.213107146702835e-12,4
TES Acetone,0.1643835616438356,1.9901216950661459e-13,0,8.323577130594352e-13,4
TES Acetone,0.16634050880626222,2.949048904880035e-14,0,1.2334238696316468e-13,4
TES Acetone,0.16829745596868884,4.042298045768704e-15,0,1.6906694526380865e-14,4
TES Acetone,0.17025440313111545,4.0823626803440035e-16,0,1.7063467007613407e-15,4
TES Acetone,0.17221135029354206,3.2186529758558534e-18,0,1.1257236703347269e-17,4
TES Acetone,0.17416829745596868,0,0,0,4
TES Acetone,0.1761252446183953,0,0,0,4
TES Acetone,0.1780821917808219,6.881312554561374e-18,0,2.878072026932761e-17,4
TES Acetone,0.18003913894324852,4.886625781458783e-17,0,2.04380499449664e-16,4
TES Acetone,0.18199608610567514,0,0,0,4
TES Acetone,0.18395303326810175,0,0,0,4
TES Acetone,0.18590998043052837,0,0,0,4
TES Acetone,0.18786692759295498,1.6202145635868903e-17,0,6.776460415240844e-17,4
TES Acetone,0.1898238747553816,3.0658763114626827e-18,0,1.282286305133394e-17,4
TES Acetone,0.1917808219178082,0,0,0,4
TES Acetone,0.19373776908023482,8.564620183428529e-17,0,2.5697462348588786e-16,4
TES Acetone,0.19569471624266144,1.55027104380339e-16,0,4.2807565187451745e-16,4
TES Acetone,0.19765166340508805,8.412577874042778e-17,0,2.421268484165374e-16,4
TES Acetone,0.19960861056751467,6.062484165120164e-17,0,2.535601449724781e-16,4
TES Acetone,0.20156555772994128,3.688417224799237e-18,0,1.5426606994206355e-17,4
TES Acetone,0.2035225048923679,1.5888143060473605e-18,0,6.6451305241096815e-18,4
TES Acetone,0.2054794520547945,0,0,0,4
TES Acetone,0.20743639921722112,0,0,0,4
TES Acetone,0.20939334637964774,0,0,0,4
TES Acetone,0.21135029354207435,0,0,0,4
TES Acetone,0.21330724070450097,0,0,0,4
TES Acetone,0.21526418786692758,0,0,0,4
TES Acetone,0.2172211350293542,0,0,0,4
TES Acetone,0.2191780821917808,0,0,0,4
TES Acetone,0.22113502935420742,0,0,0,4
TES Acetone,0.22309197651663404,0,0,0,4
TES Acetone,0.22504892367906065,0,0,0,4
TES Acetone,0.22700587084148727,0,0,0,4
TES Acetone,0.22896281800391388,0,0,0,4
TES Acetone,0.2309197651663405,0,0,0,4
TES Acetone,0.2328767123287671,2.3918956369705102e-17,0,1.0003975069471531e-16,4
TES Acetone,0.23483365949119372,1.118291032610359e-16,0,3.1736425163395124e-16,4
TES Acetone,0.23679060665362034,3.2118348306795775e-16,2.5204943625978486e-17,6.171620225099371e-16,4
TES Acetone,0.23874755381604695,6.603765206959199e-17,0,1.9315775174598745e-16,4
TES Acetone,0.24070450097847357,0,0,0,4
TES Acetone,0.24266144814090018,0,0,0,4
TES Acetone,0.2446183953033268,0,0,0,4
TES Acetone,0.2465753424657534,0,0,0,4
TES Acetone,0.24853228962818003,0,0,0,4
TES Acetone,0.25048923679060664,0,0,0,4
TES Acetone,0.25244618395303325,0,0,0,4
TES Acetone,0.25440313111545987,0,0,0,4
TES Acetone,0.2563600782778865,0,0,0,4
TES Acetone,0.2583170254403131,0,0,0,4
TES Acetone,0.2602739726027397,0,0,0,4
TES Acetone,0.2622309197651663,0,0,0,4
TES Acetone,0.26418786692759294,7.035165197580796e-19,0,2.9424200687682327e-18,4
TES Acetone,0.26614481409001955,5.930415206448978e-18,0,2.4803643169010847e-17,4
TES Acetone,0.26810176125244617,0,0,0,4
TES Acetone,0.2700587084148728,7.545646986920191e-17,0,3.1559263361419497e-16,4
TES Acetone,0.2720156555772994,2.951034127096749e-17,0,9.763028658325998e-17,4
TES Acetone,0.273972602739726,6.890365442983395e-17,0,2.042695328822194e-16,4
TES Acetone,0.2759295499021526,3.205020951085894e-17,0,9.425489113474078e-17,4
TES Acetone,0.27788649706457924,7.239226104803537e-19,0,3.0277674475148917e-18,4
TES Acetone,0.27984344422700586,1.3336458651751768e-17,0,5.577902221358812e-17,4
TES Acetone,0.28180039138943247,2.335925295696554e-18,0,9.769882122404804e-18,4
TES Acetone,0.2837573385518591,0,0,0,4
TES Acetone,0.2857142857142857,0,0,0,4
TES Acetone,0.2876712328767123,0,0,0,4
TES Acetone,0.2896281800391389,0,0,0,4
TES Acetone,0.29158512720156554,0,0,0,4
TES Acetone,0.29354207436399216,0,0,0,4
TES Acetone,0.29549902152641877,0,0,0,4
TES Acetone,0.2974559686888454,0,0,0,4
TES Acetone,0.299412915851272,5.392999071889349e-18,0,2.2555929042622073e-17,4
TES Acetone,0.3013698630136986,3.5567260987127916e-17,0,1.0537739990864645e-16,4
TES Acetone,0.30332681017612523,1.3396911368674294e-16,0,2.8598658606121786e-16,4
TES Acetone,0.30528375733855184,1.296723591166233e-16,0,3.491994459903074e-16,4
TES Acetone,0.30724070450097846,1.377674555844842e-16,0,4.442601489724189e-16,4
TES Acetone,0.30919765166340507,1.5753586176489762e-16,0,4.822558932742902e-16,4
TES Acetone,0.3111545988258317,6.578590107699208e-17,0,2.243840760208629e-16,4
TES Acetone,0.3131115459882583,1.6118566772423167e-16,0,4.576523596338782e-16,4
TES Acetone,0.3150684931506849,1.7908486092093368e-16,0,4.924875658178544e-16,4
TES Acetone,0.31702544031311153,2.912255650856206e-16,0,6.351015187412436e-16,4
TES Acetone,0.31898238747553814,3.57835568190884e-16,3.0858736437030897e-16,4.0708377201145904e-16,4
TES Acetone,0.32093933463796476,6.824104953413465e-16,0,1.373928503496572e-15,4
TES Acetone,0.32289628180039137,7.758950605415674e-16,6.98199391592998e-16,8.535907294901367e-16,4
TES Acetone,0.324853228962818,9.44761370709122e-16,5.91991021779271e-16,1.297531719638973e-15,4
TES Acetone,0.3268101761252446,9.801154102001696e-16,6.434849050163606e-16,1.3167459153839785e-15,4
TES Acetone,0.3287671232876712,9.760473780275683e-16,6.401923502416019e-16,1.3119024058135347e-15,4
TES Acetone,0.33072407045009783,1.1504658817021239e-15,8.044536336663447e-16,1.496478129737903e-15,4
TES Acetone,0.33268101761252444,1.3382294003849473e-15,8.449356378679351e-16,1.8315231629019594e-15,4
TES Acetone,0.33463796477495106,8.41037522436372e-16,0,1.7817142938525954e-15,4
TES Acetone,0.33659491193737767,1.5895012504210146e-16,0,5.1609656979745e-16,4
TES Acetone,0.3385518590998043,4.35293581282557e-16,0,1.0891433762207411e-15,4
TES Acetone,0.3405088062622309,5.211430346359345e-16,0,1.0513336230139486e-15,4
TES Acetone,0.3424657534246575,2.0745938836686849e-16,0,6.274166448016725e-16,4
TES Acetone,0.34442270058708413,3.1648434564655037e-16,0,7.101589113498275e-16,4
TES Acetone,0.34637964774951074,6.65222365171442e-16,3.4582534527680995e-16,9.846193850660741e-16,4
TES Acetone,0.34833659491193736,8.634685960629958e-16,2.7693577472511283e-16,1.4500014174008787e-15,4
TES Acetone,0.350293542074364,5.962912123510914e-16,0,1.2250808132084464e-15,4
TES Acetone,0.3522504892367906,5.176430282765001e-16,0,1.0701070500782527e-15,4
TES Acetone,0.3542074363992172,6.343284223535939e-16,0,1.3552598744706596e-15,4
TES Acetone,0.3561643835616438,7.079486028373216e-16,2.4451912648781004e-16,1.1713780791868332e-15,4
TES Acetone,0.35812133072407043,9.2671252393106e-16,1.907139750103092e-16,1.6627110728518106e-15,4
TES Acetone,0.36007827788649704,1.0804285739003963e-15,3.186206514420275e-16,1.842236496358765e-15,4
TES Acetone,0.36203522504892366,8.77160435598383e-16,5.677525427257645e-16,1.1865683284710016e-15,4
TES Acetone,0.3639921722113503,7.23792583062725e-16,6.762433283817561e-17,1.3799608332872744e-15,4
TES Acetone,0.3659491193737769,4.2013752102731454e-16,0,1.128625619814225e-15,4
TES Acetone,0.3679060665362035,2.728226360191703e-16,0,7.84223810967639e-16,4
TES Acetone,0.3698630136986301,3.053587881534082e-16,0,6.657255346697934e-16,4
TES Acetone,0.37181996086105673,1.4709226245784382e-16,0,4.4231336488019793e-16,4
TES Acetone,0.37377690802348335,3.1485037965870954e-17,0,1.3168448071207425e-16,4
TES Acetone,0.37573385518590996,7.99539466886138e-17,0,1.9715955541312617e-16,4
TES Acetone,0.3776908023483366,1.1508611280889863e-16,0,3.1543898369045825e-16,4
TES Acetone,0.3796477495107632,1.7526307431179164e-18,0,7.330283976080169e-18,4
TES Acetone,0.3816046966731898,0,0,0,4
TES Acetone,0.3835616438356164,7.22100962679246e-18,0,2.6883375936554656e-17,4
TES Acetone,0.38551859099804303,2.6345752951226096e-17,0,1.0801585579125975e-16,4
TES Acetone,0.38747553816046965,0,0,0,4
TES Acetone,0.38943248532289626,0,0,0,4
TES Acetone,0.3913894324853229,2.546171711242677e-18,0,1.064922646630483e-17,4
TES Acetone,0.3933463796477495,4.1171770880156876e-18,0,1.7219872099969945e-17,4
TES Acetone,0.3953033268101761,0,0,0,4
TES Acetone,0.3972602739726027,0,0,0,4
TES Acetone,0.39921722113502933,0,0,0,4
TES Acetone,0.40117416829745595,0,0,0,4
TES Acetone,0.40313111545988256,0,0,0,4
TES Acetone,0.4050880626223092,0,0,0,4
TES Acetone,0.4070450097847358,0,0,0,4
TES Acetone,0.4090019569471624,2.9728252695523685e-17,0,8.845799836471552e-17,4
TES Acetone,0.410958904109589,5.196122825389392e-17,0,1.7350963198566427e-16,4
TES Acetone,0.41291585127201563,8.973415395186214e-18,0,3.7530828065372527e-17,4
TES Acetone,0.41487279843444225,0,0,0,4
TES Acetone,0.41682974559686886,6.238579757388401e-18,0,2.6092524856506846e-17,4
TES Acetone,0.4187866927592955,5.901082993459474e-17,0,2.4680962763167097e-16,4
TES Acetone,0.4207436399217221,1.4203276326240603e-17,0,5.940444059360857e-17,4
TES Acetone,0.4227005870841487,6.69228716546752e-17,0,2.799013172910721e-16,4
TES Acetone,0.4246575342465753,0,0,0,4
TES Acetone,0.42661448140900193,4.469983560583239e-17,0,1.869546622764028e-16,4
TES Acetone,0.42857142857142855,9.730975640922411e-17,0,4.06992831161817e-16,4
TES Acetone,0.43052837573385516,8.215504625043112e-17,0,2.6541311840449893e-16,4
TES Acetone,0.4324853228962818,9.286930561169798e-18,0,3.884208841299097e-17,4
TES Acetone,0.4344422700587084,0,0,0,4
TES Acetone,0.436399217221135,0,0,0,4
TES Acetone,0.4383561643835616,5.622358745271635e-17,0,2.3515213561140896e-16,4
TES Acetone,0.44031311154598823,2.854064903222278e-17,0,1.193697320952192e-16,4
TES Acetone,0.44227005870841485,2.4300386523247267e-17,0,6.930215079544419e-17,4
TES Acetone,0.44422700587084146,2.345304565375327e-17,0,6.939135265281453e-17,4
TES Acetone,0.4461839530332681,5.519610697401957e-17,0,2.3085475367953246e-16,4
TES Acetone,0.4481409001956947,8.252817598315805e-17,0,3.45169664722563e-16,4
TES Acetone,0.4500978473581213,2.618519402008144e-17,0,1.0561361836452675e-16,4
TES Acetone,0.4520547945205479,1.7423475008399703e-17,0,6.32345771665517e-17,4
TES Acetone,0.45401174168297453,2.0835715568866557e-17,0,7.097298998239424e-17,4
TES Acetone,0.45596868884540115,1.581800348504181e-17,0,5.2800006631390146e-17,4
TES Acetone,0.45792563600782776,4.309707240577447e-17,0,1.0588055360196138e-16,4
TES Acetone,0.4598825831702544,1.8400529653949045e-16,4.004937730735284e-17,3.2796121577162803e-16,4
TES Acetone,0.461839530332681,1.339649298971325e-16,0,3.482191245819482e-16,4
TES Acetone,0.4637964774951076,9.837031236289603e-17,0,2.567908699829053e-16,4
TES Acetone,0.4657534246575342,3.436031591365481e-17,0,1.112939347129447e-16,4
TES Acetone,0.46771037181996084,0,0,0,4
TES Acetone,0.46966731898238745,0,0,0,4
TES Acetone,0.47162426614481406,9.048794832288605e-17,0,3.7846098513575784e-16,4
TES Acetone,0.4735812133072407,4.3442683517176795e-17,0,1.3792731498674215e-16,4
TES Acetone,0.4755381604696673,1.883575580381172e-17,0,6.557560184388183e-17,4
TES Acetone,0.4774951076320939,1.1871356100273045e-17,0,4.528061272558597e-17,4
TES Acetone,0.4794520547945205,7.453785624266248e-19,0,3.1175058144589186e-18,4
TES Acetone,0.48140900195694714,9.141679971748588e-17,0,2.596967784267711e-16,4
TES Acetone,0.48336594911937375,1.5180106011456716e-16,0,4.362829887881504e-16,4
TES Acetone,0.48532289628180036,1.5656439089427468e-16,0,4.2181910201372813e-16,4
TES Acetone,0.487279843444227,2.2774739921355363e-16,0,6.240822854461027e-16,4
TES Acetone,0.4892367906066536,3.0564893213781364e-16,3.7431163370907406e-17,5.738667009047199e-16,4
TES Acetone,0.4911937377690802,3.920214027524375e-16,0,1.036643098682956e-15,4
TES Acetone,0.4931506849315068,3.1775932395920387e-16,0,6.618618061903761e-16,4
TES Acetone,0.49510763209393344,4.775278739434525e-16,0,1.4027795518698922e-15,4
TES Acetone,0.49706457925636005,7.781536482552028e-16,2.652337028988243e-16,1.2910735936115814e-15,4
TES Acetone,0.49902152641878667,4.1054604030924103e-16,2.1400715008615317e-16,6.070849305323289e-16,4
TES Acetone,0.5009784735812133,3.2816037948139167e-16,0,6.859836026128887e-16,4
TES Acetone,0.5029354207436398,3.198694574280229e-16,0,7.776835891053682e-16,4
TES Acetone,0.5048923679060665,3.0116181886012736e-16,0,6.101738472222576e-16,4
TES Acetone,0.5068493150684932,1.9314766539574696e-16,0,3.9547764701708553e-16,4
TES Acetone,0.5088062622309197,4.320982915076497e-17,0,9.860998644765011e-17,4
TES Acetone,0.5107632093933463,6.588512352868724e-17,0,2.7556099147571865e-16,4
TES Acetone,0.512720156555773,5.312013009865702e-17,0,2.221720918673179e-16,4
TES Acetone,0.5146771037181996,6.45311339322274e-17,0,2.4358096499814744e-16,4
TES Acetone,0.5166340508806262,6.29845906499816e-17,0,1.901647258499914e-16,4
TES Acetone,0.5185909980430528,2.607994417951686e-17,0,7.86306495838312e-17,4
TES Acetone,0.5205479452054794,0,0,0,4
TES Acetone,0.5225048923679061,4.277536168168214e-17,0,9.200386036312124e-17,4
TES Acetone,0.5244618395303327,9.654236120279743e-17,0,2.231060665865401e-16,4
TES Acetone,0.5264187866927592,7.835112186390379e-17,0,2.2045527904383116e-16,4
TES Acetone,0.5283757338551859,1.1934960252838433e-16,0,4.0958632236267227e-16,4
TES Acetone,0.5303326810176126,2.2641942524208864e-16,0,6.643973570092902e-16,4
TES Acetone,0.5322896281800391,2.8820414408535687e-16,0,6.765373503990168e-16,4
TES Acetone,0.5342465753424657,1.0013027479523498e-17,0,3.568775478072446e-17,4
TES Acetone,0.5362035225048923,1.3069195886536221e-17,0,5.445735983139217e-17,4
TES Acetone,0.538160469667319,2.207093167000222e-17,0,8.94235071500702e-17,4
TES Acetone,0.5401174168297456,1.9466218220825246e-16,0,4.724021249442743e-16,4
TES Acetone,0.5420743639921721,3.729069863767448e-17,0,8.845401972294643e-17,4
TES Acetone,0.5440313111545988,4.953879229006848e-17,0,2.0719333878181393e-16,4
TES Acetone,0.5459882583170255,4.0924724700371055e-17,0,1.3058370259421518e-16,4
TES Acetone,0.547945205479452,6.19277133481036e-17,0,2.1997180546495499e-16,4
TES Acetone,0.5499021526418786,3.205642565215555e-17,0,1.0518310669447147e-16,4
TES Acetone,0.5518590998043053,2.771659680407927e-18,0,9.508814538431416e-18,4
TES Acetone,0.5538160469667319,5.670620234870652e-17,0,2.371706465000179e-16,4
TES Acetone,0.5557729941291585,5.180132842690162e-17,0,1.5626910948400607e-16,4
TES Acetone,0.557729941291585,4.5049069796626624e-17,0,1.7363615540995553e-16,4
TES Acetone,0.5596868884540117,8.847740995649942e-17,0,2.520878304038495e-16,4
TES Acetone,0.5616438356164384,1.5714841621754743e-16,0,3.400568079398922e-16,4
TES Acetone,0.5636007827788649,2.393319599105743e-16,0,6.226430546022346e-16,4
TES Acetone,0.5655577299412915,1.7059569695325366e-16,0,4.528332737491131e-16,4
TES Acetone,0.5675146771037182,1.9844784127029285e-17,0,6.981320535175247e-17,4
TES Acetone,0.5694716242661448,6.53851128723398e-17,0,2.381661118010762e-16,4
TES Acetone,0.5714285714285714,1.5960375803860041e-16,2.0605666003463385e-17,2.986018500737374e-16,4
TES Acetone,0.573385518590998,3.8353566916738197e-16,0,8.851710312056066e-16,4
TES Acetone,0.5753424657534246,8.917186938947523e-17,1.7842986758809567e-17,1.605007520201409e-16,4
TES Acetone,0.5772994129158513,4.55627440570957e-16,0,1.1595472568855095e-15,4
TES Acetone,0.5792563600782779,4.497881946319765e-16,0,1.124364778391149e-15,4
TES Acetone,0.5812133072407044,8.076183650870726e-16,1.9832764234283735e-16,1.416909087831308e-15,4
TES Acetone,0.5831702544031311,4.470114212745615e-16,1.0994017564142417e-16,7.840826669076988e-16,4
TES Acetone,0.5851272015655578,6.737370170654623e-16,0,1.5729594404267701e-15,4
TES Acetone,0.5870841487279843,7.797779513720163e-16,4.191900387450558e-16,1.1403658639989767e-15,4
TES Acetone,0.5890410958904109,7.99732264913068e-16,4.3089402441402293e-16,1.168570505412113e-15,4
TES Acetone,0.5909980430528375,7.125054043647658e-16,4.985040212657421e-16,9.265067874637894e-16,4
TES Acetone,0.5929549902152642,8.5097499529619665e-16,2.398470922358079e-16,1.4621028983565855e-15,4
TES Acetone,0.5949119373776908,9.371091000292868e-16,2.852777805706727e-16,1.5889404194879008e-15,4
TES Acetone,0.5968688845401173,9.179632458321814e-16,4.277715195887646e-16,1.4081549720755983e-15,4
TES Acetone,0.598825831702544,7.030812163771888e-16,3.017229186523428e-16,1.1044395141020348e-15,4
TES Acetone,0.6007827788649707,2.91496920543308e-16,0,6.178408455771138e-16,4
TES Acetone,0.6027397260273972,5.677881856808018e-16,2.2802421744990273e-16,9.075521539117008e-16,4
TES Acetone,0.6046966731898238,5.342567405409759e-16,6.493185522840295e-17,1.0035816258535488e-15,4
TES Acetone,0.6066536203522505,7.241868243931835e-16,5.987518384943838e-16,8.496218102919831e-16,4
TES Acetone,0.6086105675146771,9.20849189713304e-16,1.7893211191135066e-16,1.6627662675152572e-15,4
TES Acetone,0.6105675146771037,1.0888217754372006e-15,5.871205696307456e-16,1.5905229812436557e-15,4
TES Acetone,0.6125244618395302,9.23834048147848e-16,2.7555623308257918e-16,1.5721118632131167e-15,4
TES Acetone,0.6144814090019569,9.583928775648259e-16,0,2.0308142625825712e-15,4
TES Acetone,0.6164383561643836,1.0679669299434955e-15,2.2893165466238395e-16,1.907002205224607e-15,4
TES Acetone,0.6183953033268101,1.3756700034688187e-15,0,3.3804877307101135e-15,4
TES Acetone,0.6203522504892367,1.3823760632171735e-15,6.618670639158898e-16,2.1028850625184572e-15,4
TES Acetone,0.6223091976516634,1.6712732004215026e-15,9.603302133124606e-16,2.3822161875305445e-15,4
TES Acetone,0.62426614481409,1.2127934469322027e-15,0,2.6675894200526286e-15,4
TES Acetone,0.6262230919765166,9.573020781857698e-16,2.37759576616087e-16,1.6768445797554525e-15,4
TES Acetone,0.6281800391389432,8.268913586522113e-16,1.8225811816096473e-16,1.4715245991434578e-15,4
TES Acetone,0.6301369863013698,4.3568750006104165e-16,0,1.0145040637093191e-15,4
TES Acetone,0.6320939334637965,4.19540957879614e-16,0,8.860638404093463e-16,4
TES Acetone,0.6340508806262231,3.2185987193757796e-16,0,7.623882671515727e-16,4
TES Acetone,0.6360078277886496,2.6810369248882892e-16,1.6114811144906176e-17,5.200925738327517e-16,4
TES Acetone,0.6379647749510763,2.0788673916450741e-16,7.15014052193404e-17,3.442720731096744e-16,4
TES Acetone,0.639921722113503,2.6392379551648145e-16,0,6.876031135309205e-16,4
TES Acetone,0.6418786692759295,2.045508721007942e-16,0,7.273688506068914e-16,4
TES Acetone,0.6438356164383561,1.228774573325136e-16,0,5.009456591880391e-16,4
TES Acetone,0.6457925636007827,8.058415295805921e-17,0,1.8507656186791787e-16,4
TES Acetone,0.6477495107632094,9.517537216213078e-17,0,2.733474699827353e-16,4
TES Acetone,0.649706457925636,4.679923504644796e-17,0,1.633306692141866e-16,4
TES Acetone,0.6516634050880625,4.633032481044567e-17,0,1.3699016765004904e-16,4
TES Acetone,0.6536203522504892,9.261632481453399e-17,0,2.202484026246143e-16,4
TES Acetone,0.6555772994129159,2.27019209306816e-16,0,5.780930606537694e-16,4
TES Acetone,0.6575342465753424,3.2065839116028345e-16,0,8.698628422368991e-16,4
TES Acetone,0.659491193737769,1.506478029508769e-16,0,4.334124592069033e-16,4
TES Acetone,0.6614481409001957,1.3261716880045556e-16,0,4.643659036903924e-16,4
TES Acetone,0.6634050880626223,1.6205641729842255e-17,0,5.868647986292796e-17,4
TES Acetone,0.6653620352250489,4.152799096039231e-17,0,1.7368859235814804e-16,4
TES Acetone,0.6673189823874754,1.2556339805367967e-17,0,5.2516217026848006e-17,4
TES Acetone,0.6692759295499021,0,0,0,4
TES Acetone,0.6712328767123288,2.494657505291344e-17,0,7.432432782512453e-17,4
TES Acetone,0.6731898238747553,1.495060239398455e-17,0,4.333463563748368e-17,4
TES Acetone,0.6751467710371819,1.3858999946183055e-17,0,4.8756349427403716e-17,4
TES Acetone,0.6771037181996086,2.4345998212203067e-17,0,6.912028928390555e-17,4
TES Acetone,0.6790606653620352,1.3762849133708418e-17,0,5.756237750945585e-17,4
TES Acetone,0.6810176125244618,0,0,0,4
TES Acetone,0.6829745596868884,0,0,0,4
TES Acetone,0.684931506849315,0,0,0,4
TES Acetone,0.6868884540117417,0,0,0,4
TES Acetone,0.6888454011741683,0,0,0,4
TES Acetone,0.6908023483365948,0,0,0,4
TES Acetone,0.6927592954990215,6.635171187913798e-20,0,2.775124721981497e-19,4
TES Acetone,0.6947162426614482,1.4537792189855093e-17,0,6.080353523144178e-17,4
TES Acetone,0.6966731898238747,1.4799766448691096e-18,0,6.189922850238986e-18,4
TES Acetone,0.6986301369863013,0,0,0,4
TES Acetone,0.700587084148728,0,0,0,4
TES Acetone,0.7025440313111546,0,0,0,4
TES Acetone,0.7045009784735812,0,0,0,4
TES Acetone,0.7064579256360077,0,0,0,4
TES Acetone,0.7084148727984344,0,0,0,4
TES Acetone,0.7103718199608611,0,0,0,4
TES Acetone,0.7123287671232876,0,0,0,4
TES Acetone,0.7142857142857142,0,0,0,4
TES Acetone,0.7162426614481409,0,0,0,4
TES Acetone,0.7181996086105675,0,0,0,4
TES Acetone,0.7201565557729941,0,0,0,4
TES Acetone,0.7221135029354206,0,0,0,4
TES Acetone,0.7240704500978473,0,0,0,4
TES Acetone,0.726027397260274,0,0,0,4
TES Acetone,0.7279843444227005,0,0,0,4
TES Acetone,0.7299412915851271,0,0,0,4
TES Acetone,0.7318982387475538,0,0,0,4
TES Acetone,0.7338551859099804,0,0,0,4
TES Acetone,0.735812133072407,0,0,0,4
TES Acetone,0.7377690802348336,0,0,0,4
TES Acetone,0.7397260273972602,0,0,0,4
TES Acetone,0.7416829745596869,0,0,0,4
TES Acetone,0.7436399217221135,0,0,0,4
TES Acetone,0.74559686888454,0,0,0,4
TES Acetone,0.7475538160469667,0,0,0,4
TES Acetone,0.7495107632093934,0,0,0,4
TES Acetone,0.7514677103718199,0,0,0,4
TES Acetone,0.7534246575342465,0,0,0,4
TES Acetone,0.7553816046966731,0,0,0,4
TES Acetone,0.7573385518590998,0,0,0,4
TES Acetone,0.7592954990215264,0,0,0,4
TES Acetone,0.7612524461839529,0,0,0,4
TES Acetone,0.7632093933463796,7.621970430794168e-17,0,1.586091299192258e-16,4
TES Acetone,0.7651663405088063,2.8953624042526333e-16,0,6.277926442910523e-16,4
TES Acetone,0.7671232876712328,2.3687484400087217e-16,0,5.407423813822507e-16,4
TES Acetone,0.7690802348336594,1.6666888497893925e-16,0,5.533371053138709e-16,4
TES Acetone,0.7710371819960861,1.375568573968776e-16,0,3.8112036899841447e-16,4
TES Acetone,0.7729941291585127,9.992892912283172e-17,0,2.4021383772142434e-16,4
TES Acetone,0.7749510763209393,0,0,0,4
TES Acetone,0.7769080234833659,6.251240257773448e-18,0,2.614547671956533e-17,4
TES Acetone,0.7788649706457925,1.465585467472029e-17,0,6.129732523505884e-17,4
TES Acetone,0.7808219178082192,0,0,0,4
TES Acetone,0.7827788649706457,6.383042798570507e-18,0,2.6696733769349e-17,4
TES Acetone,0.7847358121330723,1.4162714473891945e-18,0,5.923479282411745e-18,4
TES Acetone,0.786692759295499,0,0,0,4
TES Acetone,0.7886497064579256,0,0,0,4
TES Acetone,0.7906066536203522,0,0,0,4
TES Acetone,0.7925636007827788,1.891559932960505e-17,0,7.911347852833362e-17,4
TES Acetone,0.7945205479452054,2.865789179032254e-17,0,1.198600936356548e-16,4
TES Acetone,0.7964774951076321,1.2722087729787583e-16,0,4.0247370757191713e-16,4
TES Acetone,0.7984344422700587,7.434590433761523e-17,0,1.540718009873228e-16,4
TES Acetone,0.8003913894324852,2.881769262056997e-17,0,1.0334819749371684e-16,4
TES Acetone,0.8023483365949119,3.314042863818056e-17,0,8.785515134091041e-17,4
TES Acetone,0.8043052837573386,7.650136363849717e-17,0,2.2636976179036475e-16,4
TES Acetone,0.8062622309197651,3.500190295014417e-17,0,1.3237090300697638e-16,4
TES Acetone,0.8082191780821917,5.475136663535965e-17,0,2.2899465109329367e-16,4
TES Acetone,0.8101761252446184,9.747910693507302e-17,0,2.715895569702434e-16,4
TES Acetone,0.812133072407045,1.892085191677651e-16,0,4.395815255829372e-16,4
TES Acetone,0.8140900195694716,1.452696838402161e-16,0,3.8269721047063703e-16,4
TES Acetone,0.8160469667318981,6.140281314937013e-17,0,2.1698124732969987e-16,4
TES Acetone,0.8180039138943248,8.571127391956879e-17,0,2.3010949955644796e-16,4
TES Acetone,0.8199608610567515,3.626672100073996e-17,0,1.0555557999846228e-16,4
TES Acetone,0.821917808219178,3.2893496444622736e-17,0,1.2120079276971582e-16,4
TES Acetone,0.8238747553816046,1.0505226249242007e-16,0,3.6081883454445124e-16,4
TES Acetone,0.8258317025440313,2.6310296280686116e-16,0,7.278570867861926e-16,4
TES Acetone,0.8277886497064579,9.973436125829157e-17,0,2.0604819555475085e-16,4
TES Acetone,0.8297455968688845,2.110919751808794e-16,0,7.375101178906861e-16,4
TES Acetone,0.831702544031311,1.1602096217825675e-16,0,3.9452942553366073e-16,4
TES Acetone,0.8336594911937377,1.3895366084075565e-16,0,4.207845493606147e-16,4
TES Acetone,0.8356164383561644,7.864136351376947e-17,0,1.708620755747152e-16,4
TES Acetone,0.837573385518591,7.782660082784379e-17,0,2.826717057111513e-16,4
TES Acetone,0.8395303326810175,8.014719891686752e-17,0,2.7281848758041154e-16,4
TES Acetone,0.8414872798434442,7.29236448388932e-17,0,2.174205262382752e-16,4
TES Acetone,0.8434442270058709,1.0546435336373342e-16,0,2.1188605066448924e-16,4
TES Acetone,0.8454011741682974,1.8290215103082578e-16,0,4.760638603745543e-16,4
TES Acetone,0.847358121330724,9.621776890968773e-17,0,3.898773816099896e-16,4
TES Acetone,0.8493150684931506,1.35429174223601e-16,0,5.53541871698793e-16,4
TES Acetone,0.8512720156555773,3.029332698732888e-16,0,8.595803525743627e-16,4
TES Acetone,0.8532289628180039,2.3890555782166448e-16,0,7.065647696046832e-16,4
TES Acetone,0.8551859099804304,1.2532771513518985e-16,0,4.541883419795866e-16,4
TES Acetone,0.8571428571428571,2.22875251741989e-16,0,4.995604792219197e-16,4
TES Acetone,0.8590998043052838,1.7611759977781168e-16,0,5.116622757264105e-16,4
TES Acetone,0.8610567514677103,1.5794462134970543e-16,0,5.196017589052659e-16,4
TES Acetone,0.8630136986301369,1.5740542764857775e-16,0,5.7363907543374e-16,4
TES Acetone,0.8649706457925636,1.488097736930883e-16,0,5.841118114612403e-16,4
TES Acetone,0.8669275929549902,3.2626006116965993e-16,0,7.571840329198034e-16,4
TES Acetone,0.8688845401174168,2.4601862531836617e-16,0,6.090913307010025e-16,4
TES Acetone,0.8708414872798433,1.5625408316466494e-16,0,4.61296106289708e-16,4
TES Acetone,0.87279843444227,1.708229804139253e-16,1.2709320212193217e-17,3.2893664061565736e-16,4
TES Acetone,0.8747553816046967,3.654914086866319e-16,1.7921003115336464e-16,5.517727862198991e-16,4
TES Acetone,0.8767123287671232,3.0761679240675106e-16,0,7.228707183305464e-16,4
TES Acetone,0.8786692759295498,3.451067982400299e-16,0,7.165254485471299e-16,4
TES Acetone,0.8806262230919765,2.305412429650797e-16,0,7.640017944790573e-16,4
TES Acetone,0.8825831702544031,3.421236922352394e-16,0,9.043251094786177e-16,4
TES Acetone,0.8845401174168297,3.0553100718729383e-16,0,9.680863005311438e-16,4
TES Acetone,0.8864970645792563,5.798628429308324e-16,0,1.5242509187222352e-15,4
TES Acetone,0.8884540117416829,4.326032582694279e-16,0,9.869141760690893e-16,4
TES Acetone,0.8904109589041096,6.391000736120786e-16,3.1404547229419977e-16,9.641546749299575e-16,4
TES Acetone,0.8923679060665362,7.657149607027146e-16,0,1.8718836315807085e-15,4
TES Acetone,0.8943248532289627,4.4297402089667353e-16,0,1.2579082283868908e-15,4
TES Acetone,0.8962818003913894,5.113352045931686e-16,0,1.0492171944061873e-15,4
TES Acetone,0.898238747553816,3.5790544756625003e-16,0,8.247309855668547e-16,4
TES Acetone,0.9001956947162426,4.2480894578492714e-16,0,1.0478273637761036e-15,4
TES Acetone,0.9021526418786692,3.180265925456119e-16,0,8.994380433115795e-16,4
TES Acetone,0.9041095890410958,1.6962931381415422e-16,0,4.621976846616961e-16,4
TES Acetone,0.9060665362035225,1.9206572516283666e-16,2.736904180870074e-17,3.5676240851697257e-16,4
TES Acetone,0.9080234833659491,2.476268601014488e-16,1.964979385848146e-18,4.932887408170495e-16,4
TES Acetone,0.9099804305283756,1.9400860627255055e-16,0,7.29038152920199e-16,4
TES Acetone,0.9119373776908023,9.558143282907646e-17,0,3.06613902634378e-16,4
TES Acetone,0.913894324853229,1.9859293938776942e-18,0,8.306043055978076e-18,4
TES Acetone,0.9158512720156555,1.9534764481609524e-18,0,8.170310353069516e-18,4
TES Acetone,0.9178082191780821,1.619083383460269e-17,0,6.771729315099647e-17,4
TES Acetone,0.9197651663405088,7.250603833391639e-17,0,2.1435541929989784e-16,4
TES Acetone,0.9217221135029354,1.0171221478369045e-16,0,3.9420783145889485e-16,4
TES Acetone,0.923679060665362,2.2885419078393126e-16,0,6.475303798563169e-16,4
TES Acetone,0.9256360078277885,1.7828050098209013e-16,0,4.891654926120702e-16,4
TES Acetone,0.9275929549902152,2.0344178159460534e-16,0,7.348208020200048e-16,4
TES Acetone,0.9295499021526419,2.0587520488619513e-16,0,4.574670365424894e-16,4
TES Acetone,0.9315068493150684,9.062010209685771e-17,0,3.7901371119943494e-16,4
TES Acetone,0.933463796477495,2.0929113817789158e-16,0,8.272791266018863e-16,4
TES Acetone,0.9354207436399217,2.0882206557963607e-16,0,7.631270281429591e-16,4
TES Acetone,0.9373776908023483,1.7184334307686478e-16,0,5.2303485638289e-16,4
TES Acetone,0.9393346379647749,1.172382687627844e-16,0,3.2694679315476057e-16,4
TES Acetone,0.9412915851272015,1.265000523842672e-16,0,4.326580917329621e-16,4
TES Acetone,0.9432485322896281,2.729428017400995e-16,0,8.351025534808991e-16,4
TES Acetone,0.9452054794520548,1.7355274571268557e-16,0,4.805568839858854e-16,4
TES Acetone,0.9471624266144814,1.224412507930202e-17,0,3.458771787452949e-17,4
TES Acetone,0.9491193737769079,6.866666335367278e-18,0,2.871946324397289e-17,4
TES Acetone,0.9510763209393346,4.660923587764339e-17,0,1.949406263885464e-16,4
TES Acetone,0.9530332681017613,1.184552939401675e-16,0,4.666799954708111e-16,4
TES Acetone,0.9549902152641878,6.83509910801051e-17,0,2.8587435010546523e-16,4
TES Acetone,0.9569471624266144,9.635930241430237e-17,0,2.9592196399400925e-16,4
TES Acetone,0.958904109589041,2.1129960678121043e-16,0,8.650612035274406e-16,4
TES Acetone,0.9608610567514677,3.077469218733076e-16,0,1.2732957557542516e-15,4
TES Acetone,0.9628180039138943,4.847314585348484e-17,0,2.0273632978038594e-16,4
TES Acetone,0.9647749510763208,1.0315611800861892e-17,0,4.3144492463255834e-17,4
TES Acetone,0.9667318982387475,1.5000456192907167e-16,0,6.273860258159469e-16,4
TES Acetone,0.9686888454011742,1.9416489889468647e-16,0,7.374255368194096e-16,4
TES Acetone,0.9706457925636007,1.0413293315804947e-16,0,2.985083488874981e-16,4
TES Acetone,0.9726027397260273,3.409653438337921e-17,0,1.4260692425474328e-16,4
TES Acetone,0.974559686888454,1.4143231956118692e-16,0,5.262016818070125e-16,4
TES Acetone,0.9765166340508806,2.3856284846592114e-16,0,6.574843947057988e-16,4
TES Acetone,0.9784735812133072,2.8055283525683977e-16,0,6.4492787363007e-16,4
TES Acetone,0.9804305283757337,3.261452409269538e-16,0,6.728444811339399e-16,4
TES Acetone,0.9823874755381604,3.3154280307707487e-16,4.153994262297517e-17,6.215456635311745e-16,4
TES Acetone,0.9843444227005871,2.878339564952502e-16,0,5.794296229565678e-16,4
TES Acetone,0.9863013698630136,4.250086548618814e-16,8.116426187221536e-18,8.419008835365413e-16,4
TES Acetone,0.9882583170254402,3.604177728256583e-16,0,8.731903875845102e-16,4
TES Acetone,0.9902152641878669,3.3331056124888547e-16,0,7.522225020002743e-16,4
TES Acetone,0.9921722113502935,4.719763871856223e-16,7.195251831464212e-17,8.720002560566024e-16,4
TES Acetone,0.9941291585127201,5.123163368585921e-16,8.668067206577298e-17,9.379520016514111e-16,4
TES Acetone,0.9960861056751467,5.536455609557928e-16,1.4392470140119616e-17,1.092898651771466e-15,4
TES Acetone,0.9980430528375733,5.222910092426007e-16,2.2130164169718574e-16,8.232803767880157e-16,4
TES Acetone,1,4.636111066351863e-16,5.737720985778427e-17,8.6984500341258845e-16,4
TES DT,0,37.5542715213115,8.095005733548483,67.01353730907451,24
TES DT,0.0019569471624266144,47.4623710845513,5.315191836633538,89.60955033246907,24
TES DT,0.003913894324853229,35.89645956247851,19.54488180267258,52.248037322284446,24
TES DT,0.005870841487279843,29.371387741150595,22.264497368604033,36.47827811369716,24
TES DT,0.007827788649706457,24.996211851730486,20.461634974168582,29.53078872929239,24
TES DT,0.009784735812133072,19.937382110344032,16.468376261324643,23.40638795936342,24
TES DT,0.011741682974559686,16.69839604004251,14.232242518030583,19.164549562054436,24
TES DT,0.0136986301369863,14.096026064788552,12.281346541028249,15.910705588548854,24
TES DT,0.015655577299412915,12.160552113349283,10.726802656430852,13.594301570267714,24
TES DT,0.01761252446183953,10.75072500559642,9.483986899429118,12.017463111763723,24
TES DT,0.019569471624266144,9.700672179131658,8.4703592163278,10.930985141935516,24
TES DT,0.021526418786692758,8.885439633795658,7.643293330412688,10.127585937178628,24
TES DT,0.023483365949119372,8.240108636520025,6.981796640172053,9.498420632867997,24
TES DT,0.025440313111545987,7.734908455234891,6.47331225069278,8.996504659777,24
TES DT,0.0273972602739726,7.3482130983482765,6.100647598843535,8.595778597853018,24
TES DT,0.029354207436399216,7.05723264096872,5.83634835605347,8.27811692588397,24
TES DT,0.03131115459882583,6.845409203486736,5.658319610541187,8.032498796432286,24
TES DT,0.033268101761252444,6.696728663553109,5.545070171057299,7.8483871560489185,24
TES DT,0.03522504892367906,6.58799643695668,5.468146727487619,7.707846146425741,24
TES DT,0.03718199608610567,6.496208374823638,5.401822521777247,7.590594227870029,24
TES DT,0.03913894324853229,6.411568643367137,5.337522872126026,7.485614414608248,24
TES DT,0.0410958904109589,6.336623542465802,5.282406102044604,7.390840982887001,24
TES DT,0.043052837573385516,6.269615932275712,5.237798633530598,7.301433231020825,24
TES DT,0.04500978473581213,7.491610216398355,5.207802206381627,9.775418226415082,24
TES DT,0.046966731898238745,8.879476567266543,3.605770237922691,14.153182896610396,24
TES DT,0.04892367906066536,7.354451457478333,4.864290351527986,9.84461256342868,24
TES DT,0.050880626223091974,5.806295223377327,4.77360860188012,6.838981844874533,24
TES DT,0.05283757338551859,5.642114435032184,4.5745651946873815,6.709663675376986,24
TES DT,0.0547945205479452,5.495689739385878,4.3873348611427545,6.604044617629002,24
TES DT,0.05675146771037182,5.385656682613146,4.23740164963857,6.533911715587721,24
TES DT,0.05870841487279843,5.320328099379059,4.137181152035814,6.503475046722303,24
TES DT,0.060665362035225046,5.2988908098255525,4.087907711448178,6.509873908202927,24
TES DT,0.06262230919765166,5.312108782831636,4.08057965906791,6.543637906595363,24
TES DT,0.06457925636007827,5.341313715652677,4.094070784030351,6.588556647275003,24
TES DT,0.06653620352250489,5.367703228063994,4.106865104076593,6.628541352051395,24
TES DT,0.0684931506849315,5.3799677419934095,4.106398511288472,6.653536972698347,24
TES DT,0.07045009784735812,5.3743237393675205,4.091197743619531,6.65744973511551,24
TES DT,0.07240704500978473,5.349130176393874,4.063991970108268,6.634268382679481,24
TES DT,0.07436399217221135,5.298205367848131,4.021717499675999,6.574693236020263,24
TES DT,0.07632093933463796,5.206267682545027,3.948869518718959,6.463665846371095,24
TES DT,0.07827788649706457,5.0543975606351585,3.8232240096655983,6.285571111604719,24
TES DT,0.08023483365949119,4.828578558681885,3.627365611474125,6.029791505889645,24
TES DT,0.0821917808219178,4.523712296350468,3.3551892942251333,5.692235298475803,24
TES DT,0.08414872798434442,4.146985828529134,3.01479167154716,5.279179985511108,24
TES DT,0.08610567514677103,3.7233789987294403,2.6324175515422,4.814340445916681,24
TES DT,0.08806262230919765,3.288924221104268,2.246242507974722,4.331605934233814,24
TES DT,0.09001956947162426,2.8714895381979324,1.8858814523755347,3.85709762402033,24
TES DT,0.09197651663405088,2.4852153967293362,1.5650451302462525,3.40538566321242,24
TES DT,0.09393346379647749,2.136872521595212,1.2891163777266836,2.98462866546374,24
TES DT,0.0958904109589041,1.830746842706204,1.0595220143238349,2.601971671088573,24
TES DT,0.09784735812133072,1.5639432888607199,0.8706570082758002,2.2572295694456397,24
TES DT,0.09980430528375733,1.3270894331776637,0.7099878872663362,1.944190979088991,24
TES DT,0.10176125244618395,1.1107428345512853,0.5658465346640128,1.655639134438558,24
TES DT,0.10371819960861056,0.9120725374365464,0.4346876019159038,1.389457472957189,24
TES DT,0.10567514677103718,0.7340644566314538,0.3197864491548955,1.148342464108012,24
TES DT,0.10763209393346379,0.5806740847582069,0.22532670818748074,0.936021461328933,24
TES DT,0.1095890410958904,0.45329689261069395,0.1523503548706298,0.7542434303507581,24
TES DT,0.11154598825831702,0.3505100264019614,0.09880313836373056,0.6022169144401922,24
TES DT,0.11350293542074363,0.26875740605090814,0.06129885417951461,0.47621595792230165,24
TES DT,0.11545988258317025,0.20449458561428754,0.03609320063768939,0.3728959705908857,24
TES DT,0.11741682974559686,0.15443396625329373,0.01985414538590141,0.28901378712068604,24
TES DT,0.11937377690802348,0.11566415638286955,0.009798197135820114,0.22153011562991898,24
TES DT,0.12133072407045009,0.0859112135506673,0.0037738237713200173,0.1680486033300146,24
TES DT,0.1232876712328767,0.06319358488386245,3.9452519289191745e-4,0.125992644574833,24
TES DT,0.12524461839530332,0.045948421679687754,0,0.0932518019362777,24
TES DT,0.12720156555772993,0.03309030807233941,0,0.06832478013414608,24
TES DT,0.12915851272015655,0.02356837439586341,0,0.049506597040001175,24
TES DT,0.13111545988258316,0.016565213298962853,0,0.035377801392344366,24
TES DT,0.13307240704500978,0.011490540243936883,0,0.024926258403931048,24
TES DT,0.1350293542074364,0.007856255982030255,0,0.017298558737470198,24
TES DT,0.136986301369863,0.005292590142298887,0,0.011818456332594943,24
TES DT,0.13894324853228962,0.0035184762727465423,0,0.007960528835503926,24
TES DT,0.14090019569471623,0.0023179209241604415,0,0.005309036233564568,24
TES DT,0.14285714285714285,0.0015054754100988195,0,0.003486065011523064,24
TES DT,0.14481409001956946,9.739280619357099e-4,0,0.0022775925250349163,24
TES DT,0.14677103718199608,6.233733230284237e-4,0,0.0014695793576773516,24
TES DT,0.1487279843444227,3.9531320603124637e-4,0,9.383480061137647e-4,24
TES DT,0.1506849315068493,2.510115012971956e-4,0,5.99515100088172e-4,24
TES DT,0.15264187866927592,1.6393199700310196e-4,0,3.946786285896728e-4,24
TES DT,0.15459882583170254,1.1669700235579659e-4,0,2.865383374017723e-4,24
TES DT,0.15655577299412915,9.856417404998418e-5,0,2.5452456089882435e-4,24
TES DT,0.15851272015655576,1.051311238225075e-4,0,2.9190095182481584e-4,24
TES DT,0.16046966731898238,1.3568387552315964e-4,0,3.975274944774138e-4,24
TES DT,0.162426614481409,1.92165483333376e-4,0,5.773104597991848e-4,24
TES DT,0.1643835616438356,2.8054875795545533e-4,0,8.497560993444271e-4,24
TES DT,0.16634050880626222,4.111881272915934e-4,0,0.0012429746895315369,24
TES DT,0.16829745596868884,6.000608379651502e-4,0,0.0017953132842871448,24
TES DT,0.17025440313111545,8.723204873949957e-4,0,0.0025593022947902324,24
TES DT,0.17221135029354206,0.0012722764255402841,0,0.0036152807209093953,24
TES DT,0.17416829745596868,0.0018623879960041252,0,0.005080920729601019,24
TES DT,0.1761252446183953,0.0027276011620246577,0,0.007133676561567787,24
TES DT,0.1780821917808219,0.003975130848436109,0,0.010045484619501867,24
TES DT,0.18003913894324852,0.005667314213623763,0,0.014001380144280463,24
TES DT,0.18199608610567514,0.007822111236585912,0,0.01905557097236798,24
TES DT,0.18395303326810175,0.01045281991410565,0,0.02506595454613899,24
TES DT,0.18590998043052837,0.013742115668345696,0,0.031869967055640755,24
TES DT,0.18786692759295498,0.018232581656983316,0,0.03981263291046558,24
TES DT,0.1898238747553816,0.02450381525102285,0,0.05020280697937145,24
TES DT,0.1917808219178082,0.031964766083048254,3.1213469298563973e-4,0.06361739747311088,24
TES DT,0.19373776908023482,0.03790724539015799,1.4916280905768325e-4,0.0756653279712583,24
TES DT,0.19569471624266144,0.039001215664772854,0,0.07895099251699195,24
TES DT,0.19765166340508805,0.03464194589514499,0,0.07229820552322799,24
TES DT,0.19960861056751467,0.027931396879368412,0,0.06311225403197496,24
TES DT,0.20156555772994128,0.022510481530650526,0,0.057644989923830436,24
TES DT,0.2035225048923679,0.019617319640991275,0,0.05569874027813693,24
TES DT,0.2054794520547945,0.018447595808981858,0,0.055098605609563325,24
TES DT,0.20743639921722112,0.01789642043971479,0,0.05443073992019818,24
TES DT,0.20939334637964774,0.01735467678106142,0,0.05309359186938227,24
TES DT,0.21135029354207435,0.016615705412157598,0,0.050934196096568574,24
TES DT,0.21330724070450097,0.015645948021972004,0,0.0479940054522434,24
TES DT,0.21526418786692758,0.014461396298426837,0,0.04437139781410351,24
TES DT,0.2172211350293542,0.013116008807037026,0,0.0402469014229639,24
TES DT,0.2191780821917808,0.011684349611951965,0,0.03585483727804331,24
TES DT,0.22113502935420742,0.010222455340268177,0,0.03136911251198994,24
TES DT,0.22309197651663404,0.008781630109966439,0,0.026947793870886895,24
TES DT,0.22504892367906065,0.007405668333175275,0,0.022725456169578554,24
TES DT,0.22700587084148727,0.006129170622181677,0,0.018808325317974023,24
TES DT,0.22896281800391388,0.0049767923579843104,0,0.015272071625493253,24
TES DT,0.2309197651663405,0.003963304728224851,0,0.012162025199800957,24
TES DT,0.2328767123287671,0.0030943407279998996,0,0.009495472222064764,24
TES DT,0.23483365949119372,0.0023783597617147013,0,0.007298371782856014,24
TES DT,0.23679060665362034,0.0017991070017561595,0,0.00552084339287175,24
TES DT,0.23874755381604695,0.0013359455212194353,0,0.00409955939079243,24
TES DT,0.24070450097847357,9.733855220642575e-4,0,0.002986986890153626,24
TES DT,0.24266144814090018,6.955832607936957e-4,0,0.002134506866914008,24
TES DT,0.2446183953033268,4.872854856953771e-4,0,0.0014953123141252722,24
TES DT,0.2465753424657534,3.3449823152471424e-4,0,0.0010264605438392398,24
TES DT,0.24853228962818003,2.2490253129752068e-4,0,6.901488642680692e-4,24
TES DT,0.25048923679060664,1.4805078116662915e-4,0,4.543171563547403e-4,24
TES DT,0.25244618395303325,9.53854643098664e-5,0,2.927053309769626e-4,24
TES DT,0.25440313111545987,6.144806348096331e-5,0,1.8856306764495283e-4,24
TES DT,0.2563600782778865,3.8880106497976664e-5,0,1.1930973469829932e-4,24
TES DT,0.2583170254403131,2.4097337431672752e-5,0,7.394647789941916e-5,24
TES DT,0.2602739726027397,1.4621463000042685e-5,0,4.4868263709697327e-5,24
TES DT,0.2622309197651663,8.681166416163917e-6,0,2.663952738929501e-5,24
TES DT,0.26418786692759294,5.04131332865269e-6,0,1.5470064511344467e-5,24
TES DT,0.26614481409001955,2.8623775707309027e-6,0,8.78365671495376e-6,24
TES DT,0.26810176125244617,1.5885156842454823e-6,0,4.87461074243225e-6,24
TES DT,0.2700587084148728,8.61436631176098e-7,0,2.6434540734498684e-6,24
TES DT,0.2720156555772994,4.605084497020545e-7,0,1.4131427584903694e-6,24
TES DT,0.273972602739726,2.5011839157864013e-7,0,7.675277053615472e-7,24
TES DT,0.2759295499021526,1.3258520166370196e-7,0,4.068585875481454e-7,24
TES DT,0.27788649706457924,6.857499481105491e-8,0,2.1043317936491572e-7,24
TES DT,0.27984344422700586,3.459989446085209e-8,0,1.0617522919636353e-7,24
TES DT,0.28180039138943247,1.702816055546726e-8,0,5.225359423866881e-8,24
TES DT,0.2837573385518591,8.173582150288742e-9,0,2.5081924740654743e-8,24
TES DT,0.2857142857142857,3.826426090740632e-9,0,1.1741991299964468e-8,24
TES DT,0.2876712328767123,1.7470584030697083e-9,0,5.3611238181482175e-9,24
TES DT,0.2896281800391389,7.779666712878285e-10,0,2.3873129865693387e-9,24
TES DT,0.29158512720156554,3.5108848732606207e-10,0,1.077370026987886e-9,24
TES DT,0.29354207436399216,1.607796284432414e-10,0,4.933773085233933e-10,24
TES DT,0.29549902152641877,7.137814271189935e-11,0,2.1903447418322614e-10,24
TES DT,0.2974559686888454,3.075126698741334e-11,0,9.436452310316258e-11,24
TES DT,0.299412915851272,1.2867273528542164e-11,0,3.948471815739582e-11,24
TES DT,0.3013698630136986,5.232750407659759e-12,0,1.6057233575431256e-11,24
TES DT,0.30332681017612523,2.0694708769381057e-12,0,6.350214131564785e-12,24
TES DT,0.30528375733855184,7.963514623039657e-13,0,2.443373060345732e-12,24
TES DT,0.30724070450097846,2.9831862644391373e-13,0,9.150934106028466e-13,24
TES DT,0.30919765166340507,1.08866215555272e-13,0,3.3376061784485387e-13,24
TES DT,0.3111545988258317,4.259194535854415e-14,0,1.3016565108211115e-13,24
TES DT,0.3131115459882583,1.6608222163274157e-14,0,5.041036999819729e-14,24
TES DT,0.3150684931506849,6.315500865121334e-15,0,1.884236974888279e-14,24
TES DT,0.31702544031311153,2.293585568254871e-15,0,6.811788399922419e-15,24
TES DT,0.31898238747553814,8.848008763923202e-16,0,2.480021374301318e-15,24
TES DT,0.32093933463796476,4.928886248907051e-16,0,1.0541262803921892e-15,24
TES DT,0.32289628180039137,2.8547541181074397e-16,5.277252907381863e-17,5.181782945476693e-16,24
TES DT,0.324853228962818,1.1682189270380177e-16,2.129558288704223e-17,2.123482025205613e-16,24
TES DT,0.3268101761252446,1.0318446539604087e-16,1.7588103321945734e-17,1.88780827470136e-16,24
TES DT,0.3287671232876712,1.1817332481410825e-16,1.676583137826215e-17,2.1958081824995435e-16,24
TES DT,0.33072407045009783,6.113265535815376e-17,6.109491282815327e-18,1.1615581943349217e-16,24
TES DT,0.33268101761252444,4.272474397973184e-17,6.985274042445471e-18,7.846421391701821e-17,24
TES DT,0.33463796477495106,5.184193733298087e-17,0,1.2239590086567956e-16,24
TES DT,0.33659491193737767,7.868472539971675e-17,0,1.7342797828010766e-16,24
TES DT,0.3385518590998043,1.0270492132010728e-16,3.85532623752707e-17,1.6685658026494385e-16,24
TES DT,0.3405088062622309,2.07840141507107e-16,0,4.433461907819799e-16,24
TES DT,0.3424657534246575,1.0757044884355095e-16,0,2.1516446951412276e-16,24
TES DT,0.34442270058708413,1.3080019547614073e-16,2.0277036701260174e-17,2.4132335425102127e-16,24
TES DT,0.34637964774951074,1.198939723274143e-16,3.991843870901933e-17,1.998695059458093e-16,24
TES DT,0.34833659491193736,1.0190649659762004e-16,2.1062379993311723e-17,1.8275061320192836e-16,24
TES DT,0.350293542074364,1.0301106987713885e-16,2.7005014923975014e-17,1.7901712483030268e-16,24
TES DT,0.3522504892367906,1.2557424572931942e-16,9.475563908848797e-20,2.510537358195504e-16,24
TES DT,0.3542074363992172,1.1447511715929697e-16,2.679139916363889e-17,2.0215883515495504e-16,24
TES DT,0.3561643835616438,2.168798110044449e-16,0,5.774301896616839e-16,24
TES DT,0.35812133072407043,4.953121390359523e-17,0,1.14275725405637e-16,24
TES DT,0.36007827788649704,1.7336671297092503e-16,0,4.33846934216444e-16,24
TES DT,0.36203522504892366,3.1826983230068263e-16,0,6.417951108284724e-16,24
TES DT,0.3639921722113503,2.1308205533557394e-16,0,4.923611461671534e-16,24
TES DT,0.3659491193737769,5.51767449108461e-17,7.835089414262407e-18,1.025184004074298e-16,24
TES DT,0.3679060665362035,4.6345718438672677e-17,4.437189193743897e-18,8.825424768360146e-17,24
TES DT,0.3698630136986301,9.430978708129813e-17,1.0746656153952598e-17,1.7787291800864367e-16,24
TES DT,0.37181996086105673,5.170729897640652e-17,2.047257251522389e-17,8.294202543758915e-17,24
TES DT,0.37377690802348335,7.462815384526402e-17,2.3727059975570043e-17,1.25529247714958e-16,24
TES DT,0.37573385518590996,6.686349527476287e-17,1.6124793678216225e-17,1.1760219687130951e-16,24
TES DT,0.3776908023483366,1.1501818918958022e-16,4.565701209148905e-17,1.8437936628767138e-16,24
TES DT,0.3796477495107632,7.261050121688075e-17,2.1069461039821725e-17,1.2415154139393978e-16,24
TES DT,0.3816046966731898,4.4702940121346694e-17,3.654549779535097e-18,8.575133046315829e-17,24
TES DT,0.3835616438356164,2.874611746055483e-17,0,6.113052964915078e-17,24
TES DT,0.38551859099804303,8.722820860326727e-17,0,1.8198103380279946e-16,24
TES DT,0.38747553816046965,3.5629954434388656e-16,0,8.371223441162743e-16,24
TES DT,0.38943248532289626,4.007877190662587e-16,0,8.960252328882806e-16,24
TES DT,0.3913894324853229,3.21348510632948e-16,1.1897561034609716e-19,6.425780456555499e-16,24
TES DT,0.3933463796477495,3.4258505470053614e-16,1.4845959056095034e-16,5.367105188401219e-16,24
TES DT,0.3953033268101761,4.069003593606245e-16,1.9655858609393357e-16,6.172421326273154e-16,24
TES DT,0.3972602739726027,5.094570453256159e-16,2.411047928014911e-16,7.778092978497407e-16,24
TES DT,0.39921722113502933,5.523933583437949e-16,2.741802755013709e-16,8.306064411862189e-16,24
TES DT,0.40117416829745595,6.471177777090104e-16,5.760461729362112e-17,1.2366309381243997e-15,24
TES DT,0.40313111545988256,3.665829176386764e-16,0,1.034180895287538e-15,24
TES DT,0.4050880626223092,1.848353812221757e-16,0,3.816052666485971e-16,24
TES DT,0.4070450097847358,1.201173515873769e-16,3.0849485682005904e-17,2.0938521749274791e-16,24
TES DT,0.4090019569471624,6.663179806669244e-17,1.617179264709115e-17,1.1709180348629373e-16,24
TES DT,0.410958904109589,7.367060891690046e-17,1.969549088203067e-17,1.2764572695177026e-16,24
TES DT,0.41291585127201563,2.2271357174590934e-17,5.858082333091236e-19,4.395690611587275e-17,24
TES DT,0.41487279843444225,8.515251389863164e-17,2.2808110360355288e-17,1.4749691743690798e-16,24
TES DT,0.41682974559686886,9.884208681794226e-17,2.724003694645727e-17,1.7044413668942724e-16,24
TES DT,0.4187866927592955,5.66185371503512e-17,2.0264596197294446e-17,9.297247810340795e-17,24
TES DT,0.4207436399217221,9.781345303105333e-17,3.657763450613798e-17,1.590492715559687e-16,24
TES DT,0.4227005870841487,2.6093765734032167e-16,4.4999586632238994e-17,4.768757280484043e-16,24
TES DT,0.4246575342465753,2.9977734821940747e-16,5.370596839088569e-17,5.458487280479292e-16,24
TES DT,0.42661448140900193,2.4075708179263737e-16,1.1341198597279355e-16,3.681021776124812e-16,24
TES DT,0.42857142857142855,3.6347876801724546e-16,1.232923705586747e-16,6.036651654758162e-16,24
TES DT,0.43052837573385516,3.6910178285502266e-16,2.1692030501889938e-16,5.21283260691146e-16,24
TES DT,0.4324853228962818,2.9211344374695914e-16,1.6026492742507694e-16,4.2396196006884136e-16,24
TES DT,0.4344422700587084,1.6885411163664129e-16,4.093446064897239e-17,2.967737626243102e-16,24
TES DT,0.436399217221135,6.649369762022419e-17,0,1.3723392905149578e-16,24
TES DT,0.4383561643835616,5.350390615639706e-17,1.410580435631376e-17,9.290200795648036e-17,24
TES DT,0.44031311154598823,9.451830637989831e-17,2.423960772847264e-17,1.6479700503132397e-16,24
TES DT,0.44227005870841485,1.3560063703751724e-16,4.8736906914483604e-17,2.2246436716055086e-16,24
TES DT,0.44422700587084146,2.0579576544398927e-16,0,4.572917453561128e-16,24
TES DT,0.4461839530332681,2.3211281225449113e-16,0,5.284721539281558e-16,24
TES DT,0.4481409001956947,1.2679956384265222e-16,3.761571314139252e-17,2.1598341454391192e-16,24
TES DT,0.4500978473581213,1.0509885947000277e-16,1.0617150886015815e-17,1.9958056805398973e-16,24
TES DT,0.4520547945205479,8.508932129448742e-17,2.4130517397374203e-17,1.4604812519160063e-16,24
TES DT,0.45401174168297453,1.8334729781504026e-16,0,4.567815157344304e-16,24
TES DT,0.45596868884540115,1.7808653034801534e-16,0,4.356939012064075e-16,24
TES DT,0.45792563600782776,4.7986082446896935e-17,1.3801892443475628e-17,8.217027245031824e-17,24
TES DT,0.4598825831702544,8.248429967852952e-17,3.4347884840289093e-17,1.3062071451676995e-16,24
TES DT,0.461839530332681,1.599817201644553e-16,0,3.9789010197790466e-16,24
TES DT,0.4637964774951076,7.11673985515755e-17,1.6131785262343024e-17,1.26203011840808e-16,24
TES DT,0.4657534246575342,2.204456809987957e-16,0,5.337275459146021e-16,24
TES DT,0.46771037181996084,1.4946145183982854e-16,0,3.381215110471226e-16,24
TES DT,0.46966731898238745,4.301771830630291e-17,0,8.624098547110496e-17,24
TES DT,0.47162426614481406,1.6885944898716196e-16,0,4.4158984515826016e-16,24
TES DT,0.4735812133072407,2.3698188221916987e-16,0,5.670625389648402e-16,24
TES DT,0.4755381604696673,1.0240482579079414e-16,4.2537098780799067e-17,1.6227255280078922e-16,24
TES DT,0.4774951076320939,8.229643988357653e-17,3.940383589356036e-17,1.251890438735927e-16,24
TES DT,0.4794520547945205,6.523346923379708e-17,2.694753475968299e-17,1.0351940370791118e-16,24
TES DT,0.48140900195694714,1.5923462441876939e-16,6.878166480030096e-17,2.4968758403723783e-16,24
TES DT,0.48336594911937375,1.864466306854488e-16,4.502931503740203e-17,3.2786394633349555e-16,24
TES DT,0.48532289628180036,1.710151694561012e-16,1.6104896966824776e-17,3.259254419453776e-16,24
TES DT,0.487279843444227,2.8006923804875356e-16,1.1848793885305926e-16,4.4165053724444786e-16,24
TES DT,0.4892367906066536,3.4765224233864686e-16,1.5177305512100132e-16,5.435314295562924e-16,24
TES DT,0.4911937377690802,4.2588020233176135e-16,2.1208547451465536e-16,6.396749301488673e-16,24
TES DT,0.4931506849315068,3.954218932443176e-16,2.0397040209854705e-16,5.868733843900881e-16,24
TES DT,0.49510763209393344,3.742156239586101e-16,1.772938538761159e-16,5.711373940411044e-16,24
TES DT,0.49706457925636005,4.0606351907623717e-16,1.9998682804461138e-16,6.12140210107863e-16,24
TES DT,0.49902152641878667,5.308888523475624e-16,3.2067564561953483e-16,7.411020590755901e-16,24
TES DT,0.5009784735812133,5.929307755844681e-17,8.90460506612755e-18,1.0968155005076608e-16,24
TES DT,0.5029354207436398,8.242953081960698e-17,2.5128110780048894e-17,1.3973095085916506e-16,24
TES DT,0.5048923679060665,7.709002795262196e-16,0,2.1509004658337864e-15,24
TES DT,0.5068493150684932,1.6047815585241064e-16,6.760654565624281e-17,2.533497660485785e-16,24
TES DT,0.5088062622309197,1.3334101189092696e-16,4.68783811189999e-17,2.19803642662854e-16,24
TES DT,0.5107632093933463,1.449683465133873e-16,6.61541485766196e-17,2.2378254445015497e-16,24
TES DT,0.512720156555773,2.468657419972545e-16,0,5.113689876117658e-16,24
TES DT,0.5146771037181996,3.2538064158213954e-16,0,7.308614378900151e-16,24
TES DT,0.5166340508806262,5.808837703555256e-16,8.470866234172324e-17,1.0770588783693279e-15,24
TES DT,0.5185909980430528,3.177747914705623e-16,1.176414755484764e-16,5.179081073926482e-16,24
TES DT,0.5205479452054794,4.137509746860725e-16,1.5693725869485763e-16,6.705646906772873e-16,24
TES DT,0.5225048923679061,6.084890824958937e-16,1.763079880467391e-16,1.0406701769450484e-15,24
TES DT,0.5244618395303327,5.756723207850567e-16,2.1508961029805761e-16,9.362550312720558e-16,24
TES DT,0.5264187866927592,6.419193744626934e-16,5.888608400599658e-17,1.2249526649193903e-15,24
TES DT,0.5283757338551859,9.35143970521706e-16,0,1.9991750877639158e-15,24
TES DT,0.5303326810176126,3.031906230426938e-16,1.3839352560179437e-16,4.679877204835932e-16,24
TES DT,0.5322896281800391,3.8726885578167777e-16,1.289976602226336e-16,6.45540051340722e-16,24
TES DT,0.5342465753424657,9.618006464961343e-17,1.844557432757312e-17,1.7391455497165373e-16,24
TES DT,0.5362035225048923,1.4997713898561764e-16,3.6569786094395914e-17,2.6338449187683936e-16,24
TES DT,0.538160469667319,1.6793976748081213e-16,1.0299358756125881e-17,3.255801762054984e-16,24
TES DT,0.5401174168297456,3.212030095525675e-16,0,6.717092572905211e-16,24
TES DT,0.5420743639921721,3.557328614437688e-16,0,8.168572514187424e-16,24
TES DT,0.5440313111545988,1.1960997673272404e-16,3.0490385287743137e-17,2.0872956817770495e-16,24
TES DT,0.5459882583170255,2.27338181889117e-16,4.2300903699328754e-18,4.504462734083011e-16,24
TES DT,0.547945205479452,1.660344273130944e-16,4.77349669634803e-17,2.843338876627085e-16,24
TES DT,0.5499021526418786,9.967486814261897e-17,2.8549808715689457e-17,1.707999275695485e-16,24
TES DT,0.5518590998043053,3.520543166580482e-16,0,8.008994599312706e-16,24
TES DT,0.5538160469667319,1.8631382674501516e-16,6.034203010740848e-17,3.1228562338262185e-16,24
TES DT,0.5557729941291585,3.2626958900550505e-16,1.7380951284284149e-16,4.787296651681686e-16,24
TES DT,0.557729941291585,4.674886703985292e-16,1.2442739646191477e-16,8.105499443351437e-16,24
TES DT,0.5596868884540117,2.48133662945861e-16,1.2120066534124935e-16,3.7506666055047267e-16,24
TES DT,0.5616438356164384,4.3289372548041717e-16,1.217408427770045e-16,7.440466081838298e-16,24
TES DT,0.5636007827788649,3.7807732597829e-16,2.0974571878165264e-16,5.464089331749273e-16,24
TES DT,0.5655577299412915,4.782329520324856e-16,2.190059998265761e-16,7.37459904238395e-16,24
TES DT,0.5675146771037182,2.0645811175752986e-16,1.1414965865406416e-16,2.9876656486099556e-16,24
TES DT,0.5694716242661448,2.0010497492789713e-16,1.114503845374022e-16,2.8875956531839206e-16,24
TES DT,0.5714285714285714,2.6336632400478605e-16,7.089035338200708e-17,4.558422946275651e-16,24
TES DT,0.573385518590998,2.7228140919639805e-16,1.3930867635954762e-16,4.052541420332485e-16,24
TES DT,0.5753424657534246,2.2398415478418904e-16,1.051119142505047e-16,3.4285639531787335e-16,24
TES DT,0.5772994129158513,8.268155325266751e-17,2.2908548517101145e-17,1.4245455798823387e-16,24
TES DT,0.5792563600782779,2.2191834705999998e-16,1.0826664851083268e-16,3.355700456091673e-16,24
TES DT,0.5812133072407044,4.367704031156485e-16,0,9.054879933168957e-16,24
TES DT,0.5831702544031311,4.732187461636919e-16,0,1.0143944043593226e-15,24
TES DT,0.5851272015655578,2.329291226349829e-16,7.925834711109508e-17,3.8659989815887076e-16,24
TES DT,0.5870841487279843,2.6761449495789125e-16,1.033564531376207e-16,4.318725367781618e-16,24
TES DT,0.5890410958904109,3.768364944132297e-16,1.327831469116508e-16,6.208898419148085e-16,24
TES DT,0.5909980430528375,4.44130982867465e-16,1.508788056187237e-16,7.373831601162063e-16,24
TES DT,0.5929549902152642,2.961539043077129e-16,1.545230822994491e-16,4.377847263159767e-16,24
TES DT,0.5949119373776908,1.8897666218380796e-16,8.076510400444059e-17,2.971882203631753e-16,24
TES DT,0.5968688845401173,2.3920322791159235e-16,1.2752653775201888e-16,3.508799180711658e-16,24
TES DT,0.598825831702544,2.687262241508902e-16,1.179744660489557e-16,4.194779822528247e-16,24
TES DT,0.6007827788649707,3.279415091930997e-16,1.6438291054236792e-16,4.915001078438315e-16,24
TES DT,0.6027397260273972,3.4450309929013613e-16,1.5888163222477105e-16,5.301245663555013e-16,24
TES DT,0.6046966731898238,3.0577671415361823e-16,1.170380580322973e-16,4.945153702749392e-16,24
TES DT,0.6066536203522505,1.8035760131308215e-16,9.55835344037342e-17,2.6513166822243007e-16,24
TES DT,0.6086105675146771,3.177189082121431e-16,2.0329888651970935e-16,4.3213892990457687e-16,24
TES DT,0.6105675146771037,2.2433964516591715e-16,1.2761414629258605e-16,3.2106514403924827e-16,24
TES DT,0.6125244618395302,1.8977186402202762e-16,8.806534373672183e-17,2.9147838430733343e-16,24
TES DT,0.6144814090019569,1.6250897197864576e-16,8.255881661361978e-17,2.4245912734367174e-16,24
TES DT,0.6164383561643836,2.154736027124737e-16,1.1409569939294878e-16,3.168515060319986e-16,24
TES DT,0.6183953033268101,3.0689866568460437e-16,1.1332781597443024e-16,5.004695153947785e-16,24
TES DT,0.6203522504892367,3.7314813220244576e-16,1.6355894322807642e-16,5.827373211768151e-16,24
TES DT,0.6223091976516634,2.718419642453799e-16,1.184045289573205e-16,4.2527939953343925e-16,24
TES DT,0.62426614481409,2.6588187076150883e-16,1.3111990177241142e-16,4.0064383975060625e-16,24
TES DT,0.6262230919765166,3.6560916898217275e-16,1.6778074845905333e-16,5.634375895052922e-16,24
TES DT,0.6281800391389432,3.552104222070601e-16,0,7.152088238750799e-16,24
TES DT,0.6301369863013698,4.5882606086310605e-16,0,1.0244617177847882e-15,24
TES DT,0.6320939334637965,2.1726905973508333e-16,9.7608651953961e-17,3.3692946751620565e-16,24
TES DT,0.6340508806262231,2.7882613290848883e-16,1.004135762689095e-16,4.572386895480681e-16,24
TES DT,0.6360078277886496,1.6895362520261597e-16,7.678425017002415e-17,2.611230002352078e-16,24
TES DT,0.6379647749510763,1.3268214938944486e-16,9.678952235322827e-18,2.5568534654356686e-16,24
TES DT,0.639921722113503,1.3584374276470055e-16,5.061789082152578e-17,2.2106959470787533e-16,24
TES DT,0.6418786692759295,1.453738655702202e-16,3.679150792482047e-17,2.5395622321561993e-16,24
TES DT,0.6438356164383561,1.2235555329407759e-16,2.2233882506171872e-17,2.224772240819833e-16,24
TES DT,0.6457925636007827,6.889551610859345e-17,0,1.507248488467895e-16,24
TES DT,0.6477495107632094,7.13528987043447e-17,0,1.531711657330355e-16,24
TES DT,0.649706457925636,1.163503607384209e-16,3.498172393312865e-18,2.2920254908352895e-16,24
TES DT,0.6516634050880625,4.953566238708423e-17,9.232525961551357e-18,8.983879881261711e-17,24
TES DT,0.6536203522504892,1.6533002316215336e-16,0,4.563467586654061e-16,24
TES DT,0.6555772994129159,2.362450079105834e-16,0,6.039064497773298e-16,24
TES DT,0.6575342465753424,9.101410651663561e-17,0,2.0567020703402682e-16,24
TES DT,0.659491193737769,3.3115093150906295e-17,0,9.059172057664002e-17,24
TES DT,0.6614481409001957,4.501184401375166e-17,0,1.1351516443798813e-16,24
TES DT,0.6634050880626223,8.141166028212164e-17,0,1.7347199506554265e-16,24
TES DT,0.6653620352250489,2.0973288094279538e-16,0,4.35170276112582e-16,24
TES DT,0.6673189823874754,3.891743733802125e-16,0,1.0978880194611115e-15,24
TES DT,0.6692759295499021,1.49436979867433e-16,0,3.2528516663103987e-16,24
TES DT,0.6712328767123288,9.768166005291646e-17,1.2425560379020718e-17,1.829377597268122e-16,24
TES DT,0.6731898238747553,1.1996895158907778e-16,1.2620988517434798e-17,2.2731691466072076e-16,24
TES DT,0.6751467710371819,7.858000251004586e-17,1.4479871108177762e-17,1.4268013391191396e-16,24
TES DT,0.6771037181996086,5.947904307869253e-17,0,1.2427255059690882e-16,24
TES DT,0.6790606653620352,5.75470881042418e-17,0,1.2196613610445516e-16,24
TES DT,0.6810176125244618,1.1065411777349744e-16,0,2.892482486905636e-16,24
TES DT,0.6829745596868884,1.4270095019337484e-16,0,3.7168679553621964e-16,24
TES DT,0.684931506849315,4.6830645509197366e-17,0,1.0727142971306718e-16,24
TES DT,0.6868884540117417,4.727247934477798e-17,0,1.3002905694080916e-16,24
TES DT,0.6888454011741683,1.879038706102023e-16,0,5.513543751549175e-16,24
TES DT,0.6908023483365948,5.336194483087635e-16,0,1.6113392648167957e-15,24
TES DT,0.6927592954990215,2.989144332256745e-16,0,9.119578867351216e-16,24
TES DT,0.6947162426614482,2.4577149002167773e-16,0,7.504479487256512e-16,24
TES DT,0.6966731898238747,9.904392473205712e-17,0,2.7349892560097465e-16,24
TES DT,0.6986301369863013,3.096475109495725e-17,0,6.76270656894061e-17,24
TES DT,0.700587084148728,1.6615548464641536e-17,0,3.799798031800023e-17,24
TES DT,0.7025440313111546,3.557607388296048e-17,0,9.625482293295834e-17,24
TES DT,0.7045009784735812,3.13406010175192e-17,0,6.982531499738898e-17,24
TES DT,0.7064579256360077,1.4529332062680995e-16,0,3.698047179997958e-16,24
TES DT,0.7084148727984344,6.716280507207136e-17,0,1.5531704542997196e-16,24
TES DT,0.7103718199608611,8.117030054751255e-17,0,1.8002648320957193e-16,24
TES DT,0.7123287671232876,4.762490981120325e-17,0,9.946439759401259e-17,24
TES DT,0.7142857142857142,4.3199937555732854e-17,0,9.939591792686254e-17,24
TES DT,0.7162426614481409,2.856246529770769e-16,0,8.11362169598259e-16,24
TES DT,0.7181996086105675,1.5147690273970869e-16,0,4.194637087843801e-16,24
TES DT,0.7201565557729941,5.1889393202003e-17,0,1.185140441177049e-16,24
TES DT,0.7221135029354206,4.2481434416246026e-17,0,9.045984554349011e-17,24
TES DT,0.7240704500978473,7.15849226190066e-17,0,1.6137842893844963e-16,24
TES DT,0.726027397260274,6.532361710384294e-17,0,1.4174356989211904e-16,24
TES DT,0.7279843444227005,1.005636634824813e-16,0,2.1697361927230184e-16,24
TES DT,0.7299412915851271,1.586161715237664e-16,0,4.064808748222804e-16,24
TES DT,0.7318982387475538,1.0088738275560786e-16,3.5790005753892856e-18,1.9819576493582643e-16,24
TES DT,0.7338551859099804,7.371910582876752e-17,6.5777181031619804e-18,1.4086049355437307e-16,24
TES DT,0.735812133072407,5.677135549858626e-17,0,1.1518105510016558e-16,24
TES DT,0.7377690802348336,1.470340217525994e-16,0,2.9879037988282117e-16,24
TES DT,0.7397260273972602,2.745912923007732e-16,0,5.743233035139161e-16,24
TES DT,0.7416829745596869,2.867381120384131e-16,0,5.930385756806317e-16,24
TES DT,0.7436399217221135,2.6242354854697623e-16,0,5.582878957196834e-16,24
TES DT,0.74559686888454,1.4761917893125883e-16,2.9279194212239237e-17,2.6595916365027846e-16,24
TES DT,0.7475538160469667,9.645950719633561e-17,9.323412357373466e-18,1.8359560203529774e-16,24
TES DT,0.7495107632093934,8.237324262867848e-17,4.1773413334445344e-18,1.6056914392391242e-16,24
TES DT,0.7514677103718199,2.0099461075809957e-16,7.930319518893285e-17,3.226860263272663e-16,24
TES DT,0.7534246575342465,2.2160054354350754e-16,9.8256197803903e-17,3.4494488928311205e-16,24
TES DT,0.7553816046966731,8.574832149873955e-16,0,2.0881381677201975e-15,24
TES DT,0.7573385518590998,4.96545130211556e-16,0,1.0803654977768912e-15,24
TES DT,0.7592954990215264,2.664912273126644e-16,1.323478673415932e-16,4.0063458728373563e-16,24
TES DT,0.7612524461839529,2.8004739372951684e-16,1.2969223873098918e-16,4.304025487280445e-16,24
TES DT,0.7632093933463796,1.7537483681133865e-16,7.656841070339597e-17,2.741812629192813e-16,24
TES DT,0.7651663405088063,8.778290439163684e-17,2.013034905540854e-17,1.5543545972786515e-16,24
TES DT,0.7671232876712328,1.0058778973030152e-16,3.0442434266057854e-17,1.707331451945452e-16,24
TES DT,0.7690802348336594,8.315511032676277e-17,1.5202287574371773e-17,1.5110793307915378e-16,24
TES DT,0.7710371819960861,8.886387828546351e-17,1.7685948857406567e-17,1.6004180771352044e-16,24
TES DT,0.7729941291585127,1.329535456681328e-16,0,2.8947590665157267e-16,24
TES DT,0.7749510763209393,1.6490874550388912e-16,4.776548378413784e-17,2.820520072236404e-16,24
TES DT,0.7769080234833659,2.2675609978766997e-16,0,5.351987974682303e-16,24
TES DT,0.7788649706457925,4.0315354017774506e-16,0,8.416138818927625e-16,24
TES DT,0.7808219178082192,1.768069276337549e-16,0,3.5851581084525807e-16,24
TES DT,0.7827788649706457,1.0259953502154179e-16,0,2.1299116125403315e-16,24
TES DT,0.7847358121330723,8.153542123971394e-17,1.6480529874276478e-17,1.465903126051514e-16,24
TES DT,0.786692759295499,1.8714341207562544e-16,0,4.633451511340044e-16,24
TES DT,0.7886497064579256,1.3640262092866503e-16,0,2.962155846087994e-16,24
TES DT,0.7906066536203522,6.702049425958922e-17,3.2062570101052025e-18,1.3083473150907325e-16,24
TES DT,0.7925636007827788,2.806084406144016e-16,2.9830296019789364e-17,5.313865852090138e-16,24
TES DT,0.7945205479452054,3.1552399215295176e-16,5.516001137460185e-17,5.758879729313017e-16,24
TES DT,0.7964774951076321,1.5075707022162105e-16,6.294789264204493e-17,2.385662478011972e-16,24
TES DT,0.7984344422700587,1.4946875633984082e-16,5.5427700006928334e-17,2.435098126727533e-16,24
TES DT,0.8003913894324852,2.826683878398175e-16,0,5.852781277893168e-16,24
TES DT,0.8023483365949119,2.6904217585031744e-16,0,5.530362698148653e-16,24
TES DT,0.8043052837573386,1.3438835252102e-16,3.7549301164387346e-17,2.312274038776526e-16,24
TES DT,0.8062622309197651,7.505698597305755e-17,2.465655141976441e-17,1.254574205263507e-16,24
TES DT,0.8082191780821917,1.0302612383973634e-16,3.187894986504964e-17,1.7417329781442305e-16,24
TES DT,0.8101761252446184,6.794385326305911e-17,1.7752526050361473e-17,1.1813518047575675e-16,24
TES DT,0.812133072407045,1.1092682908380935e-16,9.656325574367655e-18,2.1219733259325106e-16,24
TES DT,0.8140900195694716,5.029343339712148e-17,3.651608836319713e-18,9.693525795792325e-17,24
TES DT,0.8160469667318981,1.3908685542211384e-17,0,3.1148406793872955e-17,24
TES DT,0.8180039138943248,1.9478254612191164e-17,0,4.30667653350203e-17,24
TES DT,0.8199608610567515,1.5309184247507515e-16,0,3.939794965892838e-16,24
TES DT,0.821917808219178,1.2424104593938879e-16,0,2.8588410946009785e-16,24
TES DT,0.8238747553816046,6.629743320196144e-17,1.0493187235984184e-17,1.221016791679387e-16,24
TES DT,0.8258317025440313,6.529247568891e-17,0,1.3386415082705675e-16,24
TES DT,0.8277886497064579,1.0860651256165471e-17,0,2.1843202645151483e-17,24
TES DT,0.8297455968688845,2.502720128971682e-17,0,5.641767304428214e-17,24
TES DT,0.831702544031311,1.3337262867964633e-16,0,3.6805083388980265e-16,24
TES DT,0.8336594911937377,1.417061930884561e-16,0,3.0881311439910967e-16,24
TES DT,0.8356164383561644,8.549856802110799e-17,3.208761608123206e-17,1.389095199609839e-16,24
TES DT,0.837573385518591,1.3430917771110476e-16,5.0867211628703165e-17,2.1775114379350635e-16,24
TES DT,0.8395303326810175,2.330421823482388e-16,0,5.402418973959711e-16,24
TES DT,0.8414872798434442,3.099191709589788e-16,0,7.689578642219155e-16,24
TES DT,0.8434442270058709,2.861442168228308e-16,0,6.839813336479973e-16,24
TES DT,0.8454011741682974,1.852314739970817e-16,0,4.0569658154021344e-16,24
TES DT,0.847358121330724,2.7666416104229695e-16,0,6.033830245411557e-16,24
TES DT,0.8493150684931506,2.7602141735244193e-16,3.13658326628498e-17,5.206770020420341e-16,24
TES DT,0.8512720156555773,1.322612969090927e-16,6.249379168293445e-17,2.0202880213525098e-16,24
TES DT,0.8532289628180039,1.3786842278837833e-16,6.046895195838728e-17,2.1526789361836937e-16,24
TES DT,0.8551859099804304,1.4824859001049565e-16,6.569590963825746e-17,2.308012703827338e-16,24
TES DT,0.8571428571428571,1.859364616986085e-16,8.339104210632436e-17,2.8848188129089264e-16,24
TES DT,0.8590998043052838,1.6578671545060026e-16,4.9759739013251775e-17,2.818136918879487e-16,24
TES DT,0.8610567514677103,1.2293277793033496e-16,1.8602061362618653e-17,2.272634944980513e-16,24
TES DT,0.8630136986301369,7.877165002835037e-17,0,1.6539888784908447e-16,24
TES DT,0.8649706457925636,5.1485917038329954e-17,1.2435151924171878e-18,1.0172831888424271e-16,24
TES DT,0.8669275929549902,1.6939690591785748e-16,1.3772200700943884e-17,3.250216111347711e-16,24
TES DT,0.8688845401174168,2.7548142072017196e-16,2.4607787735623112e-17,5.263550537047208e-16,24
TES DT,0.8708414872798433,3.308385264760957e-16,0,6.75593951073046e-16,24
TES DT,0.87279843444227,2.6505983909797733e-16,0,5.543975605109475e-16,24
TES DT,0.8747553816046967,1.068159846101648e-16,2.820341633987981e-17,1.8542855288044977e-16,24
TES DT,0.8767123287671232,1.1009232140805117e-16,2.6964573327908288e-17,1.9322006948819405e-16,24
TES DT,0.8786692759295498,1.491908197163205e-16,5.1876696151222617e-17,2.465049432814184e-16,24
TES DT,0.8806262230919765,2.310886581929231e-16,8.137992945311423e-17,3.8079738693273197e-16,24
TES DT,0.8825831702544031,2.4472784525932523e-16,1.0630083351687809e-16,3.8315485700177235e-16,24
TES DT,0.8845401174168297,1.68703216067913e-16,7.084659361208513e-17,2.6655983852374085e-16,24
TES DT,0.8864970645792563,3.3926560517367393e-16,0,6.834949407819066e-16,24
TES DT,0.8884540117416829,3.720451783277694e-16,0,7.918172984929505e-16,24
TES DT,0.8904109589041096,2.8159377863166925e-16,0,6.996502835256363e-16,24
TES DT,0.8923679060665362,2.243102188554794e-16,0,4.802607320129739e-16,24
TES DT,0.8943248532289627,1.5136171549071164e-16,4.652853059218172e-17,2.5619490038924156e-16,24
TES DT,0.8962818003913894,1.855016656042613e-16,0,3.7701582892577874e-16,24
TES DT,0.898238747553816,1.0329176574170741e-16,0,2.2916437382398225e-16,24
TES DT,0.9001956947162426,1.021049783922431e-16,3.2523179608341213e-17,1.7168677717614499e-16,24
TES DT,0.9021526418786692,2.406820754718381e-16,0,5.205298312519966e-16,24
TES DT,0.9041095890410958,3.23952664113431e-16,3.6298014163062046e-17,6.116073140638e-16,24
TES DT,0.9060665362035225,1.6408869462405303e-16,7.941419626558945e-18,3.2023596962154713e-16,24
TES DT,0.9080234833659491,1.3235741026427998e-16,0,2.6509638120373343e-16,24
TES DT,0.9099804305283756,1.3665643935559497e-16,3.249113150154604e-17,2.408217472096439e-16,24
TES DT,0.9119373776908023,1.485877477797523e-16,5.99063947142651e-17,2.372691008452395e-16,24
TES DT,0.913894324853229,1.469187706185207e-16,5.749016424750848e-17,2.363473769895329e-16,24
TES DT,0.9158512720156555,1.4059960845907606e-16,6.852884828879645e-17,2.1267036862935568e-16,24
TES DT,0.9178082191780821,1.284640163970314e-16,2.9565974629234465e-17,2.2736205816482834e-16,24
TES DT,0.9197651663405088,1.8797267093373806e-16,4.3158797204631534e-17,3.3278654466284456e-16,24
TES DT,0.9217221135029354,2.009442663369538e-16,3.2496834828169394e-17,3.693916978457382e-16,24
TES DT,0.923679060665362,2.0053314339326093e-16,7.12351437350049e-17,3.29831143051517e-16,24
TES DT,0.9256360078277885,1.9304320714878965e-16,1.103241874437425e-17,3.7505399555320505e-16,24
TES DT,0.9275929549902152,1.638540570382658e-16,3.1449825881031764e-17,2.9625828819549983e-16,24
TES DT,0.9295499021526419,1.0762734922238832e-16,2.3659940671158887e-17,1.9159475777361774e-16,24
TES DT,0.9315068493150684,1.1918318961196126e-16,2.033300190138999e-17,2.1803337732253252e-16,24
TES DT,0.933463796477495,1.832765072131902e-16,0,3.9769400416810267e-16,24
TES DT,0.9354207436399217,2.7969178713044035e-16,0,6.951968567348823e-16,24
TES DT,0.9373776908023483,1.943810095895146e-16,0,4.448361141801755e-16,24
TES DT,0.9393346379647749,1.3687655040414618e-16,4.1433990972403384e-17,2.32319109835889e-16,24
TES DT,0.9412915851272015,1.5385930022699113e-16,5.3001838595361963e-17,2.547167618586203e-16,24
TES DT,0.9432485322896281,1.8210792666182308e-16,6.625758197941748e-17,2.979582713442287e-16,24
TES DT,0.9452054794520548,2.831806264358212e-16,1.0104900731426913e-16,4.653122455573733e-16,24
TES DT,0.9471624266144814,2.3739866264446515e-16,3.7339285353411595e-17,4.374580399355187e-16,24
TES DT,0.9491193737769079,3.5562753371878706e-16,9.93506723494816e-17,6.119043950880925e-16,24
TES DT,0.9510763209393346,3.6276609096086324e-16,5.455971685993413e-17,6.709724650617923e-16,24
TES DT,0.9530332681017613,2.0649088469490777e-16,8.821274892952761e-17,3.2476902046028794e-16,24
TES DT,0.9549902152641878,2.173414763039296e-16,9.915957036720025e-17,3.3552338224065893e-16,24
TES DT,0.9569471624266144,2.663345894533394e-16,1.5635299366382663e-16,3.763161852428522e-16,24
TES DT,0.958904109589041,1.8297189989580375e-16,8.009104919264534e-17,2.8585275059896216e-16,24
TES DT,0.9608610567514677,1.8223988099188062e-16,9.547827449738646e-17,2.6900148748637476e-16,24
TES DT,0.9628180039138943,1.7704434368372466e-16,8.429566709764466e-17,2.6979302026980467e-16,24
TES DT,0.9647749510763208,2.3163308638903606e-16,6.672108752898416e-17,3.9654508524908796e-16,24
TES DT,0.9667318982387475,2.9663370701124917e-16,0,6.248138444772446e-16,24
TES DT,0.9686888454011742,3.453536332397241e-16,0,7.994970603137724e-16,24
TES DT,0.9706457925636007,3.026696353202723e-16,3.5168669142280294e-17,5.701706014982643e-16,24
TES DT,0.9726027397260273,1.7678422246885238e-16,8.687245345098342e-17,2.6669599148672134e-16,24
TES DT,0.974559686888454,1.246317375477224e-16,5.567330570483835e-17,1.9359016939060645e-16,24
TES DT,0.9765166340508806,8.317168626296192e-17,3.593992085477758e-17,1.3040345167114624e-16,24
TES DT,0.9784735812133072,1.5098014381697778e-16,8.257645966144901e-17,2.1938382797250656e-16,24
TES DT,0.9804305283757337,2.814390290528977e-16,1.2479667678660373e-16,4.380813813191917e-16,24
TES DT,0.9823874755381604,4.543648825512186e-16,1.8934838548054601e-16,7.193813796218913e-16,24
TES DT,0.9843444227005871,2.2262630991101206e-16,8.229286484170335e-17,3.6295975498032076e-16,24
TES DT,0.9863013698630136,2.354678722344268e-16,1.228946145174102e-16,3.4804112995144347e-16,24
TES DT,0.9882583170254402,3.0136957438568333e-16,1.1007230114111137e-16,4.926668476302553e-16,24
TES DT,0.9902152641878669,3.611842466702882e-16,1.897178758536723e-16,5.326506174869041e-16,24
TES DT,0.9921722113502935,3.0566260548344625e-16,1.5672501208116026e-16,4.546001988857323e-16,24
TES DT,0.9941291585127201,2.7807586530202065e-16,1.4095213999509416e-16,4.1519959060894717e-16,24
TES DT,0.9960861056751467,2.886749961602825e-16,1.7020003996241805e-16,4.0714995235814696e-16,24
TES DT,0.9980430528375733,2.678166817192719e-16,1.619197199293499e-16,3.737136435091939e-16,24
TES DT,1,2.6733728109958313e-16,1.5415914083139622e-16,3.8051542136777004e-16,24
WES DT,0,1.1338825732830156,0.5510912298137614,1.7166739167522698,17
WES DT,0.0019569471624266144,1.411835053832658,0.7543265650486756,2.0693435426166404,17
WES DT,0.003913894324853229,1.7260382952202638,0.9995395934355507,2.4525369970049766,17
WES DT,0.005870841487279843,2.0706705952623192,1.2821937173535676,2.859147473171071,17
WES DT,0.007827788649706457,2.4390202438574713,1.5919861893805005,3.286054298334442,17
WES DT,0.009784735812133072,2.827646792206079,1.915882740542153,3.7394108438700053,17
WES DT,0.011741682974559686,3.2393525887946395,2.2446995122524065,4.2340056653368725,17
WES DT,0.0136986301369863,3.6835885566579605,2.5805503212674266,4.786626792048494,17
WES DT,0.015655577299412915,4.172081356605168,2.936927256498114,5.407235456712222,17
WES DT,0.01761252446183953,4.713326936989211,3.332033856890398,6.094620017088024,17
WES DT,0.019569471624266144,5.31182658681373,3.7824489249325577,6.841204248694902,17
WES DT,0.021526418786692758,5.965167321068932,4.296852208476345,7.63348243366152,17
WES DT,0.023483365949119372,6.665948239176502,4.8764084013193285,8.455488077033674,17
WES DT,0.025440313111545987,7.401315093486526,5.514647905134519,9.287982281838534,17
WES DT,0.0273972602739726,8.151580002606208,6.198936282765031,10.104223722447385,17
WES DT,0.029354207436399216,8.88637178562676,6.906852885081391,10.86589068617213,17
WES DT,0.03131115459882583,9.5744543085499,7.61548586940584,11.533422747693958,17
WES DT,0.033268101761252444,10.19187254785349,8.303938163558412,12.07980693214857,17
WES DT,0.03522504892367906,10.729064089518646,8.959054253557396,12.499073925479896,17
WES DT,0.03718199608610567,11.195635624088753,9.57833818759703,12.812933060580477,17
WES DT,0.03913894324853229,11.607497871190581,10.161675235813917,13.053320506567246,17
WES DT,0.0410958904109589,11.979556888483621,10.707398343880818,13.251715433086424,17
WES DT,0.043052837573385516,12.318447071556783,11.200724845296937,13.436169297816628,17
WES DT,0.04500978473581213,12.620374741963493,11.613231735888458,13.627517748038528,17
WES DT,0.046966731898238745,12.873202222605638,11.914853410879802,13.831551034331474,17
WES DT,0.04892367906066536,13.0631819621804,12.092195959428205,14.034167964932594,17
WES DT,0.050880626223091974,13.182338635848534,12.153720423406345,14.210956848290724,17
WES DT,0.05283757338551859,13.239347791609308,12.124530642277648,14.354164940940969,17
WES DT,0.0547945205479452,13.257937608451153,12.037635657017296,14.47823955988501,17
WES DT,0.05675146771037182,13.26747177599209,11.92152038984885,14.613423162135332,17
WES DT,0.05870841487279843,13.293148481504959,11.800975353689863,14.785321609320055,17
WES DT,0.060665362035225046,13.342861818248954,11.6906121070618,14.995111529436109,17
WES DT,0.06262230919765166,13.403377938554208,11.594445236516798,15.212310640591618,17
WES DT,0.06457925636007827,13.444390175999805,11.507177400935554,15.381602951064057,17
WES DT,0.06653620352250489,13.432015276542936,11.420535257373366,15.443495295712506,17
WES DT,0.0684931506849315,13.342643648351604,11.328707928515119,15.35657936818809,17
WES DT,0.07045009784735812,13.172740453712615,11.23099474992126,15.11448615750397,17
WES DT,0.07240704500978473,12.935680057326543,11.126867146470778,14.744492968182309,17
WES DT,0.07436399217221135,12.65830296589398,11.008602083125366,14.308003848662596,17
WES DT,0.07632093933463796,12.362550135752752,10.862910980851442,13.862189290654062,17
WES DT,0.07827788649706457,12.054024343925418,10.669164807092104,13.438883880758732,17
WES DT,0.08023483365949119,11.721584871028934,10.406550763978906,13.036618978078963,17
WES DT,0.0821917808219178,11.34974095539579,10.069338385990394,12.630143524801186,17
WES DT,0.08414872798434442,10.933348291728116,9.673419610092557,12.193276973363675,17
WES DT,0.08610567514677103,10.48128174591764,9.24669186022361,11.71587163161167,17
WES DT,0.08806262230919765,10.007068330653153,8.811882641419576,11.20225401988673,17
WES DT,0.09001956947162426,9.517163332026083,8.371971124484869,10.662355539567297,17
WES DT,0.09197651663405088,9.003460042451547,7.909968570017539,10.096951514885555,17
WES DT,0.09393346379647749,8.445058848721503,7.396121817408281,9.493995880034726,17
WES DT,0.0958904109589041,7.8140689639186665,6.800786762602673,8.82735116523466,17
WES DT,0.09784735812133072,7.080330381402422,6.101186701508087,8.059474061296756,17
WES DT,0.09980430528375733,6.22740435502711,5.290244353903795,7.164564356150425,17
WES DT,0.10176125244618395,5.275397279230076,4.385719317123388,6.165075241336765,17
WES DT,0.10371819960861056,4.286821593194546,3.4382856997276434,5.135357486661448,17
WES DT,0.10567514677103718,3.3475585412641475,2.53186704320404,4.1632500393242555,17
WES DT,0.10763209393346379,2.5307181454488736,1.7521372199921235,3.309299070905624,17
WES DT,0.1095890410958904,1.8732527401696315,1.1476184072727267,2.5988870730665363,17
WES DT,0.11154598825831702,1.3745076104616714,0.7198886532890596,2.0291265676342833,17
WES DT,0.11350293542074363,1.0089636484025544,0.4379896448381597,1.579937651966949,17
WES DT,0.11545988258317025,0.7441856229405955,0.26171439609718855,1.2266568497840025,17
WES DT,0.11741682974559686,0.5511189964784524,0.15438202177214977,0.9478559711847551,17
WES DT,0.11937377690802348,0.40838787352906003,0.08994363234540897,0.726832114712711,17
WES DT,0.12133072407045009,0.3015434993524538,0.051277793046156706,0.5518092056587509,17
WES DT,0.1232876712328767,0.22095189271933308,0.02800295689383636,0.4139008285448298,17
WES DT,0.12524461839530332,0.16011995791160064,0.013986079524980932,0.30625383629822034,17
WES DT,0.12720156555772993,0.11486426822685798,0.0054482509300457505,0.22428028552367021,17
WES DT,0.12915851272015655,0.08126862163732451,6.052999173609408e-4,0.16193194335728808,17
WES DT,0.13111545988258316,0.05670137100684871,0,0.11525987383607911,17
WES DT,0.13307240704500978,0.03904130002756881,0,0.08091614651359025,17
WES DT,0.1350293542074364,0.026494671081783955,0,0.05595587688151225,17
WES DT,0.136986301369863,0.017764628600580833,0,0.038170456578870145,17
WES DT,0.13894324853228962,0.011741283244462098,0,0.02563892424240243,17
WES DT,0.14090019569471623,0.007636059903282811,0,0.016931176528744426,17
WES DT,0.14285714285714285,0.004884259162342546,0,0.010986257339688462,17
WES DT,0.14481409001956946,0.003091292744431219,0,0.007057123982352595,17
WES DT,0.14677103718199608,0.0019381267423125843,0,0.00449484189430382,17
WES DT,0.1487279843444227,0.001194829370037046,0,0.002813911485520637,17
WES DT,0.1506849315068493,7.253724189672256e-4,0,0.0017327982118969434,17
WES DT,0.15264187866927592,4.3446230404211466e-4,0,0.0010505323442450579,17
WES DT,0.15459882583170254,2.555358567908776e-4,0,6.25045947873819e-4,17
WES DT,0.15655577299412915,1.4772731410956687e-4,0,3.650347305383661e-4,17
WES DT,0.15851272015655576,8.402337174612849e-5,0,2.092820701667051e-4,17
WES DT,0.16046966731898238,4.6821754654146944e-5,0,1.1753337027475248e-4,17
WES DT,0.162426614481409,2.5550080246381196e-5,0,6.463608240637244e-5,17
WES DT,0.1643835616438356,1.404062805944754e-5,0,3.598579554048505e-5,17
WES DT,0.16634050880626222,7.582346444738922e-6,0,1.969319089228929e-5,17
WES DT,0.16829745596868884,4.010405371352746e-6,0,1.055079722088905e-5,17
WES DT,0.17025440313111545,2.0851698619910953e-6,0,5.543083462421402e-6,17
WES DT,0.17221135029354206,1.0670629428472292e-6,0,2.8565234854292827e-6,17
WES DT,0.17416829745596868,5.338854196737027e-7,0,1.4389280122171385e-6,17
WES DT,0.1761252446183953,2.611253717699315e-7,0,7.084278727063935e-7,17
WES DT,0.1780821917808219,1.2513048422978727e-7,0,3.411194341454924e-7,17
WES DT,0.18003913894324852,5.856650627587595e-8,0,1.604702829238091e-7,17
WES DT,0.18199608610567514,2.7304679742804953e-8,0,7.538799546883801e-8,17
WES DT,0.18395303326810175,1.2932375393773178e-8,0,3.61318519937912e-8,17
WES DT,0.18590998043052837,5.9684087604693765e-9,0,1.6856254759341665e-8,17
WES DT,0.18786692759295498,2.6850187554654085e-9,0,7.65809788260247e-9,17
WES DT,0.1898238747553816,1.1833935243901634e-9,0,3.3957583628267702e-9,17
WES DT,0.1917808219178082,5.107659634342356e-10,0,1.4696016251329381e-9,17
WES DT,0.19373776908023482,2.1466874513536535e-10,0,6.195091716145622e-10,17
WES DT,0.19569471624266144,8.789872105902689e-11,0,2.5448270549203845e-10,17
WES DT,0.19765166340508805,3.509465772921423e-11,0,1.0191563803991627e-10,17
WES DT,0.19960861056751467,1.3661877550154302e-11,0,3.9798568753595376e-11,17
WES DT,0.20156555772994128,5.587342810264267e-12,0,1.6406672186026955e-11,17
WES DT,0.2035225048923679,2.2637854928455136e-12,0,6.701730500303601e-12,17
WES DT,0.2054794520547945,8.86800326097241e-13,0,2.6434642256681585e-12,17
WES DT,0.20743639921722112,3.3648867947913703e-13,0,1.009083772517821e-12,17
WES DT,0.20939334637964774,1.2426380161776006e-13,0,3.7377847871557634e-13,17
WES DT,0.21135029354207435,4.4608201778883286e-14,0,1.344014838047529e-13,17
WES DT,0.21330724070450097,1.5499557748445082e-14,0,4.6830813016151826e-14,17
WES DT,0.21526418786692758,5.164926979558511e-15,0,1.570431962210669e-14,17
WES DT,0.2172211350293542,1.629410326998536e-15,0,5.014590326284895e-15,17
WES DT,0.2191780821917808,4.276234691799547e-16,0,1.3341447275659172e-15,17
WES DT,0.22113502935420742,1.7406625155431256e-16,0,5.430702206398796e-16,17
WES DT,0.22309197651663404,4.2559222539229147e-17,0,1.3278074393087765e-16,17
WES DT,0.22504892367906065,4.450910226759873e-18,0,1.3886418402826198e-17,17
WES DT,0.22700587084148727,9.621423149103402e-18,0,2.397191341836474e-17,17
WES DT,0.22896281800391388,4.286346221668368e-17,0,1.0037496090251738e-16,17
WES DT,0.2309197651663405,2.3077578546586766e-17,0,5.62618323936311e-17,17
WES DT,0.2328767123287671,2.4150319458804413e-17,0,6.024023926493156e-17,17
WES DT,0.23483365949119372,2.6482735433072627e-17,0,6.450646714912822e-17,17
WES DT,0.23679060665362034,1.5232672942193666e-17,0,3.540583751526065e-17,17
WES DT,0.23874755381604695,4.2703541160775006e-17,0,1.0305322305429815e-16,17
WES DT,0.24070450097847357,4.304487713476496e-17,0,9.270180538656649e-17,17
WES DT,0.24266144814090018,3.331813363144752e-17,0,7.760995039848249e-17,17
WES DT,0.2446183953033268,2.4889694903468134e-17,0,5.794579063221099e-17,17
WES DT,0.2465753424657534,4.499137780806951e-18,0,1.403688380426616e-17,17
WES DT,0.24853228962818003,7.488513481304883e-18,0,2.3363452893612903e-17,17
WES DT,0.25048923679060664,2.3783708536553414e-17,0,7.12273206146929e-17,17
WES DT,0.25244618395303325,1.575656124575182e-17,0,4.5899562992444444e-17,17
WES DT,0.25440313111545987,0,0,0,17
WES DT,0.2563600782778865,0,0,0,17
WES DT,0.2583170254403131,0,0,0,17
WES DT,0.2602739726027397,7.948720565429575e-20,0,2.4799255414112693e-19,17
WES DT,0.2622309197651663,3.569291832480983e-18,0,9.583345490123112e-18,17
WES DT,0.26418786692759294,2.999464155446945e-18,0,7.362711924071775e-18,17
WES DT,0.26614481409001955,8.88200999788491e-18,0,2.0714895766649563e-17,17
WES DT,0.26810176125244617,9.54778993112755e-18,0,2.0484768267718614e-17,17
WES DT,0.2700587084148728,8.49297907141067e-18,0,2.1388613435342195e-17,17
WES DT,0.2720156555772994,2.0044523696896454e-17,0,5.232499362548255e-17,17
WES DT,0.273972602739726,1.9868922676483585e-17,0,5.0142461348580164e-17,17
WES DT,0.2759295499021526,3.313595051502561e-17,0,7.779950915352586e-17,17
WES DT,0.27788649706457924,2.8164367027297506e-17,0,7.448221007768029e-17,17
WES DT,0.27984344422700586,6.113486196462456e-17,0,1.6527204289284509e-16,17
WES DT,0.28180039138943247,5.0156162217862836e-17,0,1.322514219218379e-16,17
WES DT,0.2837573385518591,4.54678086856682e-17,0,1.0435550200158389e-16,17
WES DT,0.2857142857142857,5.687856493414439e-17,0,1.2369403006669004e-16,17
WES DT,0.2876712328767123,6.296299497632248e-17,0,1.3291127220403437e-16,17
WES DT,0.2896281800391389,1.0715398488818828e-16,9.556080052980704e-18,2.0475188972339586e-16,17
WES DT,0.29158512720156554,1.3208860480365188e-16,1.5881054492353962e-17,2.4829615511494977e-16,17
WES DT,0.29354207436399216,1.7900527732111377e-16,3.8857508750183025e-17,3.191530458920445e-16,17
WES DT,0.29549902152641877,2.310358741640378e-16,5.761997911149092e-17,4.0445176921658467e-16,17
WES DT,0.2974559686888454,2.964005344810597e-16,5.420916859943278e-17,5.385919003626866e-16,17
WES DT,0.299412915851272,3.3482819200791087e-16,1.4409159297170298e-16,5.255647910441188e-16,17
WES DT,0.3013698630136986,3.7004022106777856e-16,1.495095107972421e-16,5.90570931338315e-16,17
WES DT,0.30332681017612523,3.120574104195229e-16,7.326499241858588e-17,5.5084982842046e-16,17
WES DT,0.30528375733855184,2.6758786296611253e-16,1.0838369320843944e-16,4.2679203272378565e-16,17
WES DT,0.30724070450097846,2.501847343843878e-16,9.996801311640555e-17,4.0040145565237e-16,17
WES DT,0.30919765166340507,3.0062111924390363e-16,1.3191370554703656e-16,4.6932853294077065e-16,17
WES DT,0.3111545988258317,2.0554471803309598e-16,1.0120045386869731e-16,3.0988898219749465e-16,17
WES DT,0.3131115459882583,2.39519110602131e-16,1.198112712942368e-16,3.5922694991002517e-16,17
WES DT,0.3150684931506849,2.746914910143187e-16,1.5021533910074465e-16,3.991676429278927e-16,17
WES DT,0.31702544031311153,4.0443832518343444e-16,2.1813200682437356e-16,5.907446435424953e-16,17
WES DT,0.31898238747553814,3.6967503630921163e-16,2.379264389174267e-16,5.014236337009966e-16,17
WES DT,0.32093933463796476,4.4032792970464e-16,2.8162955058393746e-16,5.990263088253426e-16,17
WES DT,0.32289628180039137,6.779403998947973e-16,4.62285241966552e-16,8.935955578230427e-16,17
WES DT,0.324853228962818,6.232669645463531e-16,4.2457802361388e-16,8.219559054788263e-16,17
WES DT,0.3268101761252446,6.195049916645883e-16,4.300054102183866e-16,8.0900457311079e-16,17
WES DT,0.3287671232876712,5.625862731854406e-16,3.7030293602290715e-16,7.54869610347974e-16,17
WES DT,0.33072407045009783,4.886745707028975e-16,2.689590987368291e-16,7.08390042668966e-16,17
WES DT,0.33268101761252444,4.463542322370834e-16,2.0950756486654172e-16,6.832008996076251e-16,17
WES DT,0.33463796477495106,4.56971716103324e-16,2.7734738372446007e-16,6.36596048482188e-16,17
WES DT,0.33659491193737767,1.9677261106483343e-16,7.246551852625392e-17,3.210797036034129e-16,17
WES DT,0.3385518590998043,1.8442084774570485e-16,6.326117485205407e-17,3.055805206393556e-16,17
WES DT,0.3405088062622309,1.5411548269750329e-16,5.852408610992794e-17,2.497068792850786e-16,17
WES DT,0.3424657534246575,2.4499913283354325e-16,1.143685017688215e-16,3.75629763898265e-16,17
WES DT,0.34442270058708413,2.5545086722358593e-16,1.3983194682406795e-16,3.710697876231039e-16,17
WES DT,0.34637964774951074,2.041375840700458e-16,9.023662741726329e-17,3.180385407228283e-16,17
WES DT,0.34833659491193736,2.2638261406731384e-16,1.1592387529869317e-16,3.368413528359345e-16,17
WES DT,0.350293542074364,2.1908388340978953e-16,5.303464254924481e-17,3.8513312427033427e-16,17
WES DT,0.3522504892367906,2.951461278008122e-16,1.134048347204755e-16,4.76887420881149e-16,17
WES DT,0.3542074363992172,3.3127211580695473e-16,1.78301203284952e-16,4.842430283289575e-16,17
WES DT,0.3561643835616438,3.700675167956679e-16,1.9331844585869986e-16,5.468165877326359e-16,17
WES DT,0.35812133072407043,2.485160687387589e-16,2.5938619399851865e-17,4.71093518077666e-16,17
WES DT,0.36007827788649704,1.9900543578760934e-16,5.158430683445788e-17,3.464265647407608e-16,17
WES DT,0.36203522504892366,2.803852329229119e-16,1.1982732967512896e-16,4.409431361706949e-16,17
WES DT,0.3639921722113503,2.1889142684776725e-16,9.910757170258473e-17,3.3867528199294977e-16,17
WES DT,0.3659491193737769,7.170468478026883e-17,2.5921739841373407e-17,1.1748762971916426e-16,17
WES DT,0.3679060665362035,1.3559026807517404e-17,2.6430987103373506e-19,2.6853743744001072e-17,17
WES DT,0.3698630136986301,9.603616397965953e-17,0,2.0058340174171626e-16,17
WES DT,0.37181996086105673,4.1898429974556006e-17,1.4686189212374904e-17,6.911067073673711e-17,17
WES DT,0.37377690802348335,2.7539713198176068e-17,4.2163844794325204e-19,5.4657787948408884e-17,17
WES DT,0.37573385518590996,1.6752561941642115e-17,0,4.3255515458920515e-17,17
WES DT,0.3776908023483366,3.9106269547905007e-17,0,8.689773910832156e-17,17
WES DT,0.3796477495107632,1.210542447946287e-17,0,2.9242940186138814e-17,17
WES DT,0.3816046966731898,1.3039849135004202e-17,0,3.717489615548075e-17,17
WES DT,0.3835616438356164,1.1014718591939476e-18,0,3.436487890442284e-18,17
WES DT,0.38551859099804303,3.1205166839419594e-17,0,7.45668012526454e-17,17
WES DT,0.38747553816046965,4.2988678582487834e-17,0,9.723735407756056e-17,17
WES DT,0.38943248532289626,1.897754658762104e-17,0,5.4621197008766374e-17,17
WES DT,0.3913894324853229,1.3103604007933153e-17,0,3.244045570663391e-17,17
WES DT,0.3933463796477495,2.3548191887118818e-17,0,6.890300620821135e-17,17
WES DT,0.3953033268101761,2.4982132768221212e-17,0,6.161816860228694e-17,17
WES DT,0.3972602739726027,8.689976782652528e-18,0,1.796743558116549e-17,17
WES DT,0.39921722113502933,7.50623760528282e-18,0,2.2790227143494225e-17,17
WES DT,0.40117416829745595,1.1319135889643194e-17,0,3.340698724332699e-17,17
WES DT,0.40313111545988256,2.938928562067922e-17,0,8.814900155426697e-17,17
WES DT,0.4050880626223092,8.129895353459809e-18,0,2.3289328592753415e-17,17
WES DT,0.4070450097847358,2.0151575741412436e-17,0,5.514028504829804e-17,17
WES DT,0.4090019569471624,7.03185607295422e-18,0,1.6391126985961477e-17,17
WES DT,0.410958904109589,1.9143530395991304e-17,0,4.2448969294444734e-17,17
WES DT,0.41291585127201563,2.2496053024737826e-17,0,5.3510894802119756e-17,17
WES DT,0.41487279843444225,2.6136013313392467e-18,0,7.024446584977914e-18,17
WES DT,0.41682974559686886,4.374916682809122e-18,0,1.364932574234765e-17,17
WES DT,0.4187866927592955,2.6604039481491486e-17,0,6.692327956112077e-17,17
WES DT,0.4207436399217221,2.6299620312474964e-17,0,6.14395565325791e-17,17
WES DT,0.4227005870841487,1.2205272995242903e-16,1.8489889369564195e-17,2.2561557053529386e-16,17
WES DT,0.4246575342465753,1.246174995794809e-16,2.0256428578244764e-17,2.2897857058071703e-16,17
WES DT,0.42661448140900193,1.0041713972439489e-16,0,2.1201360011260907e-16,17
WES DT,0.42857142857142855,1.4466331651987724e-16,4.137957662813124e-17,2.4794705641162326e-16,17
WES DT,0.43052837573385516,1.6697942862669424e-16,5.391363252445583e-17,2.8004522472893266e-16,17
WES DT,0.4324853228962818,1.25584719486925e-16,3.709395977887031e-17,2.1407547919497967e-16,17
WES DT,0.4344422700587084,1.176758268842258e-16,0,2.4631553526078227e-16,17
WES DT,0.436399217221135,2.419720798112693e-17,0,6.203853106225288e-17,17
WES DT,0.4383561643835616,1.7733923419622282e-17,0,4.77748439607195e-17,17
WES DT,0.44031311154598823,3.9285303608797195e-18,0,1.1552634804068507e-17,17
WES DT,0.44227005870841485,5.008518419958302e-18,0,1.136760487667528e-17,17
WES DT,0.44422700587084146,1.3372263804523899e-17,0,3.021685127714422e-17,17
WES DT,0.4461839530332681,1.0518379993898586e-17,0,3.2816349482187024e-17,17
WES DT,0.4481409001956947,2.1800248769141216e-18,0,6.80147116591853e-18,17
WES DT,0.4500978473581213,3.9844608551581804e-17,0,8.558962144714736e-17,17
WES DT,0.4520547945205479,1.3550265661717627e-17,0,2.92715839083025e-17,17
WES DT,0.45401174168297453,3.067450179410812e-17,0,7.455161052461879e-17,17
WES DT,0.45596868884540115,3.4759255714196085e-17,0,7.440702962296766e-17,17
WES DT,0.45792563600782776,8.421336739123075e-17,0,1.752925580294302e-16,17
WES DT,0.4598825831702544,3.287310971694544e-17,0,6.592494582224316e-17,17
WES DT,0.461839530332681,1.219132036314379e-16,4.5058347856663454e-17,1.9876805940621237e-16,17
WES DT,0.4637964774951076,2.0510009295644604e-16,1.0116535229370866e-16,3.0903483361918342e-16,17
WES DT,0.4657534246575342,1.4096327813735766e-16,4.69721876385658e-17,2.3495436863614953e-16,17
WES DT,0.46771037181996084,3.5195950484221164e-17,1.2493241963596995e-18,6.914257677208262e-17,17
WES DT,0.46966731898238745,2.8545240385816736e-17,0,6.429599227379417e-17,17
WES DT,0.47162426614481406,4.677395206921681e-17,6.717486652613927e-18,8.68304174858197e-17,17
WES DT,0.4735812133072407,3.748443727682442e-17,2.757264564322359e-18,7.221160998932648e-17,17
WES DT,0.4755381604696673,4.9760214606932587e-17,1.0412265534119666e-18,9.847920266045321e-17,17
WES DT,0.4774951076320939,2.0190838119205528e-17,1.0185867438119794e-18,3.936308949459908e-17,17
WES DT,0.4794520547945205,4.768499222204126e-17,0,9.990061252770061e-17,17
WES DT,0.48140900195694714,1.1194070897708374e-16,2.790185352571196e-17,1.9597956442845552e-16,17
WES DT,0.48336594911937375,1.0793624015820377e-16,4.2661526935154633e-17,1.7321095338125292e-16,17
WES DT,0.48532289628180036,5.636977599593758e-17,6.804351080690654e-18,1.059352009111845e-16,17
WES DT,0.487279843444227,7.643596343334703e-17,0,1.6830663101934677e-16,17
WES DT,0.4892367906066536,1.1974106769314673e-16,0,2.4065556157265654e-16,17
WES DT,0.4911937377690802,1.8517147073043453e-16,7.864364711329196e-17,2.916992943475771e-16,17
WES DT,0.4931506849315068,1.4771211149270341e-16,6.024622113772966e-17,2.351780018476772e-16,17
WES DT,0.49510763209393344,1.1778556816611148e-16,2.268303720957503e-17,2.1288809912264792e-16,17
WES DT,0.49706457925636005,1.7207232385668925e-16,6.838282430880187e-17,2.7576182340457663e-16,17
WES DT,0.49902152641878667,2.0421129616614814e-16,1.0221216396679734e-16,3.0621042836549896e-16,17
WES DT,0.5009784735812133,9.248036719644784e-17,2.3607159976158315e-17,1.6135357441673734e-16,17
WES DT,0.5029354207436398,1.7418652585598058e-16,7.104618385339938e-17,2.7732686785856177e-16,17
WES DT,0.5048923679060665,1.4573095545141005e-16,3.885357256011776e-17,2.526083383427023e-16,17
WES DT,0.5068493150684932,1.5383024099742923e-16,2.5381562942884503e-17,2.8227891905197395e-16,17
WES DT,0.5088062622309197,1.7189809208027597e-16,4.276306140092395e-17,3.01033122759628e-16,17
WES DT,0.5107632093933463,1.0414264719481574e-16,2.340476704691938e-17,1.848805273427121e-16,17
WES DT,0.512720156555773,9.98080497840406e-17,2.896978664201552e-17,1.7064631292606567e-16,17
WES DT,0.5146771037181996,1.6197412547272802e-16,6.645824796920938e-17,2.5749000297624664e-16,17
WES DT,0.5166340508806262,1.0831346598279062e-16,4.0927898583506274e-17,1.7569903338207498e-16,17
WES DT,0.5185909980430528,9.278063821196766e-17,1.6128452912620856e-17,1.6943282351131446e-16,17
WES DT,0.5205479452054794,8.571812176897358e-17,2.4330043617347995e-17,1.4710619992059916e-16,17
WES DT,0.5225048923679061,1.3920273161752798e-16,4.782883574260356e-17,2.305766274924524e-16,17
WES DT,0.5244618395303327,2.1025845601486938e-16,6.280093345782264e-17,3.577159785719161e-16,17
WES DT,0.5264187866927592,1.7158278719182938e-16,6.300623564075036e-17,2.801593387429084e-16,17
WES DT,0.5283757338551859,1.5897205524605055e-16,6.615390862567785e-17,2.5179020186642327e-16,17
WES DT,0.5303326810176126,2.2749334559895626e-16,1.0666158455075661e-16,3.4832510664715594e-16,17
WES DT,0.5322896281800391,2.9359473254523475e-16,1.7273999341693481e-16,4.144494716735347e-16,17
WES DT,0.5342465753424657,1.2077442601026062e-16,4.6947175379769024e-17,1.946016766407522e-16,17
WES DT,0.5362035225048923,1.3951114104363484e-16,3.581284187132459e-17,2.432094402159451e-16,17
WES DT,0.538160469667319,8.319810222472917e-17,2.1553885533754718e-17,1.4484231891570361e-16,17
WES DT,0.5401174168297456,1.5856286130075796e-16,3.573733871132486e-17,2.8138838389019105e-16,17
WES DT,0.5420743639921721,1.2946340837461313e-16,3.503988395688515e-17,2.2388693279234114e-16,17
WES DT,0.5440313111545988,7.569057205591991e-17,5.395877673690619e-18,1.459852664381492e-16,17
WES DT,0.5459882583170255,1.0446290542842928e-16,1.502490219568807e-17,1.939009086611705e-16,17
WES DT,0.547945205479452,9.996617042238729e-17,2.5723944691957194e-17,1.7420839615281738e-16,17
WES DT,0.5499021526418786,1.8580167854805284e-16,9.26832405866348e-17,2.789201165094709e-16,17
WES DT,0.5518590998043053,1.6266597657162796e-16,6.780381169885281e-17,2.575281414444031e-16,17
WES DT,0.5538160469667319,9.437583229917425e-17,0,2.0033411245023125e-16,17
WES DT,0.5557729941291585,1.9236337928798974e-16,7.111920765122526e-17,3.1360755092475426e-16,17
WES DT,0.557729941291585,1.853513953599776e-16,6.92564701117089e-17,3.0144632060824634e-16,17
WES DT,0.5596868884540117,3.494965543522826e-16,1.4396211328657825e-16,5.55030995417987e-16,17
WES DT,0.5616438356164384,2.8307872561038146e-16,1.7165191512027732e-16,3.945055361004856e-16,17
WES DT,0.5636007827788649,3.9330462831619317e-16,2.256891385591896e-16,5.609201180731967e-16,17
WES DT,0.5655577299412915,3.7772494350209588e-16,2.5710838761682157e-16,4.983414993873702e-16,17
WES DT,0.5675146771037182,3.0487735715646184e-16,2.1011276098626957e-16,3.996419533266541e-16,17
WES DT,0.5694716242661448,2.1557531838170318e-16,8.981179936855498e-17,3.413388373948514e-16,17
WES DT,0.5714285714285714,3.185526691695888e-16,2.0295867614152755e-16,4.3414666219765e-16,17
WES DT,0.573385518590998,3.0166606074827066e-16,1.3016039027789717e-16,4.731717312186442e-16,17
WES DT,0.5753424657534246,3.1214138187054794e-16,1.5079900169589859e-16,4.734837620451973e-16,17
WES DT,0.5772994129158513,2.4616145001050297e-16,1.3674852899078497e-16,3.5557437103022096e-16,17
WES DT,0.5792563600782779,5.440109904076672e-16,3.7732029071214702e-16,7.107016901031873e-16,17
WES DT,0.5812133072407044,4.616509182420662e-16,3.369551504862253e-16,5.863466859979071e-16,17
WES DT,0.5831702544031311,4.907166982299766e-16,3.4032635703315686e-16,6.411070394267963e-16,17
WES DT,0.5851272015655578,6.460238881768127e-16,4.902032116156301e-16,8.018445647379952e-16,17
WES DT,0.5870841487279843,6.522095701505848e-16,5.064844736738006e-16,7.979346666273689e-16,17
WES DT,0.5890410958904109,8.601097062253457e-16,7.073089928614788e-16,1.0129104195892126e-15,17
WES DT,0.5909980430528375,8.626981623803678e-16,7.02202765676008e-16,1.0231935590847276e-15,17
WES DT,0.5929549902152642,8.709290085089425e-16,6.288457246397593e-16,1.1130122923781256e-15,17
WES DT,0.5949119373776908,7.794914951077474e-16,5.432958459465631e-16,1.0156871442689317e-15,17
WES DT,0.5968688845401173,8.969779445513206e-16,6.386711546952687e-16,1.1552847344073724e-15,17
WES DT,0.598825831702544,7.518369251788487e-16,5.429708291526982e-16,9.607030212049993e-16,17
WES DT,0.6007827788649707,7.749718413681187e-16,5.235893048610775e-16,1.02635437787516e-15,17
WES DT,0.6027397260273972,5.227366550950998e-16,2.9503974300017297e-16,7.504335671900268e-16,17
WES DT,0.6046966731898238,4.550360374274848e-16,2.7274815899258743e-16,6.373239158623821e-16,17
WES DT,0.6066536203522505,4.2790837188504687e-16,2.9296050844332366e-16,5.628562353267701e-16,17
WES DT,0.6086105675146771,6.056781461960693e-16,4.311078979443508e-16,7.802483944477878e-16,17
WES DT,0.6105675146771037,6.77740119897715e-16,4.598991110662902e-16,8.955811287291398e-16,17
WES DT,0.6125244618395302,6.913472613923824e-16,4.465436328149837e-16,9.36150889969781e-16,17
WES DT,0.6144814090019569,7.548639438064223e-16,5.377815783207844e-16,9.7194630929206e-16,17
WES DT,0.6164383561643836,8.290490169709353e-16,6.092178667228889e-16,1.0488801672189817e-15,17
WES DT,0.6183953033268101,7.790740447271331e-16,5.273887278826544e-16,1.0307593615716118e-15,17
WES DT,0.6203522504892367,8.312005750859547e-16,5.209938988365659e-16,1.1414072513353434e-15,17
WES DT,0.6223091976516634,8.803785571592335e-16,4.739024225443902e-16,1.2868546917740767e-15,17
WES DT,0.62426614481409,6.592719823659342e-16,3.7678863142149127e-16,9.41755333310377e-16,17
WES DT,0.6262230919765166,5.433822750499927e-16,2.1509753475332136e-16,8.716670153466641e-16,17
WES DT,0.6281800391389432,5.546895147706407e-16,2.708253962609956e-16,8.385536332802858e-16,17
WES DT,0.6301369863013698,4.533578493232031e-16,2.890728754810632e-16,6.17642823165343e-16,17
WES DT,0.6320939334637965,3.427802503073495e-16,1.5527167110366835e-16,5.302888295110307e-16,17
WES DT,0.6340508806262231,4.209050559027427e-16,1.584834439251409e-16,6.833266678803446e-16,17
WES DT,0.6360078277886496,3.799071267189265e-16,1.2853343710166026e-16,6.312808163361927e-16,17
WES DT,0.6379647749510763,2.9237250422082695e-16,1.3133955115444588e-16,4.53405457287208e-16,17
WES DT,0.639921722113503,1.3839820314428473e-16,2.6425062420119298e-17,2.5037134386845015e-16,17
WES DT,0.6418786692759295,1.7976012697044535e-16,5.2289262531442854e-17,3.0723099140944785e-16,17
WES DT,0.6438356164383561,2.3971770589171456e-16,5.908697516075505e-17,4.2034843662267407e-16,17
WES DT,0.6457925636007827,1.8547901856113636e-16,3.934300362897241e-17,3.316150334933003e-16,17
WES DT,0.6477495107632094,2.49551163541399e-16,1.782458837271778e-17,4.812777387100803e-16,17
WES DT,0.649706457925636,1.6490678759790253e-16,1.830576270782121e-17,3.115078124879839e-16,17
WES DT,0.6516634050880625,2.0219948078322056e-16,9.415552625568315e-18,3.949834089408728e-16,17
WES DT,0.6536203522504892,1.8778659975525133e-16,0,4.0246016811776995e-16,17
WES DT,0.6555772994129159,1.1339560515145045e-16,4.8048709368278755e-18,2.2198633936607303e-16,17
WES DT,0.6575342465753424,1.3994619461816352e-16,3.994496228018371e-17,2.399474269561433e-16,17
WES DT,0.659491193737769,1.8342703682842826e-16,4.87351171252672e-17,3.1811895653158934e-16,17
WES DT,0.6614481409001957,1.7135629370646478e-16,1.4213362624832652e-17,3.2849922478809693e-16,17
WES DT,0.6634050880626223,1.0597208723929177e-16,1.3704527682077717e-17,1.9823964679650583e-16,17
WES DT,0.6653620352250489,9.502128886401083e-17,1.1367772758529965e-17,1.786748049694917e-16,17
WES DT,0.6673189823874754,1.258153259638698e-16,1.2756466001528541e-17,2.3887418592621107e-16,17
WES DT,0.6692759295499021,1.0313305649754584e-16,2.781496524000686e-18,2.03484616471091e-16,17
WES DT,0.6712328767123288,1.0739699511245222e-16,0,2.1728054433439635e-16,17
WES DT,0.6731898238747553,9.319363434753942e-17,6.178207367420793e-18,1.8020906132765805e-16,17
WES DT,0.6751467710371819,5.575185487732475e-17,0,1.1917518676989323e-16,17
WES DT,0.6771037181996086,4.691369654048197e-17,0,1.0083744937468016e-16,17
WES DT,0.6790606653620352,7.267509913925091e-17,0,1.5442461376780076e-16,17
WES DT,0.6810176125244618,5.649401251790061e-17,0,1.305074368046397e-16,17
WES DT,0.6829745596868884,4.882183371172878e-17,0,1.0764021132475334e-16,17
WES DT,0.684931506849315,2.8608277789285944e-17,0,7.254909376154821e-17,17
WES DT,0.6868884540117417,2.8573846222825627e-17,0,7.907596314411514e-17,17
WES DT,0.6888454011741683,3.705524348707796e-17,0,9.916463054412208e-17,17
WES DT,0.6908023483365948,1.3510557676420872e-17,0,3.8125877812138294e-17,17
WES DT,0.6927592954990215,4.380913871498059e-18,0,1.1948756899216746e-17,17
WES DT,0.6947162426614482,6.1928868929331785e-18,0,1.5306537233464984e-17,17
WES DT,0.6966731898238747,1.9728591991132272e-17,0,5.4381844056453224e-17,17
WES DT,0.6986301369863013,1.9642512603832603e-17,0,5.454439057983842e-17,17
WES DT,0.700587084148728,7.527477748108241e-18,0,2.2584784398593366e-17,17
WES DT,0.7025440313111546,1.3083533369927322e-18,0,4.081938509337437e-18,17
WES DT,0.7045009784735812,1.76398808284221e-18,0,5.503475767422551e-18,17
WES DT,0.7064579256360077,9.700983530464894e-18,0,2.919256955089652e-17,17
WES DT,0.7084148727984344,1.403456324635195e-17,0,3.4458971080831475e-17,17
WES DT,0.7103718199608611,2.346635105965222e-18,0,5.9467227988223674e-18,17
WES DT,0.7123287671232876,7.689306863962382e-19,0,2.39899092322146e-18,17
WES DT,0.7142857142857142,0,0,0,17
WES DT,0.7162426614481409,0,0,0,17
WES DT,0.7181996086105675,0,0,0,17
WES DT,0.7201565557729941,0,0,0,17
WES DT,0.7221135029354206,0,0,0,17
WES DT,0.7240704500978473,0,0,0,17
WES DT,0.726027397260274,2.976289062815011e-20,0,9.285740019090811e-20,17
WES DT,0.7279843444227005,1.529943895468362e-17,0,3.822149975351205e-17,17
WES DT,0.7299412915851271,2.730769873773811e-18,0,7.720631998372626e-18,17
WES DT,0.7318982387475538,3.1826568729201972e-18,0,8.006680234839449e-18,17
WES DT,0.7338551859099804,1.150043793679703e-18,0,3.020166497552943e-18,17
WES DT,0.735812133072407,2.3062100766178658e-17,0,7.195157039157535e-17,17
WES DT,0.7377690802348336,5.6146331640678275e-18,0,1.7517123761758612e-17,17
WES DT,0.7397260273972602,5.869927363821823e-18,0,1.831361748843155e-17,17
WES DT,0.7416829745596869,1.2426762240846253e-17,0,2.7883250429844455e-17,17
WES DT,0.7436399217221135,1.161050548101671e-17,0,3.263951324682676e-17,17
WES DT,0.74559686888454,0,0,0,17
WES DT,0.7475538160469667,4.920842838269337e-18,0,1.2091309870359786e-17,17
WES DT,0.7495107632093934,1.2454240494685828e-17,0,3.521541579627148e-17,17
WES DT,0.7514677103718199,1.5861162744813814e-18,0,4.948532569935535e-18,17
WES DT,0.7534246575342465,5.7867647996530915e-18,0,1.1857571763035933e-17,17
WES DT,0.7553816046966731,3.8735478309522734e-17,0,1.0075787805082175e-16,17
WES DT,0.7573385518590998,1.3950338259840748e-17,0,3.251182354444135e-17,17
WES DT,0.7592954990215264,2.2156308529400596e-17,0,5.659920203215626e-17,17
WES DT,0.7612524461839529,2.3686854072044365e-17,0,6.06854483620072e-17,17
WES DT,0.7632093933463796,4.162850608120763e-17,0,9.892454644763303e-17,17
WES DT,0.7651663405088063,4.515874233268501e-17,0,1.057689915563599e-16,17
WES DT,0.7671232876712328,4.375620905243007e-17,0,1.0182878713018662e-16,17
WES DT,0.7690802348336594,2.708173641487907e-17,1.3449782657345923e-18,5.281849456402355e-17,17
WES DT,0.7710371819960861,3.88796527566266e-17,1.4537311396842835e-19,7.761393239928477e-17,17
WES DT,0.7729941291585127,7.027543347394565e-17,1.5097593229496845e-17,1.2545327371839444e-16,17
WES DT,0.7749510763209393,1.1853414976331283e-16,4.3131772783156025e-17,1.9393652674346963e-16,17
WES DT,0.7769080234833659,8.023308885356961e-17,4.599489179731272e-18,1.5586668852740794e-16,17
WES DT,0.7788649706457925,7.017759017358187e-17,1.3730863244085871e-17,1.2662431710307787e-16,17
WES DT,0.7808219178082192,5.725562133159778e-17,2.5758160120471506e-18,1.119354266511484e-16,17
WES DT,0.7827788649706457,4.554757407021581e-17,2.938727901073351e-18,8.815642023935827e-17,17
WES DT,0.7847358121330723,1.1833056690605143e-16,3.893899955863911e-17,1.9772213425346375e-16,17
WES DT,0.786692759295499,1.1036401665011999e-16,4.404923006788647e-17,1.766788032323535e-16,17
WES DT,0.7886497064579256,1.5237979638962277e-16,6.928227133682207e-17,2.3547732144242346e-16,17
WES DT,0.7906066536203522,1.5092986951991877e-16,5.4812486422801626e-17,2.4704725261703594e-16,17
WES DT,0.7925636007827788,1.4442512444937972e-16,6.334253387106442e-17,2.2550771502769504e-16,17
WES DT,0.7945205479452054,1.0817639937543452e-16,3.153718071225241e-17,1.8481561803861664e-16,17
WES DT,0.7964774951076321,3.829091133683382e-17,0,7.865770633985515e-17,17
WES DT,0.7984344422700587,4.444351942468601e-17,1.2972050448170485e-17,7.591498840120154e-17,17
WES DT,0.8003913894324852,3.703100782330529e-17,7.39232352964478e-18,6.66696921169658e-17,17
WES DT,0.8023483365949119,7.634404808589433e-17,8.849952418742021e-18,1.4383814375304663e-16,17
WES DT,0.8043052837573386,6.368230672618131e-17,2.326521945470071e-17,1.0409939399766191e-16,17
WES DT,0.8062622309197651,4.970256314658671e-17,1.7836495302269885e-17,8.156863099090353e-17,17
WES DT,0.8082191780821917,4.731866328216625e-17,8.989110589846915e-18,8.564821597448558e-17,17
WES DT,0.8101761252446184,6.752854769109823e-17,6.274467072150982e-18,1.2878262831004548e-16,17
WES DT,0.812133072407045,6.73186685068865e-17,1.6054432693022936e-17,1.1858290432075005e-16,17
WES DT,0.8140900195694716,2.518917297757012e-17,3.603206762623385e-18,4.6775139192516855e-17,17
WES DT,0.8160469667318981,2.305064984279714e-17,6.6859745095367866e-18,3.9415325176057495e-17,17
WES DT,0.8180039138943248,5.0507324430624e-17,0,1.0620583325409715e-16,17
WES DT,0.8199608610567515,9.53821324653765e-17,3.010706883318692e-17,1.6065719609756608e-16,17
WES DT,0.821917808219178,1.607283296532021e-16,8.753102413993792e-17,2.339256351664663e-16,17
WES DT,0.8238747553816046,1.4639616813467947e-16,5.415816901798089e-17,2.3863416725137804e-16,17
WES DT,0.8258317025440313,1.413695046424436e-16,6.501261201139382e-17,2.1772639727349338e-16,17
WES DT,0.8277886497064579,1.6197537873662616e-16,3.8775642734208914e-17,2.851751147390434e-16,17
WES DT,0.8297455968688845,1.1351397567150443e-16,2.7507703315749164e-17,1.9952024802725968e-16,17
WES DT,0.831702544031311,9.052632110857679e-17,3.581487920151124e-17,1.4523776301564234e-16,17
WES DT,0.8336594911937377,7.871711800479854e-17,3.745828147355577e-18,1.536884078622415e-16,17
WES DT,0.8356164383561644,8.696373154668167e-17,0,1.8559210489248446e-16,17
WES DT,0.837573385518591,2.2388877645183366e-16,9.150894564814015e-17,3.562686072555272e-16,17
WES DT,0.8395303326810175,1.8113414759849534e-16,5.371573077861695e-17,3.0855256441837373e-16,17
WES DT,0.8414872798434442,9.726737523324804e-17,1.3399674505651651e-17,1.8113507596084444e-16,17
WES DT,0.8434442270058709,1.206942048079599e-16,3.641835696295213e-17,2.0497005265296767e-16,17
WES DT,0.8454011741682974,1.1293503596369935e-16,4.211604335660089e-17,1.8375402857079781e-16,17
WES DT,0.847358121330724,9.625263964750556e-17,2.6299501583615742e-17,1.6620577771139536e-16,17
WES DT,0.8493150684931506,1.0420636614118332e-16,1.6686554762564242e-17,1.917261775198024e-16,17
WES DT,0.8512720156555773,6.770379086041423e-17,1.8260724783108098e-17,1.1714685693772037e-16,17
WES DT,0.8532289628180039,9.416264386684045e-17,1.1024443221312428e-17,1.7730084451236848e-16,17
WES DT,0.8551859099804304,1.242847555762442e-16,3.5420792109597456e-17,2.1314871904289095e-16,17
WES DT,0.8571428571428571,1.2422942691771325e-16,3.957102270753827e-17,2.0888783112788823e-16,17
WES DT,0.8590998043052838,9.270209864041157e-17,2.1765686297664092e-17,1.6363851098315903e-16,17
WES DT,0.8610567514677103,1.314991843421751e-16,3.592414951969381e-17,2.270742191646564e-16,17
WES DT,0.8630136986301369,1.8951463508699085e-16,7.339611452979599e-17,3.056331556441857e-16,17
WES DT,0.8649706457925636,2.0741173883012136e-16,7.150999760885603e-17,3.433134800513867e-16,17
WES DT,0.8669275929549902,1.1355602393133707e-16,3.272515044536677e-17,1.9438689741730737e-16,17
WES DT,0.8688845401174168,1.6787708345367743e-16,7.938832491579147e-17,2.563658419915634e-16,17
WES DT,0.8708414872798433,2.0906037409623943e-16,9.609297393322303e-17,3.220277742592558e-16,17
WES DT,0.87279843444227,2.2198859835543933e-16,1.0081195293040586e-16,3.431652437804728e-16,17
WES DT,0.8747553816046967,1.906361880778576e-16,9.547865610546825e-17,2.8579372005024696e-16,17
WES DT,0.8767123287671232,2.001875947363774e-16,1.0720993137282768e-16,2.931652580999271e-16,17
WES DT,0.8786692759295498,2.495855721384311e-16,1.3661556839876902e-16,3.6255557587809323e-16,17
WES DT,0.8806262230919765,1.9472324671673598e-16,1.0770544050722388e-16,2.817410529262481e-16,17
WES DT,0.8825831702544031,2.7089656981891673e-16,1.4194994080867956e-16,3.9984319882915393e-16,17
WES DT,0.8845401174168297,1.952138155653794e-16,1.0728778827792348e-16,2.8313984285283533e-16,17
WES DT,0.8864970645792563,1.4106231041018166e-16,4.825194727483132e-17,2.33872673545532e-16,17
WES DT,0.8884540117416829,1.5487116098611045e-16,5.808855430132583e-17,2.5165376767089505e-16,17
WES DT,0.8904109589041096,1.41589741720039e-16,4.4908553616748525e-17,2.382709298233295e-16,17
WES DT,0.8923679060665362,1.1535294111280536e-16,3.3557323225743687e-17,1.9714855899986703e-16,17
WES DT,0.8943248532289627,1.10846247047081e-16,4.888126602227988e-17,1.7281122807188212e-16,17
WES DT,0.8962818003913894,1.5728557410024958e-16,7.249870675362179e-17,2.4207244144687736e-16,17
WES DT,0.898238747553816,2.242557740910443e-16,1.0793880175984978e-16,3.405727464222388e-16,17
WES DT,0.9001956947162426,1.7653992573172698e-16,6.45966585299658e-17,2.8848319293348816e-16,17
WES DT,0.9021526418786692,1.5717438055632404e-16,6.184271790000479e-17,2.525060432126433e-16,17
WES DT,0.9041095890410958,1.5238130920126562e-16,7.361109520668522e-17,2.31151523195846e-16,17
WES DT,0.9060665362035225,1.541604986594296e-16,6.596970022922524e-17,2.4235129708963396e-16,17
WES DT,0.9080234833659491,1.3541784746987787e-16,2.813523706927522e-17,2.4270045787048053e-16,17
WES DT,0.9099804305283756,1.4547684893881817e-16,3.003395831101014e-17,2.609197395666262e-16,17
WES DT,0.9119373776908023,1.1029591345682615e-16,1.2547850911836956e-17,2.0804397600181533e-16,17
WES DT,0.913894324853229,8.342452327743744e-17,2.7120285153056193e-17,1.3972876140181868e-16,17
WES DT,0.9158512720156555,1.0814210261657272e-16,1.003841907883302e-17,2.0624578615431242e-16,17
WES DT,0.9178082191780821,7.021447340965907e-17,2.7293963611626245e-17,1.131349832076919e-16,17
WES DT,0.9197651663405088,5.3575098024579586e-17,1.5484839450178887e-17,9.166535659898028e-17,17
WES DT,0.9217221135029354,6.995714678044969e-17,1.7835857174802036e-17,1.2207843638609733e-16,17
WES DT,0.923679060665362,1.0566772157256827e-16,0,2.3176565895675286e-16,17
WES DT,0.9256360078277885,5.770520149849728e-17,3.0002887801812357e-18,1.1241011421681334e-16,17
WES DT,0.9275929549902152,9.589955075928563e-17,1.390503767838786e-17,1.778940638401834e-16,17
WES DT,0.9295499021526419,7.937043249481949e-17,1.3784906040937146e-17,1.4495595894870184e-16,17
WES DT,0.9315068493150684,6.142587319443149e-17,1.1612662414686234e-17,1.1123908397417674e-16,17
WES DT,0.933463796477495,5.238919056389603e-17,0,1.0741210793568234e-16,17
WES DT,0.9354207436399217,1.0475774503507036e-16,1.7837895608408154e-17,1.9167759446173257e-16,17
WES DT,0.9373776908023483,8.419052816816336e-17,0,1.7119582466001792e-16,17
WES DT,0.9393346379647749,1.4114422392526573e-16,1.1950054548680022e-17,2.7033839330185144e-16,17
WES DT,0.9412915851272015,1.072058234910001e-16,0,2.2147698776394192e-16,17
WES DT,0.9432485322896281,1.1009720278686755e-16,1.7449956801632633e-17,2.0274444877210246e-16,17
WES DT,0.9452054794520548,1.0712946044540888e-16,2.6797775403247026e-17,1.8746114548757073e-16,17
WES DT,0.9471624266144814,1.227585944460573e-16,4.076759304414905e-17,2.0474959584796552e-16,17
WES DT,0.9491193737769079,1.4236215905596753e-16,4.0451779580311266e-17,2.442725385316238e-16,17
WES DT,0.9510763209393346,1.2348316934976033e-16,3.1849993741304464e-17,2.151163449582162e-16,17
WES DT,0.9530332681017613,1.44192811501983e-16,5.292356073286172e-17,2.3546206227110428e-16,17
WES DT,0.9549902152641878,1.1808043795826878e-16,3.7529926494286523e-17,1.9863094942225105e-16,17
WES DT,0.9569471624266144,1.5271597678033337e-16,1.5175605983697947e-17,2.902563475769688e-16,17
WES DT,0.958904109589041,1.406046096717777e-16,1.6356529051233728e-17,2.6485269029232164e-16,17
WES DT,0.9608610567514677,1.6664737146211887e-16,9.2943195536827e-18,3.24000423370555e-16,17
WES DT,0.9628180039138943,1.3879561130399354e-16,4.106515379872109e-17,2.3652606880926597e-16,17
WES DT,0.9647749510763208,1.4528026758588915e-16,3.404652616730617e-17,2.565140090044721e-16,17
WES DT,0.9667318982387475,1.8413934687572165e-16,4.690585958873569e-17,3.213728341627076e-16,17
WES DT,0.9686888454011742,2.2869736841111805e-16,8.375522135966624e-17,3.7363951546256987e-16,17
WES DT,0.9706457925636007,1.6555943003585003e-16,9.303852690998909e-17,2.38080333161711e-16,17
WES DT,0.9726027397260273,2.2717418331537056e-16,1.0464063936374152e-16,3.497077272669996e-16,17
WES DT,0.974559686888454,2.5091144945661195e-16,1.162407298812791e-16,3.855821690319448e-16,17
WES DT,0.9765166340508806,3.0995779573689047e-16,1.363200703279944e-16,4.835955211457866e-16,17
WES DT,0.9784735812133072,2.0782851811373986e-16,9.062350701847594e-17,3.250335292090038e-16,17
WES DT,0.9804305283757337,2.0959883898403891e-16,8.005252304167751e-17,3.3914515492640035e-16,17
WES DT,0.9823874755381604,2.4135103002828745e-16,9.77176921909304e-17,3.849843678656445e-16,17
WES DT,0.9843444227005871,2.2433334910765867e-16,9.167999953284098e-17,3.569866986824764e-16,17
WES DT,0.9863013698630136,2.995692232515052e-16,1.4036713661352863e-16,4.587713098894817e-16,17
WES DT,0.9882583170254402,2.920722632374889e-16,1.184373522255475e-16,4.657071742494303e-16,17
WES DT,0.9902152641878669,4.168817967078747e-16,1.919566711882411e-16,6.418069222275083e-16,17
WES DT,0.9921722113502935,3.667514129343797e-16,1.7232862535690225e-16,5.611742005118572e-16,17
WES DT,0.9941291585127201,3.1027942887667744e-16,1.6754847078256719e-16,4.530103869707877e-16,17
WES DT,0.9960861056751467,2.6420549003383615e-16,1.4159290342454239e-16,3.868180766431299e-16,17
WES DT,0.9980430528375733,3.1054854248491097e-16,1.7598440051159459e-16,4.451126844582273e-16,17
WES DT,1,3.767213996976601e-16,1.9213634537261938e-16,5.613064540227008e-16,17
