gene_symbol,gene_rank,human_symbols,known_cscc_gene,gene_length_kb,n_mutated_biopsies,n_recurrent_mutations,n_nonsynonymous_mutations,functional_group_assignment,assignment_rule,rule_functional_group_assignment,rule_assignment_rule,manual_functional_group_assignment,manual_annotation_applied,has_keratin_override,top_group,top_group_score,second_group_score,score_margin_to_second,top_tie_count,top_tie_groups,override_rule_terms,matched_group_count,matched_multiple_groups,matched_groups,n_gs_names_cell_adhesion_and_cytoskeleton,n_gs_names_dna_damage_and_repair,n_gs_names_epigenetic_regulators,n_gs_names_gene_expression_regulation,n_gs_names_immune,n_gs_names_ion_transport_and_metabolism,n_gs_names_mapk_ras,n_rule_terms_cell_adhesion_and_cytoskeleton,n_rule_terms_dna_damage_and_repair,n_rule_terms_epigenetic_regulators,n_rule_terms_gene_expression_regulation,n_rule_terms_immune,n_rule_terms_ion_transport_and_metabolism,n_rule_terms_mapk_ras,terms_cell_adhesion_and_cytoskeleton,terms_dna_damage_and_repair,terms_epigenetic_regulators,terms_gene_expression_regulation,terms_immune,terms_ion_transport_and_metabolism,terms_mapk_ras,gs_names_cell_adhesion_and_cytoskeleton,gs_names_dna_damage_and_repair,gs_names_epigenetic_regulators,gs_names_gene_expression_regulation,gs_names_immune,gs_names_ion_transport_and_metabolism,gs_names_mapk_ras
Sfi1,1,SFI1,FALSE,3.806,26,11,0,Cell adhesion and cytoskeleton,Top group has >=2 more matching unique gs_names than second group,Cell adhesion and cytoskeleton,Top group has >=2 more matching unique gs_names than second group,NA,FALSE,FALSE,Cell adhesion and cytoskeleton,2,0,2,1,Cell adhesion and cytoskeleton,NA,1,FALSE,Cell adhesion and cytoskeleton (gs_names=2),2,0,0,0,0,0,0,2,0,0,0,0,0,0,ACTIN; CYTOSKELETON,NA,NA,NA,NA,NA,NA,GOCC_MICROTUBULE_CYTOSKELETON; GOCC_MICROTUBULE_ORGANIZING_CENTER,NA,NA,NA,NA,NA,NA
Dnm2,2,DNM2,FALSE,2.713,10,5,0,Cell adhesion and cytoskeleton,Manual review annotation,Ion transport and metabolism,Top group has >=2 more matching unique gs_names than second group,Cell adhesion and cytoskeleton,TRUE,FALSE,Ion transport and metabolism,66,26,40,1,Ion transport and metabolism,NA,5,TRUE,Cell adhesion and cytoskeleton (gs_names=26); Gene expression regulation (gs_names=5); Immune (gs_names=4); Ion transport and metabolism (gs_names=66); MAPK / Ras (gs_names=6),26,0,0,5,4,66,6,4,0,0,2,2,3,1,ACTIN; CELL_ADHESION; CYTOSKELETON; ECM_EXTRACELLULAR_MATRIX,NA,NA,RIBOSOME; TRANSCRIPTION,CYTOKINE; IMMUNE,LIPID; METABOLISM; TRANSPORT,GROWTH_FACTOR,GOBP_ACTIN_FILAMENT_BASED_PROCESS; GOBP_ACTIN_FILAMENT_BUNDLE_ORGANIZATION; GOBP_ACTIN_FILAMENT_ORGANIZATION; GOBP_ACTOMYOSIN_STRUCTURE_ORGANIZATION; GOBP_CELL_ADHESION; GOBP_CYTOSKELETON_ORGANIZATION; GOBP_HEART_DEVELOPMENT; GOBP_LAMELLIPODIUM_ORGANIZATION; GOBP_MICROTUBULE_BASED_PROCESS; GOBP_MICROTUBULE_CYTOSKELETON_ORGANIZATION; GOBP_NEGATIVE_REGULATION_OF_CELL_COMMUNICATION; GOBP_ORGANELLE_ASSEMBLY; GOBP_POSITIVE_REGULATION_OF_CELL_ADHESION; GOBP_REGULATION_OF_CELL_ADHESION; GOBP_STRESS_FIBER_ASSEMBLY; GOCC_ACTIN_CYTOSKELETON; GOCC_ANCHORING_JUNCTION; GOCC_LAMELLIPODIUM; GOCC_MICROTUBULE_CYTOSKELETON; GOCC_MICROTUBULE_ORGANIZING_CENTER; GOCC_PHAGOCYTIC_CUP; GOCC_PODOSOME; GOCC_POLYMERIC_CYTOSKELETAL_FIBER; GOMF_CYTOSKELETAL_PROTEIN_BINDING; GOMF_HYDROLASE_ACTIVITY_ACTING_ON_ACID_ANHYDRIDES; REACTOME_REGULATION_OF_HOMOTYPIC_CELL_CELL_ADHESION,NA,NA,GOBP_CELL_SURFACE_RECEPTOR_PROTEIN_SERINE_THREONINE_KINASE_SIGNALING_PATHWAY; GOBP_ENZYME_LINKED_RECEPTOR_PROTEIN_SIGNALING_PATHWAY; GOBP_ORGANELLE_ASSEMBLY; GOBP_TRANSFORMING_GROWTH_FACTOR_BETA_RECEPTOR_SIGNALING_PATHWAY; GOCC_PHOTORECEPTOR_INNER_SEGMENT,GOCC_MIDBODY; REACTOME_ADAPTIVE_IMMUNE_SYSTEM; REACTOME_IMMUNE_SYSTEM; REACTOME_INNATE_IMMUNE_SYSTEM,GOBP_ENDOCYTOSIS; GOBP_GOLGI_TO_PLASMA_MEMBRANE_TRANSPORT; GOBP_GOLGI_VESICLE_TRANSPORT; GOBP_IMPORT_INTO_CELL; GOBP_IRON_ION_TRANSPORT; GOBP_LOCALIZATION_WITHIN_MEMBRANE; GOBP_MEMBRANE_ORGANIZATION; GOBP_METAL_ION_TRANSPORT; GOBP_MONOATOMIC_CATION_TRANSMEMBRANE_TRANSPORT; GOBP_MONOATOMIC_CATION_TRANSPORT; GOBP_MONOATOMIC_ION_TRANSMEMBRANE_TRANSPORT; GOBP_MONOATOMIC_ION_TRANSPORT; GOBP_ORGANELLE_LOCALIZATION; GOBP_PHAGOCYTOSIS; GOBP_POSITIVE_REGULATION_OF_MONOATOMIC_ION_TRANSMEMBRANE_TRANSPORT; GOBP_POSITIVE_REGULATION_OF_MONOATOMIC_ION_TRANSPORT; GOBP_POSITIVE_REGULATION_OF_RECEPTOR_MEDIATED_ENDOCYTOSIS; GOBP_POSITIVE_REGULATION_OF_SODIUM_ION_TRANSMEMBRANE_TRANSPORT; GOBP_POSITIVE_REGULATION_OF_SODIUM_ION_TRANSMEMBRANE_TRANSPORTER_ACTIVITY; GOBP_POSITIVE_REGULATION_OF_SODIUM_ION_TRANSPORT; GOBP_POSITIVE_REGULATION_OF_TRANSMEMBRANE_TRANSPORT; GOBP_POSITIVE_REGULATION_OF_TRANSPORT; GOBP_POSITIVE_REGULATION_OF_TRANSPORTER_ACTIVITY; GOBP_POST_GOLGI_VESICLE_MEDIATED_TRANSPORT; GOBP_POSTSYNAPTIC_ENDOCYTOSIS; GOBP_PRESYNAPTIC_ENDOCYTOSIS; GOBP_PROCESS_UTILIZING_AUTOPHAGIC_MECHANISM; GOBP_PROTEIN_TRANSPORT; GOBP_RECEPTOR_MEDIATED_ENDOCYTOSIS; GOBP_REGULATION_OF_METAL_ION_TRANSPORT; GOBP_REGULATION_OF_MONOATOMIC_ION_TRANSMEMBRANE_TRANSPORT; GOBP_REGULATION_OF_MONOATOMIC_ION_TRANSPORT; GOBP_REGULATION_OF_RECEPTOR_MEDIATED_ENDOCYTOSIS; GOBP_REGULATION_OF_SODIUM_ION_TRANSMEMBRANE_TRANSPORT; GOBP_REGULATION_OF_SODIUM_ION_TRANSMEMBRANE_TRANSPORTER_ACTIVITY; GOBP_REGULATION_OF_SODIUM_ION_TRANSPORT; GOBP_REGULATION_OF_TRANSMEMBRANE_TRANSPORT; GOBP_REGULATION_OF_TRANSMEMBRANE_TRANSPORTER_ACTIVITY; GOBP_REGULATION_OF_TRANSPORT; GOBP_REGULATION_OF_VESICLE_MEDIATED_TRANSPORT; GOBP_SODIUM_ION_TRANSMEMBRANE_TRANSPORT; GOBP_SODIUM_ION_TRANSPORT; GOBP_SYNAPTIC_VESICLE_LOCALIZATION; GOBP_SYNAPTIC_VESICLE_TRANSPORT; GOBP_TRANSFERRIN_TRANSPORT; GOBP_TRANSITION_METAL_ION_TRANSPORT; GOBP_TRANSMEMBRANE_TRANSPORT; GOBP_VASCULATURE_DEVELOPMENT; GOBP_VESICLE_LOCALIZATION; GOBP_VESICLE_MEDIATED_TRANSPORT; GOBP_VESICLE_MEDIATED_TRANSPORT_IN_SYNAPSE; GOBP_VESICLE_MEDIATED_TRANSPORT_TO_THE_PLASMA_MEMBRANE; GOCC_BOUNDING_MEMBRANE_OF_ORGANELLE; GOCC_CLATHRIN_COATED_PIT; GOCC_ENDOCYTIC_VESICLE_MEMBRANE; GOCC_GOLGI_MEMBRANE; GOCC_PHAGOCYTIC_VESICLE_MEMBRANE; GOCC_RECYCLING_ENDOSOME; GOCC_VESICLE_MEMBRANE; GOMF_LIPID_BINDING; GOMF_PHOSPHATIDYLINOSITOL_3_KINASE_BINDING; GOMF_PHOSPHATIDYLINOSITOL_BINDING; GOMF_PHOSPHOLIPID_BINDING; REACTOME_METABOLISM; REACTOME_METABOLISM_OF_NITRIC_OXIDE_NOS3_ACTIVATION_AND_REGULATION; REACTOME_VESICLE_MEDIATED_TRANSPORT,GOBP_NEGATIVE_REGULATION_OF_TRANSFORMING_GROWTH_FACTOR_BETA_RECEPTOR_SIGNALING_PATHWAY; GOBP_REGULATION_OF_CELLULAR_RESPONSE_TO_GROWTH_FACTOR_STIMULUS; GOBP_REGULATION_OF_CELLULAR_RESPONSE_TO_TRANSFORMING_GROWTH_FACTOR_BETA_STIMULUS; GOBP_RESPONSE_TO_GROWTH_FACTOR; GOBP_RESPONSE_TO_TRANSFORMING_GROWTH_FACTOR_BETA; GOBP_TRANSFORMING_GROWTH_FACTOR_BETA_RECEPTOR_SIGNALING_PATHWAY
Myh9,3,MYH9,TRUE,6.078,9,3,0,Cell adhesion and cytoskeleton,Top group has >=2 more matching unique gs_names than second group,Cell adhesion and cytoskeleton,Top group has >=2 more matching unique gs_names than second group,NA,FALSE,FALSE,Cell adhesion and cytoskeleton,65,29,36,1,Cell adhesion and cytoskeleton,NA,5,TRUE,Cell adhesion and cytoskeleton (gs_names=65); Gene expression regulation (gs_names=1); Immune (gs_names=8); Ion transport and metabolism (gs_names=29); MAPK / Ras (gs_names=4),65,0,0,1,8,29,4,8,0,0,2,2,3,3,ACTIN; APICAL_JUNCTION; CELL_ADHESION; CELL_MIGRATION; CYTOSKELETON; ECM_EXTRACELLULAR_MATRIX; INTEGRIN; RHO_GTPASE,NA,NA,RIBOSOME; TRANSLATION,CYTOKINE; IMMUNE,CALCIUM; LIPID; TRANSPORT,GROWTH_FACTOR; MAPK; PKC,GOBP_ACTIN_FILAMENT_BASED_MOVEMENT; GOBP_ACTIN_FILAMENT_BASED_PROCESS; GOBP_ACTIN_FILAMENT_BUNDLE_ORGANIZATION; GOBP_ACTIN_FILAMENT_DEPOLYMERIZATION; GOBP_ACTIN_FILAMENT_ORGANIZATION; GOBP_ACTIN_FILAMENT_SEVERING; GOBP_ACTIN_MEDIATED_CELL_CONTRACTION; GOBP_ACTIN_POLYMERIZATION_OR_DEPOLYMERIZATION; GOBP_ACTOMYOSIN_STRUCTURE_ORGANIZATION; GOBP_BLOOD_VESSEL_ENDOTHELIAL_CELL_MIGRATION; GOBP_CELL_ADHESION; GOBP_CELL_CELL_ADHESION; GOBP_CELL_CELL_SIGNALING; GOBP_CELL_JUNCTION_ORGANIZATION; GOBP_CELL_MATRIX_ADHESION; GOBP_CELL_MIGRATION; GOBP_CELL_SUBSTRATE_JUNCTION_ORGANIZATION; GOBP_CYTOPLASMIC_ACTIN_BASED_CONTRACTION_INVOLVED_IN_CELL_MOTILITY; GOBP_CYTOSKELETON_ORGANIZATION; GOBP_ENDOTHELIAL_CELL_MIGRATION; GOBP_FOCAL_ADHESION_ASSEMBLY; GOBP_MICROTUBULE_BASED_PROCESS; GOBP_MICROTUBULE_CYTOSKELETON_ORGANIZATION; GOBP_MUSCLE_CELL_MIGRATION; GOBP_NEGATIVE_REGULATION_OF_ACTIN_FILAMENT_DEPOLYMERIZATION; GOBP_NEGATIVE_REGULATION_OF_ACTIN_FILAMENT_POLYMERIZATION; GOBP_NEGATIVE_REGULATION_OF_CYTOSKELETON_ORGANIZATION; GOBP_NEGATIVE_REGULATION_OF_SMOOTH_MUSCLE_CELL_MIGRATION; GOBP_NEGATIVE_REGULATION_OF_VASCULAR_ASSOCIATED_SMOOTH_MUSCLE_CELL_MIGRATION; GOBP_POSITIVE_REGULATION_OF_CELL_ADHESION; GOBP_POSITIVE_REGULATION_OF_CELL_MATRIX_ADHESION; GOBP_REGULATION_OF_ACTIN_FILAMENT_BASED_PROCESS; GOBP_REGULATION_OF_ACTIN_FILAMENT_LENGTH; GOBP_REGULATION_OF_ACTIN_FILAMENT_ORGANIZATION; GOBP_REGULATION_OF_CELL_ADHESION; GOBP_REGULATION_OF_CELL_MATRIX_ADHESION; GOBP_REGULATION_OF_CYTOSKELETON_ORGANIZATION; GOBP_SMOOTH_MUSCLE_CELL_MIGRATION; GOBP_VASCULAR_ASSOCIATED_SMOOTH_MUSCLE_CELL_MIGRATION; GOCC_ACTIN_CYTOSKELETON; GOCC_ACTIN_FILAMENT; GOCC_ACTIN_FILAMENT_BUNDLE; GOCC_ACTOMYOSIN; GOCC_ACTOMYOSIN_CONTRACTILE_RING; GOCC_ADHERENS_JUNCTION; GOCC_ANCHORING_JUNCTION; GOCC_CELL_CORTEX; GOCC_CELL_SUBSTRATE_JUNCTION; GOCC_CLUSTER_OF_ACTIN_BASED_CELL_PROJECTIONS; GOCC_CORTICAL_ACTIN_CYTOSKELETON; GOCC_CORTICAL_CYTOSKELETON; GOCC_LAMELLIPODIUM; GOCC_MICROTUBULE_CYTOSKELETON; GOCC_MYOSIN_COMPLEX; GOCC_POLYMERIC_CYTOSKELETAL_FIBER; GOMF_ACTIN_BINDING; GOMF_ACTIN_FILAMENT_BINDING; GOMF_CELL_ADHESION_MOLECULE_BINDING; GOMF_CYTOSKELETAL_PROTEIN_BINDING; GOMF_INTEGRIN_BINDING; GOMF_PROTEIN_MEMBRANE_ADAPTOR_ACTIVITY; HALLMARK_APICAL_JUNCTION; REACTOME_RHO_GTPASE_EFFECTORS; REACTOME_RHO_GTPASES_ACTIVATE_PAKS; REACTOME_SIGNALING_BY_RHO_GTPASES_MIRO_GTPASES_AND_RHOBTB3,NA,NA,GOBP_VIRAL_LIFE_CYCLE,GOBP_CYTOKINESIS; GOBP_CYTOKINETIC_PROCESS; GOBP_LYMPHOCYTE_ACTIVATION; GOBP_PHAGOCYTOSIS_ENGULFMENT; GOBP_T_CELL_ACTIVATION; GOCC_CELL_DIVISION_SITE; REACTOME_IMMUNE_SYSTEM; REACTOME_INNATE_IMMUNE_SYSTEM,GOBP_AMIDE_TRANSPORT; GOBP_CALCIUM_ION_REGULATED_EXOCYTOSIS; GOBP_CELL_CELL_SIGNALING; GOBP_ENDOCYTOSIS; GOBP_EXPORT_FROM_CELL; GOBP_HORMONE_TRANSPORT; GOBP_IMPORT_INTO_CELL; GOBP_MEMBRANE_ORGANIZATION; GOBP_ORGANELLE_LOCALIZATION; GOBP_PEPTIDE_TRANSPORT; GOBP_PHAGOCYTOSIS; GOBP_PHOSPHOLIPASE_C_ACTIVATING_G_PROTEIN_COUPLED_RECEPTOR_SIGNALING_PATHWAY; GOBP_POSITIVE_REGULATION_OF_TRANSPORT; GOBP_PROTEIN_LOCALIZATION_TO_EXTRACELLULAR_REGION; GOBP_PROTEIN_TRANSPORT; GOBP_REGULATION_OF_CELLULAR_LOCALIZATION; GOBP_REGULATION_OF_PEPTIDE_TRANSPORT; GOBP_REGULATION_OF_PROTEIN_LOCALIZATION; GOBP_REGULATION_OF_TRANSPORT; GOBP_REGULATION_OF_VESICLE_MEDIATED_TRANSPORT; GOBP_SPINDLE_LOCALIZATION; GOBP_TUBE_DEVELOPMENT; GOBP_TUBE_MORPHOGENESIS; GOBP_VACUOLAR_LOCALIZATION; GOBP_VASCULATURE_DEVELOPMENT; GOBP_VESICLE_MEDIATED_TRANSPORT; GOMF_ATP_DEPENDENT_ACTIVITY; GOMF_CALMODULIN_BINDING; GOMF_PROTEIN_MEMBRANE_ADAPTOR_ACTIVITY,GOBP_ERK1_AND_ERK2_CASCADE; GOBP_MAPK_CASCADE; GOBP_PHOSPHOLIPASE_C_ACTIVATING_G_PROTEIN_COUPLED_RECEPTOR_SIGNALING_PATHWAY; GOBP_POSITIVE_REGULATION_OF_MAPK_CASCADE
Fbn2,4,FBN2,FALSE,9.044,9,2,0,Cell adhesion and cytoskeleton,Top group has >=2 more matching unique gs_names than second group,Cell adhesion and cytoskeleton,Top group has >=2 more matching unique gs_names than second group,NA,FALSE,FALSE,Cell adhesion and cytoskeleton,9,6,3,1,Cell adhesion and cytoskeleton,NA,4,TRUE,Cell adhesion and cytoskeleton (gs_names=9); Gene expression regulation (gs_names=3); Ion transport and metabolism (gs_names=4); MAPK / Ras (gs_names=6),9,0,0,3,0,4,6,2,0,0,1,0,2,1,CELL_MIGRATION; ECM_EXTRACELLULAR_MATRIX,NA,NA,TRANSCRIPTION,NA,CALCIUM; TRANSPORT,GROWTH_FACTOR,GOBP_AMEBOIDAL_TYPE_CELL_MIGRATION; GOBP_CELL_MIGRATION; GOBP_NEGATIVE_REGULATION_OF_CELL_COMMUNICATION; GOBP_REGULATION_OF_TROPHOBLAST_CELL_MIGRATION; GOBP_TROPHOBLAST_CELL_MIGRATION; GOCC_MICROFIBRIL; GOMF_EXTRACELLULAR_MATRIX_STRUCTURAL_CONSTITUENT; REACTOME_DEGRADATION_OF_THE_EXTRACELLULAR_MATRIX; REACTOME_EXTRACELLULAR_MATRIX_ORGANIZATION,NA,NA,GOBP_CELL_SURFACE_RECEPTOR_PROTEIN_SERINE_THREONINE_KINASE_SIGNALING_PATHWAY; GOBP_ENZYME_LINKED_RECEPTOR_PROTEIN_SIGNALING_PATHWAY; GOBP_TRANSFORMING_GROWTH_FACTOR_BETA_RECEPTOR_SIGNALING_PATHWAY,NA,GOBP_BONE_MINERALIZATION; GOBP_MAINTENANCE_OF_PROTEIN_LOCATION; GOBP_PROTEIN_LOCALIZATION_TO_EXTRACELLULAR_REGION; GOMF_CALCIUM_ION_BINDING,GOBP_NEGATIVE_REGULATION_OF_TRANSFORMING_GROWTH_FACTOR_BETA_RECEPTOR_SIGNALING_PATHWAY; GOBP_REGULATION_OF_CELLULAR_RESPONSE_TO_GROWTH_FACTOR_STIMULUS; GOBP_REGULATION_OF_CELLULAR_RESPONSE_TO_TRANSFORMING_GROWTH_FACTOR_BETA_STIMULUS; GOBP_RESPONSE_TO_GROWTH_FACTOR; GOBP_RESPONSE_TO_TRANSFORMING_GROWTH_FACTOR_BETA; GOBP_TRANSFORMING_GROWTH_FACTOR_BETA_RECEPTOR_SIGNALING_PATHWAY
Zan,5,ZAN,FALSE,16.693,8,3,3,Cell adhesion and cytoskeleton,Top group has >=2 more matching unique gs_names than second group,Cell adhesion and cytoskeleton,Top group has >=2 more matching unique gs_names than second group,NA,FALSE,FALSE,Cell adhesion and cytoskeleton,3,0,3,1,Cell adhesion and cytoskeleton,NA,1,FALSE,Cell adhesion and cytoskeleton (gs_names=3),3,0,0,0,0,0,0,2,0,0,0,0,0,0,CELL_ADHESION; ECM_EXTRACELLULAR_MATRIX,NA,NA,NA,NA,NA,NA,GOBP_CELL_ADHESION; GOMF_EXTRACELLULAR_MATRIX_BINDING; GOMF_EXTRACELLULAR_MATRIX_STRUCTURAL_CONSTITUENT,NA,NA,NA,NA,NA,NA
Ntng1,6,NTNG1,FALSE,1.65,7,3,0,Cell adhesion and cytoskeleton,Top group has >=2 more matching unique gs_names than second group,Cell adhesion and cytoskeleton,Top group has >=2 more matching unique gs_names than second group,NA,FALSE,FALSE,Cell adhesion and cytoskeleton,8,1,7,1,Cell adhesion and cytoskeleton,NA,2,TRUE,Cell adhesion and cytoskeleton (gs_names=8); Ion transport and metabolism (gs_names=1),8,0,0,0,0,1,0,3,0,0,0,0,1,0,CELL_ADHESION; CELL_MIGRATION; ECM_EXTRACELLULAR_MATRIX,NA,NA,NA,NA,TRANSPORT,NA,GOBP_CELL_ADHESION; GOBP_CELL_CELL_ADHESION; GOBP_CELL_CELL_SIGNALING; GOBP_CELL_JUNCTION_ORGANIZATION; GOBP_CELL_MIGRATION; GOMF_CELL_ADHESION_MEDIATOR_ACTIVITY; GOMF_CELL_ADHESION_MOLECULE_BINDING; GOMF_CELL_CELL_ADHESION_MEDIATOR_ACTIVITY,NA,NA,NA,NA,GOBP_CELL_CELL_SIGNALING,NA
Lrp1,7,LRP1,FALSE,14.078,4,2,0,Ion transport and metabolism,Top group has >=2 more matching unique gs_names than second group,Ion transport and metabolism,Top group has >=2 more matching unique gs_names than second group,NA,FALSE,FALSE,Ion transport and metabolism,53,34,19,1,Ion transport and metabolism,NA,5,TRUE,Cell adhesion and cytoskeleton (gs_names=34); Gene expression regulation (gs_names=7); Immune (gs_names=9); Ion transport and metabolism (gs_names=53); MAPK / Ras (gs_names=14),34,0,0,7,9,53,14,5,0,0,1,3,4,2,ACTIN; CELL_ADHESION; CELL_MIGRATION; CYTOSKELETON; ECM_EXTRACELLULAR_MATRIX,NA,NA,TRANSCRIPTION,CYTOKINE; IMMUNE; INFLAMMATORY,CALCIUM; LIPID; METABOLISM; TRANSPORT,GROWTH_FACTOR; MAPK,GOBP_ACTIN_FILAMENT_BASED_PROCESS; GOBP_CELL_ADHESION; GOBP_CELL_CELL_SIGNALING; GOBP_CELL_JUNCTION_ORGANIZATION; GOBP_CELL_MATRIX_ADHESION; GOBP_CELL_MIGRATION; GOBP_CELL_SUBSTRATE_JUNCTION_ORGANIZATION; GOBP_CYTOSKELETON_ORGANIZATION; GOBP_FOCAL_ADHESION_ASSEMBLY; GOBP_GLIAL_CELL_MIGRATION; GOBP_HEART_DEVELOPMENT; GOBP_HEART_MORPHOGENESIS; GOBP_MUSCLE_CELL_MIGRATION; GOBP_NEGATIVE_REGULATION_OF_CELL_ADHESION; GOBP_NEGATIVE_REGULATION_OF_CELL_COMMUNICATION; GOBP_NEGATIVE_REGULATION_OF_CELL_MATRIX_ADHESION; GOBP_NEGATIVE_REGULATION_OF_SMOOTH_MUSCLE_CELL_MIGRATION; GOBP_POSITIVE_REGULATION_OF_GLIAL_CELL_MIGRATION; GOBP_POSITIVE_REGULATION_OF_SCHWANN_CELL_MIGRATION; GOBP_POSITIVE_REGULATION_OF_SMOOTH_MUSCLE_CELL_MIGRATION; GOBP_POSITIVE_REGULATION_OF_VASCULAR_ASSOCIATED_SMOOTH_MUSCLE_CELL_MIGRATION; GOBP_REGULATION_OF_ACTIN_FILAMENT_BASED_PROCESS; GOBP_REGULATION_OF_CELL_ADHESION; GOBP_REGULATION_OF_CELL_MATRIX_ADHESION; GOBP_REGULATION_OF_CYTOSKELETON_ORGANIZATION; GOBP_REGULATION_OF_EXTRACELLULAR_MATRIX_ORGANIZATION; GOBP_REGULATION_OF_GLIAL_CELL_MIGRATION; GOBP_REGULATION_OF_SCHWANN_CELL_MIGRATION; GOBP_SCHWANN_CELL_MIGRATION; GOBP_SMOOTH_MUSCLE_CELL_MIGRATION; GOBP_VASCULAR_ASSOCIATED_SMOOTH_MUSCLE_CELL_MIGRATION; GOCC_BASOLATERAL_PLASMA_MEMBRANE; GOCC_MICROTUBULE_CYTOSKELETON; GOCC_MICROTUBULE_ORGANIZING_CENTER,NA,NA,GOBP_CELL_SURFACE_RECEPTOR_PROTEIN_SERINE_THREONINE_KINASE_SIGNALING_PATHWAY; GOBP_CELL_SURFACE_RECEPTOR_PROTEIN_TYROSINE_KINASE_SIGNALING_PATHWAY; GOBP_ENZYME_LINKED_RECEPTOR_PROTEIN_SIGNALING_PATHWAY; GOBP_PLATELET_DERIVED_GROWTH_FACTOR_RECEPTOR_BETA_SIGNALING_PATHWAY; GOBP_PLATELET_DERIVED_GROWTH_FACTOR_RECEPTOR_SIGNALING_PATHWAY; GOBP_SMAD_PROTEIN_SIGNAL_TRANSDUCTION; GOBP_TRANSFORMING_GROWTH_FACTOR_BETA_RECEPTOR_SIGNALING_PATHWAY,GOBP_ASTROCYTE_ACTIVATION; GOBP_CELL_ACTIVATION_INVOLVED_IN_IMMUNE_RESPONSE; GOBP_CHEMOKINE_PRODUCTION; GOBP_CYTOKINE_PRODUCTION; GOBP_GLIAL_CELL_ACTIVATION; GOBP_IMMUNE_EFFECTOR_PROCESS; GOBP_INFLAMMATORY_RESPONSE; GOBP_NEUROINFLAMMATORY_RESPONSE; GOBP_POSITIVE_REGULATION_OF_CYTOKINE_PRODUCTION,GOBP_AMIDE_TRANSPORT; GOBP_ARTERY_MORPHOGENESIS; GOBP_CELL_CELL_SIGNALING; GOBP_ENDOCYTOSIS; GOBP_EXPORT_FROM_CELL; GOBP_HORMONE_TRANSPORT; GOBP_IMPORT_INTO_CELL; GOBP_INTRACELLULAR_TRANSPORT; GOBP_LIPID_LOCALIZATION; GOBP_LIPID_METABOLIC_PROCESS; GOBP_LOCALIZATION_WITHIN_MEMBRANE; GOBP_LYSOSOMAL_TRANSPORT; GOBP_NEGATIVE_REGULATION_OF_CYTOSOLIC_CALCIUM_ION_CONCENTRATION; GOBP_ORGANIC_HYDROXY_COMPOUND_TRANSPORT; GOBP_PEPTIDE_TRANSPORT; GOBP_PHAGOCYTOSIS; GOBP_POSITIVE_REGULATION_OF_CYTOSOLIC_CALCIUM_ION_CONCENTRATION; GOBP_POSITIVE_REGULATION_OF_LIPID_LOCALIZATION; GOBP_POSITIVE_REGULATION_OF_LIPID_TRANSPORT; GOBP_POSITIVE_REGULATION_OF_STEROL_TRANSPORT; GOBP_POSITIVE_REGULATION_OF_TRANSPORT; GOBP_POSTSYNAPTIC_ENDOCYTOSIS; GOBP_PROTEIN_LOCALIZATION_TO_CELL_PERIPHERY; GOBP_PROTEIN_LOCALIZATION_TO_EXTRACELLULAR_REGION; GOBP_PROTEIN_LOCALIZATION_TO_MEMBRANE; GOBP_PROTEIN_LOCALIZATION_TO_PLASMA_MEMBRANE; GOBP_PROTEIN_TRANSPORT; GOBP_RECEPTOR_MEDIATED_ENDOCYTOSIS; GOBP_REGULATION_OF_CELLULAR_LOCALIZATION; GOBP_REGULATION_OF_LIPID_LOCALIZATION; GOBP_REGULATION_OF_LIPID_TRANSPORT; GOBP_REGULATION_OF_PEPTIDE_TRANSPORT; GOBP_REGULATION_OF_PROTEIN_LOCALIZATION; GOBP_REGULATION_OF_RECEPTOR_MEDIATED_ENDOCYTOSIS; GOBP_REGULATION_OF_STEROL_TRANSPORT; GOBP_REGULATION_OF_TRANSPORT; GOBP_REGULATION_OF_VESICLE_MEDIATED_TRANSPORT; GOBP_REVERSE_CHOLESTEROL_TRANSPORT; GOBP_STEROL_TRANSPORT; GOBP_TUBE_DEVELOPMENT; GOBP_TUBE_MORPHOGENESIS; GOBP_VACUOLAR_TRANSPORT; GOBP_VASCULAR_TRANSPORT; GOBP_VASCULATURE_DEVELOPMENT; GOBP_VESICLE_MEDIATED_TRANSPORT; GOBP_VESICLE_MEDIATED_TRANSPORT_IN_SYNAPSE; GOCC_CLATHRIN_COATED_PIT; GOMF_CALCIUM_ION_BINDING; GOMF_CARGO_RECEPTOR_ACTIVITY; REACTOME_METABOLISM; REACTOME_METABOLISM_OF_FAT_SOLUBLE_VITAMINS; REACTOME_METABOLISM_OF_VITAMINS_AND_COFACTORS; REACTOME_VESICLE_MEDIATED_TRANSPORT,GOBP_ERK1_AND_ERK2_CASCADE; GOBP_MAPK_CASCADE; GOBP_NEGATIVE_REGULATION_OF_PLATELET_DERIVED_GROWTH_FACTOR_RECEPTOR_SIGNALING_PATHWAY; GOBP_NEGATIVE_REGULATION_OF_TRANSFORMING_GROWTH_FACTOR_BETA_RECEPTOR_SIGNALING_PATHWAY; GOBP_PLATELET_DERIVED_GROWTH_FACTOR_RECEPTOR_BETA_SIGNALING_PATHWAY; GOBP_PLATELET_DERIVED_GROWTH_FACTOR_RECEPTOR_SIGNALING_PATHWAY; GOBP_POSITIVE_REGULATION_OF_MAPK_CASCADE; GOBP_REGULATION_OF_CELLULAR_RESPONSE_TO_GROWTH_FACTOR_STIMULUS; GOBP_REGULATION_OF_CELLULAR_RESPONSE_TO_TRANSFORMING_GROWTH_FACTOR_BETA_STIMULUS; GOBP_REGULATION_OF_PLATELET_DERIVED_GROWTH_FACTOR_RECEPTOR_BETA_SIGNALING_PATHWAY; GOBP_REGULATION_OF_PLATELET_DERIVED_GROWTH_FACTOR_RECEPTOR_SIGNALING_PATHWAY; GOBP_RESPONSE_TO_GROWTH_FACTOR; GOBP_RESPONSE_TO_TRANSFORMING_GROWTH_FACTOR_BETA; GOBP_TRANSFORMING_GROWTH_FACTOR_BETA_RECEPTOR_SIGNALING_PATHWAY
Cobll1,8,COBLL1,FALSE,3.791,4,1,1,Cell adhesion and cytoskeleton,Top group has >=2 more matching unique gs_names than second group,Cell adhesion and cytoskeleton,Top group has >=2 more matching unique gs_names than second group,NA,FALSE,FALSE,Cell adhesion and cytoskeleton,4,0,4,1,Cell adhesion and cytoskeleton,NA,1,FALSE,Cell adhesion and cytoskeleton (gs_names=4),4,0,0,0,0,0,0,2,0,0,0,0,0,0,ACTIN; CYTOSKELETON,NA,NA,NA,NA,NA,NA,GOCC_CELL_CORTEX; GOMF_ACTIN_BINDING; GOMF_ACTIN_MONOMER_BINDING; GOMF_CYTOSKELETAL_PROTEIN_BINDING,NA,NA,NA,NA,NA,NA
Anxa3,9,ANXA3,FALSE,1.027,2,1,1,Ion transport and metabolism,Top group has >=2 more matching unique gs_names than second group,Ion transport and metabolism,Top group has >=2 more matching unique gs_names than second group,NA,FALSE,FALSE,Ion transport and metabolism,20,10,10,1,Ion transport and metabolism,NA,4,TRUE,Cell adhesion and cytoskeleton (gs_names=4); Gene expression regulation (gs_names=2); Immune (gs_names=10); Ion transport and metabolism (gs_names=20),4,0,0,2,10,20,0,2,0,0,2,3,3,0,CELL_MIGRATION; ECM_EXTRACELLULAR_MATRIX,NA,NA,DNA_BINDING_TRANSCRIPTION_FACTOR; TRANSCRIPTION,CYTOKINE; IMMUNE; INFLAMMATORY,CALCIUM; LIPID; TRANSPORT,NA,GOBP_CELL_MIGRATION; GOBP_ENDOTHELIAL_CELL_MIGRATION; GOBP_POSITIVE_REGULATION_OF_ENDOTHELIAL_CELL_MIGRATION; GOBP_REGULATION_OF_ENDOTHELIAL_CELL_MIGRATION,NA,NA,GOBP_POSITIVE_REGULATION_OF_DNA_BINDING_TRANSCRIPTION_FACTOR_ACTIVITY; GOBP_REGULATION_OF_DNA_BINDING_TRANSCRIPTION_FACTOR_ACTIVITY,GOBP_CELL_ACTIVATION_INVOLVED_IN_IMMUNE_RESPONSE; GOBP_GRANULOCYTE_ACTIVATION; GOBP_IMMUNE_EFFECTOR_PROCESS; GOBP_LEUKOCYTE_MEDIATED_IMMUNITY; GOBP_MYELOID_CELL_ACTIVATION_INVOLVED_IN_IMMUNE_RESPONSE; GOBP_MYELOID_LEUKOCYTE_MEDIATED_IMMUNITY; GOBP_NEUTROPHIL_ACTIVATION; GOBP_NEUTROPHIL_ACTIVATION_INVOLVED_IN_IMMUNE_RESPONSE; GOBP_NEUTROPHIL_DEGRANULATION; GOBP_NEUTROPHIL_MEDIATED_IMMUNITY,GOBP_ENDOCYTOSIS; GOBP_EXPORT_FROM_CELL; GOBP_IMPORT_INTO_CELL; GOBP_PHAGOCYTOSIS; GOBP_TUBE_DEVELOPMENT; GOBP_TUBE_MORPHOGENESIS; GOBP_VASCULATURE_DEVELOPMENT; GOBP_VESICLE_MEDIATED_TRANSPORT; GOCC_BOUNDING_MEMBRANE_OF_ORGANELLE; GOCC_ENDOCYTIC_VESICLE_MEMBRANE; GOCC_PHAGOCYTIC_VESICLE_MEMBRANE; GOCC_VESICLE_MEMBRANE; GOMF_CALCIUM_DEPENDENT_PHOSPHOLIPID_BINDING; GOMF_CALCIUM_DEPENDENT_PROTEIN_BINDING; GOMF_CALCIUM_ION_BINDING; GOMF_LIPASE_INHIBITOR_ACTIVITY; GOMF_LIPID_BINDING; GOMF_PHOSPHATIDYLSERINE_BINDING; GOMF_PHOSPHOLIPASE_INHIBITOR_ACTIVITY; GOMF_PHOSPHOLIPID_BINDING,NA
Syne1,10,SYNE1,FALSE,27.12,2,1,1,Cell adhesion and cytoskeleton,Manual review annotation,Ion transport and metabolism,Top group has >=2 more matching unique gs_names than second group,Cell adhesion and cytoskeleton,TRUE,FALSE,Ion transport and metabolism,28,12,16,1,Ion transport and metabolism,NA,5,TRUE,Cell adhesion and cytoskeleton (gs_names=12); DNA damage and repair (gs_names=1); Gene expression regulation (gs_names=4); Immune (gs_names=1); Ion transport and metabolism (gs_names=28),12,1,0,4,1,28,0,3,1,0,3,1,3,0,ACTIN; CELL_ADHESION; CYTOSKELETON,UV_RESPONSE,NA,RIBOSOME; RNA_SURVEILLANCE_DECAY; TRANSLATION,CYTOKINE,CALCIUM; LIPID; TRANSPORT,NA,GOBP_CELL_CELL_SIGNALING; GOBP_ORGANELLE_ASSEMBLY; GOCC_ACTIN_CYTOSKELETON; GOCC_CONTRACTILE_MUSCLE_FIBER; GOCC_MICROTUBULE_ORGANIZING_CENTER_ATTACHMENT_SITE; GOCC_POSTSYNAPTIC_ACTIN_CYTOSKELETON; GOCC_POSTSYNAPTIC_CYTOSKELETON; GOMF_ACTIN_BINDING; GOMF_ACTIN_FILAMENT_BINDING; GOMF_CYTOSKELETAL_PROTEIN_BINDING; GOMF_CYTOSKELETON_NUCLEAR_MEMBRANE_ANCHOR_ACTIVITY; GOMF_PROTEIN_MEMBRANE_ADAPTOR_ACTIVITY,HALLMARK_UV_RESPONSE_DN,NA,GOBP_ORGANELLE_ASSEMBLY; GOCC_NUCLEAR_OUTER_MEMBRANE; GOCC_P_BODY; GOCC_RIBONUCLEOPROTEIN_GRANULE,GOCC_MIDBODY,GOBP_CELL_CELL_SIGNALING; GOBP_ENDOCYTOSIS; GOBP_IMPORT_INTO_CELL; GOBP_INTRACELLULAR_TRANSPORT; GOBP_MAINTENANCE_OF_PROTEIN_LOCATION; GOBP_MAINTENANCE_OF_PROTEIN_LOCATION_IN_NUCLEUS; GOBP_MICROTUBULE_ORGANIZING_CENTER_LOCALIZATION; GOBP_NUCLEUS_LOCALIZATION; GOBP_ORGANELLE_LOCALIZATION; GOBP_POSITIVE_REGULATION_OF_RECEPTOR_MEDIATED_ENDOCYTOSIS; GOBP_POSITIVE_REGULATION_OF_TRANSPORT; GOBP_POSTSYNAPTIC_ENDOCYTOSIS; GOBP_PROTEIN_LOCALIZATION_TO_NUCLEUS; GOBP_PROTEIN_LOCALIZATION_TO_ORGANELLE; GOBP_RECEPTOR_MEDIATED_ENDOCYTOSIS; GOBP_REGULATION_OF_RECEPTOR_MEDIATED_ENDOCYTOSIS; GOBP_REGULATION_OF_TRANSPORT; GOBP_REGULATION_OF_VESICLE_MEDIATED_TRANSPORT; GOBP_VESICLE_MEDIATED_TRANSPORT; GOBP_VESICLE_MEDIATED_TRANSPORT_IN_SYNAPSE; GOCC_BOUNDING_MEMBRANE_OF_ORGANELLE; GOCC_NUCLEAR_ENVELOPE; GOCC_NUCLEAR_MEMBRANE; GOCC_NUCLEAR_OUTER_MEMBRANE; GOCC_ORGANELLE_ENVELOPE; GOCC_SARCOPLASMIC_RETICULUM; GOMF_CYTOSKELETON_NUCLEAR_MEMBRANE_ANCHOR_ACTIVITY; GOMF_PROTEIN_MEMBRANE_ADAPTOR_ACTIVITY,NA
Gpc5,11,GPC5,FALSE,1.973,2,1,0,Ion transport and metabolism,Top group has >=2 more matching unique gs_names than second group,Ion transport and metabolism,Top group has >=2 more matching unique gs_names than second group,NA,FALSE,FALSE,Ion transport and metabolism,10,3,7,1,Ion transport and metabolism,NA,3,TRUE,Cell adhesion and cytoskeleton (gs_names=1); Gene expression regulation (gs_names=3); Ion transport and metabolism (gs_names=10),1,0,0,3,0,10,0,1,0,0,1,0,2,0,CELL_MIGRATION,NA,NA,TRANSCRIPTION,NA,METABOLISM; TRANSPORT,NA,GOBP_CELL_MIGRATION,NA,NA,GOBP_CANONICAL_WNT_SIGNALING_PATHWAY; GOBP_POSITIVE_REGULATION_OF_CANONICAL_WNT_SIGNALING_PATHWAY; GOBP_REGULATION_OF_CANONICAL_WNT_SIGNALING_PATHWAY,NA,GOBP_LOCALIZATION_WITHIN_MEMBRANE; GOBP_PROTEIN_LOCALIZATION_TO_MEMBRANE; GOBP_REGULATION_OF_CELLULAR_LOCALIZATION; GOBP_REGULATION_OF_PROTEIN_LOCALIZATION; REACTOME_GLYCOSAMINOGLYCAN_METABOLISM; REACTOME_HEPARAN_SULFATE_HEPARIN_HS_GAG_METABOLISM; REACTOME_METABOLISM; REACTOME_METABOLISM_OF_CARBOHYDRATES_AND_CARBOHYDRATE_DERIVATIVES; REACTOME_METABOLISM_OF_FAT_SOLUBLE_VITAMINS; REACTOME_METABOLISM_OF_VITAMINS_AND_COFACTORS,NA
Ryr2,12,RYR2,FALSE,15.421,2,1,0,Ion transport and metabolism,Top group has >=2 more matching unique gs_names than second group,Ion transport and metabolism,Top group has >=2 more matching unique gs_names than second group,NA,FALSE,FALSE,Ion transport and metabolism,66,20,46,1,Ion transport and metabolism,NA,4,TRUE,Cell adhesion and cytoskeleton (gs_names=20); Gene expression regulation (gs_names=1); Ion transport and metabolism (gs_names=66); MAPK / Ras (gs_names=1),20,0,0,1,0,66,1,4,0,0,1,0,4,1,ACTIN; CELL_ADHESION; CYTOSKELETON; ECM_EXTRACELLULAR_MATRIX,NA,NA,RIBOSOME,NA,CALCIUM; LIPID; METABOLISM; TRANSPORT,RAS,GOBP_ACTIN_FILAMENT_BASED_MOVEMENT; GOBP_ACTIN_FILAMENT_BASED_PROCESS; GOBP_ACTIN_MEDIATED_CELL_CONTRACTION; GOBP_ATRIAL_CARDIAC_MUSCLE_CELL_TO_AV_NODE_CELL_COMMUNICATION; GOBP_AV_NODE_CELL_TO_BUNDLE_OF_HIS_CELL_COMMUNICATION; GOBP_CARDIAC_MUSCLE_CELL_CONTRACTION; GOBP_CELL_CELL_SIGNALING; GOBP_CELL_COMMUNICATION_INVOLVED_IN_CARDIAC_CONDUCTION; GOBP_HEART_DEVELOPMENT; GOBP_HEART_MORPHOGENESIS; GOBP_HEART_PROCESS; GOBP_MUSCLE_CONTRACTION; GOBP_MUSCLE_TISSUE_DEVELOPMENT; GOBP_PURKINJE_MYOCYTE_TO_VENTRICULAR_CARDIAC_MUSCLE_CELL_COMMUNICATION; GOBP_REGULATION_OF_ACTIN_FILAMENT_BASED_MOVEMENT; GOBP_REGULATION_OF_ACTIN_FILAMENT_BASED_PROCESS; GOBP_SA_NODE_CELL_TO_ATRIAL_CARDIAC_MUSCLE_CELL_COMMUNICATION; GOBP_STRIATED_MUSCLE_CONTRACTION; GOCC_CONTRACTILE_MUSCLE_FIBER; GOCC_I_BAND,NA,NA,GOCC_SMOOTH_ENDOPLASMIC_RETICULUM,NA,GOBP_CALCIUM_ION_HOMEOSTASIS; GOBP_CALCIUM_ION_TRANSMEMBRANE_IMPORT_INTO_CYTOSOL; GOBP_CALCIUM_ION_TRANSMEMBRANE_TRANSPORT; GOBP_CALCIUM_ION_TRANSPORT; GOBP_CALCIUM_ION_TRANSPORT_INTO_CYTOSOL; GOBP_CALCIUM_MEDIATED_SIGNALING; GOBP_CELL_CELL_SIGNALING; GOBP_DETECTION_OF_CALCIUM_ION; GOBP_EPITHELIAL_TUBE_MORPHOGENESIS; GOBP_MANGANESE_ION_TRANSPORT; GOBP_METAL_ION_TRANSPORT; GOBP_MONOATOMIC_CATION_TRANSMEMBRANE_TRANSPORT; GOBP_MONOATOMIC_CATION_TRANSPORT; GOBP_MONOATOMIC_ION_TRANSMEMBRANE_TRANSPORT; GOBP_MONOATOMIC_ION_TRANSPORT; GOBP_NEGATIVE_REGULATION_OF_CYTOSOLIC_CALCIUM_ION_CONCENTRATION; GOBP_POSITIVE_REGULATION_OF_CYTOSOLIC_CALCIUM_ION_CONCENTRATION; GOBP_POSITIVE_REGULATION_OF_SEQUESTERING_OF_CALCIUM_ION; GOBP_REGULATION_OF_CALCIUM_ION_TRANSMEMBRANE_TRANSPORT; GOBP_REGULATION_OF_CALCIUM_ION_TRANSPORT; GOBP_REGULATION_OF_CARDIAC_MUSCLE_CONTRACTION_BY_CALCIUM_ION_SIGNALING; GOBP_REGULATION_OF_CARDIAC_MUSCLE_CONTRACTION_BY_REGULATION_OF_THE_RELEASE_OF_SEQUESTERED_CALCIUM_ION; GOBP_REGULATION_OF_CYTOSOLIC_CALCIUM_ION_CONCENTRATION; GOBP_REGULATION_OF_METAL_ION_TRANSPORT; GOBP_REGULATION_OF_MONOATOMIC_ION_TRANSMEMBRANE_TRANSPORT; GOBP_REGULATION_OF_MONOATOMIC_ION_TRANSPORT; GOBP_REGULATION_OF_RELEASE_OF_SEQUESTERED_CALCIUM_ION_INTO_CYTOSOL; GOBP_REGULATION_OF_RELEASE_OF_SEQUESTERED_CALCIUM_ION_INTO_CYTOSOL_BY_SARCOPLASMIC_RETICULUM; GOBP_REGULATION_OF_TRANSMEMBRANE_TRANSPORT; GOBP_REGULATION_OF_TRANSPORT; GOBP_RELEASE_OF_SEQUESTERED_CALCIUM_ION_INTO_CYTOSOL_BY_ENDOPLASMIC_RETICULUM; GOBP_RESPONSE_TO_CALCIUM_ION; GOBP_SARCOPLASMIC_RETICULUM_CALCIUM_ION_TRANSPORT; GOBP_SEQUESTERING_OF_CALCIUM_ION; GOBP_TRANSITION_METAL_ION_TRANSPORT; GOBP_TRANSMEMBRANE_TRANSPORT; GOBP_TUBE_DEVELOPMENT; GOBP_TUBE_MORPHOGENESIS; GOCC_BOUNDING_MEMBRANE_OF_ORGANELLE; GOCC_CALCIUM_CHANNEL_COMPLEX; GOCC_MONOATOMIC_ION_CHANNEL_COMPLEX; GOCC_NUCLEAR_ENVELOPE; GOCC_ORGANELLE_ENVELOPE; GOCC_SARCOPLASMIC_RETICULUM; GOCC_SARCOPLASMIC_RETICULUM_MEMBRANE; GOCC_SMOOTH_ENDOPLASMIC_RETICULUM; GOCC_TRANSPORTER_COMPLEX; GOMF_CALCIUM_INDUCED_CALCIUM_RELEASE_ACTIVITY; GOMF_CALCIUM_ION_BINDING; GOMF_CALCIUM_ION_TRANSMEMBRANE_TRANSPORTER_ACTIVITY; GOMF_CALMODULIN_BINDING; GOMF_GATED_CHANNEL_ACTIVITY; GOMF_INTRACELLULARLY_GATED_CALCIUM_CHANNEL_ACTIVITY; GOMF_INTRACELLULARLY_LIGAND_GATED_MONOATOMIC_ION_CHANNEL_ACTIVITY; GOMF_LIGAND_GATED_CALCIUM_CHANNEL_ACTIVITY; GOMF_LIGAND_GATED_CHANNEL_ACTIVITY; GOMF_LIGAND_GATED_MONOATOMIC_CATION_CHANNEL_ACTIVITY; GOMF_METAL_ION_TRANSMEMBRANE_TRANSPORTER_ACTIVITY; GOMF_MONOATOMIC_CATION_CHANNEL_ACTIVITY; GOMF_MONOATOMIC_CATION_TRANSMEMBRANE_TRANSPORTER_ACTIVITY; GOMF_MONOATOMIC_ION_TRANSMEMBRANE_TRANSPORTER_ACTIVITY; GOMF_PASSIVE_TRANSMEMBRANE_TRANSPORTER_ACTIVITY; GOMF_TRANSPORTER_ACTIVITY; REACTOME_ION_CHANNEL_TRANSPORT; REACTOME_TRANSPORT_OF_SMALL_MOLECULES; WP_CALCIUM_REGULATION_IN_CARDIAC_CELLS,HALLMARK_KRAS_SIGNALING_DN
Rcsd1,13,RCSD1,FALSE,1.269,2,1,0,Cell adhesion and cytoskeleton,Manual review annotation,Ion transport and metabolism,Top group has >=2 more matching unique gs_names than second group,Cell adhesion and cytoskeleton,TRUE,FALSE,Ion transport and metabolism,10,7,3,1,Ion transport and metabolism,NA,2,TRUE,Cell adhesion and cytoskeleton (gs_names=7); Ion transport and metabolism (gs_names=10),7,0,0,0,0,10,0,2,0,0,0,0,2,0,ACTIN; CYTOSKELETON,NA,NA,NA,NA,LIPID; TRANSPORT,NA,GOBP_MUSCLE_CONTRACTION; GOBP_SKELETAL_MUSCLE_CONTRACTION; GOBP_STRIATED_MUSCLE_CONTRACTION; GOCC_WASH_COMPLEX; GOMF_ACTIN_BINDING; GOMF_ACTIN_FILAMENT_BINDING; GOMF_CYTOSKELETAL_PROTEIN_BINDING,NA,NA,NA,NA,GOBP_CYTOSOLIC_TRANSPORT; GOBP_ENDOSOMAL_TRANSPORT; GOBP_INTRACELLULAR_TRANSPORT; GOBP_PROTEIN_LOCALIZATION_TO_ENDOSOME; GOBP_PROTEIN_LOCALIZATION_TO_ORGANELLE; GOBP_RETROGRADE_TRANSPORT_ENDOSOME_TO_GOLGI; GOBP_VESICLE_MEDIATED_TRANSPORT; GOMF_LIPID_BINDING; GOMF_PHOSPHATIDYLINOSITOL_BINDING; GOMF_PHOSPHOLIPID_BINDING,NA
Gm11569,14,KRTAP4-9,FALSE,0.543,12,1,0,Keratin-associated proteins,Krtap/Gm115 symbol override,Keratin-associated proteins,Krtap/Gm115 symbol override,NA,FALSE,TRUE,None,0,0,0,0,None,symbol_Gm115_cluster,0,FALSE,None,NA,NA,NA,NA,NA,NA,NA,NA,NA,NA,NA,NA,NA,NA,NA,NA,NA,NA,NA,NA,NA,NA,NA,NA,NA,NA,NA,NA
Krtap4-16,15,KRTAP4-1,FALSE,0.609,9,3,3,Keratin-associated proteins,Krtap/Gm115 symbol override,Keratin-associated proteins,Krtap/Gm115 symbol override,NA,FALSE,TRUE,Cell adhesion and cytoskeleton,3,0,3,1,Cell adhesion and cytoskeleton,symbol_starts_Krtap,1,FALSE,Cell adhesion and cytoskeleton (gs_names=3),3,0,0,0,0,0,0,2,0,0,0,0,0,0,CYTOSKELETON; EPIDERMIS_KERATINIZATION_CORNIFIED,NA,NA,NA,NA,NA,NA,GOCC_INTERMEDIATE_FILAMENT_CYTOSKELETON; GOCC_POLYMERIC_CYTOSKELETAL_FIBER; REACTOME_KERATINIZATION,NA,NA,NA,NA,NA,NA
Gm11595,16,KRTAP4-3,FALSE,0.87,7,3,1,Keratin-associated proteins,Krtap/Gm115 symbol override,Keratin-associated proteins,Krtap/Gm115 symbol override,NA,FALSE,TRUE,None,0,0,0,0,None,symbol_Gm115_cluster,0,FALSE,None,NA,NA,NA,NA,NA,NA,NA,NA,NA,NA,NA,NA,NA,NA,NA,NA,NA,NA,NA,NA,NA,NA,NA,NA,NA,NA,NA,NA
Krtap4-9,17,KRTAP4-3,FALSE,0.735,5,2,2,Keratin-associated proteins,Krtap/Gm115 symbol override,Keratin-associated proteins,Krtap/Gm115 symbol override,NA,FALSE,TRUE,Cell adhesion and cytoskeleton,3,0,3,1,Cell adhesion and cytoskeleton,symbol_starts_Krtap,1,FALSE,Cell adhesion and cytoskeleton (gs_names=3),3,0,0,0,0,0,0,2,0,0,0,0,0,0,CYTOSKELETON; EPIDERMIS_KERATINIZATION_CORNIFIED,NA,NA,NA,NA,NA,NA,GOCC_INTERMEDIATE_FILAMENT_CYTOSKELETON; GOCC_POLYMERIC_CYTOSKELETAL_FIBER; REACTOME_KERATINIZATION,NA,NA,NA,NA,NA,NA
Gm11555,18,KRTAP4-7,FALSE,0.528,5,1,1,Keratin-associated proteins,Krtap/Gm115 symbol override,Keratin-associated proteins,Krtap/Gm115 symbol override,NA,FALSE,TRUE,None,0,0,0,0,None,symbol_Gm115_cluster,0,FALSE,None,NA,NA,NA,NA,NA,NA,NA,NA,NA,NA,NA,NA,NA,NA,NA,NA,NA,NA,NA,NA,NA,NA,NA,NA,NA,NA,NA,NA
Krtap9-5,19,KRTAP9-1,FALSE,1.077,4,2,2,Keratin-associated proteins,Krtap/Gm115 symbol override,Keratin-associated proteins,Krtap/Gm115 symbol override,NA,FALSE,TRUE,Cell adhesion and cytoskeleton,3,0,3,1,Cell adhesion and cytoskeleton,symbol_starts_Krtap,1,FALSE,Cell adhesion and cytoskeleton (gs_names=3),3,0,0,0,0,0,0,2,0,0,0,0,0,0,CYTOSKELETON; EPIDERMIS_KERATINIZATION_CORNIFIED,NA,NA,NA,NA,NA,NA,GOCC_INTERMEDIATE_FILAMENT_CYTOSKELETON; GOCC_POLYMERIC_CYTOSKELETAL_FIBER; REACTOME_KERATINIZATION,NA,NA,NA,NA,NA,NA
Gm11596,20,KRTAP4-3,FALSE,0.618,4,2,1,Keratin-associated proteins,Krtap/Gm115 symbol override,Keratin-associated proteins,Krtap/Gm115 symbol override,NA,FALSE,TRUE,None,0,0,0,0,None,symbol_Gm115_cluster,0,FALSE,None,NA,NA,NA,NA,NA,NA,NA,NA,NA,NA,NA,NA,NA,NA,NA,NA,NA,NA,NA,NA,NA,NA,NA,NA,NA,NA,NA,NA
Krtap9-1,21,KRTAP9-2;KRTAP9-3;KRTAP9-4;KRTAP9-6;KRTAP9-7;KRTAP9-9,FALSE,0.561,3,1,0,Keratin-associated proteins,Krtap/Gm115 symbol override,Keratin-associated proteins,Krtap/Gm115 symbol override,NA,FALSE,TRUE,Cell adhesion and cytoskeleton,3,0,3,1,Cell adhesion and cytoskeleton,symbol_starts_Krtap,1,FALSE,Cell adhesion and cytoskeleton (gs_names=3),3,0,0,0,0,0,0,2,0,0,0,0,0,0,CYTOSKELETON; EPIDERMIS_KERATINIZATION_CORNIFIED,NA,NA,NA,NA,NA,NA,GOCC_INTERMEDIATE_FILAMENT_CYTOSKELETON; GOCC_POLYMERIC_CYTOSKELETAL_FIBER; REACTOME_KERATINIZATION,NA,NA,NA,NA,NA,NA
Gm11568,22,KRTAP9-2;KRTAP9-3;KRTAP9-4;KRTAP9-6;KRTAP9-7;KRTAP9-9,FALSE,0.636,2,1,1,Keratin-associated proteins,Krtap/Gm115 symbol override,Keratin-associated proteins,Krtap/Gm115 symbol override,NA,FALSE,TRUE,None,0,0,0,0,None,symbol_Gm115_cluster,0,FALSE,None,NA,NA,NA,NA,NA,NA,NA,NA,NA,NA,NA,NA,NA,NA,NA,NA,NA,NA,NA,NA,NA,NA,NA,NA,NA,NA,NA,NA
Gm11563,23,KRTAP4-11;KRTAP4-7;KRTAP4-8,FALSE,0.507,2,1,1,Keratin-associated proteins,Krtap/Gm115 symbol override,Keratin-associated proteins,Krtap/Gm115 symbol override,NA,FALSE,TRUE,None,0,0,0,0,None,symbol_Gm115_cluster,0,FALSE,None,NA,NA,NA,NA,NA,NA,NA,NA,NA,NA,NA,NA,NA,NA,NA,NA,NA,NA,NA,NA,NA,NA,NA,NA,NA,NA,NA,NA
Kmt2d,24,KMT2D,TRUE,17.032,11,6,6,Epigenetic regulators,Top group has >=2 more matching unique gs_names than second group,Epigenetic regulators,Top group has >=2 more matching unique gs_names than second group,NA,FALSE,FALSE,Epigenetic regulators,27,13,14,1,Epigenetic regulators,NA,5,TRUE,DNA damage and repair (gs_names=1); Epigenetic regulators (gs_names=27); Gene expression regulation (gs_names=13); Ion transport and metabolism (gs_names=2); MAPK / Ras (gs_names=1),0,1,27,13,0,2,1,0,1,5,5,0,1,1,NA,DNA_REPAIR,CHROMATIN; CHROMATIN_REMODELING; EPIGENETIC; HISTONE; METHYL,DNA_BINDING_TRANSCRIPTION_FACTOR; PROMOTER_ENHANCER; RNA_POLYMERASE; TFIID_MEDIATOR; TRANSCRIPTION,NA,LIPID,RAS,NA,GOBP_CHROMATIN_REMODELING,GOBP_CHROMATIN_ORGANIZATION; GOBP_CHROMATIN_REMODELING; GOBP_EPIGENETIC_REGULATION_OF_GENE_EXPRESSION; GOBP_HETEROCHROMATIN_ORGANIZATION; GOBP_METHYLATION; GOBP_NEGATIVE_REGULATION_OF_GENE_EXPRESSION_EPIGENETIC; GOCC_HISTONE_METHYLTRANSFERASE_COMPLEX; GOCC_METHYLTRANSFERASE_COMPLEX; GOCC_MLL3_4_COMPLEX; GOCC_TRANSFERASE_COMPLEX; GOMF_HISTONE_H3_METHYLTRANSFERASE_ACTIVITY; GOMF_HISTONE_H3K4_METHYLTRANSFERASE_ACTIVITY; GOMF_HISTONE_H3K4_MONOMETHYLTRANSFERASE_ACTIVITY; GOMF_HISTONE_METHYLTRANSFERASE_ACTIVITY; GOMF_HISTONE_MODIFYING_ACTIVITY; GOMF_N_METHYLTRANSFERASE_ACTIVITY; GOMF_PROTEIN_LYSINE_N_METHYLTRANSFERASE_ACTIVITY; GOMF_PROTEIN_METHYLTRANSFERASE_ACTIVITY; GOMF_S_ADENOSYLMETHIONINE_DEPENDENT_METHYLTRANSFERASE_ACTIVITY; GOMF_TRANSCRIPTION_COACTIVATOR_ACTIVITY; GOMF_TRANSCRIPTION_COREGULATOR_ACTIVITY; REACTOME_CHROMATIN_ORGANIZATION; REACTOME_EPIGENETIC_REGULATION_BY_WDR5_CONTAINING_HISTONE_MODIFYING_COMPLEXES; REACTOME_EPIGENETIC_REGULATION_OF_GENE_EXPRESSION; REACTOME_EPIGENETIC_REGULATION_OF_GENE_EXPRESSION_BY_MLL3_AND_MLL4_COMPLEXES; REACTOME_FORMATION_OF_WDR5_CONTAINING_HISTONE_MODIFYING_COMPLEXES; REACTOME_PKMTS_METHYLATE_HISTONE_LYSINES,GOBP_CHROMATIN_REMODELING; GOBP_ESTROGEN_RECEPTOR_SIGNALING_PATHWAY; GOBP_NUCLEAR_RECEPTOR_MEDIATED_SIGNALING_PATHWAY; GOBP_POSITIVE_REGULATION_OF_TRANSCRIPTION_BY_RNA_POLYMERASE_II; GOMF_DNA_BINDING_TRANSCRIPTION_ACTIVATOR_ACTIVITY; GOMF_DNA_BINDING_TRANSCRIPTION_FACTOR_ACTIVITY; GOMF_SEQUENCE_SPECIFIC_DNA_BINDING; GOMF_TRANSCRIPTION_COACTIVATOR_ACTIVITY; GOMF_TRANSCRIPTION_COREGULATOR_ACTIVITY; GOMF_TRANSCRIPTION_REGULATOR_ACTIVITY; REACTOME_GENE_EXPRESSION_TRANSCRIPTION; REACTOME_GENERIC_TRANSCRIPTION_PATHWAY; REACTOME_TRANSCRIPTIONAL_REGULATION_BY_RUNX1,NA,GOBP_CELLULAR_RESPONSE_TO_LIPID; GOBP_RESPONSE_TO_LIPID,HALLMARK_KRAS_SIGNALING_DN
Kdm6a,25,KDM6A,FALSE,4.415,4,3,1,Epigenetic regulators,Top group has >=2 more matching unique gs_names than second group,Epigenetic regulators,Top group has >=2 more matching unique gs_names than second group,NA,FALSE,FALSE,Epigenetic regulators,19,6,13,1,Epigenetic regulators,NA,5,TRUE,Cell adhesion and cytoskeleton (gs_names=4); DNA damage and repair (gs_names=1); Epigenetic regulators (gs_names=19); Gene expression regulation (gs_names=6); Ion transport and metabolism (gs_names=6),4,1,19,6,0,6,0,2,1,6,4,0,3,0,ACTIN; ECM_EXTRACELLULAR_MATRIX,DNA_REPAIR,CHROMATIN; CHROMATIN_REMODELING; DEMETHYL; EPIGENETIC; HISTONE; METHYL,DNA_BINDING_TRANSCRIPTION_FACTOR; PROMOTER_ENHANCER; RNA_POLYMERASE; TRANSCRIPTION,NA,LIPID; OXIDATIVE; TRANSPORT,NA,GOBP_HEART_DEVELOPMENT; GOBP_HEART_MORPHOGENESIS; GOBP_NEGATIVE_REGULATION_OF_CELL_COMMUNICATION; GOMF_OXIDOREDUCTASE_ACTIVITY_ACTING_ON_PAIRED_DONORS_WITH_INCORPORATION_OR_REDUCTION_OF_MOLECULAR_OXYGEN,GOBP_CHROMATIN_REMODELING,GOBP_CHROMATIN_ORGANIZATION; GOBP_CHROMATIN_REMODELING; GOCC_HISTONE_METHYLTRANSFERASE_COMPLEX; GOCC_METHYLTRANSFERASE_COMPLEX; GOCC_MLL3_4_COMPLEX; GOCC_TRANSFERASE_COMPLEX; GOMF_CHROMATIN_BINDING; GOMF_CHROMATIN_DNA_BINDING; GOMF_DEMETHYLASE_ACTIVITY; GOMF_HISTONE_H3_DEMETHYLASE_ACTIVITY; GOMF_HISTONE_H3K27ME2_H3K27ME3_DEMETHYLASE_ACTIVITY; GOMF_HISTONE_MODIFYING_ACTIVITY; GOMF_PROTEIN_DEMETHYLASE_ACTIVITY; REACTOME_CHROMATIN_ORGANIZATION; REACTOME_EPIGENETIC_REGULATION_BY_WDR5_CONTAINING_HISTONE_MODIFYING_COMPLEXES; REACTOME_EPIGENETIC_REGULATION_OF_GENE_EXPRESSION; REACTOME_EPIGENETIC_REGULATION_OF_GENE_EXPRESSION_BY_MLL3_AND_MLL4_COMPLEXES; REACTOME_FORMATION_OF_WDR5_CONTAINING_HISTONE_MODIFYING_COMPLEXES; REACTOME_HDMS_DEMETHYLATE_HISTONES,GOBP_CHROMATIN_REMODELING; GOBP_POSITIVE_REGULATION_OF_TRANSCRIPTION_BY_RNA_POLYMERASE_II; GOMF_CIS_REGULATORY_REGION_SEQUENCE_SPECIFIC_DNA_BINDING; GOMF_RNA_POLYMERASE_II_TRANSCRIPTION_REGULATORY_REGION_SEQUENCE_SPECIFIC_DNA_BINDING; GOMF_SEQUENCE_SPECIFIC_DNA_BINDING; REACTOME_GENE_EXPRESSION_TRANSCRIPTION,NA,GOBP_CELLULAR_RESPONSE_TO_LIPID; GOBP_EPITHELIAL_TUBE_MORPHOGENESIS; GOBP_INTRINSIC_APOPTOTIC_SIGNALING_PATHWAY; GOBP_RESPONSE_TO_LIPID; GOBP_TUBE_DEVELOPMENT; GOBP_TUBE_MORPHOGENESIS,NA
Kmt2c,26,KMT2C,TRUE,15.005,8,3,1,Epigenetic regulators,Top group has >=2 more matching unique gs_names than second group,Epigenetic regulators,Top group has >=2 more matching unique gs_names than second group,NA,FALSE,FALSE,Epigenetic regulators,18,5,13,1,Epigenetic regulators,NA,3,TRUE,DNA damage and repair (gs_names=1); Epigenetic regulators (gs_names=18); Gene expression regulation (gs_names=5),0,1,18,5,0,0,0,0,1,4,5,0,0,0,NA,DNA_REPAIR,CHROMATIN; CHROMATIN_REMODELING; HISTONE; METHYL,DNA_BINDING_TRANSCRIPTION_FACTOR; PROMOTER_ENHANCER; RNA_POLYMERASE; TFIID_MEDIATOR; TRANSCRIPTION,NA,NA,NA,NA,GOBP_CHROMATIN_REMODELING,GOBP_CHROMATIN_ORGANIZATION; GOBP_CHROMATIN_REMODELING; GOBP_METHYLATION; GOCC_HISTONE_METHYLTRANSFERASE_COMPLEX; GOCC_METHYLTRANSFERASE_COMPLEX; GOCC_MLL3_4_COMPLEX; GOCC_TRANSFERASE_COMPLEX; GOMF_HISTONE_H3_METHYLTRANSFERASE_ACTIVITY; GOMF_HISTONE_H3K4_METHYLTRANSFERASE_ACTIVITY; GOMF_HISTONE_H3K4_MONOMETHYLTRANSFERASE_ACTIVITY; GOMF_HISTONE_METHYLTRANSFERASE_ACTIVITY; GOMF_HISTONE_MODIFYING_ACTIVITY; GOMF_N_METHYLTRANSFERASE_ACTIVITY; GOMF_PROTEIN_LYSINE_N_METHYLTRANSFERASE_ACTIVITY; GOMF_PROTEIN_METHYLTRANSFERASE_ACTIVITY; GOMF_S_ADENOSYLMETHIONINE_DEPENDENT_METHYLTRANSFERASE_ACTIVITY; GOMF_TRANSCRIPTION_COACTIVATOR_ACTIVITY; GOMF_TRANSCRIPTION_COREGULATOR_ACTIVITY,GOBP_CHROMATIN_REMODELING; GOBP_POSITIVE_REGULATION_OF_TRANSCRIPTION_BY_RNA_POLYMERASE_II; GOMF_TRANSCRIPTION_COACTIVATOR_ACTIVITY; GOMF_TRANSCRIPTION_COREGULATOR_ACTIVITY; GOMF_TRANSCRIPTION_REGULATOR_ACTIVITY,NA,NA,NA
Atrx,27,ATRX,FALSE,7.601,9,2,1,Epigenetic regulators,Top group has >=2 more matching unique gs_names than second group,Epigenetic regulators,Top group has >=2 more matching unique gs_names than second group,NA,FALSE,FALSE,Epigenetic regulators,18,13,5,1,Epigenetic regulators,NA,5,TRUE,Cell adhesion and cytoskeleton (gs_names=7); DNA damage and repair (gs_names=13); Epigenetic regulators (gs_names=18); Gene expression regulation (gs_names=6); Ion transport and metabolism (gs_names=8),7,13,18,6,0,8,0,2,6,5,4,0,2,0,ACTIN; CYTOSKELETON,CHECKPOINT; CHROMOSOME_MAINTENANCE; DNA_DAMAGE_RESPONSE; DNA_REPAIR; TELOMERE; UV_RESPONSE,CHROMATIN; CHROMATIN_REMODELING; EPIGENETIC; HISTONE; METHYL,PROMOTER_ENHANCER; RNA_POLYMERASE; TRANSCRIPTION; TRANSLATION,NA,METABOLISM; TRANSPORT,NA,GOBP_CYTOSKELETON_ORGANIZATION; GOBP_MICROTUBULE_BASED_PROCESS; GOBP_MICROTUBULE_CYTOSKELETON_ORGANIZATION; GOMF_ATP_DEPENDENT_ACTIVITY_ACTING_ON_DNA; GOMF_CATALYTIC_ACTIVITY_ACTING_ON_A_NUCLEIC_ACID; GOMF_CATALYTIC_ACTIVITY_ACTING_ON_DNA; GOMF_HYDROLASE_ACTIVITY_ACTING_ON_ACID_ANHYDRIDES,GOBP_CHROMATIN_REMODELING; GOBP_DNA_DAMAGE_RESPONSE; GOBP_DNA_DAMAGE_RESPONSE_SIGNAL_TRANSDUCTION_BY_P53_CLASS_MEDIATOR; GOBP_DNA_REPAIR; GOBP_POSITIVE_REGULATION_OF_TELOMERE_MAINTENANCE; GOBP_REGULATION_OF_TELOMERE_MAINTENANCE; GOBP_TELOMERE_MAINTENANCE; GOCC_CHROMOSOME_TELOMERIC_REGION; HALLMARK_G2M_CHECKPOINT; HALLMARK_UV_RESPONSE_DN; REACTOME_CHROMOSOME_MAINTENANCE; REACTOME_INHIBITION_OF_DNA_RECOMBINATION_AT_TELOMERE; REACTOME_TELOMERE_MAINTENANCE,GOBP_CHROMATIN_ORGANIZATION; GOBP_CHROMATIN_REMODELING; GOBP_CONSTITUTIVE_HETEROCHROMATIN_FORMATION; GOBP_EPIGENETIC_REGULATION_OF_GENE_EXPRESSION; GOBP_HETEROCHROMATIN_ORGANIZATION; GOBP_NEGATIVE_REGULATION_OF_GENE_EXPRESSION_EPIGENETIC; GOBP_NUCLEOSOME_ASSEMBLY; GOBP_SUBTELOMERIC_HETEROCHROMATIN_FORMATION; GOCC_CHROMATIN; GOCC_CHROMOSOME; GOCC_HETEROCHROMATIN; GOCC_PERICENTRIC_HETEROCHROMATIN; GOMF_CHROMATIN_BINDING; GOMF_CHROMATIN_DNA_BINDING; GOMF_CHROMATIN_PROTEIN_ADAPTOR_ACTIVITY; GOMF_HISTONE_BINDING; GOMF_HISTONE_H3_READER_ACTIVITY; GOMF_HISTONE_H3K9ME2_3_READER_ACTIVITY,GOBP_CHROMATIN_REMODELING; GOBP_CONSTITUTIVE_HETEROCHROMATIN_FORMATION; GOBP_POSITIVE_REGULATION_OF_TRANSCRIPTION_BY_RNA_POLYMERASE_II; GOCC_HETEROCHROMATIN; GOMF_HISTONE_BINDING; GOMF_HISTONE_H3_READER_ACTIVITY,NA,GOBP_DNA_DAMAGE_RESPONSE; GOBP_DNA_REPAIR; GOBP_PROTEIN_LOCALIZATION_TO_CHROMOSOME; GOBP_PROTEIN_LOCALIZATION_TO_CHROMOSOME_TELOMERIC_REGION; GOBP_PROTEIN_LOCALIZATION_TO_ORGANELLE; GOBP_TUBE_DEVELOPMENT; GOMF_ATP_DEPENDENT_ACTIVITY; GOMF_ATP_HYDROLYSIS_ACTIVITY,NA
Smarca4,28,SMARCA4,FALSE,5.014,7,1,0,Epigenetic regulators,Manual review annotation,Gene expression regulation,Top group has >=2 more matching unique gs_names than second group,Epigenetic regulators,TRUE,FALSE,Gene expression regulation,40,24,16,1,Gene expression regulation,NA,6,TRUE,Cell adhesion and cytoskeleton (gs_names=23); DNA damage and repair (gs_names=6); Epigenetic regulators (gs_names=24); Gene expression regulation (gs_names=40); Immune (gs_names=7); Ion transport and metabolism (gs_names=12),23,6,24,40,7,12,0,5,2,7,7,4,4,0,ACTIN; CELL_ADHESION; CELL_MIGRATION; ECM_EXTRACELLULAR_MATRIX; EPIDERMIS_KERATINIZATION_CORNIFIED,DNA_DAMAGE_RESPONSE; DNA_REPAIR,ATP_DEPENDENT_CHROMATIN; CHROMATIN; CHROMATIN_REMODELING; DEMETHYL; EPIGENETIC; HISTONE; METHYL,DNA_BINDING_TRANSCRIPTION_FACTOR; PROMOTER_ENHANCER; RIBOSOME; RNA_POLYMERASE; RNA_PROCESSING; TFIID_MEDIATOR; TRANSCRIPTION,CYTOKINE; IMMUNE; NF_KAPPAB; TNFA,LIPID; METABOLISM; OXIDATIVE; TRANSPORT,NA,GOBP_CELL_ADHESION; GOBP_CELL_CELL_ADHESION; GOBP_CELL_MIGRATION; GOBP_EPIDERMAL_CELL_DIFFERENTIATION; GOBP_EPIDERMIS_DEVELOPMENT; GOBP_EPIDERMIS_MORPHOGENESIS; GOBP_HEART_DEVELOPMENT; GOBP_HEART_MORPHOGENESIS; GOBP_LEUKOCYTE_CELL_CELL_ADHESION; GOBP_NEGATIVE_REGULATION_OF_CELL_COMMUNICATION; GOBP_POSITIVE_REGULATION_OF_CELL_ADHESION; GOBP_POSITIVE_REGULATION_OF_CELL_CELL_ADHESION; GOBP_POSITIVE_REGULATION_OF_LEUKOCYTE_CELL_CELL_ADHESION; GOBP_REGULATION_OF_CELL_ADHESION; GOBP_REGULATION_OF_CELL_CELL_ADHESION; GOBP_SKIN_DEVELOPMENT; GOCC_NBAF_COMPLEX; GOCC_NPBAF_COMPLEX; GOMF_ATP_DEPENDENT_ACTIVITY_ACTING_ON_DNA; GOMF_CATALYTIC_ACTIVITY_ACTING_ON_A_NUCLEIC_ACID; GOMF_CATALYTIC_ACTIVITY_ACTING_ON_DNA; GOMF_HYDROLASE_ACTIVITY_ACTING_ON_ACID_ANHYDRIDES; REACTOME_REGULATION_OF_HOMOTYPIC_CELL_CELL_ADHESION,GOBP_CHROMATIN_REMODELING; GOBP_DNA_DAMAGE_RESPONSE; GOBP_DNA_REPAIR; GOBP_NUCLEOTIDE_EXCISION_REPAIR; GOBP_POSITIVE_REGULATION_OF_DNA_REPAIR; GOBP_REGULATION_OF_DNA_REPAIR,GOBP_CHROMATIN_ORGANIZATION; GOBP_CHROMATIN_REMODELING; GOBP_EPIGENETIC_REGULATION_OF_GENE_EXPRESSION; GOBP_HETEROCHROMATIN_ORGANIZATION; GOBP_LYMPHOCYTE_DIFFERENTIATION; GOBP_NEGATIVE_REGULATION_OF_GENE_EXPRESSION_EPIGENETIC; GOBP_NUCLEOSOME_ASSEMBLY; GOBP_POSITIVE_REGULATION_OF_GENE_EXPRESSION_EPIGENETIC; GOCC_CHROMATIN; GOCC_CHROMOSOME; GOCC_EUCHROMATIN; GOCC_NUCLEAR_MATRIX; GOCC_PERICHROMATIN_FIBRILS; GOMF_ATP_DEPENDENT_CHROMATIN_REMODELER_ACTIVITY; GOMF_CHROMATIN_BINDING; GOMF_HISTONE_BINDING; GOMF_HISTONE_OCTAMER_SLIDER_ACTIVITY; GOMF_NUCLEOSOME_ARRAY_SPACER_ACTIVITY; GOMF_TRANSCRIPTION_COACTIVATOR_ACTIVITY; GOMF_TRANSCRIPTION_COREGULATOR_ACTIVITY; GOMF_TRANSCRIPTION_COREPRESSOR_ACTIVITY; REACTOME_ATP_DEPENDENT_CHROMATIN_REMODELERS; REACTOME_CHROMATIN_ORGANIZATION; REACTOME_RMTS_METHYLATE_HISTONE_ARGININES,GOBP_ANDROGEN_RECEPTOR_SIGNALING_PATHWAY; GOBP_CHROMATIN_REMODELING; GOBP_DNA_TEMPLATED_TRANSCRIPTION_INITIATION; GOBP_HOST_MEDIATED_ACTIVATION_OF_VIRAL_TRANSCRIPTION; GOBP_HOST_MEDIATED_PERTURBATION_OF_VIRAL_TRANSCRIPTION; GOBP_MIRNA_TRANSCRIPTION; GOBP_NEGATIVE_REGULATION_OF_TRANSCRIPTION_BY_RNA_POLYMERASE_II; GOBP_NUCLEAR_RECEPTOR_MEDIATED_SIGNALING_PATHWAY; GOBP_NUCLEOLAR_LARGE_RRNA_TRANSCRIPTION_BY_RNA_POLYMERASE_I; GOBP_POSITIVE_REGULATION_OF_TRANSCRIPTION_BY_RNA_POLYMERASE_I; GOBP_POSITIVE_REGULATION_OF_TRANSCRIPTION_BY_RNA_POLYMERASE_II; GOBP_POSITIVE_REGULATION_OF_TRANSCRIPTION_OF_NUCLEOLAR_LARGE_RRNA_BY_RNA_POLYMERASE_I; GOBP_REGULATION_OF_TRANSCRIPTION_BY_RNA_POLYMERASE_I; GOBP_REGULATION_OF_TRANSCRIPTION_OF_NUCLEOLAR_LARGE_RRNA_BY_RNA_POLYMERASE_I; GOBP_RRNA_METABOLIC_PROCESS; GOBP_RRNA_TRANSCRIPTION; GOBP_TRANSCRIPTION_BY_RNA_POLYMERASE_I; GOBP_TRANSCRIPTION_INITIATION_AT_RNA_POLYMERASE_II_PROMOTER; GOCC_EUCHROMATIN; GOCC_FIBRILLAR_CENTER; GOCC_PERICHROMATIN_FIBRILS; GOCC_RSC_TYPE_COMPLEX; GOMF_CIS_REGULATORY_REGION_SEQUENCE_SPECIFIC_DNA_BINDING; GOMF_DNA_BINDING_TRANSCRIPTION_FACTOR_BINDING; GOMF_HISTONE_BINDING; GOMF_NUCLEAR_RECEPTOR_BINDING; GOMF_NUCLEOSOME_ARRAY_SPACER_ACTIVITY; GOMF_RNA_POLYMERASE_II_SPECIFIC_DNA_BINDING_TRANSCRIPTION_FACTOR_BINDING; GOMF_RNA_POLYMERASE_II_TRANSCRIPTION_REGULATORY_REGION_SEQUENCE_SPECIFIC_DNA_BINDING; GOMF_SEQUENCE_SPECIFIC_DNA_BINDING; GOMF_TRANSCRIPTION_COACTIVATOR_ACTIVITY; GOMF_TRANSCRIPTION_COREGULATOR_ACTIVITY; GOMF_TRANSCRIPTION_COREGULATOR_BINDING; GOMF_TRANSCRIPTION_COREPRESSOR_ACTIVITY; GOMF_TRANSCRIPTION_FACTOR_BINDING; GOMF_TRANSCRIPTION_REGULATOR_ACTIVITY; REACTOME_GENE_EXPRESSION_TRANSCRIPTION; REACTOME_GENERIC_TRANSCRIPTION_PATHWAY; REACTOME_REGULATION_OF_CDH1_GENE_TRANSCRIPTION; REACTOME_TRANSCRIPTIONAL_REGULATION_BY_RUNX1,GOBP_LYMPHOCYTE_ACTIVATION; GOBP_POSITIVE_REGULATION_OF_IMMUNE_SYSTEM_PROCESS; GOBP_REGULATION_OF_IMMUNE_SYSTEM_PROCESS; GOBP_T_CELL_ACTIVATION; REACTOME_CYTOKINE_SIGNALING_IN_IMMUNE_SYSTEM; REACTOME_IMMUNE_SYSTEM; WP_TNFALPHA_NFKB_SIGNALING_PATHWAY,GOBP_ARTERY_MORPHOGENESIS; GOBP_CELLULAR_RESPONSE_TO_LIPID; GOBP_DNA_DAMAGE_RESPONSE; GOBP_DNA_REPAIR; GOBP_HEPATICOBILIARY_SYSTEM_DEVELOPMENT; GOBP_REACTIVE_OXYGEN_SPECIES_METABOLIC_PROCESS; GOBP_RESPONSE_TO_LIPID; GOBP_TUBE_DEVELOPMENT; GOBP_TUBE_MORPHOGENESIS; GOBP_VASCULATURE_DEVELOPMENT; GOMF_ATP_DEPENDENT_ACTIVITY; GOMF_ATP_HYDROLYSIS_ACTIVITY,NA
Setd2,29,SETD2,TRUE,7.714,2,1,1,DNA damage and repair,Manual review annotation,For manual review,Top group margin < 2 or tie,DNA damage and repair,TRUE,FALSE,Ion transport and metabolism,22,21,1,1,Ion transport and metabolism,NA,6,TRUE,Cell adhesion and cytoskeleton (gs_names=8); DNA damage and repair (gs_names=5); Epigenetic regulators (gs_names=21); Gene expression regulation (gs_names=9); Immune (gs_names=9); Ion transport and metabolism (gs_names=22),8,5,21,9,9,22,0,3,2,4,6,2,2,0,ACTIN; CELL_MIGRATION; CYTOSKELETON,DNA_DAMAGE_RESPONSE; DNA_REPAIR,CHROMATIN; CHROMATIN_REMODELING; HISTONE; METHYL,PROMOTER_ENHANCER; RIBOSOME; RNA_LOCALIZATION_EXPORT; RNA_POLYMERASE; TRANSCRIPTION; TRANSLATION,CYTOKINE; INTERFERON,METABOLISM; TRANSPORT,NA,GOBP_CELL_MIGRATION; GOBP_CYTOSKELETON_ORGANIZATION; GOBP_HEART_DEVELOPMENT; GOBP_MICROTUBULE_BASED_PROCESS; GOBP_MICROTUBULE_CYTOSKELETON_ORGANIZATION; GOBP_MICROTUBULE_CYTOSKELETON_ORGANIZATION_INVOLVED_IN_MITOSIS; GOBP_ORGANELLE_ASSEMBLY; GOMF_CYTOSKELETAL_PROTEIN_BINDING,GOBP_CHROMATIN_REMODELING; GOBP_DNA_DAMAGE_RESPONSE; GOBP_DNA_REPAIR; GOBP_RECOMBINATIONAL_REPAIR; GOBP_REGULATION_OF_DNA_REPAIR,GOBP_CHROMATIN_ORGANIZATION; GOBP_CHROMATIN_REMODELING; GOBP_MACROMOLECULE_METHYLATION; GOBP_METHYLATION; GOBP_PEPTIDYL_LYSINE_METHYLATION; GOBP_PEPTIDYL_LYSINE_TRIMETHYLATION; GOBP_PROTEIN_LOCALIZATION_TO_CHROMATIN; GOBP_PROTEIN_METHYLATION; GOBP_REGULATION_OF_PROTEIN_LOCALIZATION_TO_CHROMATIN; GOCC_CHROMOSOME; GOMF_HISTONE_H3_METHYLTRANSFERASE_ACTIVITY; GOMF_HISTONE_H3K36_METHYLTRANSFERASE_ACTIVITY; GOMF_HISTONE_H3K36_TRIMETHYLTRANSFERASE_ACTIVITY; GOMF_HISTONE_METHYLTRANSFERASE_ACTIVITY; GOMF_HISTONE_MODIFYING_ACTIVITY; GOMF_N_METHYLTRANSFERASE_ACTIVITY; GOMF_PROTEIN_LYSINE_N_METHYLTRANSFERASE_ACTIVITY; GOMF_PROTEIN_METHYLTRANSFERASE_ACTIVITY; GOMF_S_ADENOSYLMETHIONINE_DEPENDENT_METHYLTRANSFERASE_ACTIVITY; REACTOME_CHROMATIN_ORGANIZATION; REACTOME_PKMTS_METHYLATE_HISTONE_LYSINES,GOBP_CHROMATIN_REMODELING; GOBP_DNA_TEMPLATED_TRANSCRIPTION_ELONGATION; GOBP_MRNA_EXPORT_FROM_NUCLEUS; GOBP_ORGANELLE_ASSEMBLY; GOBP_POST_TRANSLATIONAL_PROTEIN_MODIFICATION; GOBP_REGULATION_OF_MRNA_EXPORT_FROM_NUCLEUS; GOBP_RNA_EXPORT_FROM_NUCLEUS; GOBP_RNA_LOCALIZATION; GOBP_TRANSCRIPTION_ELONGATION_BY_RNA_POLYMERASE_II,GOBP_CYTOKINE_PRODUCTION; GOBP_CYTOKINESIS; GOBP_INTERFERON_ALPHA_PRODUCTION; GOBP_POSITIVE_REGULATION_OF_CYTOKINE_PRODUCTION; GOBP_POSITIVE_REGULATION_OF_INTERFERON_ALPHA_PRODUCTION; GOBP_POSITIVE_REGULATION_OF_TYPE_I_INTERFERON_PRODUCTION; GOBP_REGULATION_OF_CYTOKINESIS; GOBP_RESPONSE_TO_TYPE_I_INTERFERON; GOBP_TYPE_I_INTERFERON_PRODUCTION,GOBP_DNA_DAMAGE_RESPONSE; GOBP_DNA_REPAIR; GOBP_EPITHELIAL_TUBE_MORPHOGENESIS; GOBP_INTRACELLULAR_TRANSPORT; GOBP_MRNA_TRANSPORT; GOBP_NUCLEAR_TRANSPORT; GOBP_NUCLEOBASE_CONTAINING_COMPOUND_TRANSPORT; GOBP_PROCESS_UTILIZING_AUTOPHAGIC_MECHANISM; GOBP_PROTEIN_LOCALIZATION_TO_CHROMATIN; GOBP_PROTEIN_LOCALIZATION_TO_CHROMOSOME; GOBP_PROTEIN_LOCALIZATION_TO_ORGANELLE; GOBP_REGULATION_OF_CELLULAR_LOCALIZATION; GOBP_REGULATION_OF_INTRACELLULAR_TRANSPORT; GOBP_REGULATION_OF_NUCLEOBASE_CONTAINING_COMPOUND_TRANSPORT; GOBP_REGULATION_OF_NUCLEOCYTOPLASMIC_TRANSPORT; GOBP_REGULATION_OF_PROTEIN_LOCALIZATION; GOBP_REGULATION_OF_TRANSPORT; GOBP_RIBONUCLEOPROTEIN_COMPLEX_LOCALIZATION; GOBP_RNA_LOCALIZATION; GOBP_TUBE_DEVELOPMENT; GOBP_TUBE_MORPHOGENESIS; GOBP_VASCULATURE_DEVELOPMENT,NA
Cdk8,30,CDK8,FALSE,1.455,18,3,0,Gene expression regulation,Top group has >=2 more matching unique gs_names than second group,Gene expression regulation,Top group has >=2 more matching unique gs_names than second group,NA,FALSE,FALSE,Gene expression regulation,10,5,5,1,Gene expression regulation,NA,5,TRUE,Cell adhesion and cytoskeleton (gs_names=1); Epigenetic regulators (gs_names=1); Gene expression regulation (gs_names=10); Ion transport and metabolism (gs_names=5); MAPK / Ras (gs_names=1),1,0,1,10,0,5,1,1,0,1,6,0,1,1,APICAL_JUNCTION,NA,METHYL,PROMOTER_ENHANCER; RIBOSOME; RNA_POLYMERASE; TFIID_MEDIATOR; TRANSCRIPTION; TRANSLATION,NA,LIPID,PKC,HALLMARK_APICAL_JUNCTION,NA,GOCC_TRANSFERASE_COMPLEX,GOBP_POSITIVE_REGULATION_OF_TRANSCRIPTION_BY_RNA_POLYMERASE_II; GOBP_POST_TRANSLATIONAL_PROTEIN_MODIFICATION; GOCC_CKM_COMPLEX; GOCC_MEDIATOR_COMPLEX; GOMF_RNA_POLYMERASE_II_CTD_HEPTAPEPTIDE_REPEAT_KINASE_ACTIVITY; GOMF_RNA_POLYMERASE_II_CTD_HEPTAPEPTIDE_REPEAT_MODIFYING_ACTIVITY; REACTOME_GENE_EXPRESSION_TRANSCRIPTION; REACTOME_GENERIC_TRANSCRIPTION_PATHWAY; REACTOME_SMAD2_SMAD3_SMAD4_HETEROTRIMER_REGULATES_TRANSCRIPTION; REACTOME_TRANSCRIPTIONAL_ACTIVITY_OF_SMAD2_SMAD3_SMAD4_HETEROTRIMER,NA,GOBP_GLYCEROLIPID_METABOLIC_PROCESS; GOBP_LIPID_METABOLIC_PROCESS; GOBP_NEGATIVE_REGULATION_OF_LIPID_METABOLIC_PROCESS; GOBP_NEUTRAL_LIPID_METABOLIC_PROCESS; GOBP_REGULATION_OF_LIPID_METABOLIC_PROCESS,GOCC_PROTEIN_KINASE_COMPLEX
Bbs9,31,BBS9,FALSE,2.763,7,2,0,Other,Manual review annotation,Ion transport and metabolism,Top group has >=2 more matching unique gs_names than second group,Other,TRUE,FALSE,Ion transport and metabolism,6,3,3,1,Ion transport and metabolism,NA,3,TRUE,Cell adhesion and cytoskeleton (gs_names=3); Gene expression regulation (gs_names=1); Ion transport and metabolism (gs_names=6),3,0,0,1,0,6,0,2,0,0,1,0,2,0,ACTIN; CYTOSKELETON,NA,NA,RIBOSOME,NA,LIPID; TRANSPORT,NA,GOBP_ORGANELLE_ASSEMBLY; GOCC_MICROTUBULE_CYTOSKELETON; GOCC_MICROTUBULE_ORGANIZING_CENTER,NA,NA,GOBP_ORGANELLE_ASSEMBLY,NA,GOBP_PROTEIN_LOCALIZATION_TO_CILIUM; GOBP_PROTEIN_LOCALIZATION_TO_ORGANELLE; GOBP_PROTEIN_TRANSPORT; GOCC_BOUNDING_MEMBRANE_OF_ORGANELLE; GOCC_CILIARY_BASAL_BODY; GOCC_MOTILE_CILIUM,NA
Akap9,32,AKAP9,FALSE,11.575,5,3,0,Cell adhesion and cytoskeleton,Top group has >=2 more matching unique gs_names than second group,Cell adhesion and cytoskeleton,Top group has >=2 more matching unique gs_names than second group,NA,FALSE,FALSE,Cell adhesion and cytoskeleton,18,13,5,1,Cell adhesion and cytoskeleton,NA,2,TRUE,Cell adhesion and cytoskeleton (gs_names=18); Ion transport and metabolism (gs_names=13),18,0,0,0,0,13,0,2,0,0,0,0,2,0,ACTIN; CYTOSKELETON,NA,NA,NA,NA,LIPID; TRANSPORT,NA,GOBP_ACTIN_FILAMENT_BASED_MOVEMENT; GOBP_ACTIN_FILAMENT_BASED_PROCESS; GOBP_ACTIN_MEDIATED_CELL_CONTRACTION; GOBP_CARDIAC_MUSCLE_CELL_CONTRACTION; GOBP_CYTOSKELETON_ORGANIZATION; GOBP_HEART_PROCESS; GOBP_MICROTUBULE_BASED_PROCESS; GOBP_MICROTUBULE_CYTOSKELETON_ORGANIZATION; GOBP_MUSCLE_CONTRACTION; GOBP_POSITIVE_REGULATION_OF_CYTOSKELETON_ORGANIZATION; GOBP_REGULATION_OF_ACTIN_FILAMENT_BASED_MOVEMENT; GOBP_REGULATION_OF_ACTIN_FILAMENT_BASED_PROCESS; GOBP_REGULATION_OF_CYTOSKELETON_ORGANIZATION; GOBP_REGULATION_OF_MICROTUBULE_BASED_PROCESS; GOBP_REGULATION_OF_MICROTUBULE_CYTOSKELETON_ORGANIZATION; GOBP_STRIATED_MUSCLE_CONTRACTION; GOCC_MICROTUBULE_CYTOSKELETON; GOCC_MICROTUBULE_ORGANIZING_CENTER,NA,NA,NA,NA,GOBP_CARDIAC_MUSCLE_CELL_MEMBRANE_REPOLARIZATION; GOBP_MEMBRANE_REPOLARIZATION; GOBP_MICROTUBULE_ORGANIZING_CENTER_LOCALIZATION; GOBP_ORGANELLE_LOCALIZATION; GOBP_PROTEIN_CONTAINING_COMPLEX_LOCALIZATION; GOBP_VENTRICULAR_CARDIAC_MUSCLE_CELL_MEMBRANE_REPOLARIZATION; GOCC_CILIARY_BASAL_BODY; GOCC_MONOATOMIC_ION_CHANNEL_COMPLEX; GOCC_MOTILE_CILIUM; GOCC_TRANSPORTER_COMPLEX; GOMF_TRANSMEMBRANE_TRANSPORTER_BINDING; GOMF_TRANSPORTER_ACTIVATOR_ACTIVITY; GOMF_TRANSPORTER_REGULATOR_ACTIVITY,NA
Pcnx2,33,PCNX2,FALSE,6.534,4,2,0,Other,No matching MSigDB gene sets or symbol override,Other,No matching MSigDB gene sets or symbol override,NA,FALSE,FALSE,None,0,0,0,0,None,NA,0,FALSE,None,NA,NA,NA,NA,NA,NA,NA,NA,NA,NA,NA,NA,NA,NA,NA,NA,NA,NA,NA,NA,NA,NA,NA,NA,NA,NA,NA,NA
Smg1,34,SMG1,FALSE,11.287,3,3,3,DNA damage and repair,Manual review annotation,Ion transport and metabolism,Top group has >=2 more matching unique gs_names than second group,DNA damage and repair,TRUE,FALSE,Ion transport and metabolism,13,7,6,1,Ion transport and metabolism,NA,5,TRUE,DNA damage and repair (gs_names=5); Epigenetic regulators (gs_names=1); Gene expression regulation (gs_names=7); Ion transport and metabolism (gs_names=13); MAPK / Ras (gs_names=1),0,5,1,7,0,13,1,0,3,1,5,0,2,1,NA,DNA_DAMAGE_RESPONSE; DNA_REPAIR; TELOMERE,METHYL,DNA_BINDING_TRANSCRIPTION_FACTOR; RIBOSOME; RNA_PROCESSING; RNA_SURVEILLANCE_DECAY; TRANSLATION,NA,LIPID; METABOLISM,PKC,NA,GOBP_DNA_DAMAGE_RESPONSE; GOBP_DNA_REPAIR; GOBP_REGULATION_OF_TELOMERE_MAINTENANCE; GOBP_TELOMERE_MAINTENANCE; GOMF_TELOMERIC_DNA_BINDING,GOCC_TRANSFERASE_COMPLEX,GOBP_MRNA_CATABOLIC_PROCESS; GOBP_MRNA_METABOLIC_PROCESS; GOBP_NUCLEAR_TRANSCRIBED_MRNA_CATABOLIC_PROCESS_NONSENSE_MEDIATED_DECAY; GOCC_CHROMATOID_BODY; GOCC_RIBONUCLEOPROTEIN_GRANULE; GOMF_SEQUENCE_SPECIFIC_DNA_BINDING; REACTOME_NONSENSE_MEDIATED_DECAY_NMD,NA,GOBP_DNA_DAMAGE_RESPONSE; GOBP_DNA_REPAIR; GOBP_GLYCEROLIPID_BIOSYNTHETIC_PROCESS; GOBP_GLYCEROLIPID_METABOLIC_PROCESS; GOBP_GLYCEROPHOSPHOLIPID_BIOSYNTHETIC_PROCESS; GOBP_GLYCEROPHOSPHOLIPID_METABOLIC_PROCESS; GOBP_LIPID_BIOSYNTHETIC_PROCESS; GOBP_LIPID_METABOLIC_PROCESS; GOBP_PHOSPHATIDYLINOSITOL_BIOSYNTHETIC_PROCESS; GOBP_PHOSPHATIDYLINOSITOL_METABOLIC_PROCESS; GOBP_PHOSPHOLIPID_BIOSYNTHETIC_PROCESS; GOBP_PHOSPHOLIPID_METABOLIC_PROCESS; REACTOME_METABOLISM_OF_RNA,GOCC_PROTEIN_KINASE_COMPLEX
Ttll11,35,TTLL11,FALSE,2.229,2,1,0,Cell adhesion and cytoskeleton,Top group has >=2 more matching unique gs_names than second group,Cell adhesion and cytoskeleton,Top group has >=2 more matching unique gs_names than second group,NA,FALSE,FALSE,Cell adhesion and cytoskeleton,7,3,4,1,Cell adhesion and cytoskeleton,NA,3,TRUE,Cell adhesion and cytoskeleton (gs_names=7); Gene expression regulation (gs_names=3); Ion transport and metabolism (gs_names=2),7,0,0,3,0,2,0,2,0,0,1,0,2,0,ACTIN; CYTOSKELETON,NA,NA,TRANSLATION,NA,METABOLISM; TRANSPORT,NA,GOBP_CYTOSKELETON_ORGANIZATION; GOBP_MICROTUBULE_BASED_PROCESS; GOBP_MICROTUBULE_CYTOSKELETON_ORGANIZATION; GOCC_MICROTUBULE_CYTOSKELETON; GOCC_MICROTUBULE_ORGANIZING_CENTER; GOCC_POLYMERIC_CYTOSKELETAL_FIBER; GOMF_CYTOSKELETAL_PROTEIN_BINDING,NA,NA,GOMF_PROTEIN_GLUTAMIC_ACID_LIGASE_ACTIVITY; REACTOME_CARBOXYTERMINAL_POST_TRANSLATIONAL_MODIFICATIONS_OF_TUBULIN; REACTOME_POST_TRANSLATIONAL_PROTEIN_MODIFICATION,NA,GOCC_CILIARY_BASAL_BODY; REACTOME_METABOLISM_OF_PROTEINS,NA
Tbc1d5,36,TBC1D5,FALSE,2.614,2,1,0,Other,Manual review annotation,Ion transport and metabolism,Top group has >=2 more matching unique gs_names than second group,Other,TRUE,FALSE,Ion transport and metabolism,24,1,23,1,Ion transport and metabolism,NA,3,TRUE,Epigenetic regulators (gs_names=1); Ion transport and metabolism (gs_names=24); MAPK / Ras (gs_names=1),0,0,1,0,0,24,1,0,0,1,0,0,2,1,NA,NA,METHYL,NA,NA,LIPID; TRANSPORT,PKC,NA,NA,GOCC_TRANSFERASE_COMPLEX,NA,NA,GOBP_CYTOSOLIC_TRANSPORT; GOBP_ENDOCYTOSIS; GOBP_ENDOSOMAL_TRANSPORT; GOBP_IMPORT_INTO_CELL; GOBP_INTRACELLULAR_TRANSPORT; GOBP_POSITIVE_REGULATION_OF_RECEPTOR_MEDIATED_ENDOCYTOSIS; GOBP_POSITIVE_REGULATION_OF_TRANSPORT; GOBP_PROCESS_UTILIZING_AUTOPHAGIC_MECHANISM; GOBP_PROTEIN_TRANSPORT; GOBP_RECEPTOR_MEDIATED_ENDOCYTOSIS; GOBP_REGULATION_OF_RECEPTOR_MEDIATED_ENDOCYTOSIS; GOBP_REGULATION_OF_TRANSPORT; GOBP_REGULATION_OF_VESICLE_MEDIATED_TRANSPORT; GOBP_RETROGRADE_TRANSPORT_ENDOSOME_TO_GOLGI; GOBP_VESICLE_MEDIATED_TRANSPORT; GOCC_BOUNDING_MEMBRANE_OF_ORGANELLE; GOCC_CLATHRIN_COATED_ENDOCYTIC_VESICLE_MEMBRANE; GOCC_CLATHRIN_COATED_PIT; GOCC_CLATHRIN_COATED_VESICLE_MEMBRANE; GOCC_COATED_VESICLE_MEMBRANE; GOCC_ENDOCYTIC_VESICLE_MEMBRANE; GOCC_ENDOSOME_MEMBRANE; GOCC_RETROMER_COMPLEX; GOCC_VESICLE_MEMBRANE,GOCC_PROTEIN_KINASE_COMPLEX
Nfkb1,37,NFKB1,FALSE,3.026,7,3,0,Immune,Top group has >=2 more matching unique gs_names than second group,Immune,Top group has >=2 more matching unique gs_names than second group,NA,FALSE,FALSE,Immune,275,31,244,1,Immune,NA,7,TRUE,Cell adhesion and cytoskeleton (gs_names=6); DNA damage and repair (gs_names=1); Epigenetic regulators (gs_names=6); Gene expression regulation (gs_names=23); Immune (gs_names=275); Ion transport and metabolism (gs_names=31); MAPK / Ras (gs_names=7),6,1,6,23,275,31,7,3,1,3,4,6,5,2,ACTIN; CYTOSKELETON; INTEGRIN,UV_RESPONSE,CHROMATIN; HISTONE; METHYL,DNA_BINDING_TRANSCRIPTION_FACTOR; PROMOTER_ENHANCER; RNA_POLYMERASE; TRANSCRIPTION,CYTOKINE; IMMUNE; INFLAMMATORY; INTERFERON; NF_KAPPAB; TNFA,CALCIUM; LIPID; METABOLISM; OXIDATIVE; TRANSPORT,GROWTH_FACTOR; MAPK,GOBP_IMMUNE_SYSTEM_DEVELOPMENT; GOMF_ACTININ_BINDING; GOMF_CYTOSKELETAL_PROTEIN_BINDING; GOMF_MOLECULAR_SEQUESTERING_ACTIVITY; GOMF_PROTEIN_SEQUESTERING_ACTIVITY; REACTOME_TURBULENT_OSCILLATORY_DISTURBED_FLOW_SHEAR_STRESS_ACTIVATES_SIGNALING_BY_PIEZO1_AND_INTEGRINS_IN_ENDOTHELIAL_CELLS,HALLMARK_UV_RESPONSE_DN,GOCC_CHROMATIN; GOCC_CHROMOSOME; GOMF_CHROMATIN_BINDING; GOMF_TRANSCRIPTION_COREGULATOR_ACTIVITY; REACTOME_CHROMATIN_ORGANIZATION; REACTOME_PKMTS_METHYLATE_HISTONE_LYSINES,GOBP_CANONICAL_NF_KAPPAB_SIGNAL_TRANSDUCTION; GOBP_CANONICAL_WNT_SIGNALING_PATHWAY; GOBP_CYTOKINE_MEDIATED_SIGNALING_PATHWAY; GOBP_DNA_TEMPLATED_TRANSCRIPTION_INITIATION; GOBP_NEGATIVE_REGULATION_OF_TRANSCRIPTION_BY_RNA_POLYMERASE_II; GOBP_POSITIVE_REGULATION_OF_CANONICAL_WNT_SIGNALING_PATHWAY; GOBP_POSITIVE_REGULATION_OF_TRANSCRIPTION_BY_RNA_POLYMERASE_II; GOBP_REGULATION_OF_CANONICAL_WNT_SIGNALING_PATHWAY; GOBP_REGULATION_OF_DNA_TEMPLATED_TRANSCRIPTION_INITIATION; GOBP_REGULATION_OF_TRANSCRIPTION_INITIATION_BY_RNA_POLYMERASE_II; GOBP_TRANSCRIPTION_INITIATION_AT_RNA_POLYMERASE_II_PROMOTER; GOBP_TUMOR_NECROSIS_FACTOR_MEDIATED_SIGNALING_PATHWAY; GOMF_CIS_REGULATORY_REGION_SEQUENCE_SPECIFIC_DNA_BINDING; GOMF_DNA_BINDING_TRANSCRIPTION_ACTIVATOR_ACTIVITY; GOMF_DNA_BINDING_TRANSCRIPTION_FACTOR_ACTIVITY; GOMF_DNA_BINDING_TRANSCRIPTION_REPRESSOR_ACTIVITY; GOMF_RNA_POLYMERASE_II_TRANSCRIPTION_REGULATORY_REGION_SEQUENCE_SPECIFIC_DNA_BINDING; GOMF_SEQUENCE_SPECIFIC_DNA_BINDING; GOMF_TRANSCRIPTION_COACTIVATOR_BINDING; GOMF_TRANSCRIPTION_COREGULATOR_ACTIVITY; GOMF_TRANSCRIPTION_COREGULATOR_BINDING; GOMF_TRANSCRIPTION_FACTOR_BINDING; GOMF_TRANSCRIPTION_REGULATOR_ACTIVITY,GOBP_ACTIVATION_OF_IMMUNE_RESPONSE; GOBP_AMINOGLYCAN_BIOSYNTHETIC_PROCESS; GOBP_AMINOGLYCAN_METABOLIC_PROCESS; GOBP_ANIMAL_ORGAN_MORPHOGENESIS; GOBP_ANTIBACTERIAL_INNATE_IMMUNE_RESPONSE; GOBP_ANTIGEN_RECEPTOR_MEDIATED_SIGNALING_PATHWAY; GOBP_B_CELL_RECEPTOR_SIGNALING_PATHWAY; GOBP_CANONICAL_NF_KAPPAB_SIGNAL_TRANSDUCTION; GOBP_CANONICAL_WNT_SIGNALING_PATHWAY; GOBP_CARBOHYDRATE_BIOSYNTHETIC_PROCESS; GOBP_CARBOHYDRATE_DERIVATIVE_BIOSYNTHETIC_PROCESS; GOBP_CARBOHYDRATE_DERIVATIVE_METABOLIC_PROCESS; GOBP_CARBOHYDRATE_METABOLIC_PROCESS; GOBP_CELLULAR_RESPONSE_TO_ABIOTIC_STIMULUS; GOBP_CELLULAR_RESPONSE_TO_ANGIOTENSIN; GOBP_CELLULAR_RESPONSE_TO_BIOTIC_STIMULUS; GOBP_CELLULAR_RESPONSE_TO_BRAIN_DERIVED_NEUROTROPHIC_FACTOR_STIMULUS; GOBP_CELLULAR_RESPONSE_TO_DSRNA; GOBP_CELLULAR_RESPONSE_TO_ENDOGENOUS_STIMULUS; GOBP_CELLULAR_RESPONSE_TO_EXTERNAL_STIMULUS; GOBP_CELLULAR_RESPONSE_TO_HORMONE_STIMULUS; GOBP_CELLULAR_RESPONSE_TO_INTERLEUKIN_1; GOBP_CELLULAR_RESPONSE_TO_LIPID; GOBP_CELLULAR_RESPONSE_TO_NICOTINE; GOBP_CELLULAR_RESPONSE_TO_NITROGEN_COMPOUND; GOBP_CELLULAR_RESPONSE_TO_OXYGEN_CONTAINING_COMPOUND; GOBP_CELLULAR_RESPONSE_TO_PEPTIDE; GOBP_CELLULAR_RESPONSE_TO_PEPTIDE_HORMONE_STIMULUS; GOBP_CELLULAR_RESPONSE_TO_VIRUS; GOBP_CHOLESTEROL_EFFLUX; GOBP_CYTOKINE_MEDIATED_SIGNALING_PATHWAY; GOBP_CYTOKINE_PRODUCTION; GOBP_CYTOKINE_PRODUCTION_INVOLVED_IN_INFLAMMATORY_RESPONSE; GOBP_DEFENSE_RESPONSE_TO_BACTERIUM; GOBP_DEFENSE_RESPONSE_TO_OTHER_ORGANISM; GOBP_DNA_TEMPLATED_TRANSCRIPTION_INITIATION; GOBP_FAT_SOLUBLE_VITAMIN_BIOSYNTHETIC_PROCESS; GOBP_FOAM_CELL_DIFFERENTIATION; GOBP_GLAND_DEVELOPMENT; GOBP_GLAND_MORPHOGENESIS; GOBP_GLYCOSAMINOGLYCAN_BIOSYNTHETIC_PROCESS; GOBP_GLYCOSAMINOGLYCAN_METABOLIC_PROCESS; GOBP_HEMATOPOIETIC_OR_LYMPHOID_ORGAN_DEVELOPMENT; GOBP_HYALURONAN_BIOSYNTHETIC_PROCESS; GOBP_HYALURONAN_METABOLIC_PROCESS; GOBP_IMMUNE_RESPONSE_REGULATING_CELL_SURFACE_RECEPTOR_SIGNALING_PATHWAY; GOBP_IMMUNE_RESPONSE_REGULATING_SIGNALING_PATHWAY; GOBP_IMMUNE_SYSTEM_DEVELOPMENT; GOBP_INFLAMMATORY_RESPONSE; GOBP_INTERLEUKIN_12_PRODUCTION; GOBP_INTRACELLULAR_SIGNALING_CASSETTE; GOBP_JNK_CASCADE; GOBP_LIPID_BIOSYNTHETIC_PROCESS; GOBP_LIPID_LOCALIZATION; GOBP_LIPID_METABOLIC_PROCESS; GOBP_LYMPH_NODE_DEVELOPMENT; GOBP_MACROPHAGE_DERIVED_FOAM_CELL_DIFFERENTIATION; GOBP_MAMMARY_GLAND_DEVELOPMENT; GOBP_MAMMARY_GLAND_INVOLUTION; GOBP_MAMMARY_GLAND_MORPHOGENESIS; GOBP_MAPK_CASCADE; GOBP_MIRNA_METABOLIC_PROCESS; GOBP_NEGATIVE_REGULATION_OF_CYTOKINE_PRODUCTION; GOBP_NEGATIVE_REGULATION_OF_CYTOKINE_PRODUCTION_INVOLVED_IN_INFLAMMATORY_RESPONSE; GOBP_NEGATIVE_REGULATION_OF_DEFENSE_RESPONSE; GOBP_NEGATIVE_REGULATION_OF_GENE_EXPRESSION; GOBP_NEGATIVE_REGULATION_OF_INFLAMMATORY_RESPONSE; GOBP_NEGATIVE_REGULATION_OF_INTERLEUKIN_12_PRODUCTION; GOBP_NEGATIVE_REGULATION_OF_LIPID_BIOSYNTHETIC_PROCESS; GOBP_NEGATIVE_REGULATION_OF_LIPID_METABOLIC_PROCESS; GOBP_NEGATIVE_REGULATION_OF_MULTICELLULAR_ORGANISMAL_PROCESS; GOBP_NEGATIVE_REGULATION_OF_NUCLEOBASE_CONTAINING_COMPOUND_METABOLIC_PROCESS; GOBP_NEGATIVE_REGULATION_OF_PROGRAMMED_CELL_DEATH; GOBP_NEGATIVE_REGULATION_OF_RESPONSE_TO_EXTERNAL_STIMULUS; GOBP_NEGATIVE_REGULATION_OF_RESPONSE_TO_STIMULUS; GOBP_NEGATIVE_REGULATION_OF_RNA_BIOSYNTHETIC_PROCESS; GOBP_NEGATIVE_REGULATION_OF_SMALL_MOLECULE_METABOLIC_PROCESS; GOBP_NEGATIVE_REGULATION_OF_STEROID_METABOLIC_PROCESS; GOBP_NEGATIVE_REGULATION_OF_TRANSCRIPTION_BY_RNA_POLYMERASE_II; GOBP_NEGATIVE_REGULATION_OF_VITAMIN_METABOLIC_PROCESS; GOBP_NON_CANONICAL_NF_KAPPAB_SIGNAL_TRANSDUCTION; GOBP_NUTRIENT_STORAGE; GOBP_ORGANIC_HYDROXY_COMPOUND_TRANSPORT; GOBP_POLYSACCHARIDE_BIOSYNTHETIC_PROCESS; GOBP_POLYSACCHARIDE_METABOLIC_PROCESS; GOBP_POSITIVE_REGULATION_OF_CANONICAL_WNT_SIGNALING_PATHWAY; GOBP_POSITIVE_REGULATION_OF_CARBOHYDRATE_METABOLIC_PROCESS; GOBP_POSITIVE_REGULATION_OF_CELL_DIFFERENTIATION; GOBP_POSITIVE_REGULATION_OF_CHOLESTEROL_EFFLUX; GOBP_POSITIVE_REGULATION_OF_DEFENSE_RESPONSE; GOBP_POSITIVE_REGULATION_OF_DEVELOPMENTAL_PROCESS; GOBP_POSITIVE_REGULATION_OF_GENE_EXPRESSION; GOBP_POSITIVE_REGULATION_OF_HYALURONAN_BIOSYNTHETIC_PROCESS; GOBP_POSITIVE_REGULATION_OF_IMMUNE_RESPONSE; GOBP_POSITIVE_REGULATION_OF_IMMUNE_SYSTEM_PROCESS; GOBP_POSITIVE_REGULATION_OF_INFLAMMATORY_RESPONSE; GOBP_POSITIVE_REGULATION_OF_LIPID_LOCALIZATION; GOBP_POSITIVE_REGULATION_OF_LIPID_STORAGE; GOBP_POSITIVE_REGULATION_OF_LIPID_TRANSPORT; GOBP_POSITIVE_REGULATION_OF_MACROPHAGE_DERIVED_FOAM_CELL_DIFFERENTIATION; GOBP_POSITIVE_REGULATION_OF_MIRNA_METABOLIC_PROCESS; GOBP_POSITIVE_REGULATION_OF_RESPONSE_TO_EXTERNAL_STIMULUS; GOBP_POSITIVE_REGULATION_OF_RNA_METABOLIC_PROCESS; GOBP_POSITIVE_REGULATION_OF_SIGNAL_TRANSDUCTION; GOBP_POSITIVE_REGULATION_OF_STEROL_TRANSPORT; GOBP_POSITIVE_REGULATION_OF_TRANSCRIPTION_BY_RNA_POLYMERASE_II; GOBP_POSITIVE_REGULATION_OF_TRANSPORT; GOBP_POSITIVE_REGULATION_OF_WNT_SIGNALING_PATHWAY; GOBP_PRODUCTION_OF_MOLECULAR_MEDIATOR_INVOLVED_IN_INFLAMMATORY_RESPONSE; GOBP_REGULATION_OF_CANONICAL_WNT_SIGNALING_PATHWAY; GOBP_REGULATION_OF_CARBOHYDRATE_BIOSYNTHETIC_PROCESS; GOBP_REGULATION_OF_CARBOHYDRATE_METABOLIC_PROCESS; GOBP_REGULATION_OF_CELL_DIFFERENTIATION; GOBP_REGULATION_OF_CHOLESTEROL_EFFLUX; GOBP_REGULATION_OF_DEFENSE_RESPONSE; GOBP_REGULATION_OF_DNA_TEMPLATED_TRANSCRIPTION_INITIATION; GOBP_REGULATION_OF_HYALURONAN_BIOSYNTHETIC_PROCESS; GOBP_REGULATION_OF_IMMUNE_RESPONSE; GOBP_REGULATION_OF_IMMUNE_SYSTEM_PROCESS; GOBP_REGULATION_OF_INFLAMMATORY_RESPONSE; GOBP_REGULATION_OF_LIPID_BIOSYNTHETIC_PROCESS; GOBP_REGULATION_OF_LIPID_LOCALIZATION; GOBP_REGULATION_OF_LIPID_METABOLIC_PROCESS; GOBP_REGULATION_OF_LIPID_STORAGE; GOBP_REGULATION_OF_LIPID_TRANSPORT; GOBP_REGULATION_OF_MIRNA_METABOLIC_PROCESS; GOBP_REGULATION_OF_POLYSACCHARIDE_BIOSYNTHETIC_PROCESS; GOBP_REGULATION_OF_POLYSACCHARIDE_METABOLIC_PROCESS; GOBP_REGULATION_OF_PROGRAMMED_CELL_DEATH; GOBP_REGULATION_OF_RESPONSE_TO_EXTERNAL_STIMULUS; GOBP_REGULATION_OF_RESPONSE_TO_STRESS; GOBP_REGULATION_OF_SMALL_MOLECULE_METABOLIC_PROCESS; GOBP_REGULATION_OF_STEROID_BIOSYNTHETIC_PROCESS; GOBP_REGULATION_OF_STEROID_METABOLIC_PROCESS; GOBP_REGULATION_OF_STEROL_TRANSPORT; GOBP_REGULATION_OF_TRANSCRIPTION_INITIATION_BY_RNA_POLYMERASE_II; GOBP_REGULATION_OF_TRANSPORT; GOBP_REGULATION_OF_VITAMIN_D_BIOSYNTHETIC_PROCESS; GOBP_REGULATION_OF_VITAMIN_METABOLIC_PROCESS; GOBP_REGULATION_OF_WNT_SIGNALING_PATHWAY; GOBP_RESPONSE_TO_ABIOTIC_STIMULUS; GOBP_RESPONSE_TO_ANGIOTENSIN; GOBP_RESPONSE_TO_BACTERIUM; GOBP_RESPONSE_TO_CARBOHYDRATE; GOBP_RESPONSE_TO_DSRNA; GOBP_RESPONSE_TO_ENDOGENOUS_STIMULUS; GOBP_RESPONSE_TO_EXTERNAL_BIOTIC_STIMULUS; GOBP_RESPONSE_TO_GLYCOSIDE; GOBP_RESPONSE_TO_GROWTH_FACTOR; GOBP_RESPONSE_TO_HORMONE; GOBP_RESPONSE_TO_INTERLEUKIN_1; GOBP_RESPONSE_TO_INTERLEUKIN_17; GOBP_RESPONSE_TO_INTERLEUKIN_6; GOBP_RESPONSE_TO_LIPID; GOBP_RESPONSE_TO_MECHANICAL_STIMULUS; GOBP_RESPONSE_TO_MOLECULE_OF_BACTERIAL_ORIGIN; GOBP_RESPONSE_TO_MUSCLE_STRETCH; GOBP_RESPONSE_TO_NERVE_GROWTH_FACTOR; GOBP_RESPONSE_TO_NICOTINE; GOBP_RESPONSE_TO_NITROGEN_COMPOUND; GOBP_RESPONSE_TO_OXIDATIVE_STRESS; GOBP_RESPONSE_TO_PEPTIDE; GOBP_RESPONSE_TO_PEPTIDE_HORMONE; GOBP_RESPONSE_TO_TUMOR_NECROSIS_FACTOR; GOBP_RESPONSE_TO_VIRUS; GOBP_SIGNAL_TRANSDUCTION_INVOLVED_IN_REGULATION_OF_GENE_EXPRESSION; GOBP_SMALL_MOLECULE_BIOSYNTHETIC_PROCESS; GOBP_SMALL_MOLECULE_METABOLIC_PROCESS; GOBP_STEROID_BIOSYNTHETIC_PROCESS; GOBP_STEROID_METABOLIC_PROCESS; GOBP_STEROL_TRANSPORT; GOBP_TISSUE_REMODELING; GOBP_TRANSCRIPTION_INITIATION_AT_RNA_POLYMERASE_II_PROMOTER; GOBP_TUMOR_NECROSIS_FACTOR_MEDIATED_SIGNALING_PATHWAY; GOBP_VITAMIN_BIOSYNTHETIC_PROCESS; GOBP_VITAMIN_D_BIOSYNTHETIC_PROCESS; GOBP_VITAMIN_D_METABOLIC_PROCESS; GOBP_VITAMIN_METABOLIC_PROCESS; GOBP_WNT_SIGNALING_PATHWAY; GOCC_CHROMATIN; GOCC_CHROMOSOME; GOCC_INTRACELLULAR_PROTEIN_CONTAINING_COMPLEX; GOCC_MITOCHONDRION; GOMF_ACTININ_BINDING; GOMF_CHROMATIN_BINDING; GOMF_CIS_REGULATORY_REGION_SEQUENCE_SPECIFIC_DNA_BINDING; GOMF_CYTOSKELETAL_PROTEIN_BINDING; GOMF_DNA_BINDING_TRANSCRIPTION_ACTIVATOR_ACTIVITY; GOMF_DNA_BINDING_TRANSCRIPTION_FACTOR_ACTIVITY; GOMF_DNA_BINDING_TRANSCRIPTION_REPRESSOR_ACTIVITY; GOMF_HEAT_SHOCK_PROTEIN_BINDING; GOMF_MOLECULAR_ADAPTOR_ACTIVITY; GOMF_MOLECULAR_SEQUESTERING_ACTIVITY; GOMF_PROTEIN_CONTAINING_COMPLEX_BINDING; GOMF_PROTEIN_SEQUESTERING_ACTIVITY; GOMF_RNA_POLYMERASE_II_TRANSCRIPTION_REGULATORY_REGION_SEQUENCE_SPECIFIC_DNA_BINDING; GOMF_SEQUENCE_SPECIFIC_DNA_BINDING; GOMF_TRANSCRIPTION_COACTIVATOR_BINDING; GOMF_TRANSCRIPTION_COREGULATOR_ACTIVITY; GOMF_TRANSCRIPTION_COREGULATOR_BINDING; GOMF_TRANSCRIPTION_FACTOR_BINDING; GOMF_TRANSCRIPTION_REGULATOR_ACTIVITY; HALLMARK_INFLAMMATORY_RESPONSE; HALLMARK_INTERFERON_GAMMA_RESPONSE; HALLMARK_TNFA_SIGNALING_VIA_NFKB; HALLMARK_UV_RESPONSE_DN; REACTOME_ACTIVATION_OF_NF_KAPPAB_IN_B_CELLS; REACTOME_ADAPTIVE_IMMUNE_SYSTEM; REACTOME_C_TYPE_LECTIN_RECEPTORS_CLRS; REACTOME_CD209_DC_SIGN_SIGNALING; REACTOME_CELLULAR_RESPONSES_TO_MECHANICAL_STIMULI; REACTOME_CELLULAR_RESPONSES_TO_STIMULI; REACTOME_CHROMATIN_ORGANIZATION; REACTOME_CLEC7A_DECTIN_1_SIGNALING; REACTOME_CYTOKINE_SIGNALING_IN_IMMUNE_SYSTEM; REACTOME_CYTOSOLIC_SENSORS_OF_PATHOGEN_ASSOCIATED_DNA; REACTOME_DDX58_IFIH1_MEDIATED_INDUCTION_OF_INTERFERON_ALPHA_BETA; REACTOME_DEATH_RECEPTOR_SIGNALING; REACTOME_DEX_H_BOX_HELICASES_ACTIVATE_TYPE_I_IFN_AND_INFLAMMATORY_CYTOKINES_PRODUCTION; REACTOME_DOWNSTREAM_SIGNALING_EVENTS_OF_B_CELL_RECEPTOR_BCR; REACTOME_DOWNSTREAM_TCR_SIGNALING; REACTOME_FC_EPSILON_RECEPTOR_FCERI_SIGNALING; REACTOME_FCERI_MEDIATED_NF_KB_ACTIVATION; REACTOME_IMMUNE_SYSTEM; REACTOME_INNATE_IMMUNE_SYSTEM; REACTOME_INTERLEUKIN_1_FAMILY_SIGNALING; REACTOME_INTERLEUKIN_1_PROCESSING; REACTOME_INTERLEUKIN_1_SIGNALING; REACTOME_INTERLEUKIN_17_SIGNALING; REACTOME_MAP3K8_TPL2_DEPENDENT_MAPK1_3_ACTIVATION; REACTOME_MYD88_MAL_TIRAP_CASCADE_INITIATED_ON_PLASMA_MEMBRANE; REACTOME_NEUTROPHIL_DEGRANULATION; REACTOME_NF_KB_IS_ACTIVATED_AND_SIGNALS_SURVIVAL; REACTOME_P75_NTR_RECEPTOR_MEDIATED_SIGNALLING; REACTOME_P75NTR_SIGNALS_VIA_NF_KB; REACTOME_PKMTS_METHYLATE_HISTONE_LYSINES; REACTOME_REGULATED_PROTEOLYSIS_OF_P75NTR; REACTOME_SIGNALING_BY_INTERLEUKINS; REACTOME_SIGNALING_BY_THE_B_CELL_RECEPTOR_BCR; REACTOME_TAK1_DEPENDENT_IKK_AND_NF_KAPPA_B_ACTIVATION; REACTOME_TCR_SIGNALING; REACTOME_TOLL_LIKE_RECEPTOR_4_TLR4_CASCADE; REACTOME_TOLL_LIKE_RECEPTOR_9_TLR9_CASCADE; REACTOME_TOLL_LIKE_RECEPTOR_CASCADES; REACTOME_TRAF6_MEDIATED_NF_KB_ACTIVATION; REACTOME_TURBULENT_OSCILLATORY_DISTURBED_FLOW_SHEAR_STRESS_ACTIVATES_SIGNALING_BY_PIEZO1_AND_INTEGRINS_IN_ENDOTHELIAL_CELLS; REACTOME_ZBP1_DAI_MEDIATED_INDUCTION_OF_TYPE_I_IFNS; WP_APOPTOSIS; WP_APOPTOSIS_MODULATION_BY_HSP70; WP_CHEMOKINE_SIGNALING_PATHWAY; WP_DRAVET_SYNDROME_SCN1AA1783V_POINT_MUTATION_MODEL; WP_EBV_LMP1_SIGNALING; WP_ECTODYSPLASIN_A_SIGNALING_IN_HAIR_FOLLICLE_DEVELOPMENT; WP_ESTROGEN_SIGNALING; WP_FACTORS_AND_PATHWAYS_AFFECTING_INSULINLIKE_GROWTH_FACTOR_IGF1AKT_SIGNALING; WP_FIBRIN_COMPLEMENT_RECEPTOR_3_SIGNALING_PATHWAY; WP_ID_SIGNALING_PATHWAY; WP_IL1_SIGNALING_PATHWAY; WP_IL2_SIGNALING_PATHWAY; WP_IL3_SIGNALING_PATHWAY; WP_IL4_SIGNALING_PATHWAY; WP_IL5_SIGNALING_PATHWAY; WP_IL6_SIGNALING_PATHWAY; WP_MAPK_SIGNALING_PATHWAY; WP_MECHANISMS_ASSOCIATED_WITH_PLURIPOTENCY; WP_MICRORNAS_IN_CARDIOMYOCYTE_HYPERTROPHY; WP_MYOMETRIAL_RELAXATION_AND_CONTRACTION_PATHWAYS; WP_NEURAL_CREST_DIFFERENTIATION; WP_OXIDATIVE_DAMAGE_RESPONSE; WP_OXIDATIVE_STRESS_RESPONSE; WP_SELENIUM_METABOLISM_SELENOPROTEINS; WP_SIDS_SUSCEPTIBILITY_PATHWAYS; WP_TGFBETA_SIGNALING_PATHWAY; WP_TNFALPHA_NFKB_SIGNALING_PATHWAY; WP_TOLLLIKE_RECEPTOR_SIGNALING,GOBP_CELLULAR_RESPONSE_TO_LIPID; GOBP_FOAM_CELL_DIFFERENTIATION; GOBP_LIPID_BIOSYNTHETIC_PROCESS; GOBP_LIPID_LOCALIZATION; GOBP_LIPID_METABOLIC_PROCESS; GOBP_MACROPHAGE_DERIVED_FOAM_CELL_DIFFERENTIATION; GOBP_NEGATIVE_REGULATION_OF_LIPID_BIOSYNTHETIC_PROCESS; GOBP_NEGATIVE_REGULATION_OF_LIPID_METABOLIC_PROCESS; GOBP_ORGANIC_HYDROXY_COMPOUND_TRANSPORT; GOBP_POSITIVE_REGULATION_OF_LIPID_LOCALIZATION; GOBP_POSITIVE_REGULATION_OF_LIPID_STORAGE; GOBP_POSITIVE_REGULATION_OF_LIPID_TRANSPORT; GOBP_POSITIVE_REGULATION_OF_MACROPHAGE_DERIVED_FOAM_CELL_DIFFERENTIATION; GOBP_POSITIVE_REGULATION_OF_STEROL_TRANSPORT; GOBP_POSITIVE_REGULATION_OF_TRANSPORT; GOBP_REGULATION_OF_LIPID_BIOSYNTHETIC_PROCESS; GOBP_REGULATION_OF_LIPID_LOCALIZATION; GOBP_REGULATION_OF_LIPID_METABOLIC_PROCESS; GOBP_REGULATION_OF_LIPID_STORAGE; GOBP_REGULATION_OF_LIPID_TRANSPORT; GOBP_REGULATION_OF_STEROL_TRANSPORT; GOBP_REGULATION_OF_TRANSPORT; GOBP_REGULATION_OF_VITAMIN_D_BIOSYNTHETIC_PROCESS; GOBP_RESPONSE_TO_LIPID; GOBP_RESPONSE_TO_OXIDATIVE_STRESS; GOBP_STEROL_TRANSPORT; GOBP_VITAMIN_D_BIOSYNTHETIC_PROCESS; GOBP_VITAMIN_D_METABOLIC_PROCESS; WP_OXIDATIVE_DAMAGE_RESPONSE; WP_OXIDATIVE_STRESS_RESPONSE; WP_SELENIUM_METABOLISM_SELENOPROTEINS,GOBP_JNK_CASCADE; GOBP_MAPK_CASCADE; GOBP_RESPONSE_TO_GROWTH_FACTOR; GOBP_RESPONSE_TO_NERVE_GROWTH_FACTOR; REACTOME_MAP3K8_TPL2_DEPENDENT_MAPK1_3_ACTIVATION; WP_FACTORS_AND_PATHWAYS_AFFECTING_INSULINLIKE_GROWTH_FACTOR_IGF1AKT_SIGNALING; WP_MAPK_SIGNALING_PATHWAY
Pten,38,PTEN,TRUE,1.252,4,2,1,Other,Manual review annotation,Ion transport and metabolism,Top group has >=2 more matching unique gs_names than second group,Other,TRUE,FALSE,Ion transport and metabolism,58,28,30,1,Ion transport and metabolism,NA,7,TRUE,Cell adhesion and cytoskeleton (gs_names=28); DNA damage and repair (gs_names=1); Epigenetic regulators (gs_names=2); Gene expression regulation (gs_names=11); Immune (gs_names=14); Ion transport and metabolism (gs_names=58); MAPK / Ras (gs_names=10),28,1,2,11,14,58,10,7,1,2,5,2,3,2,ACTIN; APICAL_JUNCTION; CELL_ADHESION; CELL_MIGRATION; CYTOSKELETON; ECM_EXTRACELLULAR_MATRIX; EPIDERMIS_KERATINIZATION_CORNIFIED,UV_RESPONSE,CHROMATIN; METHYL,PROMOTER_ENHANCER; RIBOSOME; RNA_POLYMERASE; TRANSCRIPTION; TRANSLATION,CYTOKINE; IMMUNE,LIPID; METABOLISM; TRANSPORT,GROWTH_FACTOR; MAPK,GOBP_AMEBOIDAL_TYPE_CELL_MIGRATION; GOBP_CELL_ADHESION; GOBP_CELL_CELL_SIGNALING; GOBP_CELL_JUNCTION_ORGANIZATION; GOBP_CELL_MATRIX_ADHESION; GOBP_CELL_MIGRATION; GOBP_CELL_SUBSTRATE_JUNCTION_ORGANIZATION; GOBP_CYTOSKELETON_ORGANIZATION; GOBP_ENDOTHELIAL_CELL_MIGRATION; GOBP_FOCAL_ADHESION_ASSEMBLY; GOBP_HEART_DEVELOPMENT; GOBP_KERATINOCYTE_MIGRATION; GOBP_MICROTUBULE_BASED_PROCESS; GOBP_MICROTUBULE_CYTOSKELETON_ORGANIZATION; GOBP_MUSCLE_TISSUE_DEVELOPMENT; GOBP_NEGATIVE_REGULATION_OF_CELL_ADHESION; GOBP_NEGATIVE_REGULATION_OF_CELL_COMMUNICATION; GOBP_NEGATIVE_REGULATION_OF_CELL_MATRIX_ADHESION; GOBP_NEGATIVE_REGULATION_OF_EPITHELIAL_CELL_MIGRATION; GOBP_NEGATIVE_REGULATION_OF_WOUND_HEALING_SPREADING_OF_EPIDERMAL_CELLS; GOBP_ORGANELLE_ASSEMBLY; GOBP_REGULATION_OF_CELL_ADHESION; GOBP_REGULATION_OF_CELL_MATRIX_ADHESION; GOBP_REGULATION_OF_EPITHELIAL_CELL_MIGRATION; GOBP_REGULATION_OF_WOUND_HEALING_SPREADING_OF_EPIDERMAL_CELLS; GOBP_WOUND_HEALING_SPREADING_OF_EPIDERMAL_CELLS; GOMF_HYDROLASE_ACTIVITY_ACTING_ON_ESTER_BONDS; HALLMARK_APICAL_JUNCTION,HALLMARK_UV_RESPONSE_DN,GOBP_LYMPHOCYTE_APOPTOTIC_PROCESS; GOBP_REGULATION_OF_TRANSFERASE_ACTIVITY,GOBP_ANDROGEN_RECEPTOR_SIGNALING_PATHWAY; GOBP_CELL_SURFACE_RECEPTOR_PROTEIN_TYROSINE_KINASE_SIGNALING_PATHWAY; GOBP_ENZYME_LINKED_RECEPTOR_PROTEIN_SIGNALING_PATHWAY; GOBP_NEGATIVE_REGULATION_OF_RIBOSOME_BIOGENESIS; GOBP_NUCLEAR_RECEPTOR_MEDIATED_SIGNALING_PATHWAY; GOBP_ORGANELLE_ASSEMBLY; GOBP_PLATELET_DERIVED_GROWTH_FACTOR_RECEPTOR_SIGNALING_PATHWAY; GOBP_POSITIVE_REGULATION_OF_TRANSCRIPTION_BY_RNA_POLYMERASE_II; GOBP_REGULATION_OF_RIBOSOME_BIOGENESIS; GOBP_RIBOSOME_BIOGENESIS; REACTOME_POST_TRANSLATIONAL_PROTEIN_MODIFICATION,GOBP_ACTIVATION_OF_IMMUNE_RESPONSE; GOBP_CYTOKINE_PRODUCTION; GOBP_FC_RECEPTOR_MEDIATED_STIMULATORY_SIGNALING_PATHWAY; GOBP_IMMUNE_RESPONSE_REGULATING_CELL_SURFACE_RECEPTOR_SIGNALING_PATHWAY; GOBP_IMMUNE_RESPONSE_REGULATING_SIGNALING_PATHWAY; GOBP_POSITIVE_REGULATION_OF_CYTOKINE_PRODUCTION; GOBP_POSITIVE_REGULATION_OF_IMMUNE_RESPONSE; GOBP_POSITIVE_REGULATION_OF_IMMUNE_SYSTEM_PROCESS; GOBP_POSITIVE_REGULATION_OF_TUMOR_NECROSIS_FACTOR_SUPERFAMILY_CYTOKINE_PRODUCTION; GOBP_REGULATION_OF_IMMUNE_RESPONSE; GOBP_REGULATION_OF_IMMUNE_SYSTEM_PROCESS; GOBP_TUMOR_NECROSIS_FACTOR_SUPERFAMILY_CYTOKINE_PRODUCTION; REACTOME_ADAPTIVE_IMMUNE_SYSTEM; REACTOME_IMMUNE_SYSTEM,GOBP_CELL_CELL_SIGNALING; GOBP_CELLULAR_RESPONSE_TO_LEPTIN_STIMULUS; GOBP_CELLULAR_RESPONSE_TO_LIPID; GOBP_ENDOCYTOSIS; GOBP_GLYCEROLIPID_METABOLIC_PROCESS; GOBP_GLYCEROPHOSPHOLIPID_METABOLIC_PROCESS; GOBP_IMPORT_INTO_CELL; GOBP_LIPID_METABOLIC_PROCESS; GOBP_LIPID_MODIFICATION; GOBP_MEMBRANE_ORGANIZATION; GOBP_METAL_ION_TRANSPORT; GOBP_MONOATOMIC_CATION_TRANSMEMBRANE_TRANSPORT; GOBP_MONOATOMIC_CATION_TRANSPORT; GOBP_MONOATOMIC_ION_TRANSMEMBRANE_TRANSPORT; GOBP_MONOATOMIC_ION_TRANSPORT; GOBP_NEGATIVE_REGULATION_OF_MONOATOMIC_ION_TRANSMEMBRANE_TRANSPORT; GOBP_NEGATIVE_REGULATION_OF_MONOATOMIC_ION_TRANSPORT; GOBP_NEGATIVE_REGULATION_OF_POTASSIUM_ION_TRANSMEMBRANE_TRANSPORT; GOBP_NEGATIVE_REGULATION_OF_POTASSIUM_ION_TRANSMEMBRANE_TRANSPORTER_ACTIVITY; GOBP_NEGATIVE_REGULATION_OF_POTASSIUM_ION_TRANSPORT; GOBP_NEGATIVE_REGULATION_OF_TRANSMEMBRANE_TRANSPORT; GOBP_NEGATIVE_REGULATION_OF_TRANSPORT; GOBP_NEGATIVE_REGULATION_OF_TRANSPORTER_ACTIVITY; GOBP_ORGANELLE_LOCALIZATION; GOBP_PHAGOCYTOSIS; GOBP_PHOSPHATIDYLINOSITOL_METABOLIC_PROCESS; GOBP_PHOSPHOLIPID_DEPHOSPHORYLATION; GOBP_PHOSPHOLIPID_METABOLIC_PROCESS; GOBP_POTASSIUM_ION_TRANSMEMBRANE_TRANSPORT; GOBP_POTASSIUM_ION_TRANSPORT; GOBP_REGULATION_OF_CELLULAR_LOCALIZATION; GOBP_REGULATION_OF_METAL_ION_TRANSPORT; GOBP_REGULATION_OF_MONOATOMIC_ION_TRANSMEMBRANE_TRANSPORT; GOBP_REGULATION_OF_MONOATOMIC_ION_TRANSPORT; GOBP_REGULATION_OF_POTASSIUM_ION_TRANSMEMBRANE_TRANSPORT; GOBP_REGULATION_OF_POTASSIUM_ION_TRANSPORT; GOBP_REGULATION_OF_TRANSMEMBRANE_TRANSPORT; GOBP_REGULATION_OF_TRANSMEMBRANE_TRANSPORTER_ACTIVITY; GOBP_REGULATION_OF_TRANSPORT; GOBP_REGULATION_OF_VESICLE_MEDIATED_TRANSPORT; GOBP_RESPONSE_TO_LEPTIN; GOBP_RESPONSE_TO_LIPID; GOBP_RIBOSOME_BIOGENESIS; GOBP_SYNAPTIC_VESICLE_LOCALIZATION; GOBP_TRANSMEMBRANE_TRANSPORT; GOBP_TUBE_DEVELOPMENT; GOBP_TUBE_MORPHOGENESIS; GOBP_VASCULATURE_DEVELOPMENT; GOBP_VESICLE_LOCALIZATION; GOBP_VESICLE_MEDIATED_TRANSPORT; GOBP_VESICLE_MEDIATED_TRANSPORT_IN_SYNAPSE; GOCC_MOTILE_CILIUM; REACTOME_INOSITOL_PHOSPHATE_METABOLISM; REACTOME_METABOLISM; REACTOME_METABOLISM_OF_LIPIDS; REACTOME_METABOLISM_OF_PROTEINS; REACTOME_PHOSPHOLIPID_METABOLISM; REACTOME_PI_METABOLISM,GOBP_CELLULAR_RESPONSE_TO_INSULIN_LIKE_GROWTH_FACTOR_STIMULUS; GOBP_ERK1_AND_ERK2_CASCADE; GOBP_MAPK_CASCADE; GOBP_PLATELET_DERIVED_GROWTH_FACTOR_RECEPTOR_SIGNALING_PATHWAY; GOBP_POSITIVE_REGULATION_OF_MAPK_CASCADE; GOBP_TOR_SIGNALING; GOMF_GROWTH_FACTOR_RECEPTOR_BINDING; GOMF_PLATELET_DERIVED_GROWTH_FACTOR_RECEPTOR_BINDING; WP_FACTORS_AND_PATHWAYS_AFFECTING_INSULINLIKE_GROWTH_FACTOR_IGF1AKT_SIGNALING; WP_HEPATOCYTE_GROWTH_FACTOR_RECEPTOR_SIGNALING
Phlpp1,39,PHLPP1,FALSE,5.144,2,1,0,MAPK / Ras,Manual review annotation,For manual review,Top group margin < 2 or tie,MAPK / Ras,TRUE,FALSE,Immune,5,4,1,1,Immune,NA,4,TRUE,Cell adhesion and cytoskeleton (gs_names=3); Immune (gs_names=5); Ion transport and metabolism (gs_names=3); MAPK / Ras (gs_names=4),3,0,0,0,5,3,4,2,0,0,0,2,2,2,ACTIN; ECM_EXTRACELLULAR_MATRIX,NA,NA,NA,CYTOKINE; IMMUNE,LIPID; TRANSPORT,GROWTH_FACTOR; MAPK,GOBP_IMMUNE_SYSTEM_DEVELOPMENT; GOBP_NEGATIVE_REGULATION_OF_CELL_COMMUNICATION; GOMF_HYDROLASE_ACTIVITY_ACTING_ON_ESTER_BONDS,NA,NA,NA,GOBP_IMMUNE_SYSTEM_DEVELOPMENT; GOBP_JNK_CASCADE; GOBP_P38MAPK_CASCADE; GOBP_REGULATION_OF_IMMUNE_SYSTEM_PROCESS; GOBP_TOLERANCE_INDUCTION,GOCC_NUCLEAR_ENVELOPE; GOCC_NUCLEAR_MEMBRANE; GOCC_ORGANELLE_ENVELOPE,GOBP_JNK_CASCADE; GOBP_MAPK_CASCADE; GOBP_P38MAPK_CASCADE; GOBP_REGULATION_OF_P38MAPK_CASCADE
Hcn1,40,HCN1,FALSE,2.768,3,1,0,Ion transport and metabolism,Top group has >=2 more matching unique gs_names than second group,Ion transport and metabolism,Top group has >=2 more matching unique gs_names than second group,NA,FALSE,FALSE,Ion transport and metabolism,46,2,44,1,Ion transport and metabolism,NA,3,TRUE,Cell adhesion and cytoskeleton (gs_names=2); Immune (gs_names=1); Ion transport and metabolism (gs_names=46),2,0,0,0,1,46,0,2,0,0,0,1,3,0,ACTIN; ECM_EXTRACELLULAR_MATRIX,NA,NA,NA,INTERFERON,CALCIUM; LIPID; TRANSPORT,NA,GOBP_RESPONSE_TO_ACID_CHEMICAL; GOCC_BASOLATERAL_PLASMA_MEMBRANE,NA,NA,NA,GOBP_RESPONSE_TO_INTERFERON_BETA,GOBP_APICAL_PROTEIN_LOCALIZATION; GOBP_METAL_ION_TRANSPORT; GOBP_MONOATOMIC_CATION_TRANSMEMBRANE_TRANSPORT; GOBP_MONOATOMIC_CATION_TRANSPORT; GOBP_MONOATOMIC_ION_TRANSMEMBRANE_TRANSPORT; GOBP_MONOATOMIC_ION_TRANSPORT; GOBP_POSITIVE_REGULATION_OF_MONOATOMIC_ION_TRANSMEMBRANE_TRANSPORT; GOBP_POSITIVE_REGULATION_OF_MONOATOMIC_ION_TRANSPORT; GOBP_POSITIVE_REGULATION_OF_TRANSMEMBRANE_TRANSPORT; GOBP_POSITIVE_REGULATION_OF_TRANSPORT; GOBP_POSITIVE_REGULATION_OF_TRANSPORTER_ACTIVITY; GOBP_POTASSIUM_ION_TRANSMEMBRANE_TRANSPORT; GOBP_POTASSIUM_ION_TRANSPORT; GOBP_REGULATION_OF_MONOATOMIC_ION_TRANSMEMBRANE_TRANSPORT; GOBP_REGULATION_OF_MONOATOMIC_ION_TRANSPORT; GOBP_REGULATION_OF_TRANSMEMBRANE_TRANSPORT; GOBP_REGULATION_OF_TRANSMEMBRANE_TRANSPORTER_ACTIVITY; GOBP_REGULATION_OF_TRANSPORT; GOBP_RESPONSE_TO_CALCIUM_ION; GOBP_SODIUM_ION_TRANSMEMBRANE_TRANSPORT; GOBP_SODIUM_ION_TRANSPORT; GOBP_TRANSMEMBRANE_TRANSPORT; GOCC_MONOATOMIC_ION_CHANNEL_COMPLEX; GOCC_TRANSPORTER_COMPLEX; GOMF_GATED_CHANNEL_ACTIVITY; GOMF_INTRACELLULARLY_CAMP_ACTIVATED_CATION_CHANNEL_ACTIVITY; GOMF_INTRACELLULARLY_LIGAND_GATED_MONOATOMIC_ION_CHANNEL_ACTIVITY; GOMF_LIGAND_GATED_CHANNEL_ACTIVITY; GOMF_LIGAND_GATED_MONOATOMIC_CATION_CHANNEL_ACTIVITY; GOMF_LIPID_BINDING; GOMF_METAL_ION_TRANSMEMBRANE_TRANSPORTER_ACTIVITY; GOMF_MONOATOMIC_CATION_CHANNEL_ACTIVITY; GOMF_MONOATOMIC_CATION_TRANSMEMBRANE_TRANSPORTER_ACTIVITY; GOMF_MONOATOMIC_ION_TRANSMEMBRANE_TRANSPORTER_ACTIVITY; GOMF_PASSIVE_TRANSMEMBRANE_TRANSPORTER_ACTIVITY; GOMF_PHOSPHATIDYLINOSITOL_BINDING; GOMF_PHOSPHOLIPID_BINDING; GOMF_POTASSIUM_CHANNEL_ACTIVITY; GOMF_POTASSIUM_ION_TRANSMEMBRANE_TRANSPORTER_ACTIVITY; GOMF_SODIUM_CHANNEL_ACTIVITY; GOMF_SODIUM_ION_TRANSMEMBRANE_TRANSPORTER_ACTIVITY; GOMF_TRANSPORTER_ACTIVITY; GOMF_VOLTAGE_GATED_CHANNEL_ACTIVITY; GOMF_VOLTAGE_GATED_MONOATOMIC_CATION_CHANNEL_ACTIVITY; GOMF_VOLTAGE_GATED_POTASSIUM_CHANNEL_ACTIVITY; GOMF_VOLTAGE_GATED_SODIUM_CHANNEL_ACTIVITY,NA
Atp2a2,41,ATP2A2,FALSE,3.23,2,1,0,Ion transport and metabolism,Top group has >=2 more matching unique gs_names than second group,Ion transport and metabolism,Top group has >=2 more matching unique gs_names than second group,NA,FALSE,FALSE,Ion transport and metabolism,66,14,52,1,Ion transport and metabolism,NA,4,TRUE,Cell adhesion and cytoskeleton (gs_names=14); Gene expression regulation (gs_names=2); Immune (gs_names=1); Ion transport and metabolism (gs_names=66),14,0,0,2,1,66,0,4,0,0,2,1,6,0,ACTIN; CELL_ADHESION; CYTOSKELETON; ECM_EXTRACELLULAR_MATRIX,NA,NA,RIBOSOME; TRANSCRIPTION,INFLAMMATORY,CALCIUM; LIPID; METABOLISM; OXIDATIVE; TRANSPORT; XENOBIOTIC,NA,GOBP_ACTIN_FILAMENT_BASED_MOVEMENT; GOBP_ACTIN_FILAMENT_BASED_PROCESS; GOBP_ACTIN_MEDIATED_CELL_CONTRACTION; GOBP_CARDIAC_MUSCLE_CELL_CONTRACTION; GOBP_CELL_CELL_SIGNALING; GOBP_HEART_PROCESS; GOBP_MUSCLE_CONTRACTION; GOBP_ORGANELLE_ASSEMBLY; GOBP_REGULATION_OF_ACTIN_FILAMENT_BASED_MOVEMENT; GOBP_REGULATION_OF_ACTIN_FILAMENT_BASED_PROCESS; GOBP_STRIATED_MUSCLE_CONTRACTION; GOBP_TRANSITION_BETWEEN_FAST_AND_SLOW_FIBER; GOCC_ANCHORING_JUNCTION; GOMF_HYDROLASE_ACTIVITY_ACTING_ON_ACID_ANHYDRIDES,NA,NA,GOBP_ER_NUCLEUS_SIGNALING_PATHWAY; GOBP_ORGANELLE_ASSEMBLY,HALLMARK_INFLAMMATORY_RESPONSE,GOBP_CALCIUM_ION_HOMEOSTASIS; GOBP_CALCIUM_ION_IMPORT_INTO_SARCOPLASMIC_RETICULUM; GOBP_CALCIUM_ION_REGULATED_EXOCYTOSIS; GOBP_CALCIUM_ION_REGULATED_EXOCYTOSIS_OF_NEUROTRANSMITTER; GOBP_CALCIUM_ION_TRANSMEMBRANE_TRANSPORT; GOBP_CALCIUM_ION_TRANSPORT; GOBP_CALCIUM_MEDIATED_SIGNALING; GOBP_CELL_CELL_SIGNALING; GOBP_CELLULAR_RESPONSE_TO_OXIDATIVE_STRESS; GOBP_CYTOSOL_TO_ENDOPLASMIC_RETICULUM_TRANSPORT; GOBP_ENDOPLASMIC_RETICULUM_CALCIUM_ION_HOMEOSTASIS; GOBP_EXPORT_FROM_CELL; GOBP_INTRACELLULAR_TRANSPORT; GOBP_MEMBRANE_ORGANIZATION; GOBP_METAL_ION_TRANSPORT; GOBP_MONOATOMIC_CATION_TRANSMEMBRANE_TRANSPORT; GOBP_MONOATOMIC_CATION_TRANSPORT; GOBP_MONOATOMIC_ION_TRANSMEMBRANE_TRANSPORT; GOBP_MONOATOMIC_ION_TRANSPORT; GOBP_NEUROTRANSMITTER_SECRETION; GOBP_NEUROTRANSMITTER_TRANSPORT; GOBP_ORGANELLE_LOCALIZATION; GOBP_PROCESS_UTILIZING_AUTOPHAGIC_MECHANISM; GOBP_REGULATION_OF_CALCIUM_ION_DEPENDENT_EXOCYTOSIS; GOBP_REGULATION_OF_CALCIUM_ION_DEPENDENT_EXOCYTOSIS_OF_NEUROTRANSMITTER; GOBP_REGULATION_OF_CARDIAC_MUSCLE_CONTRACTION_BY_CALCIUM_ION_SIGNALING; GOBP_REGULATION_OF_NEUROTRANSMITTER_TRANSPORT; GOBP_REGULATION_OF_TRANSPORT; GOBP_REGULATION_OF_VESICLE_MEDIATED_TRANSPORT; GOBP_RELAXATION_OF_MUSCLE; GOBP_RESPONSE_TO_OXIDATIVE_STRESS; GOBP_SARCOPLASMIC_RETICULUM_CALCIUM_ION_TRANSPORT; GOBP_TRANSITION_BETWEEN_FAST_AND_SLOW_FIBER; GOBP_TRANSMEMBRANE_TRANSPORT; GOBP_VESICLE_MEDIATED_TRANSPORT; GOBP_VESICLE_MEDIATED_TRANSPORT_IN_SYNAPSE; GOCC_ATPASE_DEPENDENT_TRANSMEMBRANE_TRANSPORT_COMPLEX; GOCC_BOUNDING_MEMBRANE_OF_ORGANELLE; GOCC_SARCOPLASMIC_RETICULUM; GOCC_SARCOPLASMIC_RETICULUM_MEMBRANE; GOCC_TRANSPORTER_COMPLEX; GOMF_ACTIVE_MONOATOMIC_ION_TRANSMEMBRANE_TRANSPORTER_ACTIVITY; GOMF_ACTIVE_TRANSMEMBRANE_TRANSPORTER_ACTIVITY; GOMF_ATP_DEPENDENT_ACTIVITY; GOMF_ATP_HYDROLYSIS_ACTIVITY; GOMF_ATPASE_COUPLED_MONOATOMIC_CATION_TRANSMEMBRANE_TRANSPORTER_ACTIVITY; GOMF_ATPASE_COUPLED_TRANSMEMBRANE_TRANSPORTER_ACTIVITY; GOMF_CALCIUM_CHANNEL_REGULATOR_ACTIVITY; GOMF_CALCIUM_ION_BINDING; GOMF_CALCIUM_ION_TRANSMEMBRANE_TRANSPORTER_ACTIVITY; GOMF_METAL_ION_TRANSMEMBRANE_TRANSPORTER_ACTIVITY; GOMF_MONOATOMIC_CATION_TRANSMEMBRANE_TRANSPORTER_ACTIVITY; GOMF_MONOATOMIC_ION_TRANSMEMBRANE_TRANSPORTER_ACTIVITY; GOMF_P_TYPE_CALCIUM_TRANSPORTER_ACTIVITY; GOMF_P_TYPE_TRANSMEMBRANE_TRANSPORTER_ACTIVITY; GOMF_PRIMARY_ACTIVE_TRANSMEMBRANE_TRANSPORTER_ACTIVITY; GOMF_S100_PROTEIN_BINDING; GOMF_TRANSMEMBRANE_TRANSPORTER_BINDING; GOMF_TRANSPORTER_ACTIVITY; GOMF_TRANSPORTER_REGULATOR_ACTIVITY; HALLMARK_XENOBIOTIC_METABOLISM; REACTOME_ION_CHANNEL_TRANSPORT; REACTOME_ION_TRANSPORT_BY_P_TYPE_ATPASES; REACTOME_PLATELET_CALCIUM_HOMEOSTASIS; REACTOME_TRANSPORT_OF_SMALL_MOLECULES; WP_CALCIUM_REGULATION_IN_CARDIAC_CELLS,NA
Slc6a5,42,SLC6A5,FALSE,2.446,2,1,0,Ion transport and metabolism,Top group has >=2 more matching unique gs_names than second group,Ion transport and metabolism,Top group has >=2 more matching unique gs_names than second group,NA,FALSE,FALSE,Ion transport and metabolism,57,1,56,1,Ion transport and metabolism,NA,2,TRUE,Cell adhesion and cytoskeleton (gs_names=1); Ion transport and metabolism (gs_names=57),1,0,0,0,0,57,0,1,0,0,0,0,4,0,CELL_ADHESION,NA,NA,NA,NA,LIPID; OXIDATIVE; SLC; TRANSPORT,NA,GOBP_CELL_CELL_SIGNALING,NA,NA,NA,NA,GOBP_AMINO_ACID_IMPORT_ACROSS_PLASMA_MEMBRANE; GOBP_AMINO_ACID_TRANSMEMBRANE_TRANSPORT; GOBP_AMINO_ACID_TRANSPORT; GOBP_CARBOXYLIC_ACID_TRANSMEMBRANE_TRANSPORT; GOBP_CELL_CELL_SIGNALING; GOBP_GLYCINE_IMPORT_ACROSS_PLASMA_MEMBRANE; GOBP_GLYCINE_TRANSPORT; GOBP_IMPORT_ACROSS_PLASMA_MEMBRANE; GOBP_IMPORT_INTO_CELL; GOBP_METAL_ION_TRANSPORT; GOBP_MONOATOMIC_CATION_TRANSMEMBRANE_TRANSPORT; GOBP_MONOATOMIC_CATION_TRANSPORT; GOBP_MONOATOMIC_ION_TRANSMEMBRANE_TRANSPORT; GOBP_MONOATOMIC_ION_TRANSPORT; GOBP_NEUROTRANSMITTER_REUPTAKE; GOBP_NEUROTRANSMITTER_TRANSPORT; GOBP_NEUROTRANSMITTER_UPTAKE; GOBP_NEUTRAL_AMINO_ACID_TRANSPORT; GOBP_ORGANIC_ACID_TRANSPORT; GOBP_ORGANIC_ANION_TRANSPORT; GOBP_ORGANIC_CATION_TRANSPORT; GOBP_SODIUM_ION_TRANSMEMBRANE_TRANSPORT; GOBP_SODIUM_ION_TRANSPORT; GOBP_SYNAPTIC_SIGNALING; GOBP_SYNAPTIC_TRANSMISSION_GLYCINERGIC; GOBP_TRANSMEMBRANE_TRANSPORT; GOCC_DENSE_CORE_GRANULE; GOCC_ENDOSOME; GOCC_GLYCINERGIC_SYNAPSE; GOCC_PLASMA_MEMBRANE_REGION; GOCC_PRESYNAPSE; GOCC_PRESYNAPTIC_MEMBRANE; GOCC_SECRETORY_GRANULE; GOCC_SECRETORY_VESICLE; GOCC_SYNAPTIC_MEMBRANE; GOMF_ACTIVE_TRANSMEMBRANE_TRANSPORTER_ACTIVITY; GOMF_AMINO_ACID_MONOATOMIC_CATION_SYMPORTER_ACTIVITY; GOMF_AMINO_ACID_SODIUM_SYMPORTER_ACTIVITY; GOMF_AMINO_ACID_TRANSMEMBRANE_TRANSPORTER_ACTIVITY; GOMF_CARBOXYLIC_ACID_TRANSMEMBRANE_TRANSPORTER_ACTIVITY; GOMF_GLYCINE_TRANSMEMBRANE_TRANSPORTER_ACTIVITY; GOMF_METAL_ION_TRANSMEMBRANE_TRANSPORTER_ACTIVITY; GOMF_MONOATOMIC_CATION_TRANSMEMBRANE_TRANSPORTER_ACTIVITY; GOMF_MONOATOMIC_ION_TRANSMEMBRANE_TRANSPORTER_ACTIVITY; GOMF_NEUTRAL_L_AMINO_ACID_SODIUM_SYMPORTER_ACTIVITY; GOMF_NEUTRAL_L_AMINO_ACID_TRANSMEMBRANE_TRANSPORTER_ACTIVITY; GOMF_ORGANIC_ACID_SODIUM_SYMPORTER_ACTIVITY; GOMF_SECONDARY_ACTIVE_TRANSMEMBRANE_TRANSPORTER_ACTIVITY; GOMF_SODIUM_ION_TRANSMEMBRANE_TRANSPORTER_ACTIVITY; GOMF_SOLUTE_MONOATOMIC_CATION_SYMPORTER_ACTIVITY; GOMF_SOLUTE_SODIUM_SYMPORTER_ACTIVITY; GOMF_SYMPORTER_ACTIVITY; GOMF_TRANSPORTER_ACTIVITY; REACTOME_SLC_MEDIATED_TRANSMEMBRANE_TRANSPORT; REACTOME_SLC_MEDIATED_TRANSPORT_OF_NEUROTRANSMITTERS; REACTOME_TRANSPORT_OF_SMALL_MOLECULES; WP_OXIDATIVE_STRESS_AND_REDOX_PATHWAY,NA
Hras,43,HRAS,TRUE,0.585,2,1,0,MAPK / Ras,Top group has >=2 more matching unique gs_names than second group,MAPK / Ras,Top group has >=2 more matching unique gs_names than second group,NA,FALSE,FALSE,MAPK / Ras,284,23,261,1,MAPK / Ras,NA,6,TRUE,Cell adhesion and cytoskeleton (gs_names=14); DNA damage and repair (gs_names=1); Gene expression regulation (gs_names=7); Immune (gs_names=19); Ion transport and metabolism (gs_names=23); MAPK / Ras (gs_names=284),14,1,0,7,19,23,284,7,1,0,3,3,3,6,ACTIN; APICAL_JUNCTION; CELL_ADHESION; CELL_MIGRATION; CYTOSKELETON; INTEGRIN; RHO_GTPASE,P53_PATHWAY,NA,PROMOTER_ENHANCER; RNA_POLYMERASE; TRANSCRIPTION,CYTOKINE; IMMUNE; INTERFERON,LIPID; OXIDATIVE; TRANSPORT,EGFR; GROWTH_FACTOR; MAPK; PKC; RAS; RTK,GOBP_ACTIN_FILAMENT_BASED_PROCESS; GOBP_CELL_CELL_SIGNALING; GOBP_CELL_MIGRATION; GOBP_CYTOSKELETON_ORGANIZATION; GOBP_REGULATION_OF_ACTIN_FILAMENT_BASED_PROCESS; GOBP_REGULATION_OF_CYTOSKELETON_ORGANIZATION; GOBP_RUFFLE_ASSEMBLY; GOCC_MICROTUBULE_CYTOSKELETON; GOCC_MICROTUBULE_ORGANIZING_CENTER; GOMF_HYDROLASE_ACTIVITY_ACTING_ON_ACID_ANHYDRIDES; GOMF_PROTEIN_MEMBRANE_ADAPTOR_ACTIVITY; HALLMARK_APICAL_JUNCTION; REACTOME_PTK6_REGULATES_RHO_GTPASES_RAS_GTPASE_AND_MAP_KINASES; WP_INTEGRINMEDIATED_CELL_ADHESION,HALLMARK_P53_PATHWAY,NA,GOBP_CELL_SURFACE_RECEPTOR_PROTEIN_TYROSINE_KINASE_SIGNALING_PATHWAY; GOBP_ENZYME_LINKED_RECEPTOR_PROTEIN_SIGNALING_PATHWAY; GOBP_ERBB_SIGNALING_PATHWAY; GOBP_ERBB2_SIGNALING_PATHWAY; GOBP_ERBB3_SIGNALING_PATHWAY; GOBP_INSULIN_LIKE_GROWTH_FACTOR_RECEPTOR_SIGNALING_PATHWAY; GOBP_POSITIVE_REGULATION_OF_TRANSCRIPTION_BY_RNA_POLYMERASE_II,GOBP_ACTIVATION_OF_IMMUNE_RESPONSE; GOBP_ADAPTIVE_IMMUNE_RESPONSE; GOBP_ADAPTIVE_IMMUNE_RESPONSE_BASED_ON_SOMATIC_RECOMBINATION_OF_IMMUNE_RECEPTORS_BUILT_FROM_IMMUNOGLOBULIN_SUPERFAMILY_DOMAINS; GOBP_CYTOKINE_PRODUCTION; GOBP_IMMUNE_RESPONSE_REGULATING_CELL_SURFACE_RECEPTOR_SIGNALING_PATHWAY; GOBP_IMMUNE_RESPONSE_REGULATING_SIGNALING_PATHWAY; GOBP_JNK_CASCADE; GOBP_POSITIVE_REGULATION_OF_CYTOKINE_PRODUCTION; GOBP_POSITIVE_REGULATION_OF_IMMUNE_RESPONSE; GOBP_POSITIVE_REGULATION_OF_IMMUNE_SYSTEM_PROCESS; GOBP_POSITIVE_REGULATION_OF_TYPE_II_INTERFERON_PRODUCTION; GOBP_REGULATION_OF_IMMUNE_RESPONSE; GOBP_REGULATION_OF_IMMUNE_SYSTEM_PROCESS; GOBP_T_HELPER_1_TYPE_IMMUNE_RESPONSE; GOBP_TYPE_II_INTERFERON_PRODUCTION; REACTOME_ADAPTIVE_IMMUNE_SYSTEM; REACTOME_CYTOKINE_SIGNALING_IN_IMMUNE_SYSTEM; REACTOME_IMMUNE_SYSTEM; REACTOME_INNATE_IMMUNE_SYSTEM,GOBP_CELL_CELL_SIGNALING; GOBP_ENDOCYTOSIS; GOBP_IMPORT_INTO_CELL; GOBP_INTRINSIC_APOPTOTIC_SIGNALING_PATHWAY; GOBP_LOCALIZATION_WITHIN_MEMBRANE; GOBP_NEUROTRANSMITTER_RECEPTOR_LOCALIZATION_TO_POSTSYNAPTIC_SPECIALIZATION_MEMBRANE; GOBP_PROTEIN_CONTAINING_COMPLEX_LOCALIZATION; GOBP_PROTEIN_LOCALIZATION_TO_CELL_JUNCTION; GOBP_PROTEIN_LOCALIZATION_TO_CELL_PERIPHERY; GOBP_PROTEIN_LOCALIZATION_TO_MEMBRANE; GOBP_PROTEIN_LOCALIZATION_TO_ORGANELLE; GOBP_PROTEIN_LOCALIZATION_TO_POSTSYNAPSE; GOBP_PROTEIN_LOCALIZATION_TO_SYNAPSE; GOBP_RECEPTOR_LOCALIZATION_TO_SYNAPSE; GOBP_REGULATION_OF_CELLULAR_LOCALIZATION; GOBP_REGULATION_OF_PROTEIN_LOCALIZATION; GOBP_VESICLE_MEDIATED_TRANSPORT; GOCC_BOUNDING_MEMBRANE_OF_ORGANELLE; GOCC_CILIARY_BASAL_BODY; GOCC_GOLGI_MEMBRANE; GOMF_LIPASE_ACTIVATOR_ACTIVITY; GOMF_PHOSPHOLIPASE_ACTIVATOR_ACTIVITY; GOMF_PROTEIN_MEMBRANE_ADAPTOR_ACTIVITY,GOBP_ACTIN_FILAMENT_BASED_PROCESS; GOBP_ACTIVATION_OF_IMMUNE_RESPONSE; GOBP_ADAPTIVE_IMMUNE_RESPONSE; GOBP_ADAPTIVE_IMMUNE_RESPONSE_BASED_ON_SOMATIC_RECOMBINATION_OF_IMMUNE_RECEPTORS_BUILT_FROM_IMMUNOGLOBULIN_SUPERFAMILY_DOMAINS; GOBP_ADIPOSE_TISSUE_DEVELOPMENT; GOBP_ANTIGEN_RECEPTOR_MEDIATED_SIGNALING_PATHWAY; GOBP_APOPTOTIC_SIGNALING_PATHWAY; GOBP_CELL_CELL_SIGNALING; GOBP_CELL_CYCLE; GOBP_CELL_MIGRATION; GOBP_CELL_MOTILITY; GOBP_CELL_PROJECTION_ASSEMBLY; GOBP_CELL_PROJECTION_ORGANIZATION; GOBP_CELL_SURFACE_RECEPTOR_PROTEIN_TYROSINE_KINASE_SIGNALING_PATHWAY; GOBP_CELLULAR_RESPONSE_TO_ABIOTIC_STIMULUS; GOBP_CELLULAR_RESPONSE_TO_ENDOGENOUS_STIMULUS; GOBP_CELLULAR_RESPONSE_TO_GAMMA_RADIATION; GOBP_CELLULAR_RESPONSE_TO_HORMONE_STIMULUS; GOBP_CELLULAR_RESPONSE_TO_INSULIN_STIMULUS; GOBP_CELLULAR_RESPONSE_TO_IONIZING_RADIATION; GOBP_CELLULAR_RESPONSE_TO_NITROGEN_COMPOUND; GOBP_CELLULAR_RESPONSE_TO_OXYGEN_CONTAINING_COMPOUND; GOBP_CELLULAR_RESPONSE_TO_PEPTIDE_HORMONE_STIMULUS; GOBP_CELLULAR_RESPONSE_TO_RADIATION; GOBP_CELLULAR_RESPONSE_TO_STRESS; GOBP_CELLULAR_SENESCENCE; GOBP_CONNECTIVE_TISSUE_DEVELOPMENT; GOBP_CYTOKINE_PRODUCTION; GOBP_CYTOSKELETON_ORGANIZATION; GOBP_DEFENSE_RESPONSE_TO_OTHER_ORGANISM; GOBP_ENDOCYTOSIS; GOBP_ENSHEATHMENT_OF_NEURONS; GOBP_ENZYME_LINKED_RECEPTOR_PROTEIN_SIGNALING_PATHWAY; GOBP_EPITHELIAL_CELL_PROLIFERATION; GOBP_ERBB_SIGNALING_PATHWAY; GOBP_ERBB2_SIGNALING_PATHWAY; GOBP_ERBB3_SIGNALING_PATHWAY; GOBP_ERK1_AND_ERK2_CASCADE; GOBP_ESTABLISHMENT_OF_PROTEIN_LOCALIZATION; GOBP_ESTABLISHMENT_OF_PROTEIN_LOCALIZATION_TO_MEMBRANE; GOBP_GLIAL_CELL_DEVELOPMENT; GOBP_GLIAL_CELL_DIFFERENTIATION; GOBP_GLIOGENESIS; GOBP_IMMUNE_RESPONSE_REGULATING_CELL_SURFACE_RECEPTOR_SIGNALING_PATHWAY; GOBP_IMMUNE_RESPONSE_REGULATING_SIGNALING_PATHWAY; GOBP_IMPORT_INTO_CELL; GOBP_INSULIN_LIKE_GROWTH_FACTOR_RECEPTOR_SIGNALING_PATHWAY; GOBP_INSULIN_RECEPTOR_SIGNALING_PATHWAY; GOBP_INTRACELLULAR_SIGNALING_CASSETTE; GOBP_INTRINSIC_APOPTOTIC_SIGNALING_PATHWAY; GOBP_JNK_CASCADE; GOBP_LOCALIZATION_WITHIN_MEMBRANE; GOBP_LOCOMOTION; GOBP_MAPK_CASCADE; GOBP_MIRNA_METABOLIC_PROCESS; GOBP_NEGATIVE_REGULATION_OF_CELL_POPULATION_PROLIFERATION; GOBP_NEGATIVE_REGULATION_OF_GENE_EXPRESSION; GOBP_NEGATIVE_REGULATION_OF_NEURON_APOPTOTIC_PROCESS; GOBP_NEGATIVE_REGULATION_OF_PROGRAMMED_CELL_DEATH; GOBP_NEURON_APOPTOTIC_PROCESS; GOBP_NEUROTRANSMITTER_RECEPTOR_LOCALIZATION_TO_POSTSYNAPTIC_SPECIALIZATION_MEMBRANE; GOBP_ONCOGENE_INDUCED_CELL_SENESCENCE; GOBP_PERIPHERAL_NERVOUS_SYSTEM_DEVELOPMENT; GOBP_POSITIVE_REGULATION_OF_CELL_POPULATION_PROLIFERATION; GOBP_POSITIVE_REGULATION_OF_CELL_PROJECTION_ORGANIZATION; GOBP_POSITIVE_REGULATION_OF_CELLULAR_COMPONENT_BIOGENESIS; GOBP_POSITIVE_REGULATION_OF_CELLULAR_COMPONENT_ORGANIZATION; GOBP_POSITIVE_REGULATION_OF_CYTOKINE_PRODUCTION; GOBP_POSITIVE_REGULATION_OF_EPITHELIAL_CELL_PROLIFERATION; GOBP_POSITIVE_REGULATION_OF_ERK1_AND_ERK2_CASCADE; GOBP_POSITIVE_REGULATION_OF_ESTABLISHMENT_OF_PROTEIN_LOCALIZATION; GOBP_POSITIVE_REGULATION_OF_GENE_EXPRESSION; GOBP_POSITIVE_REGULATION_OF_IMMUNE_RESPONSE; GOBP_POSITIVE_REGULATION_OF_IMMUNE_SYSTEM_PROCESS; GOBP_POSITIVE_REGULATION_OF_INTRACELLULAR_SIGNAL_TRANSDUCTION; GOBP_POSITIVE_REGULATION_OF_JNK_CASCADE; GOBP_POSITIVE_REGULATION_OF_LOCOMOTION; GOBP_POSITIVE_REGULATION_OF_MAPK_CASCADE; GOBP_POSITIVE_REGULATION_OF_MIRNA_METABOLIC_PROCESS; GOBP_POSITIVE_REGULATION_OF_MULTICELLULAR_ORGANISMAL_PROCESS; GOBP_POSITIVE_REGULATION_OF_PLASMA_MEMBRANE_BOUNDED_CELL_PROJECTION_ASSEMBLY; GOBP_POSITIVE_REGULATION_OF_PROTEIN_TARGETING_TO_MEMBRANE; GOBP_POSITIVE_REGULATION_OF_RAS_PROTEIN_SIGNAL_TRANSDUCTION; GOBP_POSITIVE_REGULATION_OF_RESPONSE_TO_WOUNDING; GOBP_POSITIVE_REGULATION_OF_RNA_METABOLIC_PROCESS; GOBP_POSITIVE_REGULATION_OF_RUFFLE_ASSEMBLY; GOBP_POSITIVE_REGULATION_OF_SIGNAL_TRANSDUCTION; GOBP_POSITIVE_REGULATION_OF_SMALL_GTPASE_MEDIATED_SIGNAL_TRANSDUCTION; GOBP_POSITIVE_REGULATION_OF_TRANSCRIPTION_BY_RNA_POLYMERASE_II; GOBP_POSITIVE_REGULATION_OF_TYPE_II_INTERFERON_PRODUCTION; GOBP_POSITIVE_REGULATION_OF_WOUND_HEALING; GOBP_PROTEIN_CONTAINING_COMPLEX_LOCALIZATION; GOBP_PROTEIN_LOCALIZATION_TO_CELL_JUNCTION; GOBP_PROTEIN_LOCALIZATION_TO_CELL_PERIPHERY; GOBP_PROTEIN_LOCALIZATION_TO_MEMBRANE; GOBP_PROTEIN_LOCALIZATION_TO_ORGANELLE; GOBP_PROTEIN_LOCALIZATION_TO_POSTSYNAPSE; GOBP_PROTEIN_LOCALIZATION_TO_SYNAPSE; GOBP_PROTEIN_TARGETING; GOBP_PROTEIN_TARGETING_TO_MEMBRANE; GOBP_RAS_PROTEIN_SIGNAL_TRANSDUCTION; GOBP_RECEPTOR_LOCALIZATION_TO_SYNAPSE; GOBP_REGULATION_OF_ACTIN_FILAMENT_BASED_PROCESS; GOBP_REGULATION_OF_CELL_CYCLE; GOBP_REGULATION_OF_CELL_POPULATION_PROLIFERATION; GOBP_REGULATION_OF_CELL_PROJECTION_ASSEMBLY; GOBP_REGULATION_OF_CELL_PROJECTION_ORGANIZATION; GOBP_REGULATION_OF_CELLULAR_COMPONENT_BIOGENESIS; GOBP_REGULATION_OF_CELLULAR_LOCALIZATION; GOBP_REGULATION_OF_CYTOSKELETON_ORGANIZATION; GOBP_REGULATION_OF_EPITHELIAL_CELL_PROLIFERATION; GOBP_REGULATION_OF_ESTABLISHMENT_OF_PROTEIN_LOCALIZATION; GOBP_REGULATION_OF_IMMUNE_RESPONSE; GOBP_REGULATION_OF_IMMUNE_SYSTEM_PROCESS; GOBP_REGULATION_OF_JNK_CASCADE; GOBP_REGULATION_OF_LOCOMOTION; GOBP_REGULATION_OF_LONG_TERM_NEURONAL_SYNAPTIC_PLASTICITY; GOBP_REGULATION_OF_MIRNA_METABOLIC_PROCESS; GOBP_REGULATION_OF_NEURONAL_SYNAPTIC_PLASTICITY; GOBP_REGULATION_OF_NEUROTRANSMITTER_RECEPTOR_LOCALIZATION_TO_POSTSYNAPTIC_SPECIALIZATION_MEMBRANE; GOBP_REGULATION_OF_ORGANELLE_ORGANIZATION; GOBP_REGULATION_OF_POSTSYNAPTIC_MEMBRANE_NEUROTRANSMITTER_RECEPTOR_LEVELS; GOBP_REGULATION_OF_PROGRAMMED_CELL_DEATH; GOBP_REGULATION_OF_PROTEIN_LOCALIZATION; GOBP_REGULATION_OF_PROTEIN_LOCALIZATION_TO_CELL_PERIPHERY; GOBP_REGULATION_OF_PROTEIN_LOCALIZATION_TO_MEMBRANE; GOBP_REGULATION_OF_PROTEIN_LOCALIZATION_TO_SYNAPSE; GOBP_REGULATION_OF_PROTEIN_TARGETING; GOBP_REGULATION_OF_PROTEIN_TARGETING_TO_MEMBRANE; GOBP_REGULATION_OF_RAS_PROTEIN_SIGNAL_TRANSDUCTION; GOBP_REGULATION_OF_RECEPTOR_LOCALIZATION_TO_SYNAPSE; GOBP_REGULATION_OF_RESPONSE_TO_STRESS; GOBP_REGULATION_OF_RESPONSE_TO_WOUNDING; GOBP_REGULATION_OF_RUFFLE_ASSEMBLY; GOBP_REGULATION_OF_SMALL_GTPASE_MEDIATED_SIGNAL_TRANSDUCTION; GOBP_REGULATION_OF_SYNAPTIC_PLASTICITY; GOBP_REGULATION_OF_TRANS_SYNAPTIC_SIGNALING; GOBP_REGULATION_OF_WOUND_HEALING; GOBP_RESPONSE_TO_ABIOTIC_STIMULUS; GOBP_RESPONSE_TO_ENDOGENOUS_STIMULUS; GOBP_RESPONSE_TO_EXTERNAL_BIOTIC_STIMULUS; GOBP_RESPONSE_TO_GAMMA_RADIATION; GOBP_RESPONSE_TO_HORMONE; GOBP_RESPONSE_TO_INSULIN; GOBP_RESPONSE_TO_IONIZING_RADIATION; GOBP_RESPONSE_TO_NITROGEN_COMPOUND; GOBP_RESPONSE_TO_PEPTIDE_HORMONE; GOBP_RESPONSE_TO_PROTOZOAN; GOBP_RESPONSE_TO_RADIATION; GOBP_RESPONSE_TO_WOUNDING; GOBP_RUFFLE_ASSEMBLY; GOBP_RUFFLE_ORGANIZATION; GOBP_SCHWANN_CELL_DIFFERENTIATION; GOBP_SMALL_GTPASE_MEDIATED_SIGNAL_TRANSDUCTION; GOBP_SYNAPTIC_SIGNALING; GOBP_T_CELL_RECEPTOR_SIGNALING_PATHWAY; GOBP_T_HELPER_1_TYPE_IMMUNE_RESPONSE; GOBP_TYPE_II_INTERFERON_PRODUCTION; GOBP_VESICLE_MEDIATED_TRANSPORT; GOBP_WOUND_HEALING; GOCC_BOUNDING_MEMBRANE_OF_ORGANELLE; GOCC_CATALYTIC_COMPLEX; GOCC_CILIARY_BASAL_BODY; GOCC_CILIUM; GOCC_GLUTAMATERGIC_SYNAPSE; GOCC_GOLGI_APPARATUS; GOCC_GOLGI_MEMBRANE; GOCC_GTPASE_COMPLEX; GOCC_MICROTUBULE_CYTOSKELETON; GOCC_MICROTUBULE_ORGANIZING_CENTER; GOCC_PHOSPHATASE_COMPLEX; GOCC_PROTEIN_PHOSPHATASE_TYPE_1_COMPLEX; GOMF_ENZYME_ACTIVATOR_ACTIVITY; GOMF_ENZYME_REGULATOR_ACTIVITY; GOMF_G_PROTEIN_ACTIVITY; GOMF_GDP_BINDING; GOMF_GTPASE_ACTIVITY; GOMF_GUANYL_NUCLEOTIDE_BINDING; GOMF_HYDROLASE_ACTIVITY_ACTING_ON_ACID_ANHYDRIDES; GOMF_LIPASE_ACTIVATOR_ACTIVITY; GOMF_MOLECULAR_ADAPTOR_ACTIVITY; GOMF_MOLECULAR_FUNCTION_ACTIVATOR_ACTIVITY; GOMF_PHOSPHOLIPASE_ACTIVATOR_ACTIVITY; GOMF_PROTEIN_CONTAINING_COMPLEX_BINDING; GOMF_PROTEIN_MEMBRANE_ADAPTOR_ACTIVITY; GOMF_RIBONUCLEOTIDE_BINDING; HALLMARK_APICAL_JUNCTION; HALLMARK_P53_PATHWAY; HALLMARK_PEROXISOME; HALLMARK_PI3K_AKT_MTOR_SIGNALING; REACTOME_ADAPTIVE_IMMUNE_SYSTEM; REACTOME_C_TYPE_LECTIN_RECEPTORS_CLRS; REACTOME_CD209_DC_SIGN_SIGNALING; REACTOME_CELL_SURFACE_INTERACTIONS_AT_THE_VASCULAR_WALL; REACTOME_CYTOKINE_SIGNALING_IN_IMMUNE_SYSTEM; REACTOME_DAP12_INTERACTIONS; REACTOME_DAP12_SIGNALING; REACTOME_DEVELOPMENTAL_BIOLOGY; REACTOME_DOWNSTREAM_SIGNAL_TRANSDUCTION; REACTOME_DOWNSTREAM_SIGNALING_EVENTS_OF_B_CELL_RECEPTOR_BCR; REACTOME_DOWNSTREAM_SIGNALING_OF_ACTIVATED_FGFR1; REACTOME_DOWNSTREAM_SIGNALING_OF_ACTIVATED_FGFR2; REACTOME_DOWNSTREAM_SIGNALING_OF_ACTIVATED_FGFR3; REACTOME_DOWNSTREAM_SIGNALING_OF_ACTIVATED_FGFR4; REACTOME_EGFR_TRANSACTIVATION_BY_GASTRIN; REACTOME_EPH_EPHRIN_SIGNALING; REACTOME_EPHB_MEDIATED_FORWARD_SIGNALING; REACTOME_ESR_MEDIATED_SIGNALING; REACTOME_ESTROGEN_STIMULATED_SIGNALING_THROUGH_PRKCZ; REACTOME_EXTRA_NUCLEAR_ESTROGEN_SIGNALING; REACTOME_FC_EPSILON_RECEPTOR_FCERI_SIGNALING; REACTOME_FCERI_MEDIATED_MAPK_ACTIVATION; REACTOME_FLT3_SIGNALING; REACTOME_FRS_MEDIATED_FGFR1_SIGNALING; REACTOME_FRS_MEDIATED_FGFR2_SIGNALING; REACTOME_FRS_MEDIATED_FGFR3_SIGNALING; REACTOME_FRS_MEDIATED_FGFR4_SIGNALING; REACTOME_G_ALPHA_Q_SIGNALLING_EVENTS; REACTOME_GASTRIN_CREB_SIGNALLING_PATHWAY_VIA_PKC_AND_MAPK; REACTOME_GRB2_EVENTS_IN_ERBB2_SIGNALING; REACTOME_HEMOSTASIS; REACTOME_IMMUNE_SYSTEM; REACTOME_INNATE_IMMUNE_SYSTEM; REACTOME_MAP2K_AND_MAPK_ACTIVATION; REACTOME_MAPK_FAMILY_SIGNALING_CASCADES; REACTOME_MET_ACTIVATES_RAS_SIGNALING; REACTOME_NCAM_SIGNALING_FOR_NEURITE_OUT_GROWTH; REACTOME_NEGATIVE_REGULATION_OF_MAPK_PATHWAY; REACTOME_NERVOUS_SYSTEM_DEVELOPMENT; REACTOME_P38MAPK_EVENTS; REACTOME_PTK6_REGULATES_RHO_GTPASES_RAS_GTPASE_AND_MAP_KINASES; REACTOME_RAF_ACTIVATION; REACTOME_RAS_PROCESSING; REACTOME_REGULATION_OF_RAS_BY_GAPS; REACTOME_SHC_MEDIATED_CASCADE_FGFR1; REACTOME_SHC_MEDIATED_CASCADE_FGFR2; REACTOME_SHC_MEDIATED_CASCADE_FGFR3; REACTOME_SHC_MEDIATED_CASCADE_FGFR4; REACTOME_SHC1_EVENTS_IN_EGFR_SIGNALING; REACTOME_SHC1_EVENTS_IN_ERBB4_SIGNALING; REACTOME_SIGNALING_BY_EGFR; REACTOME_SIGNALING_BY_ERBB2; REACTOME_SIGNALING_BY_ERBB4; REACTOME_SIGNALING_BY_FGFR; REACTOME_SIGNALING_BY_FGFR1; REACTOME_SIGNALING_BY_FGFR2; REACTOME_SIGNALING_BY_FGFR3; REACTOME_SIGNALING_BY_FGFR4; REACTOME_SIGNALING_BY_GPCR; REACTOME_SIGNALING_BY_MET; REACTOME_SIGNALING_BY_NTRK1_TRKA; REACTOME_SIGNALING_BY_NTRKS; REACTOME_SIGNALING_BY_NUCLEAR_RECEPTORS; REACTOME_SIGNALING_BY_PDGF; REACTOME_SIGNALING_BY_PTK6; REACTOME_SIGNALING_BY_RECEPTOR_TYROSINE_KINASES; REACTOME_SIGNALING_BY_SCF_KIT; REACTOME_SIGNALING_BY_THE_B_CELL_RECEPTOR_BCR; REACTOME_SIGNALING_BY_VEGF; REACTOME_SIGNALLING_TO_ERKS; REACTOME_SIGNALLING_TO_RAS; REACTOME_TIE2_SIGNALING; REACTOME_VEGFR2_MEDIATED_CELL_PROLIFERATION; WP_CHEMOKINE_SIGNALING_PATHWAY; WP_EGFR1_SIGNALING_PATHWAY; WP_ERBB_SIGNALING_PATHWAY; WP_ESC_PLURIPOTENCY_PATHWAYS; WP_ESTROGEN_SIGNALING; WP_FOCAL_ADHESION_PI3KAKTMTOR_SIGNALING_PATHWAY; WP_G_PROTEIN_SIGNALING_PATHWAYS; WP_HEPATOCYTE_GROWTH_FACTOR_RECEPTOR_SIGNALING; WP_IL3_SIGNALING_PATHWAY; WP_IL5_SIGNALING_PATHWAY; WP_IL6_SIGNALING_PATHWAY; WP_IL7_SIGNALING_PATHWAY; WP_INSULIN_SIGNALING; WP_INTEGRINMEDIATED_CELL_ADHESION; WP_KIT_RECEPTOR_SIGNALING_PATHWAY; WP_MAPK_CASCADE; WP_MECHANISMS_ASSOCIATED_WITH_PLURIPOTENCY; WP_NAKATPASESRC_SIGNALING; WP_NOVEL_JUNDMP1_PATHWAY; WP_P38_MAPK_SIGNALING_PATHWAY; WP_TGFBETA_SIGNALING_PATHWAY
Rras2,44,RRAS2,TRUE,0.64,2,1,0,MAPK / Ras,Top group has >=2 more matching unique gs_names than second group,MAPK / Ras,Top group has >=2 more matching unique gs_names than second group,NA,FALSE,FALSE,MAPK / Ras,22,5,17,1,MAPK / Ras,NA,3,TRUE,Cell adhesion and cytoskeleton (gs_names=5); Ion transport and metabolism (gs_names=2); MAPK / Ras (gs_names=22),5,0,0,0,0,2,22,4,0,0,0,0,1,1,ACTIN; CELL_MIGRATION; CYTOSKELETON; RHO_GTPASE,NA,NA,NA,NA,LIPID,RAS,GOBP_CELL_MIGRATION; GOMF_HYDROLASE_ACTIVITY_ACTING_ON_ACID_ANHYDRIDES; REACTOME_RHO_GTPASE_CYCLE; REACTOME_SIGNALING_BY_RHO_GTPASES_MIRO_GTPASES_AND_RHOBTB3; WP_REGULATION_OF_ACTIN_CYTOSKELETON,NA,NA,NA,NA,GOCC_BOUNDING_MEMBRANE_OF_ORGANELLE; GOCC_GOLGI_MEMBRANE,GOBP_CELL_MIGRATION; GOBP_CELL_MOTILITY; GOBP_ESTABLISHMENT_OR_MAINTENANCE_OF_CELL_POLARITY; GOBP_INTRACELLULAR_SIGNALING_CASSETTE; GOBP_LOCOMOTION; GOBP_POSITIVE_REGULATION_OF_LOCOMOTION; GOBP_RAS_PROTEIN_SIGNAL_TRANSDUCTION; GOBP_REGULATION_OF_LOCOMOTION; GOBP_SMALL_GTPASE_MEDIATED_SIGNAL_TRANSDUCTION; GOCC_BOUNDING_MEMBRANE_OF_ORGANELLE; GOCC_GOLGI_APPARATUS; GOCC_GOLGI_MEMBRANE; GOMF_G_PROTEIN_ACTIVITY; GOMF_GTPASE_ACTIVITY; GOMF_GUANYL_NUCLEOTIDE_BINDING; GOMF_HYDROLASE_ACTIVITY_ACTING_ON_ACID_ANHYDRIDES; GOMF_RIBONUCLEOTIDE_BINDING; REACTOME_RHO_GTPASE_CYCLE; REACTOME_RND1_GTPASE_CYCLE; REACTOME_SIGNALING_BY_RHO_GTPASES_MIRO_GTPASES_AND_RHOBTB3; WP_COMPREHENSIVE_IL17A_SIGNALING; WP_REGULATION_OF_ACTIN_CYTOSKELETON
Flg2,45,FLG2,FALSE,7.036,40,57,10,Cell adhesion and cytoskeleton,Top group has >=2 more matching unique gs_names than second group,Cell adhesion and cytoskeleton,Top group has >=2 more matching unique gs_names than second group,NA,FALSE,FALSE,Cell adhesion and cytoskeleton,6,2,4,1,Cell adhesion and cytoskeleton,NA,3,TRUE,Cell adhesion and cytoskeleton (gs_names=6); Immune (gs_names=2); Ion transport and metabolism (gs_names=1),6,0,0,0,2,1,0,3,0,0,0,1,1,0,CELL_ADHESION; ECM_EXTRACELLULAR_MATRIX; EPIDERMIS_KERATINIZATION_CORNIFIED,NA,NA,NA,IMMUNE,CALCIUM,NA,GOBP_CELL_ADHESION; GOBP_EPIDERMIS_DEVELOPMENT; GOBP_EPIDERMIS_MORPHOGENESIS; GOBP_SKIN_DEVELOPMENT; GOBP_SKIN_EPIDERMIS_DEVELOPMENT; GOCC_CORNIFIED_ENVELOPE,NA,NA,NA,REACTOME_IMMUNE_SYSTEM; REACTOME_INNATE_IMMUNE_SYSTEM,GOMF_CALCIUM_ION_BINDING,NA
Eif4enif1,46,EIF4ENIF1,FALSE,3.037,12,1,1,Gene expression regulation,Top group has >=2 more matching unique gs_names than second group,Gene expression regulation,Top group has >=2 more matching unique gs_names than second group,NA,FALSE,FALSE,Gene expression regulation,69,8,61,1,Gene expression regulation,NA,4,TRUE,Cell adhesion and cytoskeleton (gs_names=1); Epigenetic regulators (gs_names=2); Gene expression regulation (gs_names=69); Ion transport and metabolism (gs_names=8),1,0,2,69,0,8,0,1,0,2,6,0,1,0,CYTOSKELETON,NA,CHROMATIN; METHYL,EIF_TRANSLATION_INITIATION; RIBOSOME; RNA_PROCESSING; RNA_SURVEILLANCE_DECAY; TRANSCRIPTION; TRANSLATION,NA,TRANSPORT,NA,GOBP_ORGANELLE_ASSEMBLY,NA,GOBP_MRNA_METHYLGUANOSINE_CAP_DECAPPING; GOBP_REGULATORY_NCRNA_MEDIATED_GENE_SILENCING,GOBP_DEADENYLATION_DEPENDENT_DECAPPING_OF_NUCLEAR_TRANSCRIBED_MRNA; GOBP_ESTABLISHMENT_OF_PROTEIN_LOCALIZATION; GOBP_ESTABLISHMENT_OF_PROTEIN_LOCALIZATION_TO_ORGANELLE; GOBP_GENERATION_OF_NEURONS; GOBP_IMPORT_INTO_NUCLEUS; GOBP_INTRACELLULAR_PROTEIN_TRANSPORT; GOBP_INTRACELLULAR_TRANSPORT; GOBP_MACROMOLECULE_CATABOLIC_PROCESS; GOBP_MAINTENANCE_OF_CELL_NUMBER; GOBP_MEMBRANELESS_ORGANELLE_ASSEMBLY; GOBP_MIRNA_MEDIATED_GENE_SILENCING_BY_INHIBITION_OF_TRANSLATION; GOBP_MRNA_CATABOLIC_PROCESS; GOBP_MRNA_METABOLIC_PROCESS; GOBP_MRNA_METHYLGUANOSINE_CAP_DECAPPING; GOBP_NEGATIVE_REGULATION_OF_CATABOLIC_PROCESS; GOBP_NEGATIVE_REGULATION_OF_CELL_DIFFERENTIATION; GOBP_NEGATIVE_REGULATION_OF_DEVELOPMENTAL_PROCESS; GOBP_NEGATIVE_REGULATION_OF_GENE_EXPRESSION; GOBP_NEGATIVE_REGULATION_OF_MRNA_CATABOLIC_PROCESS; GOBP_NEGATIVE_REGULATION_OF_MRNA_METABOLIC_PROCESS; GOBP_NEGATIVE_REGULATION_OF_NEURON_DIFFERENTIATION; GOBP_NEGATIVE_REGULATION_OF_NUCLEOBASE_CONTAINING_COMPOUND_METABOLIC_PROCESS; GOBP_NEGATIVE_REGULATION_OF_PROTEIN_METABOLIC_PROCESS; GOBP_NEGATIVE_REGULATION_OF_RNA_CATABOLIC_PROCESS; GOBP_NEGATIVE_REGULATION_OF_TRANSLATION; GOBP_NUCLEAR_EXPORT; GOBP_NUCLEAR_TRANSCRIBED_MRNA_CATABOLIC_PROCESS; GOBP_NUCLEAR_TRANSCRIBED_MRNA_CATABOLIC_PROCESS_DEADENYLATION_DEPENDENT_DECAY; GOBP_NUCLEAR_TRANSCRIBED_MRNA_POLY_A_TAIL_SHORTENING; GOBP_NUCLEAR_TRANSPORT; GOBP_NUCLEIC_ACID_CATABOLIC_PROCESS; GOBP_NUCLEOBASE_CONTAINING_COMPOUND_CATABOLIC_PROCESS; GOBP_ORGANELLE_ASSEMBLY; GOBP_P_BODY_ASSEMBLY; GOBP_POSITIVE_REGULATION_OF_CATABOLIC_PROCESS; GOBP_POSITIVE_REGULATION_OF_GENE_EXPRESSION; GOBP_POSITIVE_REGULATION_OF_MRNA_CATABOLIC_PROCESS; GOBP_POSITIVE_REGULATION_OF_MRNA_METABOLIC_PROCESS; GOBP_POSITIVE_REGULATION_OF_RNA_METABOLIC_PROCESS; GOBP_POST_TRANSCRIPTIONAL_GENE_SILENCING; GOBP_POST_TRANSCRIPTIONAL_REGULATION_OF_GENE_EXPRESSION; GOBP_PROTEIN_LOCALIZATION_TO_NUCLEUS; GOBP_PROTEIN_LOCALIZATION_TO_ORGANELLE; GOBP_PROTEIN_TRANSPORT; GOBP_REGULATION_OF_CATABOLIC_PROCESS; GOBP_REGULATION_OF_CELL_DIFFERENTIATION; GOBP_REGULATION_OF_MRNA_CATABOLIC_PROCESS; GOBP_REGULATION_OF_MRNA_METABOLIC_PROCESS; GOBP_REGULATION_OF_NEURON_DIFFERENTIATION; GOBP_REGULATION_OF_NUCLEAR_TRANSCRIBED_MRNA_POLY_A_TAIL_SHORTENING; GOBP_REGULATION_OF_PROTEIN_METABOLIC_PROCESS; GOBP_REGULATION_OF_RNA_STABILITY; GOBP_REGULATION_OF_TRANSLATION; GOBP_REGULATORY_NCRNA_MEDIATED_GENE_SILENCING; GOBP_RNA_DECAPPING; GOBP_TRANSLATION; GOCC_CYTOPLASMIC_RIBONUCLEOPROTEIN_GRANULE; GOCC_NUCLEAR_BODY; GOCC_NUCLEAR_RIBONUCLEOPROTEIN_GRANULE; GOCC_NUCLEAR_SPECK; GOCC_P_BODY; GOCC_PML_BODY; GOCC_RIBONUCLEOPROTEIN_GRANULE; GOCC_SUPRAMOLECULAR_COMPLEX; GOMF_KINASE_BINDING; GOMF_MOLECULAR_CARRIER_ACTIVITY; GOMF_MRNA_BINDING; GOMF_NUCLEAR_EXPORT_SIGNAL_RECEPTOR_ACTIVITY; GOMF_NUCLEOCYTOPLASMIC_CARRIER_ACTIVITY,NA,GOBP_INTRACELLULAR_PROTEIN_TRANSPORT; GOBP_INTRACELLULAR_TRANSPORT; GOBP_NUCLEAR_TRANSPORT; GOBP_PROTEIN_LOCALIZATION_TO_NUCLEUS; GOBP_PROTEIN_LOCALIZATION_TO_ORGANELLE; GOBP_PROTEIN_TRANSPORT; GOBP_REGULATORY_NCRNA_MEDIATED_GENE_SILENCING; GOMF_NUCLEAR_EXPORT_SIGNAL_RECEPTOR_ACTIVITY,NA
Pknox1,47,PKNOX1,FALSE,1.356,10,2,0,Gene expression regulation,Top group has >=2 more matching unique gs_names than second group,Gene expression regulation,Top group has >=2 more matching unique gs_names than second group,NA,FALSE,FALSE,Gene expression regulation,7,3,4,1,Gene expression regulation,NA,4,TRUE,Epigenetic regulators (gs_names=2); Gene expression regulation (gs_names=7); Immune (gs_names=2); Ion transport and metabolism (gs_names=3),0,0,2,7,2,3,0,0,0,1,4,1,1,0,NA,NA,CHROMATIN,DNA_BINDING_TRANSCRIPTION_FACTOR; PROMOTER_ENHANCER; RNA_POLYMERASE; TRANSCRIPTION,CYTOKINE,TRANSPORT,NA,NA,NA,GOBP_LYMPHOCYTE_DIFFERENTIATION; GOMF_CHROMATIN_BINDING,GOBP_POSITIVE_REGULATION_OF_TRANSCRIPTION_BY_RNA_POLYMERASE_II; GOCC_TRANSCRIPTION_REGULATOR_COMPLEX; GOMF_CIS_REGULATORY_REGION_SEQUENCE_SPECIFIC_DNA_BINDING; GOMF_DNA_BINDING_TRANSCRIPTION_FACTOR_ACTIVITY; GOMF_RNA_POLYMERASE_II_TRANSCRIPTION_REGULATORY_REGION_SEQUENCE_SPECIFIC_DNA_BINDING; GOMF_SEQUENCE_SPECIFIC_DNA_BINDING; GOMF_TRANSCRIPTION_REGULATOR_ACTIVITY,GOBP_LYMPHOCYTE_ACTIVATION; GOBP_T_CELL_ACTIVATION,GOBP_TUBE_DEVELOPMENT; GOBP_TUBE_MORPHOGENESIS; GOBP_VASCULATURE_DEVELOPMENT,NA
Spon1,48,SPON1,FALSE,2.499,10,1,0,Cell adhesion and cytoskeleton,Manual review annotation,For manual review,Top group margin < 2 or tie,Cell adhesion and cytoskeleton,TRUE,FALSE,Cell adhesion and cytoskeleton,2,1,1,1,Cell adhesion and cytoskeleton,NA,4,TRUE,Cell adhesion and cytoskeleton (gs_names=2); Gene expression regulation (gs_names=1); Ion transport and metabolism (gs_names=1); MAPK / Ras (gs_names=1),2,0,0,1,0,1,1,2,0,0,1,0,1,1,CELL_ADHESION; ECM_EXTRACELLULAR_MATRIX,NA,NA,TRANSLATION,NA,METABOLISM,RAS,GOBP_CELL_ADHESION; GOMF_EXTRACELLULAR_MATRIX_STRUCTURAL_CONSTITUENT,NA,NA,REACTOME_POST_TRANSLATIONAL_PROTEIN_MODIFICATION,NA,REACTOME_METABOLISM_OF_PROTEINS,HALLMARK_KRAS_SIGNALING_UP
Cacna2d3,49,CACNA2D3,FALSE,3.461,7,1,0,Ion transport and metabolism,Top group has >=2 more matching unique gs_names than second group,Ion transport and metabolism,Top group has >=2 more matching unique gs_names than second group,NA,FALSE,FALSE,Ion transport and metabolism,24,1,23,1,Ion transport and metabolism,NA,3,TRUE,Cell adhesion and cytoskeleton (gs_names=1); Ion transport and metabolism (gs_names=24); MAPK / Ras (gs_names=1),1,0,0,0,0,24,1,1,0,0,0,0,3,1,ECM_EXTRACELLULAR_MATRIX,NA,NA,NA,NA,CALCIUM; LIPID; TRANSPORT,GROWTH_FACTOR,GOBP_CELL_JUNCTION_ORGANIZATION,NA,NA,NA,NA,GOBP_CALCIUM_ION_TRANSMEMBRANE_TRANSPORT; GOBP_CALCIUM_ION_TRANSPORT; GOBP_METAL_ION_TRANSPORT; GOBP_MONOATOMIC_CATION_TRANSMEMBRANE_TRANSPORT; GOBP_MONOATOMIC_CATION_TRANSPORT; GOBP_MONOATOMIC_ION_TRANSMEMBRANE_TRANSPORT; GOBP_MONOATOMIC_ION_TRANSPORT; GOBP_TRANSMEMBRANE_TRANSPORT; GOCC_CALCIUM_CHANNEL_COMPLEX; GOCC_MONOATOMIC_ION_CHANNEL_COMPLEX; GOCC_TRANSPORTER_COMPLEX; GOCC_VOLTAGE_GATED_CALCIUM_CHANNEL_COMPLEX; GOMF_CALCIUM_ION_TRANSMEMBRANE_TRANSPORTER_ACTIVITY; GOMF_GATED_CHANNEL_ACTIVITY; GOMF_METAL_ION_TRANSMEMBRANE_TRANSPORTER_ACTIVITY; GOMF_MONOATOMIC_CATION_CHANNEL_ACTIVITY; GOMF_MONOATOMIC_CATION_TRANSMEMBRANE_TRANSPORTER_ACTIVITY; GOMF_MONOATOMIC_ION_TRANSMEMBRANE_TRANSPORTER_ACTIVITY; GOMF_PASSIVE_TRANSMEMBRANE_TRANSPORTER_ACTIVITY; GOMF_TRANSPORTER_ACTIVITY; GOMF_VOLTAGE_GATED_CALCIUM_CHANNEL_ACTIVITY; GOMF_VOLTAGE_GATED_CHANNEL_ACTIVITY; GOMF_VOLTAGE_GATED_MONOATOMIC_CATION_CHANNEL_ACTIVITY; REACTOME_PRESYNAPTIC_DEPOLARIZATION_AND_CALCIUM_CHANNEL_OPENING,GOBP_CELLULAR_RESPONSE_TO_INSULIN_LIKE_GROWTH_FACTOR_STIMULUS
Acvr1b,50,ACVR1B,FALSE,1.558,6,1,0,MAPK / Ras,Top group has >=2 more matching unique gs_names than second group,MAPK / Ras,Top group has >=2 more matching unique gs_names than second group,NA,FALSE,FALSE,MAPK / Ras,14,10,4,1,MAPK / Ras,NA,7,TRUE,Cell adhesion and cytoskeleton (gs_names=10); DNA damage and repair (gs_names=1); Epigenetic regulators (gs_names=1); Gene expression regulation (gs_names=5); Immune (gs_names=2); Ion transport and metabolism (gs_names=2); MAPK / Ras (gs_names=14),10,1,1,5,2,2,14,4,1,1,3,2,1,4,ACTIN; CELL_MIGRATION; ECM_EXTRACELLULAR_MATRIX; EPIDERMIS_KERATINIZATION_CORNIFIED,P53_PATHWAY,METHYL,PROMOTER_ENHANCER; RNA_POLYMERASE; TRANSCRIPTION,IMMUNE; INFLAMMATORY,METABOLISM,ACTIVIN; GROWTH_FACTOR; MAPK; PKC,GOBP_AMEBOIDAL_TYPE_CELL_MIGRATION; GOBP_CARDIAC_FIBROBLAST_CELL_DIFFERENTIATION; GOBP_CELL_MIGRATION; GOBP_EPIDERMIS_DEVELOPMENT; GOBP_HEART_DEVELOPMENT; GOBP_POSITIVE_REGULATION_OF_TROPHOBLAST_CELL_MIGRATION; GOBP_REGULATION_OF_TROPHOBLAST_CELL_MIGRATION; GOBP_SKIN_DEVELOPMENT; GOBP_SKIN_EPIDERMIS_DEVELOPMENT; GOBP_TROPHOBLAST_CELL_MIGRATION,HALLMARK_P53_PATHWAY,GOCC_TRANSFERASE_COMPLEX,GOBP_ACTIVIN_RECEPTOR_SIGNALING_PATHWAY; GOBP_CELL_SURFACE_RECEPTOR_PROTEIN_SERINE_THREONINE_KINASE_SIGNALING_PATHWAY; GOBP_ENZYME_LINKED_RECEPTOR_PROTEIN_SIGNALING_PATHWAY; GOBP_NODAL_SIGNALING_PATHWAY; GOBP_POSITIVE_REGULATION_OF_TRANSCRIPTION_BY_RNA_POLYMERASE_II,GOBP_REGULATION_OF_IMMUNE_SYSTEM_PROCESS; HALLMARK_INFLAMMATORY_RESPONSE,GOBP_POSITIVE_REGULATION_OF_COLLAGEN_METABOLIC_PROCESS; GOBP_REGULATION_OF_COLLAGEN_METABOLIC_PROCESS,GOBP_ACTIVIN_RECEPTOR_SIGNALING_PATHWAY; GOBP_NODAL_SIGNALING_PATHWAY; GOBP_POSITIVE_REGULATION_OF_ACTIVIN_RECEPTOR_SIGNALING_PATHWAY; GOBP_REGULATION_OF_ACTIVIN_RECEPTOR_SIGNALING_PATHWAY; GOBP_RESPONSE_TO_GROWTH_FACTOR; GOCC_ACTIVIN_RECEPTOR_COMPLEX; GOCC_PROTEIN_KINASE_COMPLEX; GOMF_ACTIVIN_BINDING; GOMF_ACTIVIN_RECEPTOR_ACTIVITY; GOMF_ACTIVIN_RECEPTOR_ACTIVITY_TYPE_I; GOMF_GROWTH_FACTOR_BINDING; GOMF_INHIBIN_BINDING; REACTOME_SIGNALING_BY_ACTIVIN; WP_MAPK_SIGNALING_PATHWAY
Egfr,51,EGFR,TRUE,3.768,5,3,1,MAPK / Ras,Top group has >=2 more matching unique gs_names than second group,MAPK / Ras,Top group has >=2 more matching unique gs_names than second group,NA,FALSE,FALSE,MAPK / Ras,424,48,376,1,MAPK / Ras,NA,7,TRUE,Cell adhesion and cytoskeleton (gs_names=27); DNA damage and repair (gs_names=4); Epigenetic regulators (gs_names=1); Gene expression regulation (gs_names=10); Immune (gs_names=4); Ion transport and metabolism (gs_names=48); MAPK / Ras (gs_names=424),27,4,1,10,4,48,424,8,2,1,5,2,7,5,ACTIN; APICAL_JUNCTION; CELL_ADHESION; CELL_MIGRATION; CYTOSKELETON; ECM_EXTRACELLULAR_MATRIX; EPIDERMIS_KERATINIZATION_CORNIFIED; INTEGRIN,DNA_DAMAGE_RESPONSE; DNA_REPAIR,CHROMATIN,PROMOTER_ENHANCER; RIBOSOME; RNA_POLYMERASE; TRANSCRIPTION; TRANSLATION,CYTOKINE; INFLAMMATORY,CALCIUM; GLYCOLYSIS; LIPID; METABOLISM; OXIDATIVE; TRANSPORT; XENOBIOTIC,EGFR; GROWTH_FACTOR; MAPK; PKC; RTK,GOBP_CELL_ADHESION; GOBP_CELL_CELL_ADHESION; GOBP_CELL_CELL_SIGNALING; GOBP_CELL_MIGRATION; GOBP_CELLULAR_RESPONSE_TO_ACID_CHEMICAL; GOBP_CEREBRAL_CORTEX_CELL_MIGRATION; GOBP_EPIDERMIS_DEVELOPMENT; GOBP_ERBB2_EGFR_SIGNALING_PATHWAY; GOBP_FOREBRAIN_CELL_MIGRATION; GOBP_HEART_DEVELOPMENT; GOBP_NEGATIVE_REGULATION_OF_CELL_COMMUNICATION; GOBP_PROLACTIN_SECRETION; GOBP_RESPONSE_TO_ACID_CHEMICAL; GOBP_RESPONSE_TO_EPIDERMAL_GROWTH_FACTOR; GOBP_SKIN_DEVELOPMENT; GOBP_SKIN_EPIDERMIS_DEVELOPMENT; GOCC_BASOLATERAL_PLASMA_MEMBRANE; GOCC_MICROTUBULE_CYTOSKELETON; GOCC_MICROTUBULE_ORGANIZING_CENTER; GOMF_ACTIN_BINDING; GOMF_ACTIN_FILAMENT_BINDING; GOMF_CELL_ADHESION_MOLECULE_BINDING; GOMF_CYTOSKELETAL_PROTEIN_BINDING; GOMF_INTEGRIN_BINDING; HALLMARK_APICAL_JUNCTION; WP_ALPHA_6_BETA_4_INTEGRIN_SIGNALING_PATHWAY; WP_REGULATION_OF_ACTIN_CYTOSKELETON,GOBP_DNA_DAMAGE_RESPONSE; GOBP_DNA_REPAIR; GOBP_POSITIVE_REGULATION_OF_DNA_REPAIR; GOBP_REGULATION_OF_DNA_REPAIR,GOMF_CHROMATIN_BINDING,GOBP_CANONICAL_WNT_SIGNALING_PATHWAY; GOBP_CELL_SURFACE_RECEPTOR_PROTEIN_TYROSINE_KINASE_SIGNALING_PATHWAY; GOBP_ENZYME_LINKED_RECEPTOR_PROTEIN_SIGNALING_PATHWAY; GOBP_ERBB_SIGNALING_PATHWAY; GOBP_ERBB2_SIGNALING_PATHWAY; GOBP_MIRNA_TRANSCRIPTION; GOBP_POSITIVE_REGULATION_OF_CANONICAL_WNT_SIGNALING_PATHWAY; GOBP_POSITIVE_REGULATION_OF_TRANSCRIPTION_BY_RNA_POLYMERASE_II; GOBP_REGULATION_OF_CANONICAL_WNT_SIGNALING_PATHWAY; GOBP_TRANSLATION,GOBP_ASTROCYTE_ACTIVATION; GOBP_GLIAL_CELL_ACTIVATION; GOBP_INFLAMMATORY_RESPONSE; GOBP_NEUROINFLAMMATORY_RESPONSE,GOBP_AMIDE_TRANSPORT; GOBP_BONE_REMODELING; GOBP_BONE_RESORPTION; GOBP_CELL_CELL_SIGNALING; GOBP_CELLULAR_RESPONSE_TO_LIPID; GOBP_DIGESTIVE_SYSTEM_DEVELOPMENT; GOBP_DNA_DAMAGE_RESPONSE; GOBP_DNA_REPAIR; GOBP_EXPORT_FROM_CELL; GOBP_HEPATICOBILIARY_SYSTEM_DEVELOPMENT; GOBP_HORMONE_TRANSPORT; GOBP_LOCALIZATION_WITHIN_MEMBRANE; GOBP_PEPTIDE_TRANSPORT; GOBP_POSITIVE_REGULATION_OF_TRANSPORT; GOBP_PROTEIN_LOCALIZATION_TO_CELL_PERIPHERY; GOBP_PROTEIN_LOCALIZATION_TO_EARLY_ENDOSOME; GOBP_PROTEIN_LOCALIZATION_TO_ENDOSOME; GOBP_PROTEIN_LOCALIZATION_TO_EXTRACELLULAR_REGION; GOBP_PROTEIN_LOCALIZATION_TO_MEMBRANE; GOBP_PROTEIN_LOCALIZATION_TO_ORGANELLE; GOBP_PROTEIN_LOCALIZATION_TO_PLASMA_MEMBRANE; GOBP_PROTEIN_TRANSPORT; GOBP_REACTIVE_OXYGEN_SPECIES_METABOLIC_PROCESS; GOBP_REGULATION_OF_CELLULAR_LOCALIZATION; GOBP_REGULATION_OF_PEPTIDE_TRANSPORT; GOBP_REGULATION_OF_PROTEIN_LOCALIZATION; GOBP_REGULATION_OF_SUPEROXIDE_METABOLIC_PROCESS; GOBP_REGULATION_OF_TRANSPORT; GOBP_RESPONSE_TO_CALCIUM_ION; GOBP_RESPONSE_TO_LIPID; GOBP_TUBE_DEVELOPMENT; GOBP_TUBE_MORPHOGENESIS; GOBP_XENOBIOTIC_TRANSPORT; GOCC_BOUNDING_MEMBRANE_OF_ORGANELLE; GOCC_CILIARY_BASAL_BODY; GOCC_EARLY_ENDOSOME_MEMBRANE; GOCC_ENDOSOME_MEMBRANE; GOCC_GOLGI_MEMBRANE; GOCC_MEMBRANE_MICRODOMAIN; GOCC_MOTILE_CILIUM; GOCC_NUCLEAR_ENVELOPE; GOCC_NUCLEAR_MEMBRANE; GOCC_ORGANELLE_ENVELOPE; GOCC_VESICLE_MEMBRANE; GOMF_CALMODULIN_BINDING; GOMF_HORMONE_BINDING; HALLMARK_GLYCOLYSIS; REACTOME_VESICLE_MEDIATED_TRANSPORT,GOBP_AMIDE_TRANSPORT; GOBP_ANIMAL_ORGAN_MORPHOGENESIS; GOBP_ANIMAL_ORGAN_REGENERATION; GOBP_ASTROCYTE_ACTIVATION; GOBP_ASTROCYTE_DEVELOPMENT; GOBP_ASTROCYTE_DIFFERENTIATION; GOBP_BEHAVIOR; GOBP_BODY_FLUID_SECRETION; GOBP_BONE_REMODELING; GOBP_BONE_RESORPTION; GOBP_CANONICAL_WNT_SIGNALING_PATHWAY; GOBP_CARDIOCYTE_DIFFERENTIATION; GOBP_CELL_ACTIVATION; GOBP_CELL_ADHESION; GOBP_CELL_CELL_ADHESION; GOBP_CELL_CELL_SIGNALING; GOBP_CELL_CYCLE; GOBP_CELL_CYCLE_G1_S_PHASE_TRANSITION; GOBP_CELL_CYCLE_PHASE_TRANSITION; GOBP_CELL_CYCLE_PROCESS; GOBP_CELL_GROWTH; GOBP_CELL_MIGRATION; GOBP_CELL_MORPHOGENESIS; GOBP_CELL_MOTILITY; GOBP_CELL_PROJECTION_MORPHOGENESIS; GOBP_CELL_PROJECTION_ORGANIZATION; GOBP_CELL_SURFACE_RECEPTOR_PROTEIN_TYROSINE_KINASE_SIGNALING_PATHWAY; GOBP_CELLULAR_RESPONSE_TO_ACID_CHEMICAL; GOBP_CELLULAR_RESPONSE_TO_ENDOGENOUS_STIMULUS; GOBP_CELLULAR_RESPONSE_TO_ESTRADIOL_STIMULUS; GOBP_CELLULAR_RESPONSE_TO_LIPID; GOBP_CELLULAR_RESPONSE_TO_OXYGEN_CONTAINING_COMPOUND; GOBP_CELLULAR_RESPONSE_TO_STRESS; GOBP_CENTRAL_NERVOUS_SYSTEM_DEVELOPMENT; GOBP_CEREBRAL_CORTEX_CELL_MIGRATION; GOBP_CEREBRAL_CORTEX_DEVELOPMENT; GOBP_CIRCULATORY_SYSTEM_DEVELOPMENT; GOBP_CIRCULATORY_SYSTEM_PROCESS; GOBP_COGNITION; GOBP_DIGESTIVE_SYSTEM_DEVELOPMENT; GOBP_DIGESTIVE_TRACT_MORPHOGENESIS; GOBP_DNA_DAMAGE_RESPONSE; GOBP_DNA_METABOLIC_PROCESS; GOBP_DNA_REPAIR; GOBP_DNA_REPLICATION; GOBP_EMBRYO_DEVELOPMENT; GOBP_EMBRYO_DEVELOPMENT_ENDING_IN_BIRTH_OR_EGG_HATCHING; GOBP_EMBRYONIC_ORGAN_DEVELOPMENT; GOBP_EMBRYONIC_PLACENTA_DEVELOPMENT; GOBP_ENZYME_LINKED_RECEPTOR_PROTEIN_SIGNALING_PATHWAY; GOBP_EPIDERMIS_DEVELOPMENT; GOBP_EPITHELIAL_CELL_PROLIFERATION; GOBP_EPITHELIUM_DEVELOPMENT; GOBP_ERBB_SIGNALING_PATHWAY; GOBP_ERBB2_EGFR_SIGNALING_PATHWAY; GOBP_ERBB2_SIGNALING_PATHWAY; GOBP_ERK1_AND_ERK2_CASCADE; GOBP_ESTABLISHMENT_OF_PROTEIN_LOCALIZATION; GOBP_EXOCRINE_SYSTEM_DEVELOPMENT; GOBP_EXPORT_FROM_CELL; GOBP_EYELID_DEVELOPMENT_IN_CAMERA_TYPE_EYE; GOBP_FIBROBLAST_PROLIFERATION; GOBP_FOREBRAIN_CELL_MIGRATION; GOBP_FOREBRAIN_DEVELOPMENT; GOBP_GENERATION_OF_NEURONS; GOBP_GLAND_DEVELOPMENT; GOBP_GLAND_MORPHOGENESIS; GOBP_GLIAL_CELL_ACTIVATION; GOBP_GLIAL_CELL_DEVELOPMENT; GOBP_GLIAL_CELL_DIFFERENTIATION; GOBP_GLIAL_CELL_PROLIFERATION; GOBP_GLIOGENESIS; GOBP_GROWTH; GOBP_HEAD_DEVELOPMENT; GOBP_HEART_DEVELOPMENT; GOBP_HEPATICOBILIARY_SYSTEM_DEVELOPMENT; GOBP_HORMONE_TRANSPORT; GOBP_IN_UTERO_EMBRYONIC_DEVELOPMENT; GOBP_INFLAMMATORY_RESPONSE; GOBP_INTRACELLULAR_SIGNALING_CASSETTE; GOBP_LIVER_REGENERATION; GOBP_LOCALIZATION_WITHIN_MEMBRANE; GOBP_LOCOMOTION; GOBP_MACROMOLECULE_CATABOLIC_PROCESS; GOBP_MAPK_CASCADE; GOBP_MIRNA_METABOLIC_PROCESS; GOBP_MIRNA_TRANSCRIPTION; GOBP_MITOTIC_CELL_CYCLE; GOBP_MITOTIC_CELL_CYCLE_PHASE_TRANSITION; GOBP_MOLTING_CYCLE; GOBP_MOLTING_CYCLE_PROCESS; GOBP_MORPHOGENESIS_OF_AN_EPITHELIAL_FOLD; GOBP_MORPHOGENESIS_OF_AN_EPITHELIUM; GOBP_MUCUS_SECRETION; GOBP_MULTICELLULAR_ORGANISMAL_LEVEL_HOMEOSTASIS; GOBP_MULTICELLULAR_ORGANISMAL_REPRODUCTIVE_PROCESS; GOBP_MUSCLE_CELL_PROLIFERATION; GOBP_NEGATIVE_REGULATION_OF_CARDIOCYTE_DIFFERENTIATION; GOBP_NEGATIVE_REGULATION_OF_CATABOLIC_PROCESS; GOBP_NEGATIVE_REGULATION_OF_CELL_COMMUNICATION; GOBP_NEGATIVE_REGULATION_OF_CELL_CYCLE; GOBP_NEGATIVE_REGULATION_OF_CELL_DIFFERENTIATION; GOBP_NEGATIVE_REGULATION_OF_DEVELOPMENTAL_PROCESS; GOBP_NEGATIVE_REGULATION_OF_ERBB_SIGNALING_PATHWAY; GOBP_NEGATIVE_REGULATION_OF_MITOTIC_CELL_CYCLE; GOBP_NEGATIVE_REGULATION_OF_MULTICELLULAR_ORGANISMAL_PROCESS; GOBP_NEGATIVE_REGULATION_OF_PROGRAMMED_CELL_DEATH; GOBP_NEGATIVE_REGULATION_OF_PROTEIN_CATABOLIC_PROCESS; GOBP_NEGATIVE_REGULATION_OF_PROTEIN_METABOLIC_PROCESS; GOBP_NEGATIVE_REGULATION_OF_RESPONSE_TO_STIMULUS; GOBP_NEUROINFLAMMATORY_RESPONSE; GOBP_NEURON_DEVELOPMENT; GOBP_OVULATION_CYCLE; GOBP_PALLIUM_DEVELOPMENT; GOBP_PEPTIDE_TRANSPORT; GOBP_PEPTIDYL_AMINO_ACID_MODIFICATION; GOBP_PEPTIDYL_SERINE_MODIFICATION; GOBP_PEPTIDYL_TYROSINE_MODIFICATION; GOBP_PHOSPHATIDYLINOSITOL_3_KINASE_PROTEIN_KINASE_B_SIGNAL_TRANSDUCTION; GOBP_PHOSPHORYLATION; GOBP_PLACENTA_DEVELOPMENT; GOBP_POSITIVE_REGULATION_OF_BONE_RESORPTION; GOBP_POSITIVE_REGULATION_OF_CANONICAL_WNT_SIGNALING_PATHWAY; GOBP_POSITIVE_REGULATION_OF_CELL_CYCLE; GOBP_POSITIVE_REGULATION_OF_CELL_CYCLE_G1_S_PHASE_TRANSITION; GOBP_POSITIVE_REGULATION_OF_CELL_CYCLE_PHASE_TRANSITION; GOBP_POSITIVE_REGULATION_OF_CELL_CYCLE_PROCESS; GOBP_POSITIVE_REGULATION_OF_CELL_DEVELOPMENT; GOBP_POSITIVE_REGULATION_OF_CELL_DIFFERENTIATION; GOBP_POSITIVE_REGULATION_OF_CELL_GROWTH; GOBP_POSITIVE_REGULATION_OF_CELL_POPULATION_PROLIFERATION; GOBP_POSITIVE_REGULATION_OF_DEVELOPMENTAL_PROCESS; GOBP_POSITIVE_REGULATION_OF_DNA_METABOLIC_PROCESS; GOBP_POSITIVE_REGULATION_OF_DNA_REPAIR; GOBP_POSITIVE_REGULATION_OF_DNA_REPLICATION; GOBP_POSITIVE_REGULATION_OF_EPITHELIAL_CELL_PROLIFERATION; GOBP_POSITIVE_REGULATION_OF_ERK1_AND_ERK2_CASCADE; GOBP_POSITIVE_REGULATION_OF_ESTABLISHMENT_OF_PROTEIN_LOCALIZATION; GOBP_POSITIVE_REGULATION_OF_FIBROBLAST_PROLIFERATION; GOBP_POSITIVE_REGULATION_OF_G1_S_TRANSITION_OF_MITOTIC_CELL_CYCLE; GOBP_POSITIVE_REGULATION_OF_GLIAL_CELL_PROLIFERATION; GOBP_POSITIVE_REGULATION_OF_GLIOGENESIS; GOBP_POSITIVE_REGULATION_OF_GROWTH; GOBP_POSITIVE_REGULATION_OF_HORMONE_SECRETION; GOBP_POSITIVE_REGULATION_OF_INTRACELLULAR_SIGNAL_TRANSDUCTION; GOBP_POSITIVE_REGULATION_OF_LOCOMOTION; GOBP_POSITIVE_REGULATION_OF_MAPK_CASCADE; GOBP_POSITIVE_REGULATION_OF_MIRNA_METABOLIC_PROCESS; GOBP_POSITIVE_REGULATION_OF_MITOTIC_CELL_CYCLE; GOBP_POSITIVE_REGULATION_OF_MITOTIC_CELL_CYCLE_PHASE_TRANSITION; GOBP_POSITIVE_REGULATION_OF_MUCUS_SECRETION; GOBP_POSITIVE_REGULATION_OF_MULTICELLULAR_ORGANISMAL_PROCESS; GOBP_POSITIVE_REGULATION_OF_NERVOUS_SYSTEM_DEVELOPMENT; GOBP_POSITIVE_REGULATION_OF_NEUROGENESIS; GOBP_POSITIVE_REGULATION_OF_PEPTIDE_SECRETION; GOBP_POSITIVE_REGULATION_OF_PEPTIDYL_SERINE_PHOSPHORYLATION; GOBP_POSITIVE_REGULATION_OF_PHOSPHATIDYLINOSITOL_3_KINASE_PROTEIN_KINASE_B_SIGNAL_TRANSDUCTION; GOBP_POSITIVE_REGULATION_OF_PHOSPHORUS_METABOLIC_PROCESS; GOBP_POSITIVE_REGULATION_OF_PHOSPHORYLATION; GOBP_POSITIVE_REGULATION_OF_PROTEIN_LOCALIZATION; GOBP_POSITIVE_REGULATION_OF_PROTEIN_LOCALIZATION_TO_CELL_PERIPHERY; GOBP_POSITIVE_REGULATION_OF_PROTEIN_LOCALIZATION_TO_EARLY_ENDOSOME; GOBP_POSITIVE_REGULATION_OF_PROTEIN_LOCALIZATION_TO_MEMBRANE; GOBP_POSITIVE_REGULATION_OF_PROTEIN_LOCALIZATION_TO_PLASMA_MEMBRANE; GOBP_POSITIVE_REGULATION_OF_PROTEIN_METABOLIC_PROCESS; GOBP_POSITIVE_REGULATION_OF_PROTEIN_MODIFICATION_PROCESS; GOBP_POSITIVE_REGULATION_OF_PROTEIN_SECRETION; GOBP_POSITIVE_REGULATION_OF_REACTIVE_OXYGEN_SPECIES_METABOLIC_PROCESS; GOBP_POSITIVE_REGULATION_OF_RNA_METABOLIC_PROCESS; GOBP_POSITIVE_REGULATION_OF_SECRETION; GOBP_POSITIVE_REGULATION_OF_SIGNAL_TRANSDUCTION; GOBP_POSITIVE_REGULATION_OF_SMOOTH_MUSCLE_CELL_PROLIFERATION; GOBP_POSITIVE_REGULATION_OF_SYNAPTIC_TRANSMISSION; GOBP_POSITIVE_REGULATION_OF_SYNAPTIC_TRANSMISSION_GLUTAMATERGIC; GOBP_POSITIVE_REGULATION_OF_TRANSCRIPTION_BY_RNA_POLYMERASE_II; GOBP_POSITIVE_REGULATION_OF_TRANSPORT; GOBP_POSITIVE_REGULATION_OF_VASOCONSTRICTION; GOBP_POSITIVE_REGULATION_OF_WNT_SIGNALING_PATHWAY; GOBP_PROLACTIN_SECRETION; GOBP_PROTEIN_AUTOPHOSPHORYLATION; GOBP_PROTEIN_CATABOLIC_PROCESS; GOBP_PROTEIN_KINASE_C_SIGNALING; GOBP_PROTEIN_LOCALIZATION_TO_CELL_PERIPHERY; GOBP_PROTEIN_LOCALIZATION_TO_EARLY_ENDOSOME; GOBP_PROTEIN_LOCALIZATION_TO_ENDOSOME; GOBP_PROTEIN_LOCALIZATION_TO_EXTRACELLULAR_REGION; GOBP_PROTEIN_LOCALIZATION_TO_MEMBRANE; GOBP_PROTEIN_LOCALIZATION_TO_ORGANELLE; GOBP_PROTEIN_LOCALIZATION_TO_PLASMA_MEMBRANE; GOBP_PROTEIN_TRANSPORT; GOBP_REACTIVE_OXYGEN_SPECIES_METABOLIC_PROCESS; GOBP_REGENERATION; GOBP_REGULATION_OF_ANATOMICAL_STRUCTURE_SIZE; GOBP_REGULATION_OF_BLOOD_CIRCULATION; GOBP_REGULATION_OF_BODY_FLUID_LEVELS; GOBP_REGULATION_OF_BONE_REMODELING; GOBP_REGULATION_OF_BONE_RESORPTION; GOBP_REGULATION_OF_CANONICAL_WNT_SIGNALING_PATHWAY; GOBP_REGULATION_OF_CARDIOCYTE_DIFFERENTIATION; GOBP_REGULATION_OF_CATABOLIC_PROCESS; GOBP_REGULATION_OF_CELL_CYCLE; GOBP_REGULATION_OF_CELL_CYCLE_G1_S_PHASE_TRANSITION; GOBP_REGULATION_OF_CELL_CYCLE_PHASE_TRANSITION; GOBP_REGULATION_OF_CELL_CYCLE_PROCESS; GOBP_REGULATION_OF_CELL_DEVELOPMENT; GOBP_REGULATION_OF_CELL_DIFFERENTIATION; GOBP_REGULATION_OF_CELL_GROWTH; GOBP_REGULATION_OF_CELL_POPULATION_PROLIFERATION; GOBP_REGULATION_OF_CELLULAR_LOCALIZATION; GOBP_REGULATION_OF_CELLULAR_RESPONSE_TO_STRESS; GOBP_REGULATION_OF_DNA_METABOLIC_PROCESS; GOBP_REGULATION_OF_DNA_REPAIR; GOBP_REGULATION_OF_DNA_REPLICATION; GOBP_REGULATION_OF_EPITHELIAL_CELL_PROLIFERATION; GOBP_REGULATION_OF_ERBB_SIGNALING_PATHWAY; GOBP_REGULATION_OF_ESTABLISHMENT_OF_PROTEIN_LOCALIZATION; GOBP_REGULATION_OF_GLIAL_CELL_PROLIFERATION; GOBP_REGULATION_OF_GLIOGENESIS; GOBP_REGULATION_OF_GROWTH; GOBP_REGULATION_OF_HORMONE_LEVELS; GOBP_REGULATION_OF_HORMONE_SECRETION; GOBP_REGULATION_OF_LOCOMOTION; GOBP_REGULATION_OF_MIRNA_METABOLIC_PROCESS; GOBP_REGULATION_OF_MITOTIC_CELL_CYCLE; GOBP_REGULATION_OF_MITOTIC_CELL_CYCLE_PHASE_TRANSITION; GOBP_REGULATION_OF_MUCUS_SECRETION; GOBP_REGULATION_OF_MULTICELLULAR_ORGANISMAL_DEVELOPMENT; GOBP_REGULATION_OF_NERVOUS_SYSTEM_DEVELOPMENT; GOBP_REGULATION_OF_NEUROGENESIS; GOBP_REGULATION_OF_PEPTIDE_TRANSPORT; GOBP_REGULATION_OF_PEPTIDYL_SERINE_PHOSPHORYLATION; GOBP_REGULATION_OF_PEPTIDYL_TYROSINE_PHOSPHORYLATION; GOBP_REGULATION_OF_PHOSPHORUS_METABOLIC_PROCESS; GOBP_REGULATION_OF_PHOSPHORYLATION; GOBP_REGULATION_OF_PROGRAMMED_CELL_DEATH; GOBP_REGULATION_OF_PROTEIN_CATABOLIC_PROCESS; GOBP_REGULATION_OF_PROTEIN_KINASE_C_SIGNALING; GOBP_REGULATION_OF_PROTEIN_LOCALIZATION; GOBP_REGULATION_OF_PROTEIN_LOCALIZATION_TO_CELL_PERIPHERY; GOBP_REGULATION_OF_PROTEIN_LOCALIZATION_TO_ENDOSOME; GOBP_REGULATION_OF_PROTEIN_LOCALIZATION_TO_MEMBRANE; GOBP_REGULATION_OF_PROTEIN_LOCALIZATION_TO_PLASMA_MEMBRANE; GOBP_REGULATION_OF_PROTEIN_METABOLIC_PROCESS; GOBP_REGULATION_OF_PROTEIN_MODIFICATION_PROCESS; GOBP_REGULATION_OF_PROTEIN_SECRETION; GOBP_REGULATION_OF_REACTIVE_OXYGEN_SPECIES_METABOLIC_PROCESS; GOBP_REGULATION_OF_RESPONSE_TO_STRESS; GOBP_REGULATION_OF_SECRETION; GOBP_REGULATION_OF_SUPEROXIDE_ANION_GENERATION; GOBP_REGULATION_OF_SUPEROXIDE_METABOLIC_PROCESS; GOBP_REGULATION_OF_SYNAPTIC_TRANSMISSION_GLUTAMATERGIC; GOBP_REGULATION_OF_SYSTEM_PROCESS; GOBP_REGULATION_OF_TISSUE_REMODELING; GOBP_REGULATION_OF_TRANS_SYNAPTIC_SIGNALING; GOBP_REGULATION_OF_TRANSPORT; GOBP_REGULATION_OF_TUBE_SIZE; GOBP_REGULATION_OF_VASOCONSTRICTION; GOBP_REGULATION_OF_WNT_SIGNALING_PATHWAY; GOBP_REPRODUCTIVE_PROCESS; GOBP_RESPONSE_TO_ABIOTIC_STIMULUS; GOBP_RESPONSE_TO_ACID_CHEMICAL; GOBP_RESPONSE_TO_CALCIUM_ION; GOBP_RESPONSE_TO_ENDOGENOUS_STIMULUS; GOBP_RESPONSE_TO_EPIDERMAL_GROWTH_FACTOR; GOBP_RESPONSE_TO_ESTRADIOL; GOBP_RESPONSE_TO_GROWTH_FACTOR; GOBP_RESPONSE_TO_LIGHT_STIMULUS; GOBP_RESPONSE_TO_LIPID; GOBP_RESPONSE_TO_METAL_ION; GOBP_RESPONSE_TO_RADIATION; GOBP_RESPONSE_TO_UV; GOBP_RESPONSE_TO_UV_A; GOBP_RHYTHMIC_PROCESS; GOBP_SALIVARY_GLAND_DEVELOPMENT; GOBP_SECRETION; GOBP_SECRETION_BY_TISSUE; GOBP_SENSORY_ORGAN_DEVELOPMENT; GOBP_SENSORY_SYSTEM_DEVELOPMENT; GOBP_SIGNAL_RELEASE; GOBP_SKIN_DEVELOPMENT; GOBP_SKIN_EPIDERMIS_DEVELOPMENT; GOBP_SMOOTH_MUSCLE_CELL_PROLIFERATION; GOBP_SUPEROXIDE_ANION_GENERATION; GOBP_SUPEROXIDE_METABOLIC_PROCESS; GOBP_SYNAPTIC_SIGNALING; GOBP_SYNAPTIC_TRANSMISSION_GLUTAMATERGIC; GOBP_TELENCEPHALON_DEVELOPMENT; GOBP_TISSUE_HOMEOSTASIS; GOBP_TISSUE_MORPHOGENESIS; GOBP_TISSUE_REMODELING; GOBP_TRANSLATION; GOBP_TUBE_DEVELOPMENT; GOBP_TUBE_MORPHOGENESIS; GOBP_VASCULAR_PROCESS_IN_CIRCULATORY_SYSTEM; GOBP_VASOCONSTRICTION; GOBP_VASODILATION; GOBP_WNT_SIGNALING_PATHWAY; GOBP_XENOBIOTIC_TRANSPORT; GOCC_9PLUS2_MOTILE_CILIUM; GOCC_APICAL_PART_OF_CELL; GOCC_APICAL_PLASMA_MEMBRANE; GOCC_BASAL_PART_OF_CELL; GOCC_BASOLATERAL_PLASMA_MEMBRANE; GOCC_BOUNDING_MEMBRANE_OF_ORGANELLE; GOCC_CELL_LEADING_EDGE; GOCC_CELL_PROJECTION_MEMBRANE; GOCC_CELL_SURFACE; GOCC_CILIARY_BASAL_BODY; GOCC_CILIUM; GOCC_EARLY_ENDOSOME; GOCC_EARLY_ENDOSOME_MEMBRANE; GOCC_ENDOCYTIC_VESICLE; GOCC_ENDOSOME; GOCC_ENDOSOME_MEMBRANE; GOCC_GLUTAMATERGIC_SYNAPSE; GOCC_GOLGI_APPARATUS; GOCC_GOLGI_MEMBRANE; GOCC_LATE_ENDOSOME; GOCC_LEADING_EDGE_MEMBRANE; GOCC_MEMBRANE_MICRODOMAIN; GOCC_MICROTUBULE_CYTOSKELETON; GOCC_MICROTUBULE_ORGANIZING_CENTER; GOCC_MOTILE_CILIUM; GOCC_MULTIVESICULAR_BODY; GOCC_MULTIVESICULAR_BODY_INTERNAL_VESICLE; GOCC_NUCLEAR_ENVELOPE; GOCC_NUCLEAR_MEMBRANE; GOCC_NUCLEAR_OUTER_MEMBRANE_ENDOPLASMIC_RETICULUM_MEMBRANE_NETWORK; GOCC_ORGANELLE_ENVELOPE; GOCC_ORGANELLE_SUBCOMPARTMENT; GOCC_PERINUCLEAR_REGION_OF_CYTOPLASM; GOCC_PLASMA_MEMBRANE_REGION; GOCC_RECEPTOR_COMPLEX; GOCC_RUFFLE; GOCC_RUFFLE_MEMBRANE; GOCC_SPERM_END_PIECE; GOCC_SPERM_MIDPIECE; GOCC_SPERM_PRINCIPAL_PIECE; GOCC_SYNAPTIC_MEMBRANE; GOCC_VESICLE_LUMEN; GOCC_VESICLE_MEMBRANE; GOMF_ACTIN_BINDING; GOMF_ACTIN_FILAMENT_BINDING; GOMF_ADENYL_NUCLEOTIDE_BINDING; GOMF_CALMODULIN_BINDING; GOMF_CELL_ADHESION_MOLECULE_BINDING; GOMF_CHROMATIN_BINDING; GOMF_CYTOSKELETAL_PROTEIN_BINDING; GOMF_ENZYME_ACTIVATOR_ACTIVITY; GOMF_ENZYME_REGULATOR_ACTIVITY; GOMF_GROWTH_FACTOR_BINDING; GOMF_HORMONE_BINDING; GOMF_INTEGRIN_BINDING; GOMF_KINASE_ACTIVATOR_ACTIVITY; GOMF_KINASE_ACTIVITY; GOMF_KINASE_BINDING; GOMF_KINASE_REGULATOR_ACTIVITY; GOMF_MOLECULAR_FUNCTION_ACTIVATOR_ACTIVITY; GOMF_PHOSPHATASE_BINDING; GOMF_PROTEIN_CONTAINING_COMPLEX_BINDING; GOMF_PROTEIN_KINASE_ACTIVITY; GOMF_PROTEIN_PHOSPHATASE_BINDING; GOMF_PROTEIN_TYROSINE_KINASE_ACTIVATOR_ACTIVITY; GOMF_PROTEIN_TYROSINE_KINASE_ACTIVITY; GOMF_RIBONUCLEOTIDE_BINDING; GOMF_SIGNALING_RECEPTOR_BINDING; GOMF_TRANSFERASE_ACTIVITY_TRANSFERRING_PHOSPHORUS_CONTAINING_GROUPS; GOMF_TRANSMEMBRANE_RECEPTOR_PROTEIN_KINASE_ACTIVITY; GOMF_TRANSMEMBRANE_RECEPTOR_PROTEIN_TYROSINE_KINASE_ACTIVITY; GOMF_UBIQUITIN_LIKE_PROTEIN_LIGASE_BINDING; HALLMARK_ALLOGRAFT_REJECTION; HALLMARK_APICAL_JUNCTION; HALLMARK_GLYCOLYSIS; HALLMARK_HYPOXIA; HALLMARK_PI3K_AKT_MTOR_SIGNALING; HALLMARK_PROTEIN_SECRETION; REACTOME_CARGO_RECOGNITION_FOR_CLATHRIN_MEDIATED_ENDOCYTOSIS; REACTOME_CLATHRIN_MEDIATED_ENDOCYTOSIS; REACTOME_DEVELOPMENTAL_BIOLOGY; REACTOME_DOWNREGULATION_OF_ERBB2_SIGNALING; REACTOME_EGFR_DOWNREGULATION; REACTOME_EGFR_INTERACTS_WITH_PHOSPHOLIPASE_C_GAMMA; REACTOME_EGFR_TRANSACTIVATION_BY_GASTRIN; REACTOME_ERBB2_ACTIVATES_PTK6_SIGNALING; REACTOME_ERBB2_REGULATES_CELL_MOTILITY; REACTOME_ESR_MEDIATED_SIGNALING; REACTOME_EXTRA_NUCLEAR_ESTROGEN_SIGNALING; REACTOME_G_ALPHA_Q_SIGNALLING_EVENTS; REACTOME_GAB1_SIGNALOSOME; REACTOME_GASTRIN_CREB_SIGNALLING_PATHWAY_VIA_PKC_AND_MAPK; REACTOME_INTRACELLULAR_SIGNALING_BY_SECOND_MESSENGERS; REACTOME_L1CAM_INTERACTIONS; REACTOME_MAPK_FAMILY_SIGNALING_CASCADES; REACTOME_MEMBRANE_TRAFFICKING; REACTOME_NEGATIVE_REGULATION_OF_THE_PI3K_AKT_NETWORK; REACTOME_NERVOUS_SYSTEM_DEVELOPMENT; REACTOME_PI3K_EVENTS_IN_ERBB2_SIGNALING; REACTOME_PTK6_PROMOTES_HIF1A_STABILIZATION; REACTOME_SHC1_EVENTS_IN_EGFR_SIGNALING; REACTOME_SHC1_EVENTS_IN_ERBB2_SIGNALING; REACTOME_SIGNAL_TRANSDUCTION_BY_L1; REACTOME_SIGNALING_BY_EGFR; REACTOME_SIGNALING_BY_ERBB2; REACTOME_SIGNALING_BY_ERBB4; REACTOME_SIGNALING_BY_GPCR; REACTOME_SIGNALING_BY_NOTCH; REACTOME_SIGNALING_BY_NOTCH3; REACTOME_SIGNALING_BY_NUCLEAR_RECEPTORS; REACTOME_SIGNALING_BY_PTK6; REACTOME_SIGNALING_BY_RECEPTOR_TYROSINE_KINASES; REACTOME_VESICLE_MEDIATED_TRANSPORT; WP_ALPHA_6_BETA_4_INTEGRIN_SIGNALING_PATHWAY; WP_ANDROGEN_RECEPTOR_SIGNALING_PATHWAY; WP_BMP_SIGNALING_PATHWAY_IN_EYELID_DEVELOPMENT; WP_COMPREHENSIVE_IL17A_SIGNALING; WP_DELTANOTCH_SIGNALING_PATHWAY; WP_EGFR1_SIGNALING_PATHWAY; WP_ERBB_SIGNALING_PATHWAY; WP_ESC_PLURIPOTENCY_PATHWAYS; WP_FOCAL_ADHESION; WP_FOCAL_ADHESION_PI3KAKTMTOR_SIGNALING_PATHWAY; WP_MAPK_SIGNALING_PATHWAY; WP_NAKATPASESRC_SIGNALING; WP_REGULATION_OF_ACTIN_CYTOSKELETON
Exoc6b,52,EXOC6B,FALSE,2.538,5,2,0,Other,Manual review annotation,Ion transport and metabolism,Top group has >=2 more matching unique gs_names than second group,Other,TRUE,FALSE,Ion transport and metabolism,16,3,13,1,Ion transport and metabolism,NA,3,TRUE,Cell adhesion and cytoskeleton (gs_names=3); Immune (gs_names=3); Ion transport and metabolism (gs_names=16),3,0,0,0,3,16,0,2,0,0,0,1,2,0,ACTIN; CYTOSKELETON,NA,NA,NA,CYTOKINE,LIPID; TRANSPORT,NA,GOBP_CYTOSKELETON_DEPENDENT_CYTOKINESIS; GOBP_VESICLE_TARGETING; GOCC_CELL_CORTEX,NA,NA,NA,GOBP_CYTOKINESIS; GOBP_CYTOSKELETON_DEPENDENT_CYTOKINESIS; GOBP_MITOTIC_CYTOKINESIS,GOBP_EXPORT_FROM_CELL; GOBP_GOLGI_TO_PLASMA_MEMBRANE_TRANSPORT; GOBP_GOLGI_VESICLE_TRANSPORT; GOBP_INTRACELLULAR_PROTEIN_TRANSPORT; GOBP_INTRACELLULAR_TRANSPORT; GOBP_LOCALIZATION_WITHIN_MEMBRANE; GOBP_MEMBRANE_ORGANIZATION; GOBP_ORGANELLE_LOCALIZATION; GOBP_POST_GOLGI_VESICLE_MEDIATED_TRANSPORT; GOBP_PROTEIN_TRANSPORT; GOBP_VESICLE_DOCKING; GOBP_VESICLE_LOCALIZATION; GOBP_VESICLE_MEDIATED_TRANSPORT; GOBP_VESICLE_MEDIATED_TRANSPORT_TO_THE_PLASMA_MEMBRANE; GOBP_VESICLE_TETHERING; GOBP_VESICLE_TETHERING_INVOLVED_IN_EXOCYTOSIS,NA
Zfp984,53,ZNF415;ZNF616,FALSE,1.654,5,1,0,Gene expression regulation,Top group has >=2 more matching unique gs_names than second group,Gene expression regulation,Top group has >=2 more matching unique gs_names than second group,NA,FALSE,FALSE,Gene expression regulation,7,1,6,1,Gene expression regulation,NA,2,TRUE,Epigenetic regulators (gs_names=1); Gene expression regulation (gs_names=7),0,0,1,7,0,0,0,0,0,1,4,0,0,0,NA,NA,EPIGENETIC,DNA_BINDING_TRANSCRIPTION_FACTOR; PROMOTER_ENHANCER; RNA_POLYMERASE; TRANSCRIPTION,NA,NA,NA,NA,NA,REACTOME_EPIGENETIC_REGULATION_OF_GENE_EXPRESSION,GOMF_CIS_REGULATORY_REGION_SEQUENCE_SPECIFIC_DNA_BINDING; GOMF_DNA_BINDING_TRANSCRIPTION_FACTOR_ACTIVITY; GOMF_RNA_POLYMERASE_II_TRANSCRIPTION_REGULATORY_REGION_SEQUENCE_SPECIFIC_DNA_BINDING; GOMF_SEQUENCE_SPECIFIC_DNA_BINDING; GOMF_TRANSCRIPTION_REGULATOR_ACTIVITY; REACTOME_GENE_EXPRESSION_TRANSCRIPTION; REACTOME_GENERIC_TRANSCRIPTION_PATHWAY,NA,NA,NA
Snx25,54,SNX25,FALSE,3.051,5,1,0,Other,Manual review annotation,For manual review,Top group margin < 2 or tie,Other,TRUE,FALSE,MAPK / Ras,8,7,1,1,MAPK / Ras,NA,5,TRUE,Cell adhesion and cytoskeleton (gs_names=1); Gene expression regulation (gs_names=3); Immune (gs_names=1); Ion transport and metabolism (gs_names=7); MAPK / Ras (gs_names=8),1,0,0,3,1,7,8,1,0,0,1,1,2,1,ECM_EXTRACELLULAR_MATRIX,NA,NA,TRANSCRIPTION,CYTOKINE,LIPID; TRANSPORT,GROWTH_FACTOR,GOBP_NEGATIVE_REGULATION_OF_CELL_COMMUNICATION,NA,NA,GOBP_CELL_SURFACE_RECEPTOR_PROTEIN_SERINE_THREONINE_KINASE_SIGNALING_PATHWAY; GOBP_ENZYME_LINKED_RECEPTOR_PROTEIN_SIGNALING_PATHWAY; GOBP_TRANSFORMING_GROWTH_FACTOR_BETA_RECEPTOR_SIGNALING_PATHWAY,GOMF_CYTOKINE_RECEPTOR_BINDING,GOBP_PROTEIN_TRANSPORT; GOCC_BOUNDING_MEMBRANE_OF_ORGANELLE; GOCC_ENDOSOME_MEMBRANE; GOCC_VESICLE_MEMBRANE; GOMF_LIPID_BINDING; GOMF_PHOSPHATIDYLINOSITOL_BINDING; GOMF_PHOSPHOLIPID_BINDING,GOBP_NEGATIVE_REGULATION_OF_TRANSFORMING_GROWTH_FACTOR_BETA_RECEPTOR_SIGNALING_PATHWAY; GOBP_REGULATION_OF_CELLULAR_RESPONSE_TO_GROWTH_FACTOR_STIMULUS; GOBP_REGULATION_OF_CELLULAR_RESPONSE_TO_TRANSFORMING_GROWTH_FACTOR_BETA_STIMULUS; GOBP_RESPONSE_TO_GROWTH_FACTOR; GOBP_RESPONSE_TO_TRANSFORMING_GROWTH_FACTOR_BETA; GOBP_TRANSFORMING_GROWTH_FACTOR_BETA_RECEPTOR_SIGNALING_PATHWAY; GOMF_TRANSFORMING_GROWTH_FACTOR_BETA_RECEPTOR_BINDING; GOMF_TYPE_I_TRANSFORMING_GROWTH_FACTOR_BETA_RECEPTOR_BINDING
Filip1l,55,FILIP1L,FALSE,3.411,4,2,0,Ion transport and metabolism,Top group has >=2 more matching unique gs_names than second group,Ion transport and metabolism,Top group has >=2 more matching unique gs_names than second group,NA,FALSE,FALSE,Ion transport and metabolism,8,5,3,1,Ion transport and metabolism,NA,2,TRUE,Cell adhesion and cytoskeleton (gs_names=5); Ion transport and metabolism (gs_names=8),5,0,0,0,0,8,0,2,0,0,0,0,2,0,ACTIN; CYTOSKELETON,NA,NA,NA,NA,METABOLISM; TRANSPORT,NA,GOBP_PROTEIN_LOCALIZATION_TO_ACTIN_CYTOSKELETON; GOBP_PROTEIN_LOCALIZATION_TO_CYTOSKELETON; GOCC_ACTIN_CYTOSKELETON; GOCC_MICROTUBULE_CYTOSKELETON; GOCC_MICROTUBULE_ORGANIZING_CENTER,NA,NA,NA,NA,GOBP_DIGESTIVE_SYSTEM_DEVELOPMENT; GOBP_EXPORT_FROM_CELL; GOBP_PROTEIN_LOCALIZATION_TO_ACTIN_CYTOSKELETON; GOBP_PROTEIN_LOCALIZATION_TO_CYTOSKELETON; GOBP_PROTEIN_LOCALIZATION_TO_EXTRACELLULAR_REGION; GOBP_PROTEIN_LOCALIZATION_TO_ORGANELLE; GOBP_PROTEIN_TRANSPORT; GOBP_TUBE_DEVELOPMENT,NA
Nmi,56,NMI,FALSE,0.975,4,1,1,Immune,Top group has >=2 more matching unique gs_names than second group,Immune,Top group has >=2 more matching unique gs_names than second group,NA,FALSE,FALSE,Immune,36,3,33,1,Immune,NA,3,TRUE,Cell adhesion and cytoskeleton (gs_names=1); Gene expression regulation (gs_names=3); Immune (gs_names=36),1,0,0,3,36,0,0,1,0,0,2,5,0,0,ECM_EXTRACELLULAR_MATRIX,NA,NA,RIBOSOME; TRANSLATION,CYTOKINE; IMMUNE; INFLAMMATORY; INTERFERON; NF_KAPPAB,NA,NA,GOBP_NEGATIVE_REGULATION_OF_CELL_COMMUNICATION,NA,NA,GOBP_POSITIVE_REGULATION_OF_POST_TRANSLATIONAL_PROTEIN_MODIFICATION; GOBP_POST_TRANSLATIONAL_PROTEIN_MODIFICATION; GOBP_REGULATION_OF_POST_TRANSLATIONAL_PROTEIN_MODIFICATION,GOBP_ACTIVATION_OF_IMMUNE_RESPONSE; GOBP_ACTIVATION_OF_INNATE_IMMUNE_RESPONSE; GOBP_CELL_ACTIVATION_INVOLVED_IN_IMMUNE_RESPONSE; GOBP_CYTOKINE_PRODUCTION; GOBP_IMMUNE_EFFECTOR_PROCESS; GOBP_IMMUNE_RESPONSE_REGULATING_CELL_SURFACE_RECEPTOR_SIGNALING_PATHWAY; GOBP_IMMUNE_RESPONSE_REGULATING_SIGNALING_PATHWAY; GOBP_INFLAMMATORY_RESPONSE; GOBP_INNATE_IMMUNE_RESPONSE_ACTIVATING_CELL_SURFACE_RECEPTOR_SIGNALING_PATHWAY; GOBP_INTERFERON_ALPHA_PRODUCTION; GOBP_INTERFERON_BETA_PRODUCTION; GOBP_MACROPHAGE_ACTIVATION; GOBP_MACROPHAGE_ACTIVATION_INVOLVED_IN_IMMUNE_RESPONSE; GOBP_MYELOID_CELL_ACTIVATION_INVOLVED_IN_IMMUNE_RESPONSE; GOBP_NEGATIVE_REGULATION_OF_CYTOKINE_PRODUCTION; GOBP_NEGATIVE_REGULATION_OF_IMMUNE_RESPONSE; GOBP_NEGATIVE_REGULATION_OF_IMMUNE_SYSTEM_PROCESS; GOBP_NEGATIVE_REGULATION_OF_INNATE_IMMUNE_RESPONSE; GOBP_NEGATIVE_REGULATION_OF_INTERFERON_ALPHA_PRODUCTION; GOBP_NEGATIVE_REGULATION_OF_INTERFERON_BETA_PRODUCTION; GOBP_NEGATIVE_REGULATION_OF_NON_CANONICAL_NF_KAPPAB_SIGNAL_TRANSDUCTION; GOBP_NEGATIVE_REGULATION_OF_TYPE_I_INTERFERON_PRODUCTION; GOBP_NON_CANONICAL_NF_KAPPAB_SIGNAL_TRANSDUCTION; GOBP_POSITIVE_REGULATION_OF_IMMUNE_RESPONSE; GOBP_POSITIVE_REGULATION_OF_IMMUNE_SYSTEM_PROCESS; GOBP_POSITIVE_REGULATION_OF_INFLAMMATORY_RESPONSE; GOBP_POSITIVE_REGULATION_OF_NON_CANONICAL_NF_KAPPAB_SIGNAL_TRANSDUCTION; GOBP_REGULATION_OF_IMMUNE_RESPONSE; GOBP_REGULATION_OF_IMMUNE_SYSTEM_PROCESS; GOBP_REGULATION_OF_INFLAMMATORY_RESPONSE; GOBP_REGULATION_OF_INNATE_IMMUNE_RESPONSE; GOBP_REGULATION_OF_NON_CANONICAL_NF_KAPPAB_SIGNAL_TRANSDUCTION; GOBP_TYPE_I_INTERFERON_PRODUCTION; HALLMARK_INFLAMMATORY_RESPONSE; HALLMARK_INTERFERON_ALPHA_RESPONSE; HALLMARK_INTERFERON_GAMMA_RESPONSE,NA,NA
Slit3,57,SLIT3,FALSE,4.747,3,3,0,Other,Manual review annotation,For manual review,Top group margin < 2 or tie,Other,TRUE,FALSE,Immune,5,4,1,1,Immune,NA,4,TRUE,Cell adhesion and cytoskeleton (gs_names=3); Gene expression regulation (gs_names=2); Immune (gs_names=5); Ion transport and metabolism (gs_names=4),3,0,0,2,5,4,0,2,0,0,1,2,3,0,ACTIN; ECM_EXTRACELLULAR_MATRIX,NA,NA,TRANSCRIPTION,CYTOKINE; IMMUNE,CALCIUM; LIPID; METABOLISM,NA,GOBP_HEART_DEVELOPMENT; GOBP_HEART_MORPHOGENESIS; GOBP_NEGATIVE_REGULATION_OF_CELL_COMMUNICATION,NA,NA,GOBP_CYTOKINE_MEDIATED_SIGNALING_PATHWAY; GOBP_ROUNDABOUT_SIGNALING_PATHWAY,GOBP_CYTOKINE_MEDIATED_SIGNALING_PATHWAY; GOBP_NEGATIVE_REGULATION_OF_RESPONSE_TO_CYTOKINE_STIMULUS; GOBP_REGULATION_OF_RESPONSE_TO_CYTOKINE_STIMULUS; GOBP_RESPONSE_TO_CORTICOSTEROID; GOBP_RESPONSE_TO_CORTISOL,GOBP_RESPONSE_TO_CORTICOSTEROID; GOBP_RESPONSE_TO_CORTISOL; GOBP_RESPONSE_TO_LIPID; GOMF_CALCIUM_ION_BINDING,NA
Nrsn1,58,NRSN1,FALSE,0.596,3,1,1,Other,Manual review annotation,For manual review,Top group margin < 2 or tie,Other,TRUE,FALSE,Ion transport and metabolism,1,0,1,1,Ion transport and metabolism,NA,1,FALSE,Ion transport and metabolism (gs_names=1),0,0,0,0,0,1,0,0,0,0,0,0,1,0,NA,NA,NA,NA,NA,TRANSPORT,NA,NA,NA,NA,NA,NA,GOCC_TRANSPORT_VESICLE,NA
Nav3,59,NAV3,FALSE,7.291,3,1,0,Cell adhesion and cytoskeleton,Top group has >=2 more matching unique gs_names than second group,Cell adhesion and cytoskeleton,Top group has >=2 more matching unique gs_names than second group,NA,FALSE,FALSE,Cell adhesion and cytoskeleton,13,7,6,1,Cell adhesion and cytoskeleton,NA,4,TRUE,Cell adhesion and cytoskeleton (gs_names=13); Gene expression regulation (gs_names=1); Immune (gs_names=2); Ion transport and metabolism (gs_names=7),13,0,0,1,2,7,0,3,0,0,1,1,2,0,ACTIN; CELL_MIGRATION; CYTOSKELETON,NA,NA,RIBOSOME,CYTOKINE,LIPID; TRANSPORT,NA,GOBP_CELL_MIGRATION; GOBP_CYTOSKELETON_ORGANIZATION; GOBP_MICROTUBULE_BASED_PROCESS; GOBP_MICROTUBULE_CYTOSKELETON_ORGANIZATION; GOBP_NEGATIVE_REGULATION_OF_CYTOSKELETON_ORGANIZATION; GOBP_POSITIVE_REGULATION_OF_CYTOSKELETON_ORGANIZATION; GOBP_REGULATION_OF_CYTOSKELETON_ORGANIZATION; GOBP_REGULATION_OF_MICROTUBULE_BASED_PROCESS; GOBP_REGULATION_OF_MICROTUBULE_CYTOSKELETON_ORGANIZATION; GOCC_MICROTUBULE_CYTOSKELETON; GOCC_POLYMERIC_CYTOSKELETAL_FIBER; GOMF_CYTOSKELETAL_PROTEIN_BINDING; GOMF_HYDROLASE_ACTIVITY_ACTING_ON_ACID_ANHYDRIDES,NA,NA,GOCC_NUCLEAR_OUTER_MEMBRANE,GOBP_CYTOKINE_PRODUCTION; GOBP_NEGATIVE_REGULATION_OF_CYTOKINE_PRODUCTION,GOCC_BOUNDING_MEMBRANE_OF_ORGANELLE; GOCC_NUCLEAR_ENVELOPE; GOCC_NUCLEAR_MEMBRANE; GOCC_NUCLEAR_OUTER_MEMBRANE; GOCC_ORGANELLE_ENVELOPE; GOMF_ATP_DEPENDENT_ACTIVITY; GOMF_ATP_HYDROLYSIS_ACTIVITY,NA
H2bc14,60,H2BC5,FALSE,0.381,2,2,0,Epigenetic regulators,Manual review annotation,For manual review,Top group margin < 2 or tie,Epigenetic regulators,TRUE,FALSE,Epigenetic regulators,6,6,0,2,Epigenetic regulators; Immune,NA,2,TRUE,Epigenetic regulators (gs_names=6); Immune (gs_names=6),0,0,6,0,6,0,0,0,0,3,0,1,0,0,NA,NA,CHROMATIN; HAT_HDAC; HISTONE,NA,IMMUNE,NA,NA,NA,NA,GOBP_CHROMATIN_ORGANIZATION; GOCC_CHROMATIN; GOCC_CHROMOSOME; GOMF_STRUCTURAL_CONSTITUENT_OF_CHROMATIN; REACTOME_CHROMATIN_ORGANIZATION; REACTOME_HATS_ACETYLATE_HISTONES,NA,GOBP_ANTIBACTERIAL_HUMORAL_RESPONSE; GOBP_ANTIMICROBIAL_HUMORAL_IMMUNE_RESPONSE_MEDIATED_BY_ANTIMICROBIAL_PEPTIDE; GOBP_ANTIMICROBIAL_HUMORAL_RESPONSE; GOBP_HUMORAL_IMMUNE_RESPONSE; GOBP_INNATE_IMMUNE_RESPONSE_IN_MUCOSA; GOBP_ORGAN_OR_TISSUE_SPECIFIC_IMMUNE_RESPONSE,NA,NA
Huwe1,61,HUWE1,FALSE,13.537,2,2,0,DNA damage and repair,Manual review annotation,For manual review,Top group margin < 2 or tie,DNA damage and repair,TRUE,FALSE,Ion transport and metabolism,8,7,1,1,Ion transport and metabolism,NA,6,TRUE,Cell adhesion and cytoskeleton (gs_names=1); DNA damage and repair (gs_names=3); Epigenetic regulators (gs_names=4); Gene expression regulation (gs_names=7); Immune (gs_names=6); Ion transport and metabolism (gs_names=8),1,3,4,7,6,8,0,1,2,3,3,4,3,0,ECM_EXTRACELLULAR_MATRIX,DNA_DAMAGE_RESPONSE; DNA_REPAIR,CHROMATIN; CHROMATIN_REMODELING; HISTONE,RIBOSOME; TRANSCRIPTION; TRANSLATION,CYTOKINE; IMMUNE; INFLAMMATORY; NF_KAPPAB,LIPID; METABOLISM; TRANSPORT,NA,GOBP_NEGATIVE_REGULATION_OF_CELL_COMMUNICATION,GOBP_CHROMATIN_REMODELING; GOBP_DNA_DAMAGE_RESPONSE; GOBP_DNA_REPAIR,GOBP_CHROMATIN_ORGANIZATION; GOBP_CHROMATIN_REMODELING; GOMF_HISTONE_MODIFYING_ACTIVITY; GOMF_HISTONE_UBIQUITIN_LIGASE_ACTIVITY,GOBP_CANONICAL_NF_KAPPAB_SIGNAL_TRANSDUCTION; GOBP_CHROMATIN_REMODELING; GOBP_NUCLEAR_RECEPTOR_MEDIATED_SIGNALING_PATHWAY; GOBP_PEROXISOME_PROLIFERATOR_ACTIVATED_RECEPTOR_SIGNALING_PATHWAY; GOBP_POSITIVE_REGULATION_OF_POST_TRANSLATIONAL_PROTEIN_MODIFICATION; GOBP_POST_TRANSLATIONAL_PROTEIN_MODIFICATION; GOBP_REGULATION_OF_POST_TRANSLATIONAL_PROTEIN_MODIFICATION,GOBP_CANONICAL_NF_KAPPAB_SIGNAL_TRANSDUCTION; GOBP_NEGATIVE_REGULATION_OF_CANONICAL_NF_KAPPAB_SIGNAL_TRANSDUCTION; GOBP_POSITIVE_REGULATION_OF_CANONICAL_NF_KAPPAB_SIGNAL_TRANSDUCTION; REACTOME_ADAPTIVE_IMMUNE_SYSTEM; REACTOME_IMMUNE_SYSTEM; REACTOME_INNATE_IMMUNE_SYSTEM,GOBP_DNA_DAMAGE_RESPONSE; GOBP_DNA_REPAIR; GOBP_MEMBRANE_FUSION; GOBP_MEMBRANE_ORGANIZATION; GOBP_PROCESS_UTILIZING_AUTOPHAGIC_MECHANISM; GOCC_BOUNDING_MEMBRANE_OF_ORGANELLE; GOCC_GOLGI_MEMBRANE; GOCC_MOTILE_CILIUM,NA
Zfp457,62,ZNF208;ZNF43;ZNF681;ZNF724;ZNF728;ZNF729;ZNF85;ZNF93;ZNF99,FALSE,1.959,2,1,1,Gene expression regulation,Top group has >=2 more matching unique gs_names than second group,Gene expression regulation,Top group has >=2 more matching unique gs_names than second group,NA,FALSE,FALSE,Gene expression regulation,4,0,4,1,Gene expression regulation,NA,1,FALSE,Gene expression regulation (gs_names=4),0,0,0,4,0,0,0,0,0,0,3,0,0,0,NA,NA,NA,DNA_BINDING_TRANSCRIPTION_FACTOR; RNA_POLYMERASE; TRANSCRIPTION,NA,NA,NA,NA,NA,NA,GOBP_NEGATIVE_REGULATION_OF_TRANSCRIPTION_BY_RNA_POLYMERASE_II; GOMF_SEQUENCE_SPECIFIC_DNA_BINDING; REACTOME_GENE_EXPRESSION_TRANSCRIPTION; REACTOME_GENERIC_TRANSCRIPTION_PATHWAY,NA,NA,NA
Unc13a,63,UNC13A,FALSE,5.416,2,1,0,Other,Manual review annotation,Ion transport and metabolism,Top group has >=2 more matching unique gs_names than second group,Other,TRUE,FALSE,Ion transport and metabolism,35,4,31,1,Ion transport and metabolism,NA,3,TRUE,Cell adhesion and cytoskeleton (gs_names=4); Gene expression regulation (gs_names=1); Ion transport and metabolism (gs_names=35),4,0,0,1,0,35,0,4,0,0,1,0,3,0,ACTIN; CELL_ADHESION; CYTOSKELETON; ECM_EXTRACELLULAR_MATRIX,NA,NA,TRANSCRIPTION,NA,CALCIUM; LIPID; TRANSPORT,NA,GOBP_CELL_CELL_SIGNALING; GOBP_CELL_JUNCTION_ORGANIZATION; GOMF_CYTOSKELETAL_PROTEIN_BINDING; GOMF_SPECTRIN_BINDING,NA,NA,GOBP_GLUTAMATE_RECEPTOR_SIGNALING_PATHWAY,NA,GOBP_CALCIUM_ION_REGULATED_EXOCYTOSIS; GOBP_CELL_CELL_SIGNALING; GOBP_DENSE_CORE_GRANULE_EXOCYTOSIS; GOBP_DENSE_CORE_GRANULE_LOCALIZATION; GOBP_EXPORT_FROM_CELL; GOBP_MEMBRANE_FUSION; GOBP_MEMBRANE_ORGANIZATION; GOBP_NEURONAL_DENSE_CORE_VESICLE_EXOCYTOSIS; GOBP_NEUROTRANSMITTER_SECRETION; GOBP_NEUROTRANSMITTER_TRANSPORT; GOBP_ORGANELLE_LOCALIZATION; GOBP_ORGANELLE_MEMBRANE_FUSION; GOBP_POSITIVE_REGULATION_OF_NEUROTRANSMITTER_TRANSPORT; GOBP_POSITIVE_REGULATION_OF_TRANSPORT; GOBP_REGULATION_OF_CALCIUM_DEPENDENT_ACTIVATION_OF_SYNAPTIC_VESICLE_FUSION; GOBP_REGULATION_OF_NEUROTRANSMITTER_TRANSPORT; GOBP_REGULATION_OF_TRANSPORT; GOBP_REGULATION_OF_VESICLE_MEDIATED_TRANSPORT; GOBP_SECRETORY_GRANULE_LOCALIZATION; GOBP_SYNAPTIC_VESICLE_PRIMING; GOBP_VESICLE_DOCKING; GOBP_VESICLE_LOCALIZATION; GOBP_VESICLE_MEDIATED_TRANSPORT; GOBP_VESICLE_MEDIATED_TRANSPORT_IN_SYNAPSE; GOCC_BOUNDING_MEMBRANE_OF_ORGANELLE; GOCC_EXOCYTIC_VESICLE; GOCC_GOLGI_ASSOCIATED_VESICLE; GOCC_SYNAPTIC_VESICLE_MEMBRANE; GOCC_TRANSPORT_VESICLE; GOCC_TRANSPORT_VESICLE_MEMBRANE; GOCC_VESICLE_MEMBRANE; GOMF_CALCIUM_ION_BINDING; GOMF_CALMODULIN_BINDING; GOMF_LIPID_BINDING; GOMF_PHOSPHOLIPID_BINDING,NA
Notch4,64,NOTCH4,FALSE,6.04,2,1,0,Other,Manual review annotation,Cell adhesion and cytoskeleton,Top group has >=2 more matching unique gs_names than second group,Other,TRUE,FALSE,Cell adhesion and cytoskeleton,13,9,4,1,Cell adhesion and cytoskeleton,NA,4,TRUE,Cell adhesion and cytoskeleton (gs_names=13); Epigenetic regulators (gs_names=2); Gene expression regulation (gs_names=9); Ion transport and metabolism (gs_names=9),13,0,2,9,0,9,0,2,0,2,5,0,2,0,CELL_ADHESION; ECM_EXTRACELLULAR_MATRIX,NA,CHROMATIN; HISTONE,DNA_BINDING_TRANSCRIPTION_FACTOR; PROMOTER_ENHANCER; RNA_POLYMERASE; TFIID_MEDIATOR; TRANSCRIPTION,NA,CALCIUM; TRANSPORT,NA,GOBP_CELL_ADHESION; GOBP_CELL_ADHESION_MOLECULE_PRODUCTION; GOBP_CELL_CELL_ADHESION; GOBP_CELL_CELL_ADHESION_MEDIATED_BY_CADHERIN; GOBP_NEGATIVE_REGULATION_OF_CELL_ADHESION; GOBP_NEGATIVE_REGULATION_OF_CELL_ADHESION_MOLECULE_PRODUCTION; GOBP_NEGATIVE_REGULATION_OF_CELL_CELL_ADHESION; GOBP_NEGATIVE_REGULATION_OF_CELL_CELL_ADHESION_MEDIATED_BY_CADHERIN; GOBP_NEGATIVE_REGULATION_OF_CELL_COMMUNICATION; GOBP_REGULATION_OF_CELL_ADHESION; GOBP_REGULATION_OF_CELL_ADHESION_MOLECULE_PRODUCTION; GOBP_REGULATION_OF_CELL_CELL_ADHESION; GOBP_REGULATION_OF_CELL_CELL_ADHESION_MEDIATED_BY_CADHERIN,NA,GOMF_TRANSCRIPTION_COACTIVATOR_ACTIVITY; GOMF_TRANSCRIPTION_COREGULATOR_ACTIVITY,GOBP_NEGATIVE_REGULATION_OF_TRANSCRIPTION_BY_RNA_POLYMERASE_II; GOBP_NOTCH_SIGNALING_PATHWAY; GOBP_POSITIVE_REGULATION_OF_TRANSCRIPTION_BY_RNA_POLYMERASE_II; GOMF_TRANSCRIPTION_COACTIVATOR_ACTIVITY; GOMF_TRANSCRIPTION_COREGULATOR_ACTIVITY; GOMF_TRANSCRIPTION_REGULATOR_ACTIVITY; REACTOME_GENE_EXPRESSION_TRANSCRIPTION; REACTOME_GENERIC_TRANSCRIPTION_PATHWAY; REACTOME_NOTCH_HLH_TRANSCRIPTION_PATHWAY,NA,GOBP_ARTERY_MORPHOGENESIS; GOBP_CELL_CELL_ADHESION_MEDIATED_BY_CADHERIN; GOBP_EPITHELIAL_TUBE_MORPHOGENESIS; GOBP_REGULATION_OF_PROTEIN_LOCALIZATION; GOBP_TUBE_DEVELOPMENT; GOBP_TUBE_MORPHOGENESIS; GOBP_VASCULATURE_DEVELOPMENT; GOBP_VENOUS_BLOOD_VESSEL_MORPHOGENESIS; GOMF_CALCIUM_ION_BINDING,NA
Bicra,65,BICRA,FALSE,4.797,2,1,0,Epigenetic regulators,Top group has >=2 more matching unique gs_names than second group,Epigenetic regulators,Top group has >=2 more matching unique gs_names than second group,NA,FALSE,FALSE,Epigenetic regulators,6,2,4,1,Epigenetic regulators,NA,3,TRUE,DNA damage and repair (gs_names=1); Epigenetic regulators (gs_names=6); Gene expression regulation (gs_names=2),0,1,6,2,0,0,0,0,1,4,2,0,0,0,NA,DNA_REPAIR,ATP_DEPENDENT_CHROMATIN; CHROMATIN; CHROMATIN_REMODELING; HISTONE,TRANSCRIPTION; TRANSLATION,NA,NA,NA,NA,GOBP_CHROMATIN_REMODELING,GOBP_CHROMATIN_ORGANIZATION; GOBP_CHROMATIN_REMODELING; GOCC_CHROMATIN; GOCC_CHROMOSOME; REACTOME_ATP_DEPENDENT_CHROMATIN_REMODELERS; REACTOME_CHROMATIN_ORGANIZATION,GOBP_CHROMATIN_REMODELING; GOMF_TRANSCRIPTION_REGULATOR_ACTIVATOR_ACTIVITY,NA,NA,NA
Cyld,66,CYLD,FALSE,2.948,2,1,0,Immune,Top group has >=2 more matching unique gs_names than second group,Immune,Top group has >=2 more matching unique gs_names than second group,NA,FALSE,FALSE,Immune,30,20,10,1,Immune,NA,6,TRUE,Cell adhesion and cytoskeleton (gs_names=20); Epigenetic regulators (gs_names=1); Gene expression regulation (gs_names=12); Immune (gs_names=30); Ion transport and metabolism (gs_names=5); MAPK / Ras (gs_names=6),20,0,1,12,30,5,6,4,0,1,4,6,3,2,ACTIN; CELL_ADHESION; CYTOSKELETON; ECM_EXTRACELLULAR_MATRIX,NA,CHROMATIN,DNA_BINDING_TRANSCRIPTION_FACTOR; RIBOSOME; TRANSCRIPTION; TRANSLATION,CYTOKINE; IMMUNE; INFLAMMATORY; INTERFERON; NF_KAPPAB; TNFA,METABOLISM; OXIDATIVE; TRANSPORT,GROWTH_FACTOR; MAPK,GOBP_CELL_ADHESION; GOBP_CELL_CELL_ADHESION; GOBP_CYTOSKELETON_ORGANIZATION; GOBP_LEUKOCYTE_CELL_CELL_ADHESION; GOBP_MICROTUBULE_BASED_PROCESS; GOBP_MICROTUBULE_CYTOSKELETON_ORGANIZATION; GOBP_NECROPTOTIC_PROCESS; GOBP_NEGATIVE_REGULATION_OF_CELL_COMMUNICATION; GOBP_ORGANELLE_ASSEMBLY; GOBP_POSITIVE_REGULATION_OF_CELL_ADHESION; GOBP_POSITIVE_REGULATION_OF_CELL_CELL_ADHESION; GOBP_POSITIVE_REGULATION_OF_LEUKOCYTE_CELL_CELL_ADHESION; GOBP_REGULATION_OF_CELL_ADHESION; GOBP_REGULATION_OF_CELL_CELL_ADHESION; GOBP_REGULATION_OF_CYTOSKELETON_ORGANIZATION; GOBP_REGULATION_OF_MICROTUBULE_BASED_PROCESS; GOBP_REGULATION_OF_MICROTUBULE_CYTOSKELETON_ORGANIZATION; GOCC_MICROTUBULE_CYTOSKELETON; GOCC_MICROTUBULE_ORGANIZING_CENTER; GOCC_POLYMERIC_CYTOSKELETAL_FIBER,NA,GOBP_LYMPHOCYTE_DIFFERENTIATION,GOBP_CANONICAL_NF_KAPPAB_SIGNAL_TRANSDUCTION; GOBP_CANONICAL_WNT_SIGNALING_PATHWAY; GOBP_CYTOKINE_MEDIATED_SIGNALING_PATHWAY; GOBP_NEGATIVE_REGULATION_OF_CANONICAL_WNT_SIGNALING_PATHWAY; GOBP_NEGATIVE_REGULATION_OF_DNA_BINDING_TRANSCRIPTION_FACTOR_ACTIVITY; GOBP_NEGATIVE_REGULATION_OF_NF_KAPPAB_TRANSCRIPTION_FACTOR_ACTIVITY; GOBP_ORGANELLE_ASSEMBLY; GOBP_POST_TRANSLATIONAL_PROTEIN_MODIFICATION; GOBP_REGULATION_OF_CANONICAL_WNT_SIGNALING_PATHWAY; GOBP_REGULATION_OF_DNA_BINDING_TRANSCRIPTION_FACTOR_ACTIVITY; GOBP_TUMOR_NECROSIS_FACTOR_MEDIATED_SIGNALING_PATHWAY; REACTOME_POST_TRANSLATIONAL_PROTEIN_MODIFICATION,GOBP_ACTIVATION_OF_IMMUNE_RESPONSE; GOBP_B_CELL_ACTIVATION; GOBP_CANONICAL_NF_KAPPAB_SIGNAL_TRANSDUCTION; GOBP_CYTOKINE_MEDIATED_SIGNALING_PATHWAY; GOBP_IMMUNE_RESPONSE_REGULATING_CELL_SURFACE_RECEPTOR_SIGNALING_PATHWAY; GOBP_IMMUNE_RESPONSE_REGULATING_SIGNALING_PATHWAY; GOBP_INFLAMMATORY_RESPONSE; GOBP_JNK_CASCADE; GOBP_LYMPHOCYTE_ACTIVATION; GOBP_NEGATIVE_REGULATION_OF_CANONICAL_NF_KAPPAB_SIGNAL_TRANSDUCTION; GOBP_NEGATIVE_REGULATION_OF_INFLAMMATORY_RESPONSE; GOBP_NEGATIVE_REGULATION_OF_NF_KAPPAB_TRANSCRIPTION_FACTOR_ACTIVITY; GOBP_NEGATIVE_REGULATION_OF_NON_CANONICAL_NF_KAPPAB_SIGNAL_TRANSDUCTION; GOBP_NEGATIVE_REGULATION_OF_RESPONSE_TO_CYTOKINE_STIMULUS; GOBP_NON_CANONICAL_NF_KAPPAB_SIGNAL_TRANSDUCTION; GOBP_P38MAPK_CASCADE; GOBP_POSITIVE_REGULATION_OF_CANONICAL_NF_KAPPAB_SIGNAL_TRANSDUCTION; GOBP_POSITIVE_REGULATION_OF_IMMUNE_RESPONSE; GOBP_POSITIVE_REGULATION_OF_IMMUNE_SYSTEM_PROCESS; GOBP_REGULATION_OF_IMMUNE_RESPONSE; GOBP_REGULATION_OF_IMMUNE_SYSTEM_PROCESS; GOBP_REGULATION_OF_INFLAMMATORY_RESPONSE; GOBP_REGULATION_OF_NON_CANONICAL_NF_KAPPAB_SIGNAL_TRANSDUCTION; GOBP_REGULATION_OF_RESPONSE_TO_CYTOKINE_STIMULUS; GOBP_T_CELL_ACTIVATION; GOCC_MIDBODY; REACTOME_DDX58_IFIH1_MEDIATED_INDUCTION_OF_INTERFERON_ALPHA_BETA; REACTOME_IMMUNE_SYSTEM; REACTOME_INNATE_IMMUNE_SYSTEM; WP_TNFALPHA_NFKB_SIGNALING_PATHWAY,GOBP_INTRINSIC_APOPTOTIC_SIGNALING_PATHWAY; GOBP_REGULATION_OF_PROTEIN_LOCALIZATION; GOCC_CILIARY_BASAL_BODY; GOCC_MOTILE_CILIUM; REACTOME_METABOLISM_OF_PROTEINS,GOBP_JNK_CASCADE; GOBP_MAPK_CASCADE; GOBP_NEGATIVE_REGULATION_OF_MAPK_CASCADE; GOBP_NEGATIVE_REGULATION_OF_P38MAPK_CASCADE; GOBP_P38MAPK_CASCADE; GOBP_REGULATION_OF_P38MAPK_CASCADE
Eif2d,67,EIF2D,FALSE,1.834,2,1,0,Gene expression regulation,Top group has >=2 more matching unique gs_names than second group,Gene expression regulation,Top group has >=2 more matching unique gs_names than second group,NA,FALSE,FALSE,Gene expression regulation,18,0,18,1,Gene expression regulation,NA,1,FALSE,Gene expression regulation (gs_names=18),0,0,0,18,0,0,0,0,0,0,5,0,0,0,NA,NA,NA,EIF_TRANSLATION_INITIATION; RIBOSOME; RNA_PROCESSING; TRANSCRIPTION; TRANSLATION,NA,NA,NA,NA,NA,NA,GOBP_CELLULAR_COMPONENT_DISASSEMBLY; GOBP_CYTOPLASMIC_TRANSLATION; GOBP_CYTOPLASMIC_TRANSLATIONAL_INITIATION; GOBP_FORMATION_OF_TRANSLATION_PREINITIATION_COMPLEX; GOBP_IRES_DEPENDENT_VIRAL_TRANSLATIONAL_INITIATION; GOBP_ORGANELLE_DISASSEMBLY; GOBP_PROTEIN_RNA_COMPLEX_ORGANIZATION; GOBP_RIBONUCLEOPROTEIN_COMPLEX_BIOGENESIS; GOBP_RIBOSOME_DISASSEMBLY; GOBP_TRANSLATION; GOBP_TRANSLATIONAL_INITIATION; GOBP_VIRAL_GENE_EXPRESSION; GOBP_VIRAL_PROCESS; GOBP_VIRAL_TRANSLATION; GOCC_NUCLEAR_BODY; GOMF_TRANSLATION_FACTOR_ACTIVITY; GOMF_TRANSLATION_INITIATION_FACTOR_ACTIVITY; WP_MRNA_PROCESSING,NA,NA,NA
Sgk1,68,SGK1,FALSE,1.64,2,1,0,Ion transport and metabolism,Top group has >=2 more matching unique gs_names than second group,Ion transport and metabolism,Top group has >=2 more matching unique gs_names than second group,NA,FALSE,FALSE,Ion transport and metabolism,20,8,12,1,Ion transport and metabolism,NA,6,TRUE,Cell adhesion and cytoskeleton (gs_names=8); DNA damage and repair (gs_names=4); Gene expression regulation (gs_names=7); Immune (gs_names=3); Ion transport and metabolism (gs_names=20); MAPK / Ras (gs_names=2),8,4,0,7,3,20,2,2,2,0,2,3,3,2,ACTIN; CYTOSKELETON,DNA_DAMAGE_RESPONSE; P53_PATHWAY,NA,TRANSCRIPTION; TRANSLATION,IMMUNE; NF_KAPPAB; TNFA,LIPID; METABOLISM; TRANSPORT,RAS; RTK,GOBP_CYTOSKELETON_ORGANIZATION; GOBP_MICROTUBULE_BASED_PROCESS; GOBP_MICROTUBULE_CYTOSKELETON_ORGANIZATION; GOBP_NEGATIVE_REGULATION_OF_CYTOSKELETON_ORGANIZATION; GOBP_REGULATION_OF_CYTOSKELETON_ORGANIZATION; GOBP_REGULATION_OF_MICROTUBULE_BASED_PROCESS; GOBP_REGULATION_OF_MICROTUBULE_CYTOSKELETON_ORGANIZATION; GOMF_CYTOSKELETAL_PROTEIN_BINDING,GOBP_DNA_DAMAGE_RESPONSE; REACTOME_REGULATION_OF_TP53_ACTIVITY; REACTOME_REGULATION_OF_TP53_DEGRADATION; REACTOME_TRANSCRIPTIONAL_REGULATION_BY_TP53,NA,GOBP_LONG_TERM_MEMORY; GOCC_RIBONUCLEOPROTEIN_GRANULE; REACTOME_GENE_EXPRESSION_TRANSCRIPTION; REACTOME_GENERIC_TRANSCRIPTION_PATHWAY; REACTOME_NGF_STIMULATED_TRANSCRIPTION; REACTOME_NUCLEAR_EVENTS_KINASE_AND_TRANSCRIPTION_FACTOR_ACTIVATION; REACTOME_TRANSCRIPTIONAL_REGULATION_BY_TP53,GOBP_CELLULAR_RESPONSE_TO_CORTICOSTEROID_STIMULUS; GOBP_RESPONSE_TO_CORTICOSTEROID; HALLMARK_TNFA_SIGNALING_VIA_NFKB,GOBP_CELLULAR_RESPONSE_TO_CORTICOSTEROID_STIMULUS; GOBP_CELLULAR_RESPONSE_TO_LIPID; GOBP_DNA_DAMAGE_RESPONSE; GOBP_METAL_ION_TRANSPORT; GOBP_MONOATOMIC_CATION_TRANSPORT; GOBP_MONOATOMIC_ION_TRANSPORT; GOBP_POSITIVE_REGULATION_OF_MONOATOMIC_ION_TRANSPORT; GOBP_POSITIVE_REGULATION_OF_SODIUM_ION_TRANSPORT; GOBP_POSITIVE_REGULATION_OF_TRANSPORT; GOBP_REGULATION_OF_METAL_ION_TRANSPORT; GOBP_REGULATION_OF_MONOATOMIC_ION_TRANSPORT; GOBP_REGULATION_OF_PROTEIN_LOCALIZATION; GOBP_REGULATION_OF_SODIUM_ION_TRANSPORT; GOBP_REGULATION_OF_TRANSPORT; GOBP_RESPONSE_TO_CORTICOSTEROID; GOBP_RESPONSE_TO_LIPID; GOBP_SODIUM_ION_TRANSPORT; GOMF_TRANSPORTER_REGULATOR_ACTIVITY; REACTOME_ION_CHANNEL_TRANSPORT; REACTOME_TRANSPORT_OF_SMALL_MOLECULES,HALLMARK_KRAS_SIGNALING_DN; REACTOME_SIGNALING_BY_RECEPTOR_TYROSINE_KINASES
Sufu,69,SUFU,FALSE,1.513,2,1,0,Other,Manual review annotation,Ion transport and metabolism,Top group has >=2 more matching unique gs_names than second group,Other,TRUE,FALSE,Ion transport and metabolism,8,6,2,1,Ion transport and metabolism,NA,3,TRUE,Cell adhesion and cytoskeleton (gs_names=6); Gene expression regulation (gs_names=1); Ion transport and metabolism (gs_names=8),6,0,0,1,0,8,0,3,0,0,2,0,2,0,ACTIN; ECM_EXTRACELLULAR_MATRIX; EPIDERMIS_KERATINIZATION_CORNIFIED,NA,NA,RNA_POLYMERASE; TRANSCRIPTION,NA,TRANSPORT; XENOBIOTIC,NA,GOBP_HEART_DEVELOPMENT; GOBP_HEART_MORPHOGENESIS; GOBP_NEGATIVE_REGULATION_OF_CELL_COMMUNICATION; GOBP_SKIN_DEVELOPMENT; GOMF_MOLECULAR_SEQUESTERING_ACTIVITY; GOMF_PROTEIN_SEQUESTERING_ACTIVITY,NA,NA,GOBP_NEGATIVE_REGULATION_OF_TRANSCRIPTION_BY_RNA_POLYMERASE_II,NA,GOBP_CELLULAR_RESPONSE_TO_XENOBIOTIC_STIMULUS; GOBP_EPITHELIAL_TUBE_MORPHOGENESIS; GOBP_MAINTENANCE_OF_PROTEIN_LOCATION; GOBP_PROTEIN_LOCALIZATION_TO_ORGANELLE; GOBP_RESPONSE_TO_XENOBIOTIC_STIMULUS; GOBP_TUBE_DEVELOPMENT; GOBP_TUBE_MORPHOGENESIS; GOBP_VASCULATURE_DEVELOPMENT,NA
Cyp2b23,70,CYP2B6,FALSE,1.516,2,1,0,Ion transport and metabolism,Top group has >=2 more matching unique gs_names than second group,Ion transport and metabolism,Top group has >=2 more matching unique gs_names than second group,NA,FALSE,FALSE,Ion transport and metabolism,5,3,2,1,Ion transport and metabolism,NA,2,TRUE,Cell adhesion and cytoskeleton (gs_names=3); Ion transport and metabolism (gs_names=5),3,0,0,0,0,5,0,1,0,0,0,0,2,0,ACTIN,NA,NA,NA,NA,LIPID; XENOBIOTIC,NA,GOMF_OXIDOREDUCTASE_ACTIVITY_ACTING_ON_PAIRED_DONORS_WITH_INCORPORATION_OR_REDUCTION_OF_MOLECULAR_OXYGEN; GOMF_OXIDOREDUCTASE_ACTIVITY_ACTING_ON_PAIRED_DONORS_WITH_INCORPORATION_OR_REDUCTION_OF_MOLECULAR_OXYGEN_NAD_P_H_AS_ONE_DONOR_AND_INCORPORATION_OF_ONE_ATOM_OF_OXYGEN; GOMF_OXIDOREDUCTASE_ACTIVITY_ACTING_ON_PAIRED_DONORS_WITH_INCORPORATION_OR_REDUCTION_OF_MOLECULAR_OXYGEN_REDUCED_FLAVIN_OR_FLAVOPROTEIN_AS_ONE_DONOR_AND_INCORPORATION_OF_ONE_ATOM_OF_OXYGEN,NA,NA,NA,NA,GOBP_CELLULAR_RESPONSE_TO_XENOBIOTIC_STIMULUS; GOBP_LIPID_METABOLIC_PROCESS; GOBP_RESPONSE_TO_XENOBIOTIC_STIMULUS; GOBP_XENOBIOTIC_CATABOLIC_PROCESS; GOBP_XENOBIOTIC_METABOLIC_PROCESS,NA
Fat4,71,FAT4,FALSE,15.026,2,1,0,Cell adhesion and cytoskeleton,Manual review annotation,For manual review,Top group margin < 2 or tie,Cell adhesion and cytoskeleton,TRUE,FALSE,Cell adhesion and cytoskeleton,10,9,1,1,Cell adhesion and cytoskeleton,NA,4,TRUE,Cell adhesion and cytoskeleton (gs_names=10); Gene expression regulation (gs_names=4); Ion transport and metabolism (gs_names=9); MAPK / Ras (gs_names=3),10,0,0,4,0,9,3,4,0,0,1,0,4,1,ACTIN; CELL_ADHESION; CYTOSKELETON; ECM_EXTRACELLULAR_MATRIX,NA,NA,TRANSCRIPTION,NA,CALCIUM; LIPID; METABOLISM; TRANSPORT,GROWTH_FACTOR,GOBP_CELL_ADHESION; GOBP_CELL_CELL_ADHESION; GOBP_CELL_CELL_ADHESION_MEDIATED_BY_CADHERIN; GOBP_HEART_DEVELOPMENT; GOBP_HEART_MORPHOGENESIS; GOBP_HETEROPHILIC_CELL_CELL_ADHESION; GOBP_HOMOPHILIC_CELL_CELL_ADHESION; GOBP_INNER_EAR_RECEPTOR_CELL_STEREOCILIUM_ORGANIZATION; GOCC_ADHERENS_JUNCTION; GOCC_ANCHORING_JUNCTION,NA,NA,GOBP_CELL_SURFACE_RECEPTOR_PROTEIN_TYROSINE_KINASE_SIGNALING_PATHWAY; GOBP_ENZYME_LINKED_RECEPTOR_PROTEIN_SIGNALING_PATHWAY; GOBP_HIPPO_SIGNALING; GOBP_NOTCH_SIGNALING_PATHWAY,NA,GOBP_CELL_CELL_ADHESION_MEDIATED_BY_CADHERIN; GOBP_DIGESTIVE_SYSTEM_DEVELOPMENT; GOBP_EPITHELIAL_TUBE_MORPHOGENESIS; GOBP_KIDNEY_MORPHOGENESIS; GOBP_MEMBRANE_ORGANIZATION; GOBP_METANEPHROS_DEVELOPMENT; GOBP_TUBE_DEVELOPMENT; GOBP_TUBE_MORPHOGENESIS; GOMF_CALCIUM_ION_BINDING,GOBP_FIBROBLAST_GROWTH_FACTOR_RECEPTOR_SIGNALING_PATHWAY; GOBP_RESPONSE_TO_FIBROBLAST_GROWTH_FACTOR; GOBP_RESPONSE_TO_GROWTH_FACTOR
Scn2a,72,SCN2A,FALSE,6.146,2,1,0,Ion transport and metabolism,Top group has >=2 more matching unique gs_names than second group,Ion transport and metabolism,Top group has >=2 more matching unique gs_names than second group,NA,FALSE,FALSE,Ion transport and metabolism,23,1,22,1,Ion transport and metabolism,NA,2,TRUE,Cell adhesion and cytoskeleton (gs_names=1); Ion transport and metabolism (gs_names=23),1,0,0,0,0,23,0,2,0,0,0,0,4,0,CYTOSKELETON; ECM_EXTRACELLULAR_MATRIX,NA,NA,NA,NA,CALCIUM; LIPID; OXIDATIVE; TRANSPORT,NA,GOCC_ANCHORING_JUNCTION,NA,NA,NA,NA,GOBP_INTRINSIC_APOPTOTIC_SIGNALING_PATHWAY; GOBP_METAL_ION_TRANSPORT; GOBP_MONOATOMIC_CATION_TRANSMEMBRANE_TRANSPORT; GOBP_MONOATOMIC_CATION_TRANSPORT; GOBP_MONOATOMIC_ION_TRANSMEMBRANE_TRANSPORT; GOBP_MONOATOMIC_ION_TRANSPORT; GOBP_SODIUM_ION_TRANSMEMBRANE_TRANSPORT; GOBP_SODIUM_ION_TRANSPORT; GOBP_TRANSMEMBRANE_TRANSPORT; GOCC_MONOATOMIC_ION_CHANNEL_COMPLEX; GOCC_TRANSPORTER_COMPLEX; GOMF_CALMODULIN_BINDING; GOMF_GATED_CHANNEL_ACTIVITY; GOMF_METAL_ION_TRANSMEMBRANE_TRANSPORTER_ACTIVITY; GOMF_MONOATOMIC_CATION_CHANNEL_ACTIVITY; GOMF_MONOATOMIC_CATION_TRANSMEMBRANE_TRANSPORTER_ACTIVITY; GOMF_MONOATOMIC_ION_TRANSMEMBRANE_TRANSPORTER_ACTIVITY; GOMF_PASSIVE_TRANSMEMBRANE_TRANSPORTER_ACTIVITY; GOMF_SODIUM_CHANNEL_ACTIVITY; GOMF_SODIUM_ION_TRANSMEMBRANE_TRANSPORTER_ACTIVITY; GOMF_TRANSPORTER_ACTIVITY; GOMF_VOLTAGE_GATED_CHANNEL_ACTIVITY; GOMF_VOLTAGE_GATED_SODIUM_CHANNEL_ACTIVITY,NA
Lrp1b,73,LRP1B,FALSE,14.25,2,1,0,Ion transport and metabolism,Top group has >=2 more matching unique gs_names than second group,Ion transport and metabolism,Top group has >=2 more matching unique gs_names than second group,NA,FALSE,FALSE,Ion transport and metabolism,6,0,6,1,Ion transport and metabolism,NA,1,FALSE,Ion transport and metabolism (gs_names=6),0,0,0,0,0,6,0,0,0,0,0,0,3,0,NA,NA,NA,NA,NA,CALCIUM; LIPID; TRANSPORT,NA,NA,NA,NA,NA,NA,GOBP_ENDOCYTOSIS; GOBP_IMPORT_INTO_CELL; GOBP_VESICLE_MEDIATED_TRANSPORT; GOMF_CALCIUM_ION_BINDING; GOMF_CARGO_RECEPTOR_ACTIVITY; GOMF_LIPOPROTEIN_PARTICLE_RECEPTOR_ACTIVITY,NA
Rtf1,74,RTF1,FALSE,2.233,2,1,0,Gene expression regulation,Top group has >=2 more matching unique gs_names than second group,Gene expression regulation,Top group has >=2 more matching unique gs_names than second group,NA,FALSE,FALSE,Gene expression regulation,12,2,10,1,Gene expression regulation,NA,2,TRUE,Epigenetic regulators (gs_names=2); Gene expression regulation (gs_names=12),0,0,2,12,0,0,0,0,0,3,3,0,0,0,NA,NA,CHROMATIN; HISTONE; METHYL,PROMOTER_ENHANCER; RNA_POLYMERASE; TRANSCRIPTION,NA,NA,NA,NA,NA,GOBP_CHROMATIN_ORGANIZATION; GOCC_TRANSFERASE_COMPLEX,GOBP_DNA_TEMPLATED_TRANSCRIPTION_ELONGATION; GOBP_NEGATIVE_REGULATION_OF_TRANSCRIPTION_BY_RNA_POLYMERASE_II; GOBP_TRANSCRIPTION_ELONGATION_BY_RNA_POLYMERASE_II; GOCC_CDC73_PAF1_COMPLEX; GOCC_NUCLEAR_DNA_DIRECTED_RNA_POLYMERASE_COMPLEX; GOCC_RNA_POLYMERASE_COMPLEX; GOCC_TRANSCRIPTION_ELONGATION_FACTOR_COMPLEX; GOMF_BASAL_TRANSCRIPTION_MACHINERY_BINDING; GOMF_RNA_POLYMERASE_BINDING; GOMF_RNA_POLYMERASE_CORE_ENZYME_BINDING; GOMF_RNA_POLYMERASE_II_C_TERMINAL_DOMAIN_BINDING; GOMF_RNA_POLYMERASE_II_C_TERMINAL_DOMAIN_PHOSPHOSERINE_BINDING,NA,NA,NA
Psme4,75,PSME4,FALSE,5.757,2,1,0,DNA damage and repair,Manual review annotation,For manual review,Top group margin < 2 or tie,DNA damage and repair,TRUE,FALSE,DNA damage and repair,2,2,0,4,DNA damage and repair; Epigenetic regulators; Gene expression regulation; Ion transport and metabolism,NA,4,TRUE,DNA damage and repair (gs_names=2); Epigenetic regulators (gs_names=2); Gene expression regulation (gs_names=2); Ion transport and metabolism (gs_names=2),0,2,2,2,0,2,0,0,2,2,2,0,1,0,NA,DNA_DAMAGE_RESPONSE; DNA_REPAIR,CHROMATIN; HISTONE,TRANSCRIPTION; TRANSLATION,NA,METABOLISM,NA,NA,GOBP_DNA_DAMAGE_RESPONSE; GOBP_DNA_REPAIR,GOBP_CHROMATIN_ORGANIZATION; GOBP_SPERM_DNA_CONDENSATION,GOBP_SPERM_DNA_CONDENSATION; GOCC_RIBONUCLEOPROTEIN_GRANULE,NA,GOBP_DNA_DAMAGE_RESPONSE; GOBP_DNA_REPAIR,NA
Prkce,76,PRKCE,FALSE,2.284,2,1,0,Cell adhesion and cytoskeleton,Manual review annotation,Ion transport and metabolism,Top group has >=2 more matching unique gs_names than second group,Cell adhesion and cytoskeleton,TRUE,FALSE,Ion transport and metabolism,58,27,31,1,Ion transport and metabolism,NA,6,TRUE,Cell adhesion and cytoskeleton (gs_names=27); DNA damage and repair (gs_names=1); Gene expression regulation (gs_names=5); Immune (gs_names=25); Ion transport and metabolism (gs_names=58); MAPK / Ras (gs_names=5),27,1,0,5,25,58,5,5,1,0,3,4,5,3,ACTIN; CELL_ADHESION; CELL_MIGRATION; CYTOSKELETON; ECM_EXTRACELLULAR_MATRIX,UV_RESPONSE,NA,RIBOSOME; TRANSCRIPTION; TRANSLATION,CYTOKINE; IMMUNE; INFLAMMATORY; NF_KAPPAB,CALCIUM; LIPID; METABOLISM; TRANSPORT; XENOBIOTIC,GROWTH_FACTOR; MAPK; RTK,GOBP_ACTIN_FILAMENT_BASED_PROCESS; GOBP_ACTIN_FILAMENT_ORGANIZATION; GOBP_ACTIN_POLYMERIZATION_OR_DEPOLYMERIZATION; GOBP_AMEBOIDAL_TYPE_CELL_MIGRATION; GOBP_CELL_ADHESION; GOBP_CELL_CELL_SIGNALING; GOBP_CELL_MIGRATION; GOBP_CYTOSKELETON_ORGANIZATION; GOBP_FIBROBLAST_MIGRATION; GOBP_POSITIVE_REGULATION_OF_ACTIN_FILAMENT_POLYMERIZATION; GOBP_POSITIVE_REGULATION_OF_CELL_ADHESION; GOBP_POSITIVE_REGULATION_OF_CYTOSKELETON_ORGANIZATION; GOBP_POSITIVE_REGULATION_OF_EPITHELIAL_CELL_MIGRATION; GOBP_POSITIVE_REGULATION_OF_FIBROBLAST_MIGRATION; GOBP_PRESYNAPTIC_MODULATION_OF_CHEMICAL_SYNAPTIC_TRANSMISSION; GOBP_REGULATION_OF_ACTIN_FILAMENT_BASED_PROCESS; GOBP_REGULATION_OF_ACTIN_FILAMENT_LENGTH; GOBP_REGULATION_OF_ACTIN_FILAMENT_ORGANIZATION; GOBP_REGULATION_OF_CELL_ADHESION; GOBP_REGULATION_OF_CYTOSKELETON_ORGANIZATION; GOBP_REGULATION_OF_EPITHELIAL_CELL_MIGRATION; GOBP_REGULATION_OF_FIBROBLAST_MIGRATION; GOCC_INTERMEDIATE_FILAMENT_CYTOSKELETON; GOMF_14_3_3_PROTEIN_BINDING; GOMF_ACTIN_BINDING; GOMF_ACTIN_MONOMER_BINDING; GOMF_CYTOSKELETAL_PROTEIN_BINDING,HALLMARK_UV_RESPONSE_DN,NA,GOBP_CANONICAL_NF_KAPPAB_SIGNAL_TRANSDUCTION; GOBP_LIPOPOLYSACCHARIDE_MEDIATED_SIGNALING_PATHWAY; GOBP_NEGATIVE_REGULATION_OF_POST_TRANSLATIONAL_PROTEIN_MODIFICATION; GOBP_POST_TRANSLATIONAL_PROTEIN_MODIFICATION; GOBP_REGULATION_OF_POST_TRANSLATIONAL_PROTEIN_MODIFICATION,GOBP_ACTIVATION_OF_IMMUNE_RESPONSE; GOBP_ACTIVATION_OF_INNATE_IMMUNE_RESPONSE; GOBP_CANONICAL_NF_KAPPAB_SIGNAL_TRANSDUCTION; GOBP_CELL_ACTIVATION_INVOLVED_IN_IMMUNE_RESPONSE; GOBP_CYTOKINESIS; GOBP_IMMUNE_EFFECTOR_PROCESS; GOBP_IMMUNE_RESPONSE_REGULATING_CELL_SURFACE_RECEPTOR_SIGNALING_PATHWAY; GOBP_IMMUNE_RESPONSE_REGULATING_SIGNALING_PATHWAY; GOBP_INNATE_IMMUNE_RESPONSE_ACTIVATING_CELL_SURFACE_RECEPTOR_SIGNALING_PATHWAY; GOBP_LIPOPOLYSACCHARIDE_MEDIATED_SIGNALING_PATHWAY; GOBP_MACROPHAGE_ACTIVATION; GOBP_MACROPHAGE_ACTIVATION_INVOLVED_IN_IMMUNE_RESPONSE; GOBP_MYD88_INDEPENDENT_TOLL_LIKE_RECEPTOR_SIGNALING_PATHWAY; GOBP_MYELOID_CELL_ACTIVATION_INVOLVED_IN_IMMUNE_RESPONSE; GOBP_POSITIVE_REGULATION_OF_CANONICAL_NF_KAPPAB_SIGNAL_TRANSDUCTION; GOBP_POSITIVE_REGULATION_OF_CYTOKINESIS; GOBP_POSITIVE_REGULATION_OF_IMMUNE_RESPONSE; GOBP_POSITIVE_REGULATION_OF_IMMUNE_SYSTEM_PROCESS; GOBP_REGULATION_OF_CYTOKINESIS; GOBP_REGULATION_OF_IMMUNE_RESPONSE; GOBP_REGULATION_OF_IMMUNE_SYSTEM_PROCESS; GOBP_REGULATION_OF_INNATE_IMMUNE_RESPONSE; GOBP_TOLL_LIKE_RECEPTOR_SIGNALING_PATHWAY; REACTOME_IMMUNE_SYSTEM; REACTOME_INNATE_IMMUNE_SYSTEM,GOBP_AMIDE_TRANSPORT; GOBP_CALCIUM_ION_HOMEOSTASIS; GOBP_CALCIUM_ION_TRANSMEMBRANE_IMPORT_INTO_CYTOSOL; GOBP_CALCIUM_ION_TRANSMEMBRANE_TRANSPORT; GOBP_CALCIUM_ION_TRANSPORT; GOBP_CELL_CELL_SIGNALING; GOBP_CELLULAR_RESPONSE_TO_LIPID; GOBP_CELLULAR_RESPONSE_TO_XENOBIOTIC_STIMULUS; GOBP_DETOXIFICATION; GOBP_EXPORT_FROM_CELL; GOBP_HORMONE_TRANSPORT; GOBP_LIPID_CATABOLIC_PROCESS; GOBP_LIPID_METABOLIC_PROCESS; GOBP_METAL_ION_TRANSPORT; GOBP_MITOCHONDRIAL_CALCIUM_ION_HOMEOSTASIS; GOBP_MONOATOMIC_CATION_TRANSMEMBRANE_TRANSPORT; GOBP_MONOATOMIC_CATION_TRANSPORT; GOBP_MONOATOMIC_ION_TRANSMEMBRANE_TRANSPORT; GOBP_MONOATOMIC_ION_TRANSPORT; GOBP_NEGATIVE_REGULATION_OF_CALCIUM_ION_TRANSMEMBRANE_TRANSPORT; GOBP_NEGATIVE_REGULATION_OF_CALCIUM_ION_TRANSPORT; GOBP_NEGATIVE_REGULATION_OF_MITOCHONDRIAL_CALCIUM_ION_CONCENTRATION; GOBP_NEGATIVE_REGULATION_OF_MONOATOMIC_ION_TRANSMEMBRANE_TRANSPORT; GOBP_NEGATIVE_REGULATION_OF_MONOATOMIC_ION_TRANSPORT; GOBP_NEGATIVE_REGULATION_OF_RELEASE_OF_SEQUESTERED_CALCIUM_ION_INTO_CYTOSOL; GOBP_NEGATIVE_REGULATION_OF_TRANSMEMBRANE_TRANSPORT; GOBP_NEGATIVE_REGULATION_OF_TRANSPORT; GOBP_PEPTIDE_TRANSPORT; GOBP_POSITIVE_REGULATION_OF_LIPID_CATABOLIC_PROCESS; GOBP_POSITIVE_REGULATION_OF_LIPID_METABOLIC_PROCESS; GOBP_POSITIVE_REGULATION_OF_SEQUESTERING_OF_CALCIUM_ION; GOBP_POSITIVE_REGULATION_OF_TRANSPORT; GOBP_PROTEIN_LOCALIZATION_TO_EXTRACELLULAR_REGION; GOBP_PROTEIN_TRANSPORT; GOBP_REGULATION_OF_CALCIUM_ION_TRANSMEMBRANE_TRANSPORT; GOBP_REGULATION_OF_CALCIUM_ION_TRANSPORT; GOBP_REGULATION_OF_CELLULAR_LOCALIZATION; GOBP_REGULATION_OF_LIPID_CATABOLIC_PROCESS; GOBP_REGULATION_OF_LIPID_METABOLIC_PROCESS; GOBP_REGULATION_OF_METAL_ION_TRANSPORT; GOBP_REGULATION_OF_MONOATOMIC_ION_TRANSMEMBRANE_TRANSPORT; GOBP_REGULATION_OF_MONOATOMIC_ION_TRANSPORT; GOBP_REGULATION_OF_PEPTIDE_TRANSPORT; GOBP_REGULATION_OF_PROTEIN_LOCALIZATION; GOBP_REGULATION_OF_RELEASE_OF_SEQUESTERED_CALCIUM_ION_INTO_CYTOSOL; GOBP_REGULATION_OF_TRANSMEMBRANE_TRANSPORT; GOBP_REGULATION_OF_TRANSPORT; GOBP_RESPONSE_TO_LIPID; GOBP_RESPONSE_TO_XENOBIOTIC_STIMULUS; GOBP_SECONDARY_METABOLIC_PROCESS; GOBP_SEQUESTERING_OF_CALCIUM_ION; GOBP_TRANSMEMBRANE_TRANSPORT; GOBP_XENOBIOTIC_CATABOLIC_PROCESS; GOBP_XENOBIOTIC_METABOLIC_PROCESS; GOCC_BOUNDING_MEMBRANE_OF_ORGANELLE; GOCC_GOLGI_MEMBRANE; REACTOME_ROLE_OF_PHOSPHOLIPIDS_IN_PHAGOCYTOSIS; WP_CALCIUM_REGULATION_IN_CARDIAC_CELLS,GOBP_MAPK_CASCADE; GOBP_POSITIVE_REGULATION_OF_MAPK_CASCADE; GOBP_RESPONSE_TO_GROWTH_FACTOR; GOBP_RESPONSE_TO_PLATELET_DERIVED_GROWTH_FACTOR; REACTOME_SIGNALING_BY_RECEPTOR_TYROSINE_KINASES
Taf2,77,TAF2,FALSE,3.722,2,1,0,Gene expression regulation,Top group has >=2 more matching unique gs_names than second group,Gene expression regulation,Top group has >=2 more matching unique gs_names than second group,NA,FALSE,FALSE,Gene expression regulation,25,7,18,1,Gene expression regulation,NA,4,TRUE,DNA damage and repair (gs_names=6); Epigenetic regulators (gs_names=7); Gene expression regulation (gs_names=25); Ion transport and metabolism (gs_names=2),0,6,7,25,0,2,0,0,3,3,6,0,1,0,NA,DNA_DAMAGE_RESPONSE; DNA_REPAIR; P53_PATHWAY,CHROMATIN; HISTONE; METHYL,DNA_BINDING_TRANSCRIPTION_FACTOR; PROMOTER_ENHANCER; RIBOSOME; RNA_POLYMERASE; TFIID_MEDIATOR; TRANSCRIPTION,NA,METABOLISM,NA,NA,GOBP_DNA_DAMAGE_RESPONSE; GOBP_DNA_REPAIR; GOBP_REGULATION_OF_DNA_REPAIR; REACTOME_REGULATION_OF_TP53_ACTIVITY; REACTOME_REGULATION_OF_TP53_ACTIVITY_THROUGH_PHOSPHORYLATION; REACTOME_TRANSCRIPTIONAL_REGULATION_BY_TP53,GOCC_CHROMATIN; GOCC_CHROMOSOME; GOCC_HISTONE_ACETYLTRANSFERASE_COMPLEX; GOCC_SAGA_TYPE_COMPLEX; GOCC_TRANSCRIPTION_FACTOR_TFTC_COMPLEX; GOCC_TRANSFERASE_COMPLEX; GOMF_CHROMATIN_BINDING,GOBP_DNA_TEMPLATED_TRANSCRIPTION_INITIATION; GOBP_MRNA_METABOLIC_PROCESS; GOBP_MRNA_TRANSCRIPTION; GOBP_MRNA_TRANSCRIPTION_BY_RNA_POLYMERASE_II; GOBP_POSITIVE_REGULATION_OF_TRANSCRIPTION_BY_RNA_POLYMERASE_II; GOBP_REGULATION_OF_DNA_TEMPLATED_TRANSCRIPTION_INITIATION; GOBP_REGULATION_OF_TRANSCRIPTION_INITIATION_BY_RNA_POLYMERASE_II; GOBP_RNA_POLYMERASE_II_PREINITIATION_COMPLEX_ASSEMBLY; GOBP_TRANSCRIPTION_INITIATION_AT_RNA_POLYMERASE_II_PROMOTER; GOBP_TRANSCRIPTION_PREINITIATION_COMPLEX_ASSEMBLY; GOCC_NUCLEAR_DNA_DIRECTED_RNA_POLYMERASE_COMPLEX; GOCC_RNA_POLYMERASE_COMPLEX; GOCC_RNA_POLYMERASE_II_TRANSCRIPTION_REGULATOR_COMPLEX; GOCC_SAGA_TYPE_COMPLEX; GOCC_TRANSCRIPTION_FACTOR_TFIID_COMPLEX; GOCC_TRANSCRIPTION_FACTOR_TFTC_COMPLEX; GOCC_TRANSCRIPTION_REGULATOR_COMPLEX; GOMF_GENERAL_TRANSCRIPTION_INITIATION_FACTOR_ACTIVITY; GOMF_RNA_POLYMERASE_II_GENERAL_TRANSCRIPTION_INITIATION_FACTOR_ACTIVITY; GOMF_SEQUENCE_SPECIFIC_DNA_BINDING; REACTOME_GENE_EXPRESSION_TRANSCRIPTION; REACTOME_GENERIC_TRANSCRIPTION_PATHWAY; REACTOME_RNA_POLYMERASE_II_PRE_TRANSCRIPTION_EVENTS; REACTOME_RNA_POLYMERASE_II_PROMOTER_ESCAPE; REACTOME_TRANSCRIPTIONAL_REGULATION_BY_TP53,NA,GOBP_DNA_DAMAGE_RESPONSE; GOBP_DNA_REPAIR,NA
