endpoint_id,gene_symbol,analysis_family,analysis_scope,endpoint_label,endpoint_order,clinical_attribute,reference_group,case_group,gene_label,candidate_group,human_symbols,mutation_definition,test_status,n_reference_profiled,n_reference_mutated,reference_prevalence_pct,n_case_profiled,n_case_mutated,case_prevalence_pct,prevalence_difference_pct,odds_ratio,odds_ratio_conf_low,odds_ratio_conf_high,corrected_odds_ratio,corrected_log2_odds_ratio,p_value,q_value_within_endpoint,q_value_analysis_family
sample_type_pooled,Arid2,Primary / metastatic,Pooled primary analysis,Primary vs metastatic (all cohorts),1,SAMPLE_TYPE plus study design,Primary,Metastasis,Arid2 / ARID2,I+P,ARID2,Any nonsynonymous mutation in the mapped human orthologue; exact mouse variants are not matched.,tested,115,28,24.347826086956523,61,18,29.508196721311474,5.160370634354951,1.2986518148992632,0.6053161631136502,2.7448978004501887,1.3057067957249446,0.3848309674478087,0.4752557793064101,0.5940697241330126,0.8514999379239848
sample_type_pooled,Aatk,Primary / metastatic,Pooled primary analysis,Primary vs metastatic (all cohorts),1,SAMPLE_TYPE plus study design,Primary,Metastasis,Aatk / AATK,Initiation (I),AATK,Any nonsynonymous mutation in the mapped human orthologue; exact mouse variants are not matched.,tested,115,7,6.086956521739131,32,10,31.25,25.163043478260867,6.883015598126811,2.1079225582815817,23.883042761754762,6.751111111111111,2.7551249632850463,4.297061850373357e-4,0.002578237110224014,0.006159121985535145
sample_type_pooled,Bmper,Primary / metastatic,Pooled primary analysis,Primary vs metastatic (all cohorts),1,SAMPLE_TYPE plus study design,Primary,Metastasis,Bmper / BMPER,Initiation (I),BMPER,Any nonsynonymous mutation in the mapped human orthologue; exact mouse variants are not matched.,tested,115,12,10.434782608695652,32,9,28.125,17.690217391304348,3.324336299237601,1.0993856313961967,9.819673626172024,3.3472340425531915,1.7429694294905487,0.019853987292555025,0.05786069914476508,0.1403492856178148
sample_type_pooled,Cep170b,Primary / metastatic,Pooled primary analysis,Primary vs metastatic (all cohorts),1,SAMPLE_TYPE plus study design,Primary,Metastasis,Cep170b / CEP170B,Initiation (I),CEP170B,Any nonsynonymous mutation in the mapped human orthologue; exact mouse variants are not matched.,tested,115,10,8.695652173913043,32,14,43.75,35.05434782608695,8.001129433773858,2.827926437374554,23.682531580409954,7.8751608751608755,2.977309395427047,1.7234666013937317e-5,1.7234666013937316e-4,3.705453192996523e-4
sample_type_pooled,Cldn18,Primary / metastatic,Pooled primary analysis,Primary vs metastatic (all cohorts),1,SAMPLE_TYPE plus study design,Primary,Metastasis,Cldn18 / CLDN18,Initiation (I),CLDN18,Any nonsynonymous mutation in the mapped human orthologue; exact mouse variants are not matched.,tested,115,7,6.086956521739131,32,2,6.25,0.16304347826086918,1.0283746166747296,0.09928476685562193,5.791607224086994,1.185792349726776,0.24585139416043683,1,1,1
sample_type_pooled,Dennd1c,Primary / metastatic,Pooled primary analysis,Primary vs metastatic (all cohorts),1,SAMPLE_TYPE plus study design,Primary,Metastasis,Dennd1c / DENND1C,Initiation (I),DENND1C,Any nonsynonymous mutation in the mapped human orthologue; exact mouse variants are not matched.,tested,115,7,6.086956521739131,32,7,21.875,15.78804347826087,4.263716386644037,1.1623254792397446,15.715927243468668,4.254901960784314,2.089125890472984,0.01365083688139878,0.05119063830524542,0.1173971971800295
sample_type_pooled,Ezh1,Primary / metastatic,Pooled primary analysis,Primary vs metastatic (all cohorts),1,SAMPLE_TYPE plus study design,Primary,Metastasis,Ezh1 / EZH1,Initiation (I),EZH1,Any nonsynonymous mutation in the mapped human orthologue; exact mouse variants are not matched.,tested,115,12,10.434782608695652,32,12,37.5,27.065217391304348,5.0741793384755125,1.807375184106122,14.434650367404144,5.048780487804878,2.3359349528812414,7.325748006631834e-4,0.003662874003315917,0.009000204693861967
sample_type_pooled,Folh1,Primary / metastatic,Pooled primary analysis,Primary vs metastatic (all cohorts),1,SAMPLE_TYPE plus study design,Primary,Metastasis,Folh1 / FOLH1,Initiation (I),FOLH1,Any nonsynonymous mutation in the mapped human orthologue; exact mouse variants are not matched.,tested,115,14,12.173913043478262,32,9,28.125,15.951086956521738,2.7989840678468885,0.9471361426754555,7.985090362195786,2.8297872340425534,1.5006935838235522,0.05011440860607235,0.1002288172121447,0.2394355077845679
sample_type_pooled,Foxp4,Primary / metastatic,Pooled primary analysis,Primary vs metastatic (all cohorts),1,SAMPLE_TYPE plus study design,Primary,Metastasis,Foxp4 / FOXP4,Initiation (I),FOXP4,Any nonsynonymous mutation in the mapped human orthologue; exact mouse variants are not matched.,tested,115,10,8.695652173913043,32,3,9.375,0.679347826086957,1.0855947039009592,0.18032081598024752,4.5971222980223905,1.192090395480226,0.2534936386241877,0.9999999999999999,1,1
sample_type_pooled,Kndc1,Primary / metastatic,Pooled primary analysis,Primary vs metastatic (all cohorts),1,SAMPLE_TYPE plus study design,Primary,Metastasis,Kndc1 / KNDC1,Initiation (I),KNDC1,Any nonsynonymous mutation in the mapped human orthologue; exact mouse variants are not matched.,tested,115,14,12.173913043478262,32,19,59.375,47.201086956521735,10.300221037244205,3.9075704776588247,28.575275098149188,10.11111111111111,3.3378696387563838,1.733016176163695e-7,5.199048528491085e-6,1.4903939115007777e-5
sample_type_pooled,Ophn1,Primary / metastatic,Pooled primary analysis,Primary vs metastatic (all cohorts),1,SAMPLE_TYPE plus study design,Primary,Metastasis,Ophn1 / OPHN1,Initiation (I),OPHN1,Any nonsynonymous mutation in the mapped human orthologue; exact mouse variants are not matched.,tested,115,2,1.7391304347826086,32,2,6.25,4.510869565217392,3.722790521875103,0.2599730933083031,53.29752599670588,3.721311475409836,1.8958111497280288,0.20660092095411617,0.28257295020638223,0.5400283048388639
sample_type_pooled,Otog,Primary / metastatic,Pooled primary analysis,Primary vs metastatic (all cohorts),1,SAMPLE_TYPE plus study design,Primary,Metastasis,Otog / OTOG,Initiation (I),OTOG,Any nonsynonymous mutation in the mapped human orthologue; exact mouse variants are not matched.,tested,115,12,10.434782608695652,32,17,53.125,42.690217391304344,9.506759332669422,3.529001326523563,26.87601738421481,9.348387096774193,3.224717474282692,9.2360156914198e-7,1.38540235371297e-5,2.6476578315403428e-5
sample_type_pooled,Pkp4,Primary / metastatic,Pooled primary analysis,Primary vs metastatic (all cohorts),1,SAMPLE_TYPE plus study design,Primary,Metastasis,Pkp4 / PKP4,Initiation (I),PKP4,Any nonsynonymous mutation in the mapped human orthologue; exact mouse variants are not matched.,tested,115,13,11.304347826086957,32,9,28.125,16.820652173913043,3.0417701339300027,1.018322317115937,8.816602870991517,3.0693459416863673,1.6179312591079256,0.02578411753507911,0.06435091525057121,0.14988400677112212
sample_type_pooled,Plce1,Primary / metastatic,Pooled primary analysis,Primary vs metastatic (all cohorts),1,SAMPLE_TYPE plus study design,Primary,Metastasis,Plce1 / PLCE1,Initiation (I),PLCE1,Any nonsynonymous mutation in the mapped human orthologue; exact mouse variants are not matched.,tested,115,40,34.78260869565217,32,18,56.25,21.467391304347828,2.3955309236994307,1.0077491803357714,5.807646232612775,2.378458918688804,1.2500271069418318,0.04007589030732378,0.0858769078014081,0.2027368568488144
sample_type_pooled,Ppp1r14d,Primary / metastatic,Pooled primary analysis,Primary vs metastatic (all cohorts),1,SAMPLE_TYPE plus study design,Primary,Metastasis,Ppp1r14d / PPP1R14D,Initiation (I),PPP1R14D,Any nonsynonymous mutation in the mapped human orthologue; exact mouse variants are not matched.,tested,115,6,5.217391304347826,32,0,0,-5.217391304347826,0,0,3.058988872969595,0.2591715976331361,-1.9480204715683733,0.3400870144069063,0.4435917579220517,0.7390016811069441
sample_type_pooled,Rad51b,Primary / metastatic,Pooled primary analysis,Primary vs metastatic (all cohorts),1,SAMPLE_TYPE plus study design,Primary,Metastasis,Rad51b / RAD51B,Initiation (I),RAD51B,Any nonsynonymous mutation in the mapped human orthologue; exact mouse variants are not matched.,tested,115,13,11.304347826086957,61,5,8.19672131147541,-3.107626514611548,0.7019012037305463,0.18612523302542652,2.235422261703819,0.7391019337921992,-0.436154746435913,0.6086030022526053,0.7303236027031264,0.8558974070808688
sample_type_pooled,Rasd2,Primary / metastatic,Pooled primary analysis,Primary vs metastatic (all cohorts),1,SAMPLE_TYPE plus study design,Primary,Metastasis,Rasd2 / RASD2,Initiation (I),RASD2,Any nonsynonymous mutation in the mapped human orthologue; exact mouse variants are not matched.,tested,115,5,4.3478260869565215,32,4,12.5,8.152173913043478,3.111920041782944,0.5784059473385363,15.52757245248714,3.172248803827751,1.665505928031705,0.1040354852117271,0.15605322781759065,0.36054008731604376
sample_type_pooled,Spats2l,Primary / metastatic,Pooled primary analysis,Primary vs metastatic (all cohorts),1,SAMPLE_TYPE plus study design,Primary,Metastasis,Spats2l / SPATS2L,Initiation (I),SPATS2L,Any nonsynonymous mutation in the mapped human orthologue; exact mouse variants are not matched.,tested,115,5,4.3478260869565215,32,1,3.125,-1.2228260869565215,0.7111966550469492,0.014545791505119822,6.700651839410844,0.9567099567099567,-0.06384648202462594,1,1,1
sample_type_pooled,Srgap1,Primary / metastatic,Pooled primary analysis,Primary vs metastatic (all cohorts),1,SAMPLE_TYPE plus study design,Primary,Metastasis,Srgap1 / SRGAP1,Initiation (I),SRGAP1,Any nonsynonymous mutation in the mapped human orthologue; exact mouse variants are not matched.,tested,115,11,9.565217391304348,32,7,21.875,12.309782608695652,2.6262755904538806,0.7808282129597461,8.331281233070689,2.6726342710997444,1.418262429660893,0.07183128305690922,0.12327150079389511,0.30289568766499936
sample_type_pooled,Tmprss9,Primary / metastatic,Pooled primary analysis,Primary vs metastatic (all cohorts),1,SAMPLE_TYPE plus study design,Primary,Metastasis,Tmprss9 / TMPRSS9,Initiation (I),TMPRSS9,Any nonsynonymous mutation in the mapped human orthologue; exact mouse variants are not matched.,tested,115,11,9.565217391304348,32,9,28.125,18.559782608695652,3.657986739509336,1.1925876405273916,11.048902867769314,3.673450508788159,1.877135837789818,0.0158971264013559,0.052990421337853005,0.12428662459241886
sample_type_pooled,Ube2d2a,Primary / metastatic,Pooled primary analysis,Primary vs metastatic (all cohorts),1,SAMPLE_TYPE plus study design,Primary,Metastasis,Ube2d2a / UBE2D2,Initiation (I),UBE2D2,Any nonsynonymous mutation in the mapped human orthologue; exact mouse variants are not matched.,tested,115,1,0.8695652173913043,32,0,0,-0.8695652173913043,0,0,139.85216713854092,1.1743589743589744,0.2318734743473333,0.9999999999999999,1,1
sample_type_pooled,Usp3,Primary / metastatic,Pooled primary analysis,Primary vs metastatic (all cohorts),1,SAMPLE_TYPE plus study design,Primary,Metastasis,Usp3 / USP3,Initiation (I),USP3,Any nonsynonymous mutation in the mapped human orthologue; exact mouse variants are not matched.,tested,115,2,1.7391304347826086,32,3,9.375,7.635869565217392,5.750438599389954,0.6286221091485563,71.98053527309955,5.386440677966101,2.4293322650993154,0.06900443731538951,0.12327150079389511,0.30289568766499936
sample_type_pooled,Xirp2,Primary / metastatic,Pooled primary analysis,Primary vs metastatic (all cohorts),1,SAMPLE_TYPE plus study design,Primary,Metastasis,Xirp2 / XIRP2,Initiation (I),XIRP2,Any nonsynonymous mutation in the mapped human orthologue; exact mouse variants are not matched.,tested,115,38,33.04347826086956,32,23,71.875,38.83152173913044,5.11581151413129,2.0430473767862205,13.863909551300676,4.979494190020506,2.315999202813388,1.0532252048162201e-4,7.899189036121651e-4,0.0018115473522838986
sample_type_pooled,Csmd2,Primary / metastatic,Pooled primary analysis,Primary vs metastatic (all cohorts),1,SAMPLE_TYPE plus study design,Primary,Metastasis,Csmd2 / CSMD2,Predisposition,CSMD2,Any nonsynonymous mutation in the mapped human orthologue; exact mouse variants are not matched.,tested,115,45,39.130434782608695,32,22,68.75,29.619565217391305,3.392503826846752,1.3885789903695318,8.823364512241211,3.3202511773940344,1.7312923857510116,0.004519558745869547,0.019369537482298055,0.04454916171039694
sample_type_pooled,Erbb2,Primary / metastatic,Pooled primary analysis,Primary vs metastatic (all cohorts),1,SAMPLE_TYPE plus study design,Primary,Metastasis,Erbb2 / ERBB2,Predisposition,ERBB2,Any nonsynonymous mutation in the mapped human orthologue; exact mouse variants are not matched.,tested,115,9,7.826086956521739,61,12,19.672131147540984,11.846044191019246,2.865369324023442,1.0307921318918283,8.259593610880772,2.8309409888357258,1.5012816764773678,0.02788539660858086,0.06435091525057121,0.14988400677112212
sample_type_pooled,Huwe1,Primary / metastatic,Pooled primary analysis,Primary vs metastatic (all cohorts),1,SAMPLE_TYPE plus study design,Primary,Metastasis,Huwe1 / HUWE1,Predisposition,HUWE1,Any nonsynonymous mutation in the mapped human orthologue; exact mouse variants are not matched.,tested,115,28,24.347826086956523,32,13,40.625,16.277173913043477,2.114007227553936,0.8454673357758333,5.198731435131779,2.125506072874494,1.0878063809688074,0.07819629808783246,0.12346783908605126,0.3056764379797087
sample_type_pooled,Lrp1b,Primary / metastatic,Pooled primary analysis,Primary vs metastatic (all cohorts),1,SAMPLE_TYPE plus study design,Primary,Metastasis,Lrp1b / LRP1B,Predisposition,LRP1B,Any nonsynonymous mutation in the mapped human orthologue; exact mouse variants are not matched.,tested,115,64,55.65217391304348,61,43,70.49180327868852,14.839629365645045,1.896801341850827,0.939418958770392,3.9358120442710978,1.8774355751099938,0.9087634019797428,0.07396290047633707,0.12327150079389511,0.30289568766499936
sample_type_pooled,Pard3,Primary / metastatic,Pooled primary analysis,Primary vs metastatic (all cohorts),1,SAMPLE_TYPE plus study design,Primary,Metastasis,Pard3 / PARD3,Predisposition,PARD3,Any nonsynonymous mutation in the mapped human orthologue; exact mouse variants are not matched.,tested,115,23,20,32,13,40.625,20.625,2.7152793238652713,1.0678644486405766,6.824349145854097,2.7250409165302782,1.4462778921398949,0.021215589686413867,0.05786069914476508,0.1403492856178148
sample_type_pooled,Psme4,Primary / metastatic,Pooled primary analysis,Primary vs metastatic (all cohorts),1,SAMPLE_TYPE plus study design,Primary,Metastasis,Psme4 / PSME4,Predisposition,PSME4,Any nonsynonymous mutation in the mapped human orthologue; exact mouse variants are not matched.,tested,115,11,9.565217391304348,32,6,18.75,9.184782608695652,2.168341369453505,0.6005876713067041,7.137982403310025,2.228876127973749,1.156316439601763,0.20722016348468034,0.28257295020638223,0.5400283048388639
sample_type_pooled,Ptch1,Primary / metastatic,Pooled primary analysis,Primary vs metastatic (all cohorts),1,SAMPLE_TYPE plus study design,Primary,Metastasis,Ptch1 / PTCH1,Predisposition,PTCH1,Any nonsynonymous mutation in the mapped human orthologue; exact mouse variants are not matched.,tested,115,23,20,61,12,19.672131147540984,-0.32786885245901587,0.9797050691952445,0.4075147075151699,2.260561616671665,0.9939823769611004,-0.008707821466210163,0.9999999999999999,1,1
sample_type_explicit,Arid2,Primary / metastatic,Explicit-field sensitivity,Primary vs metastatic (explicit field),2,SAMPLE_TYPE,Primary,Metastasis,Arid2 / ARID2,I+P,ARID2,Any nonsynonymous mutation in the mapped human orthologue; exact mouse variants are not matched.,tested,32,5,15.625,32,10,31.25,15.625,2.4202592921768913,0.6379659297570034,10.440505523512304,2.3333333333333335,1.222392421336448,0.23744906391412343,0.6886022853509579,0.5834462713318462
sample_type_explicit,Aatk,Primary / metastatic,Explicit-field sensitivity,Primary vs metastatic (explicit field),2,SAMPLE_TYPE,Primary,Metastasis,Aatk / AATK,Initiation (I),AATK,Any nonsynonymous mutation in the mapped human orthologue; exact mouse variants are not matched.,tested,32,5,15.625,32,10,31.25,15.625,2.4202592921768913,0.6379659297570034,10.440505523512304,2.3333333333333335,1.222392421336448,0.23744906391412343,0.6886022853509579,0.5834462713318462
sample_type_explicit,Bmper,Primary / metastatic,Explicit-field sensitivity,Primary vs metastatic (explicit field),2,SAMPLE_TYPE,Primary,Metastasis,Bmper / BMPER,Initiation (I),BMPER,Any nonsynonymous mutation in the mapped human orthologue; exact mouse variants are not matched.,tested,32,6,18.75,32,9,28.125,9.375,1.6816697544423094,0.4526774843564687,6.696246786489233,1.6481178396072014,0.7208193981880552,0.5561270670544898,0.8462510687335043,0.8558974070808688
sample_type_explicit,Cep170b,Primary / metastatic,Explicit-field sensitivity,Primary vs metastatic (explicit field),2,SAMPLE_TYPE,Primary,Metastasis,Cep170b / CEP170B,Initiation (I),CEP170B,Any nonsynonymous mutation in the mapped human orthologue; exact mouse variants are not matched.,tested,32,5,15.625,32,14,43.75,28.125,4.103618932001988,1.1443200608940347,17.23649997075119,3.918918918918919,1.9704557243859846,0.02719225961765448,0.2628585096373266,0.14988400677112212
sample_type_explicit,Cldn18,Primary / metastatic,Explicit-field sensitivity,Primary vs metastatic (explicit field),2,SAMPLE_TYPE,Primary,Metastasis,Cldn18 / CLDN18,Initiation (I),CLDN18,Any nonsynonymous mutation in the mapped human orthologue; exact mouse variants are not matched.,tested,32,2,6.25,32,2,6.25,0,1,0.0683475900299918,14.631093789279001,1,0,1,1,1
sample_type_explicit,Dennd1c,Primary / metastatic,Explicit-field sensitivity,Primary vs metastatic (explicit field),2,SAMPLE_TYPE,Primary,Metastasis,Dennd1c / DENND1C,Initiation (I),DENND1C,Any nonsynonymous mutation in the mapped human orthologue; exact mouse variants are not matched.,tested,32,2,6.25,32,7,21.875,15.625,4.111945668127102,0.6981593009593219,44.044348061320434,3.588235294117647,1.843274496312547,0.14771647094953272,0.5354722071920561,0.42345388338866047
sample_type_explicit,Ezh1,Primary / metastatic,Explicit-field sensitivity,Primary vs metastatic (explicit field),2,SAMPLE_TYPE,Primary,Metastasis,Ezh1 / EZH1,Initiation (I),EZH1,Any nonsynonymous mutation in the mapped human orthologue; exact mouse variants are not matched.,tested,32,5,15.625,32,12,37.5,21.875,3.1801660152582296,0.8685450873111183,13.468213493799475,3.048780487804878,1.6082322800440034,0.08786551141966537,0.5354722071920561,0.3285406079170096
sample_type_explicit,Folh1,Primary / metastatic,Explicit-field sensitivity,Primary vs metastatic (explicit field),2,SAMPLE_TYPE,Primary,Metastasis,Folh1 / FOLH1,Initiation (I),FOLH1,Any nonsynonymous mutation in the mapped human orthologue; exact mouse variants are not matched.,tested,32,7,21.875,32,9,28.125,6.25,1.3902032387566652,0.3872662350411756,5.185366524778853,1.374468085106383,0.4588734081289253,0.7735342178849438,0.9308747180382121,1
sample_type_explicit,Foxp4,Primary / metastatic,Explicit-field sensitivity,Primary vs metastatic (explicit field),2,SAMPLE_TYPE,Primary,Metastasis,Foxp4 / FOXP4,Initiation (I),FOXP4,Any nonsynonymous mutation in the mapped human orthologue; exact mouse variants are not matched.,tested,32,6,18.75,32,3,9.375,-9.375,0.4538339508080508,0.0666557995114181,2.3864657867537153,0.48370273794002605,-1.0478073908821302,0.47412292888375435,0.8462510687335043,0.8514999379239848
sample_type_explicit,Kndc1,Primary / metastatic,Explicit-field sensitivity,Primary vs metastatic (explicit field),2,SAMPLE_TYPE,Primary,Metastasis,Kndc1 / KNDC1,Initiation (I),KNDC1,Any nonsynonymous mutation in the mapped human orthologue; exact mouse variants are not matched.,tested,32,7,21.875,32,19,59.375,37.5,5.0738173977834355,1.5544305083179089,18.352102525640024,4.911111111111111,2.296049463061757,0.004662121574343866,0.06760076282798605,0.04454916171039694
sample_type_explicit,Ophn1,Primary / metastatic,Explicit-field sensitivity,Primary vs metastatic (explicit field),2,SAMPLE_TYPE,Primary,Metastasis,Ophn1 / OPHN1,Initiation (I),OPHN1,Any nonsynonymous mutation in the mapped human orthologue; exact mouse variants are not matched.,tested,32,0,0,32,2,6.25,6.25,Inf,0.1887686575249695,Inf,5.327868852459017,2.4135585703529308,0.49206349206349204,0.8462510687335043,0.8558974070808688
sample_type_explicit,Otog,Primary / metastatic,Explicit-field sensitivity,Primary vs metastatic (explicit field),2,SAMPLE_TYPE,Primary,Metastasis,Otog / OTOG,Initiation (I),OTOG,Any nonsynonymous mutation in the mapped human orthologue; exact mouse variants are not matched.,tested,32,0,0,32,17,53.125,53.125,Inf,7.2394634985187185,Inf,73.38709677419355,6.197454519586546,8.20262363413386e-7,2.3787608538988194e-5,2.6476578315403428e-5
sample_type_explicit,Pkp4,Primary / metastatic,Explicit-field sensitivity,Primary vs metastatic (explicit field),2,SAMPLE_TYPE,Primary,Metastasis,Pkp4 / PKP4,Initiation (I),PKP4,Any nonsynonymous mutation in the mapped human orthologue; exact mouse variants are not matched.,tested,32,6,18.75,32,9,28.125,9.375,1.6816697544423094,0.4526774843564687,6.696246786489233,1.6481178396072014,0.7208193981880552,0.5561270670544898,0.8462510687335043,0.8558974070808688
sample_type_explicit,Plce1,Primary / metastatic,Explicit-field sensitivity,Primary vs metastatic (explicit field),2,SAMPLE_TYPE,Primary,Metastasis,Plce1 / PLCE1,Initiation (I),PLCE1,Any nonsynonymous mutation in the mapped human orthologue; exact mouse variants are not matched.,tested,32,16,50,32,18,56.25,6.25,1.2806485758217485,0.4305351150302119,3.851915174972711,1.2758620689655173,0.3514723705013778,0.8024782052053553,0.9308747180382121,1
sample_type_explicit,Ppp1r14d,Primary / metastatic,Explicit-field sensitivity,Primary vs metastatic (explicit field),2,SAMPLE_TYPE,Primary,Metastasis,Ppp1r14d / PPP1R14D,Initiation (I),PPP1R14D,Any nonsynonymous mutation in the mapped human orthologue; exact mouse variants are not matched.,tested,32,4,12.5,32,0,0,-12.5,0,0,1.4552639835215644,0.09743589743589744,-3.3594028003060252,0.11319281811085095,0.5354722071920561,0.36054008731604376
sample_type_explicit,Rad51b,Primary / metastatic,Explicit-field sensitivity,Primary vs metastatic (explicit field),2,SAMPLE_TYPE,Primary,Metastasis,Rad51b / RAD51B,Initiation (I),RAD51B,Any nonsynonymous mutation in the mapped human orthologue; exact mouse variants are not matched.,tested,32,5,15.625,32,5,15.625,0,1,0.204223028759844,4.896607429987484,1,0,1,1,1
sample_type_explicit,Rasd2,Primary / metastatic,Explicit-field sensitivity,Primary vs metastatic (explicit field),2,SAMPLE_TYPE,Primary,Metastasis,Rasd2 / RASD2,Initiation (I),RASD2,Any nonsynonymous mutation in the mapped human orthologue; exact mouse variants are not matched.,tested,32,2,6.25,32,4,12.5,6.25,2.1181357716204468,0.278355016429263,25.151440077161695,1.9263157894736842,0.9458442299530946,0.6718665237698304,0.8856422358784127,0.9028206413157095
sample_type_explicit,Spats2l,Primary / metastatic,Explicit-field sensitivity,Primary vs metastatic (explicit field),2,SAMPLE_TYPE,Primary,Metastasis,Spats2l / SPATS2L,Initiation (I),SPATS2L,Any nonsynonymous mutation in the mapped human orthologue; exact mouse variants are not matched.,tested,32,4,12.5,32,1,3.125,-9.375,0.23055399231199816,0.004450090771617835,2.5128283021020206,0.30158730158730157,-1.7293524100563311,0.35467083008066624,0.8462510687335043,0.7439436923643243
sample_type_explicit,Srgap1,Primary / metastatic,Explicit-field sensitivity,Primary vs metastatic (explicit field),2,SAMPLE_TYPE,Primary,Metastasis,Srgap1 / SRGAP1,Initiation (I),SRGAP1,Any nonsynonymous mutation in the mapped human orthologue; exact mouse variants are not matched.,tested,32,2,6.25,32,7,21.875,15.625,4.111945668127102,0.6981593009593219,44.044348061320434,3.588235294117647,1.843274496312547,0.14771647094953272,0.5354722071920561,0.42345388338866047
sample_type_explicit,Tmprss9,Primary / metastatic,Explicit-field sensitivity,Primary vs metastatic (explicit field),2,SAMPLE_TYPE,Primary,Metastasis,Tmprss9 / TMPRSS9,Initiation (I),TMPRSS9,Any nonsynonymous mutation in the mapped human orthologue; exact mouse variants are not matched.,tested,32,3,9.375,32,9,28.125,18.75,3.7064139825087477,0.8039011598426509,23.722201684961597,3.407294832826748,1.7686267890701852,0.10685945415000943,0.5354722071920561,0.36054008731604376
sample_type_explicit,Ube2d2a,Primary / metastatic,Explicit-field sensitivity,Primary vs metastatic (explicit field),2,SAMPLE_TYPE,Primary,Metastasis,Ube2d2a / UBE2D2,Initiation (I),UBE2D2,Any nonsynonymous mutation in the mapped human orthologue; exact mouse variants are not matched.,not_testable_no_mutation_variation,32,0,0,32,0,0,0,NA,NA,NA,1,0,NA,NA,NA
sample_type_explicit,Usp3,Primary / metastatic,Explicit-field sensitivity,Primary vs metastatic (explicit field),2,SAMPLE_TYPE,Primary,Metastasis,Usp3 / USP3,Initiation (I),USP3,Any nonsynonymous mutation in the mapped human orthologue; exact mouse variants are not matched.,tested,32,1,3.125,32,3,9.375,6.25,3.153199133693932,0.2376898979338941,173.51190040296797,2.4915254237288136,1.317029295474523,0.6128024980483997,0.8462510687335043,0.8558974070808688
sample_type_explicit,Xirp2,Primary / metastatic,Explicit-field sensitivity,Primary vs metastatic (explicit field),2,SAMPLE_TYPE,Primary,Metastasis,Xirp2 / XIRP2,Initiation (I),XIRP2,Any nonsynonymous mutation in the mapped human orthologue; exact mouse variants are not matched.,tested,32,24,75,32,23,71.875,-3.125,0.8539914429643191,0.24015268311975016,2.987638513526378,0.8582169709989259,-0.22058566463081689,0.9999999999999999,1,1
sample_type_explicit,Csmd2,Primary / metastatic,Explicit-field sensitivity,Primary vs metastatic (explicit field),2,SAMPLE_TYPE,Primary,Metastasis,Csmd2 / CSMD2,Predisposition,CSMD2,Any nonsynonymous mutation in the mapped human orthologue; exact mouse variants are not matched.,tested,32,18,56.25,32,22,68.75,12.5,1.696707345016424,0.5481965289951976,5.417329149585859,1.6795366795366795,0.7480633030495367,0.4389694607398475,0.8462510687335043,0.8514999379239848
sample_type_explicit,Erbb2,Primary / metastatic,Explicit-field sensitivity,Primary vs metastatic (explicit field),2,SAMPLE_TYPE,Primary,Metastasis,Erbb2 / ERBB2,Predisposition,ERBB2,Any nonsynonymous mutation in the mapped human orthologue; exact mouse variants are not matched.,tested,32,6,18.75,32,7,21.875,3.125,1.2096697104792555,0.30040262563906256,5.0246513037724,1.1990950226244343,0.2619459900591299,0.9999999999999999,1,1
sample_type_explicit,Huwe1,Primary / metastatic,Explicit-field sensitivity,Primary vs metastatic (explicit field),2,SAMPLE_TYPE,Primary,Metastasis,Huwe1 / HUWE1,Predisposition,HUWE1,Any nonsynonymous mutation in the mapped human orthologue; exact mouse variants are not matched.,tested,32,10,31.25,32,13,40.625,9.375,1.4955943962967735,0.47869837302255175,4.792218501033878,1.4835164835164836,0.5690209568521347,0.6028827657029734,0.8462510687335043,0.8558974070808688
sample_type_explicit,Lrp1b,Primary / metastatic,Explicit-field sensitivity,Primary vs metastatic (explicit field),2,SAMPLE_TYPE,Primary,Metastasis,Lrp1b / LRP1B,Predisposition,LRP1B,Any nonsynonymous mutation in the mapped human orthologue; exact mouse variants are not matched.,tested,32,27,84.375,32,29,90.625,6.25,1.7740595416732161,0.3103768474554878,12.533592447733435,1.6857142857142857,0.7533600324168748,0.7078460716020858,0.8925015685417603,0.936534802427375
sample_type_explicit,Pard3,Primary / metastatic,Explicit-field sensitivity,Primary vs metastatic (explicit field),2,SAMPLE_TYPE,Primary,Metastasis,Pard3 / PARD3,Predisposition,PARD3,Any nonsynonymous mutation in the mapped human orthologue; exact mouse variants are not matched.,tested,32,8,25,32,13,40.625,15.625,2.0294108310119894,0.6266747596393951,6.935781889159121,1.995475113122172,0.996732286166089,0.28690875044343817,0.7563957966236097,0.6853931260593245
sample_type_explicit,Psme4,Primary / metastatic,Explicit-field sensitivity,Primary vs metastatic (explicit field),2,SAMPLE_TYPE,Primary,Metastasis,Psme4 / PSME4,Predisposition,PSME4,Any nonsynonymous mutation in the mapped human orthologue; exact mouse variants are not matched.,tested,32,3,9.375,32,6,18.75,9.375,2.2034490769575545,0.41902968211427394,15.002445508566742,2.0673854447439353,1.0478073908821302,0.47412292888375435,0.8462510687335043,0.8514999379239848
sample_type_explicit,Ptch1,Primary / metastatic,Explicit-field sensitivity,Primary vs metastatic (explicit field),2,SAMPLE_TYPE,Primary,Metastasis,Ptch1 / PTCH1,Predisposition,PTCH1,Any nonsynonymous mutation in the mapped human orthologue; exact mouse variants are not matched.,tested,32,5,15.625,32,8,25,9.375,1.78353940961068,0.44286933940313433,7.934279576633613,1.7346938775510203,0.7946810920224935,0.5356406239954659,0.8462510687335043,0.8558974070808688
sample_type_hgsc,Arid2,Primary / metastatic,Within-study sensitivity,Primary vs metastatic (HGSC),3,SAMPLE_TYPE,Primary,Metastasis,Arid2 / ARID2,I+P,ARID2,Any nonsynonymous mutation in the mapped human orthologue; exact mouse variants are not matched.,tested,32,5,15.625,7,2,28.571428571428573,12.946428571428573,2.110904668028148,0.15905777496520718,18.559630864953334,2.272727272727273,1.1844245711374275,0.5875840334044669,1,0.8558974070808688
sample_type_hgsc,Aatk,Primary / metastatic,Within-study sensitivity,Primary vs metastatic (HGSC),3,SAMPLE_TYPE,Primary,Metastasis,Aatk / AATK,Initiation (I),AATK,Any nonsynonymous mutation in the mapped human orthologue; exact mouse variants are not matched.,tested,32,5,15.625,7,2,28.571428571428573,12.946428571428573,2.110904668028148,0.15905777496520718,18.559630864953334,2.272727272727273,1.1844245711374275,0.5875840334044669,1,0.8558974070808688
sample_type_hgsc,Bmper,Primary / metastatic,Within-study sensitivity,Primary vs metastatic (HGSC),3,SAMPLE_TYPE,Primary,Metastasis,Bmper / BMPER,Initiation (I),BMPER,Any nonsynonymous mutation in the mapped human orthologue; exact mouse variants are not matched.,tested,32,6,18.75,7,0,0,-18.75,0,0,4.062446157312966,0.2717948717948718,-1.8794098591864117,0.5679451778522986,1,0.8558974070808688
sample_type_hgsc,Cep170b,Primary / metastatic,Within-study sensitivity,Primary vs metastatic (HGSC),3,SAMPLE_TYPE,Primary,Metastasis,Cep170b / CEP170B,Initiation (I),CEP170B,Any nonsynonymous mutation in the mapped human orthologue; exact mouse variants are not matched.,tested,32,5,15.625,7,0,0,-15.625,0,0,5.310377895278255,0.3333333333333333,-1.5849625007211563,0.562801668064826,1,0.8558974070808688
sample_type_hgsc,Cldn18,Primary / metastatic,Within-study sensitivity,Primary vs metastatic (HGSC),3,SAMPLE_TYPE,Primary,Metastasis,Cldn18 / CLDN18,Initiation (I),CLDN18,Any nonsynonymous mutation in the mapped human orthologue; exact mouse variants are not matched.,tested,32,2,6.25,7,0,0,-6.25,0,0,25.49238049385204,0.8133333333333334,-0.2980813529329946,0.9999999999999999,1,1
sample_type_hgsc,Dennd1c,Primary / metastatic,Within-study sensitivity,Primary vs metastatic (HGSC),3,SAMPLE_TYPE,Primary,Metastasis,Dennd1c / DENND1C,Initiation (I),DENND1C,Any nonsynonymous mutation in the mapped human orthologue; exact mouse variants are not matched.,tested,32,2,6.25,7,1,14.285714285714286,8.035714285714286,2.4273962634858832,0.0363734199218838,54.105104089893956,2.8153846153846156,1.493332025255588,0.4572710362184044,1,0.8514999379239848
sample_type_hgsc,Ezh1,Primary / metastatic,Within-study sensitivity,Primary vs metastatic (HGSC),3,SAMPLE_TYPE,Primary,Metastasis,Ezh1 / EZH1,Initiation (I),EZH1,Any nonsynonymous mutation in the mapped human orthologue; exact mouse variants are not matched.,tested,32,5,15.625,7,3,42.857142857142854,27.232142857142854,3.8677561941890315,0.43438462265449773,32.22630567072003,3.888888888888889,1.959358015502654,0.13676709032746182,1,0.42007034886291844
sample_type_hgsc,Folh1,Primary / metastatic,Within-study sensitivity,Primary vs metastatic (HGSC),3,SAMPLE_TYPE,Primary,Metastasis,Folh1 / FOLH1,Initiation (I),FOLH1,Any nonsynonymous mutation in the mapped human orthologue; exact mouse variants are not matched.,tested,32,7,21.875,7,0,0,-21.875,0,0,3.243996559942622,0.22666666666666666,-2.1413558492455413,0.31264005567411146,1,0.7266768861614482
sample_type_hgsc,Foxp4,Primary / metastatic,Within-study sensitivity,Primary vs metastatic (HGSC),3,SAMPLE_TYPE,Primary,Metastasis,Foxp4 / FOXP4,Initiation (I),FOXP4,Any nonsynonymous mutation in the mapped human orthologue; exact mouse variants are not matched.,tested,32,6,18.75,7,0,0,-18.75,0,0,4.062446157312966,0.2717948717948718,-1.8794098591864117,0.5679451778522986,1,0.8558974070808688
sample_type_hgsc,Kndc1,Primary / metastatic,Within-study sensitivity,Primary vs metastatic (HGSC),3,SAMPLE_TYPE,Primary,Metastasis,Kndc1 / KNDC1,Initiation (I),KNDC1,Any nonsynonymous mutation in the mapped human orthologue; exact mouse variants are not matched.,tested,32,7,21.875,7,3,42.857142857142854,20.982142857142854,2.6013081455367337,0.30807799225258553,19.869485589736144,2.6444444444444444,1.4029646669782687,0.3437217121427647,1,0.7390016811069441
sample_type_hgsc,Ophn1,Primary / metastatic,Within-study sensitivity,Primary vs metastatic (HGSC),3,SAMPLE_TYPE,Primary,Metastasis,Ophn1 / OPHN1,Initiation (I),OPHN1,Any nonsynonymous mutation in the mapped human orthologue; exact mouse variants are not matched.,not_testable_no_mutation_variation,32,0,0,7,0,0,0,NA,NA,NA,4.333333333333333,2.1154772174199357,NA,NA,NA
sample_type_hgsc,Otog,Primary / metastatic,Within-study sensitivity,Primary vs metastatic (HGSC),3,SAMPLE_TYPE,Primary,Metastasis,Otog / OTOG,Initiation (I),OTOG,Any nonsynonymous mutation in the mapped human orthologue; exact mouse variants are not matched.,not_testable_no_mutation_variation,32,0,0,7,0,0,0,NA,NA,NA,4.333333333333333,2.1154772174199357,NA,NA,NA
sample_type_hgsc,Pkp4,Primary / metastatic,Within-study sensitivity,Primary vs metastatic (HGSC),3,SAMPLE_TYPE,Primary,Metastasis,Pkp4 / PKP4,Initiation (I),PKP4,Any nonsynonymous mutation in the mapped human orthologue; exact mouse variants are not matched.,tested,32,6,18.75,7,2,28.571428571428573,9.821428571428573,1.7064243217917616,0.1322518211112654,14.18633856221096,1.8531468531468531,0.8899772126721721,0.6170423167327194,1,0.8558974070808688
sample_type_hgsc,Plce1,Primary / metastatic,Within-study sensitivity,Primary vs metastatic (HGSC),3,SAMPLE_TYPE,Primary,Metastasis,Plce1 / PLCE1,Initiation (I),PLCE1,Any nonsynonymous mutation in the mapped human orthologue; exact mouse variants are not matched.,tested,32,16,50,7,1,14.285714285714286,-35.714285714285715,0.1734185094437637,0.0034198812207209403,1.6855976437219398,0.23076923076923078,-2.115477217419936,0.11252142831090195,1,0.36054008731604376
sample_type_hgsc,Ppp1r14d,Primary / metastatic,Within-study sensitivity,Primary vs metastatic (HGSC),3,SAMPLE_TYPE,Primary,Metastasis,Ppp1r14d / PPP1R14D,Initiation (I),PPP1R14D,Any nonsynonymous mutation in the mapped human orthologue; exact mouse variants are not matched.,tested,32,4,12.5,7,0,0,-12.5,0,0,7.436407296511373,0.4222222222222222,-1.2439255828860891,1,1,1
sample_type_hgsc,Rad51b,Primary / metastatic,Within-study sensitivity,Primary vs metastatic (HGSC),3,SAMPLE_TYPE,Primary,Metastasis,Rad51b / RAD51B,Initiation (I),RAD51B,Any nonsynonymous mutation in the mapped human orthologue; exact mouse variants are not matched.,tested,32,5,15.625,7,1,14.285714285714286,-1.3392857142857135,0.902377356782595,0.016344921051167572,10.64757069463227,1.1538461538461537,0.20645087746742624,0.9999999999999999,1,1
sample_type_hgsc,Rasd2,Primary / metastatic,Within-study sensitivity,Primary vs metastatic (HGSC),3,SAMPLE_TYPE,Primary,Metastasis,Rasd2 / RASD2,Initiation (I),RASD2,Any nonsynonymous mutation in the mapped human orthologue; exact mouse variants are not matched.,tested,32,2,6.25,7,0,0,-6.25,0,0,25.49238049385204,0.8133333333333334,-0.2980813529329946,0.9999999999999999,1,1
sample_type_hgsc,Spats2l,Primary / metastatic,Within-study sensitivity,Primary vs metastatic (HGSC),3,SAMPLE_TYPE,Primary,Metastasis,Spats2l / SPATS2L,Initiation (I),SPATS2L,Any nonsynonymous mutation in the mapped human orthologue; exact mouse variants are not matched.,tested,32,4,12.5,7,1,14.285714285714286,1.7857142857142865,1.1619271815666277,0.020340940981956733,15.015695207453895,1.4615384615384615,0.5474877953024933,0.9999999999999999,1,1
sample_type_hgsc,Srgap1,Primary / metastatic,Within-study sensitivity,Primary vs metastatic (HGSC),3,SAMPLE_TYPE,Primary,Metastasis,Srgap1 / SRGAP1,Initiation (I),SRGAP1,Any nonsynonymous mutation in the mapped human orthologue; exact mouse variants are not matched.,tested,32,2,6.25,7,1,14.285714285714286,8.035714285714286,2.4273962634858832,0.0363734199218838,54.105104089893956,2.8153846153846156,1.493332025255588,0.4572710362184044,1,0.8514999379239848
sample_type_hgsc,Tmprss9,Primary / metastatic,Within-study sensitivity,Primary vs metastatic (HGSC),3,SAMPLE_TYPE,Primary,Metastasis,Tmprss9 / TMPRSS9,Initiation (I),TMPRSS9,Any nonsynonymous mutation in the mapped human orthologue; exact mouse variants are not matched.,tested,32,3,9.375,7,0,0,-9.375,0,0,11.841383323837846,0.5619047619047619,-0.8316024683042814,1,1,1
sample_type_hgsc,Ube2d2a,Primary / metastatic,Within-study sensitivity,Primary vs metastatic (HGSC),3,SAMPLE_TYPE,Primary,Metastasis,Ube2d2a / UBE2D2,Initiation (I),UBE2D2,Any nonsynonymous mutation in the mapped human orthologue; exact mouse variants are not matched.,not_testable_no_mutation_variation,32,0,0,7,0,0,0,NA,NA,NA,4.333333333333333,2.1154772174199357,NA,NA,NA
sample_type_hgsc,Usp3,Primary / metastatic,Within-study sensitivity,Primary vs metastatic (HGSC),3,SAMPLE_TYPE,Primary,Metastasis,Usp3 / USP3,Initiation (I),USP3,Any nonsynonymous mutation in the mapped human orthologue; exact mouse variants are not matched.,tested,32,1,3.125,7,1,14.285714285714286,11.160714285714286,4.860034449954303,0.05647746698518171,416.57750716199143,4.846153846153846,2.276840205358824,0.33063427800269896,1,0.7390016811069441
sample_type_hgsc,Xirp2,Primary / metastatic,Within-study sensitivity,Primary vs metastatic (HGSC),3,SAMPLE_TYPE,Primary,Metastasis,Xirp2 / XIRP2,Initiation (I),XIRP2,Any nonsynonymous mutation in the mapped human orthologue; exact mouse variants are not matched.,tested,32,24,75,7,4,57.142857142857146,-17.857142857142854,0.4548662874497904,0.06101880788826897,3.777651041042614,0.446064139941691,-1.1646769234801606,0.3791314534348591,1,0.7763167856047114
sample_type_hgsc,Csmd2,Primary / metastatic,Within-study sensitivity,Primary vs metastatic (HGSC),3,SAMPLE_TYPE,Primary,Metastasis,Csmd2 / CSMD2,Predisposition,CSMD2,Any nonsynonymous mutation in the mapped human orthologue; exact mouse variants are not matched.,tested,32,18,56.25,7,4,57.142857142857146,0.8928571428571459,1.0360793201499208,0.14766698759478394,8.259211497242982,1.0077220077220077,0.011097708883330571,1,1,1
sample_type_hgsc,Erbb2,Primary / metastatic,Within-study sensitivity,Primary vs metastatic (HGSC),3,SAMPLE_TYPE,Primary,Metastasis,Erbb2 / ERBB2,Predisposition,ERBB2,Any nonsynonymous mutation in the mapped human orthologue; exact mouse variants are not matched.,tested,32,6,18.75,7,1,14.285714285714286,-4.4642857142857135,0.7278834918887728,0.013488652222316395,8.119019159970641,0.9408284023668639,-0.08799648099782892,1,1,1
sample_type_hgsc,Huwe1,Primary / metastatic,Within-study sensitivity,Primary vs metastatic (HGSC),3,SAMPLE_TYPE,Primary,Metastasis,Huwe1 / HUWE1,Predisposition,HUWE1,Any nonsynonymous mutation in the mapped human orthologue; exact mouse variants are not matched.,tested,32,10,31.25,7,3,42.857142857142854,11.607142857142854,1.6278823001167984,0.2003565344689983,11.749351117592093,1.6666666666666667,0.7369655941662062,0.6664156416478398,1,0.9028206413157095
sample_type_hgsc,Lrp1b,Primary / metastatic,Within-study sensitivity,Primary vs metastatic (HGSC),3,SAMPLE_TYPE,Primary,Metastasis,Lrp1b / LRP1B,Predisposition,LRP1B,Any nonsynonymous mutation in the mapped human orthologue; exact mouse variants are not matched.,tested,32,27,84.375,7,7,100,15.625,Inf,0.1883105156959082,Inf,3,1.584962500721156,0.562801668064826,1,0.8558974070808688
sample_type_hgsc,Pard3,Primary / metastatic,Within-study sensitivity,Primary vs metastatic (HGSC),3,SAMPLE_TYPE,Primary,Metastasis,Pard3 / PARD3,Predisposition,PARD3,Any nonsynonymous mutation in the mapped human orthologue; exact mouse variants are not matched.,tested,32,8,25,7,4,57.142857142857146,32.142857142857146,3.83646011826147,0.5265003810243915,32.23896241466104,3.7058823529411766,1.8898170822495772,0.1716174378713077,1,0.4760999889333053
sample_type_hgsc,Psme4,Primary / metastatic,Within-study sensitivity,Primary vs metastatic (HGSC),3,SAMPLE_TYPE,Primary,Metastasis,Psme4 / PSME4,Predisposition,PSME4,Any nonsynonymous mutation in the mapped human orthologue; exact mouse variants are not matched.,tested,32,3,9.375,7,0,0,-9.375,0,0,11.841383323837846,0.5619047619047619,-0.8316024683042814,1,1,1
sample_type_hgsc,Ptch1,Primary / metastatic,Within-study sensitivity,Primary vs metastatic (HGSC),3,SAMPLE_TYPE,Primary,Metastasis,Ptch1 / PTCH1,Predisposition,PTCH1,Any nonsynonymous mutation in the mapped human orthologue; exact mouse variants are not matched.,tested,32,5,15.625,7,1,14.285714285714286,-1.3392857142857135,0.902377356782595,0.016344921051167572,10.64757069463227,1.1538461538461537,0.20645087746742624,0.9999999999999999,1,1
hgsc_t_stage,Arid2,Disease aggressiveness,Within-study,HGSC T stage,4,T_STAGE,T1/T2,T3/T4,Arid2 / ARID2,I+P,ARID2,Any nonsynonymous mutation in the mapped human orthologue; exact mouse variants are not matched.,tested,20,4,20,7,1,14.285714285714286,-5.7142857142857135,0.6760943381089113,0.011631507856125111,8.968016400090654,0.8461538461538461,-0.24100809950379493,1,1,1
hgsc_t_stage,Aatk,Disease aggressiveness,Within-study,HGSC T stage,4,T_STAGE,T1/T2,T3/T4,Aatk / AATK,Initiation (I),AATK,Any nonsynonymous mutation in the mapped human orthologue; exact mouse variants are not matched.,tested,20,2,10,7,1,14.285714285714286,4.2857142857142865,1.475945192059307,0.02182718250556661,33.4465902350208,1.7076923076923076,0.7720480533216514,1,1,1
hgsc_t_stage,Bmper,Disease aggressiveness,Within-study,HGSC T stage,4,T_STAGE,T1/T2,T3/T4,Bmper / BMPER,Initiation (I),BMPER,Any nonsynonymous mutation in the mapped human orthologue; exact mouse variants are not matched.,tested,20,3,15,7,1,14.285714285714286,-0.7142857142857135,0.9464236269464598,0.015453971270322804,14.765961332808741,1.1538461538461537,0.20645087746742624,1,1,1
hgsc_t_stage,Cep170b,Disease aggressiveness,Within-study,HGSC T stage,4,T_STAGE,T1/T2,T3/T4,Cep170b / CEP170B,Initiation (I),CEP170B,Any nonsynonymous mutation in the mapped human orthologue; exact mouse variants are not matched.,tested,20,3,15,7,0,0,-15,0,0,7.2041485553077775,0.3333333333333333,-1.5849625007211563,0.5452991452991452,1,1
hgsc_t_stage,Cldn18,Disease aggressiveness,Within-study,HGSC T stage,4,T_STAGE,T1/T2,T3/T4,Cldn18 / CLDN18,Initiation (I),CLDN18,Any nonsynonymous mutation in the mapped human orthologue; exact mouse variants are not matched.,tested,20,0,0,7,1,14.285714285714286,14.285714285714286,Inf,0.0732599587751117,Inf,9.461538461538462,3.2420747871981477,0.25925925925925924,1,1
hgsc_t_stage,Dennd1c,Disease aggressiveness,Within-study,HGSC T stage,4,T_STAGE,T1/T2,T3/T4,Dennd1c / DENND1C,Initiation (I),DENND1C,Any nonsynonymous mutation in the mapped human orthologue; exact mouse variants are not matched.,tested,20,1,5,7,0,0,-5,0,0,111.23663856782824,0.8666666666666667,-0.20645087746742632,1,1,1
hgsc_t_stage,Ezh1,Disease aggressiveness,Within-study,HGSC T stage,4,T_STAGE,T1/T2,T3/T4,Ezh1 / EZH1,Initiation (I),EZH1,Any nonsynonymous mutation in the mapped human orthologue; exact mouse variants are not matched.,tested,20,4,20,7,0,0,-20,0,0,4.440209793707004,0.24444444444444444,-2.0324214776923775,0.5452991452991455,1,1
hgsc_t_stage,Folh1,Disease aggressiveness,Within-study,HGSC T stage,4,T_STAGE,T1/T2,T3/T4,Folh1 / FOLH1,Initiation (I),FOLH1,Any nonsynonymous mutation in the mapped human orthologue; exact mouse variants are not matched.,tested,20,5,25,7,1,14.285714285714286,-10.714285714285714,0.5117033014275434,0.009085468863161151,6.222789729758255,0.6503496503496503,-0.6207125256703581,0.9999999999999999,1,1
hgsc_t_stage,Foxp4,Disease aggressiveness,Within-study,HGSC T stage,4,T_STAGE,T1/T2,T3/T4,Foxp4 / FOXP4,Initiation (I),FOXP4,Any nonsynonymous mutation in the mapped human orthologue; exact mouse variants are not matched.,tested,20,1,5,7,3,42.857142857142854,37.857142857142854,12.393262983303726,0.7809400069308023,780.8231488182747,10.11111111111111,3.3378696387563838,0.041880341880341856,0.565384615384615,1
hgsc_t_stage,Kndc1,Disease aggressiveness,Within-study,HGSC T stage,4,T_STAGE,T1/T2,T3/T4,Kndc1 / KNDC1,Initiation (I),KNDC1,Any nonsynonymous mutation in the mapped human orthologue; exact mouse variants are not matched.,tested,20,2,10,7,4,57.142857142857146,47.142857142857146,10.489405678413732,1.018041644091543,168.39825149284493,9.514285714285714,3.2500953501262955,0.023907976081889118,0.565384615384615,1
hgsc_t_stage,Ophn1,Disease aggressiveness,Within-study,HGSC T stage,4,T_STAGE,T1/T2,T3/T4,Ophn1 / OPHN1,Initiation (I),OPHN1,Any nonsynonymous mutation in the mapped human orthologue; exact mouse variants are not matched.,not_testable_no_mutation_variation,20,0,0,7,0,0,0,NA,NA,NA,2.7333333333333334,1.4506614090095653,NA,NA,NA
hgsc_t_stage,Otog,Disease aggressiveness,Within-study,HGSC T stage,4,T_STAGE,T1/T2,T3/T4,Otog / OTOG,Initiation (I),OTOG,Any nonsynonymous mutation in the mapped human orthologue; exact mouse variants are not matched.,not_testable_no_mutation_variation,20,0,0,7,0,0,0,NA,NA,NA,2.7333333333333334,1.4506614090095653,NA,NA,NA
hgsc_t_stage,Pkp4,Disease aggressiveness,Within-study,HGSC T stage,4,T_STAGE,T1/T2,T3/T4,Pkp4 / PKP4,Initiation (I),PKP4,Any nonsynonymous mutation in the mapped human orthologue; exact mouse variants are not matched.,tested,20,4,20,7,0,0,-20,0,0,4.440209793707004,0.24444444444444444,-2.0324214776923775,0.5452991452991455,1,1
hgsc_t_stage,Plce1,Disease aggressiveness,Within-study,HGSC T stage,4,T_STAGE,T1/T2,T3/T4,Plce1 / PLCE1,Initiation (I),PLCE1,Any nonsynonymous mutation in the mapped human orthologue; exact mouse variants are not matched.,tested,20,10,50,7,3,42.857142857142854,-7.142857142857146,0.7580239333245977,0.08726104787315161,5.832752796677276,0.7777777777777778,-0.36257007938470825,1,1,1
hgsc_t_stage,Ppp1r14d,Disease aggressiveness,Within-study,HGSC T stage,4,T_STAGE,T1/T2,T3/T4,Ppp1r14d / PPP1R14D,Initiation (I),PPP1R14D,Any nonsynonymous mutation in the mapped human orthologue; exact mouse variants are not matched.,tested,20,3,15,7,0,0,-15,0,0,7.2041485553077775,0.3333333333333333,-1.5849625007211563,0.5452991452991452,1,1
hgsc_t_stage,Rad51b,Disease aggressiveness,Within-study,HGSC T stage,4,T_STAGE,T1/T2,T3/T4,Rad51b / RAD51B,Initiation (I),RAD51B,Any nonsynonymous mutation in the mapped human orthologue; exact mouse variants are not matched.,tested,20,4,20,7,0,0,-20,0,0,4.440209793707004,0.24444444444444444,-2.0324214776923775,0.5452991452991455,1,1
hgsc_t_stage,Rasd2,Disease aggressiveness,Within-study,HGSC T stage,4,T_STAGE,T1/T2,T3/T4,Rasd2 / RASD2,Initiation (I),RASD2,Any nonsynonymous mutation in the mapped human orthologue; exact mouse variants are not matched.,tested,20,1,5,7,0,0,-5,0,0,111.23663856782824,0.8666666666666667,-0.20645087746742632,1,1,1
hgsc_t_stage,Spats2l,Disease aggressiveness,Within-study,HGSC T stage,4,T_STAGE,T1/T2,T3/T4,Spats2l / SPATS2L,Initiation (I),SPATS2L,Any nonsynonymous mutation in the mapped human orthologue; exact mouse variants are not matched.,tested,20,3,15,7,1,14.285714285714286,-0.7142857142857135,0.9464236269464598,0.015453971270322804,14.765961332808741,1.1538461538461537,0.20645087746742624,1,1,1
hgsc_t_stage,Srgap1,Disease aggressiveness,Within-study,HGSC T stage,4,T_STAGE,T1/T2,T3/T4,Srgap1 / SRGAP1,Initiation (I),SRGAP1,Any nonsynonymous mutation in the mapped human orthologue; exact mouse variants are not matched.,tested,20,3,15,7,0,0,-15,0,0,7.2041485553077775,0.3333333333333333,-1.5849625007211563,0.5452991452991452,1,1
hgsc_t_stage,Tmprss9,Disease aggressiveness,Within-study,HGSC T stage,4,T_STAGE,T1/T2,T3/T4,Tmprss9 / TMPRSS9,Initiation (I),TMPRSS9,Any nonsynonymous mutation in the mapped human orthologue; exact mouse variants are not matched.,tested,20,2,10,7,0,0,-10,0,0,15.745194454158003,0.49333333333333335,-1.019365324866931,1,1,1
hgsc_t_stage,Ube2d2a,Disease aggressiveness,Within-study,HGSC T stage,4,T_STAGE,T1/T2,T3/T4,Ube2d2a / UBE2D2,Initiation (I),UBE2D2,Any nonsynonymous mutation in the mapped human orthologue; exact mouse variants are not matched.,not_testable_no_mutation_variation,20,0,0,7,0,0,0,NA,NA,NA,2.7333333333333334,1.4506614090095653,NA,NA,NA
hgsc_t_stage,Usp3,Disease aggressiveness,Within-study,HGSC T stage,4,T_STAGE,T1/T2,T3/T4,Usp3 / USP3,Initiation (I),USP3,Any nonsynonymous mutation in the mapped human orthologue; exact mouse variants are not matched.,tested,20,1,5,7,0,0,-5,0,0,111.23663856782824,0.8666666666666667,-0.20645087746742632,1,1,1
hgsc_t_stage,Xirp2,Disease aggressiveness,Within-study,HGSC T stage,4,T_STAGE,T1/T2,T3/T4,Xirp2 / XIRP2,Initiation (I),XIRP2,Any nonsynonymous mutation in the mapped human orthologue; exact mouse variants are not matched.,tested,20,15,75,7,4,57.142857142857146,-17.857142857142854,0.45923358050247987,0.053268919788301755,4.237363707596741,0.45622119815668205,-1.1321946123648696,0.6333637377115636,1,1
hgsc_t_stage,Csmd2,Disease aggressiveness,Within-study,HGSC T stage,4,T_STAGE,T1/T2,T3/T4,Csmd2 / CSMD2,Predisposition,CSMD2,Any nonsynonymous mutation in the mapped human orthologue; exact mouse variants are not matched.,tested,20,11,55,7,5,71.42857142857143,16.42857142857143,1.9935977753408498,0.24719548184803922,25.727774013085558,1.817391304347826,0.8618690811365075,0.6618357487922706,1,1
hgsc_t_stage,Erbb2,Disease aggressiveness,Within-study,HGSC T stage,4,T_STAGE,T1/T2,T3/T4,Erbb2 / ERBB2,Predisposition,ERBB2,Any nonsynonymous mutation in the mapped human orthologue; exact mouse variants are not matched.,tested,20,5,25,7,0,0,-25,0,0,3.1014980238157146,0.18787878787878787,-2.4121259038589407,0.2833519137866966,1,1
hgsc_t_stage,Huwe1,Disease aggressiveness,Within-study,HGSC T stage,4,T_STAGE,T1/T2,T3/T4,Huwe1 / HUWE1,Predisposition,HUWE1,Any nonsynonymous mutation in the mapped human orthologue; exact mouse variants are not matched.,tested,20,6,30,7,3,42.857142857142854,12.857142857142854,1.7123901585138521,0.19057205633321617,14.077801735096145,1.735042735042735,0.7949711976017717,0.6526603830951656,1,1
hgsc_t_stage,Lrp1b,Disease aggressiveness,Within-study,HGSC T stage,4,T_STAGE,T1/T2,T3/T4,Lrp1b / LRP1B,Predisposition,LRP1B,Any nonsynonymous mutation in the mapped human orthologue; exact mouse variants are not matched.,tested,20,15,75,7,7,100,25,Inf,0.32242483868157323,Inf,5.32258064516129,2.4121259038589407,0.2833519137866966,1,1
hgsc_t_stage,Pard3,Disease aggressiveness,Within-study,HGSC T stage,4,T_STAGE,T1/T2,T3/T4,Pard3 / PARD3,Predisposition,PARD3,Any nonsynonymous mutation in the mapped human orthologue; exact mouse variants are not matched.,tested,20,4,20,7,1,14.285714285714286,-5.7142857142857135,0.6760943381089113,0.011631507856125111,8.968016400090654,0.8461538461538461,-0.24100809950379493,1,1,1
hgsc_t_stage,Psme4,Disease aggressiveness,Within-study,HGSC T stage,4,T_STAGE,T1/T2,T3/T4,Psme4 / PSME4,Predisposition,PSME4,Any nonsynonymous mutation in the mapped human orthologue; exact mouse variants are not matched.,tested,20,1,5,7,1,14.285714285714286,9.285714285714286,3.0078383423308095,0.034618668842028064,260.7271850064275,3,1.584962500721156,0.4586894586894587,1,1
hgsc_t_stage,Ptch1,Disease aggressiveness,Within-study,HGSC T stage,4,T_STAGE,T1/T2,T3/T4,Ptch1 / PTCH1,Predisposition,PTCH1,Any nonsynonymous mutation in the mapped human orthologue; exact mouse variants are not matched.,tested,20,2,10,7,1,14.285714285714286,4.2857142857142865,1.475945192059307,0.02182718250556661,33.4465902350208,1.7076923076923076,0.7720480533216514,1,1,1
hgsc_n_stage,Arid2,Disease aggressiveness,Within-study,HGSC N stage,5,N_STAGE,N0,N1,Arid2 / ARID2,I+P,ARID2,Any nonsynonymous mutation in the mapped human orthologue; exact mouse variants are not matched.,tested,34,6,17.647058823529413,5,1,20,2.352941176470587,1.1619271815666272,0.020340940981956716,15.015695207453907,1.4615384615384615,0.5474877953024933,0.9999999999999999,1,1
hgsc_n_stage,Aatk,Disease aggressiveness,Within-study,HGSC N stage,5,N_STAGE,N0,N1,Aatk / AATK,Initiation (I),AATK,Any nonsynonymous mutation in the mapped human orthologue; exact mouse variants are not matched.,tested,34,7,20.58823529411765,5,0,0,-20.58823529411765,0,0,5.310377895278255,0.3333333333333333,-1.5849625007211563,0.5628016680648259,0.9205125188504688,1
hgsc_n_stage,Bmper,Disease aggressiveness,Within-study,HGSC N stage,5,N_STAGE,N0,N1,Bmper / BMPER,Initiation (I),BMPER,Any nonsynonymous mutation in the mapped human orthologue; exact mouse variants are not matched.,tested,34,6,17.647058823529413,5,0,0,-17.647058823529413,0,0,6.605887230278328,0.3986013986013986,-1.3269813226136478,0.5735700998858895,0.9205125188504688,1
hgsc_n_stage,Cep170b,Disease aggressiveness,Within-study,HGSC N stage,5,N_STAGE,N0,N1,Cep170b / CEP170B,Initiation (I),CEP170B,Any nonsynonymous mutation in the mapped human orthologue; exact mouse variants are not matched.,tested,34,5,14.705882352941176,5,0,0,-14.705882352941176,0,0,8.559461764979542,0.48760330578512395,-1.0362201879127533,1,1,1
hgsc_n_stage,Cldn18,Disease aggressiveness,Within-study,HGSC N stage,5,N_STAGE,N0,N1,Cldn18 / CLDN18,Initiation (I),CLDN18,Any nonsynonymous mutation in the mapped human orthologue; exact mouse variants are not matched.,tested,34,2,5.882352941176471,5,0,0,-5.882352941176471,0,0,39.03782030215667,1.1818181818181819,0.24100809950379498,1,1,1
hgsc_n_stage,Dennd1c,Disease aggressiveness,Within-study,HGSC N stage,5,N_STAGE,N0,N1,Dennd1c / DENND1C,Initiation (I),DENND1C,Any nonsynonymous mutation in the mapped human orthologue; exact mouse variants are not matched.,tested,34,2,5.882352941176471,5,1,20,14.117647058823529,3.7937181884942213,0.05434229002531464,89.94637424264678,4.333333333333333,2.1154772174199357,0.3452237662763979,0.9205125188504688,1
hgsc_n_stage,Ezh1,Disease aggressiveness,Within-study,HGSC N stage,5,N_STAGE,N0,N1,Ezh1 / EZH1,Initiation (I),EZH1,Any nonsynonymous mutation in the mapped human orthologue; exact mouse variants are not matched.,tested,34,8,23.529411764705884,5,0,0,-23.529411764705884,0,0,4.388315325410543,0.28342245989304815,-1.8189740053244374,0.5628016680648258,0.9205125188504688,1
hgsc_n_stage,Folh1,Disease aggressiveness,Within-study,HGSC N stage,5,N_STAGE,N0,N1,Folh1 / FOLH1,Initiation (I),FOLH1,Any nonsynonymous mutation in the mapped human orthologue; exact mouse variants are not matched.,tested,34,6,17.647058823529413,5,1,20,2.352941176470587,1.1619271815666272,0.020340940981956716,15.015695207453907,1.4615384615384615,0.5474877953024933,0.9999999999999999,1,1
hgsc_n_stage,Foxp4,Disease aggressiveness,Within-study,HGSC N stage,5,N_STAGE,N0,N1,Foxp4 / FOXP4,Initiation (I),FOXP4,Any nonsynonymous mutation in the mapped human orthologue; exact mouse variants are not matched.,tested,34,6,17.647058823529413,5,0,0,-17.647058823529413,0,0,6.605887230278328,0.3986013986013986,-1.3269813226136478,0.5735700998858895,0.9205125188504688,1
hgsc_n_stage,Kndc1,Disease aggressiveness,Within-study,HGSC N stage,5,N_STAGE,N0,N1,Kndc1 / KNDC1,Initiation (I),KNDC1,Any nonsynonymous mutation in the mapped human orthologue; exact mouse variants are not matched.,tested,34,8,23.529411764705884,5,2,40,16.470588235294116,2.118372148803287,0.15193615599304774,22.198139909719476,2.226890756302521,1.1550307861426181,0.5874822190611664,0.9205125188504688,1
hgsc_n_stage,Ophn1,Disease aggressiveness,Within-study,HGSC N stage,5,N_STAGE,N0,N1,Ophn1 / OPHN1,Initiation (I),OPHN1,Any nonsynonymous mutation in the mapped human orthologue; exact mouse variants are not matched.,not_testable_no_mutation_variation,34,0,0,5,0,0,0,NA,NA,NA,6.2727272727272725,2.649092838140872,NA,NA,NA
hgsc_n_stage,Otog,Disease aggressiveness,Within-study,HGSC N stage,5,N_STAGE,N0,N1,Otog / OTOG,Initiation (I),OTOG,Any nonsynonymous mutation in the mapped human orthologue; exact mouse variants are not matched.,not_testable_no_mutation_variation,34,0,0,5,0,0,0,NA,NA,NA,6.2727272727272725,2.649092838140872,NA,NA,NA
hgsc_n_stage,Pkp4,Disease aggressiveness,Within-study,HGSC N stage,5,N_STAGE,N0,N1,Pkp4 / PKP4,Initiation (I),PKP4,Any nonsynonymous mutation in the mapped human orthologue; exact mouse variants are not matched.,tested,34,6,17.647058823529413,5,2,40,22.352941176470587,2.9997242194512395,0.20831312694331977,32.93069169403107,3.131868131868132,1.6470234688534078,0.26769279400858353,0.9205125188504688,1
hgsc_n_stage,Plce1,Disease aggressiveness,Within-study,HGSC N stage,5,N_STAGE,N0,N1,Plce1 / PLCE1,Initiation (I),PLCE1,Any nonsynonymous mutation in the mapped human orthologue; exact mouse variants are not matched.,tested,34,16,47.05882352941177,5,1,20,-27.058823529411768,0.2895027531594595,0.005386405314637431,3.33583175793777,0.37373737373737376,-1.4199032544506598,0.36341199499094234,0.9205125188504688,1
hgsc_n_stage,Ppp1r14d,Disease aggressiveness,Within-study,HGSC N stage,5,N_STAGE,N0,N1,Ppp1r14d / PPP1R14D,Initiation (I),PPP1R14D,Any nonsynonymous mutation in the mapped human orthologue; exact mouse variants are not matched.,tested,34,3,8.823529411764707,5,1,20,11.176470588235293,2.502289402478614,0.03945101798674162,42.0644595251223,3,1.584962500721156,0.4361649098491203,0.9205125188504688,1
hgsc_n_stage,Rad51b,Disease aggressiveness,Within-study,HGSC N stage,5,N_STAGE,N0,N1,Rad51b / RAD51B,Initiation (I),RAD51B,Any nonsynonymous mutation in the mapped human orthologue; exact mouse variants are not matched.,tested,34,5,14.705882352941176,5,1,20,5.294117647058824,1.4348855306717714,0.024584149561425798,19.42040555127383,1.7878787878787878,0.8382489300033878,1,1,1
hgsc_n_stage,Rasd2,Disease aggressiveness,Within-study,HGSC N stage,5,N_STAGE,N0,N1,Rasd2 / RASD2,Initiation (I),RASD2,Any nonsynonymous mutation in the mapped human orthologue; exact mouse variants are not matched.,tested,34,1,2.9411764705882355,5,1,20,17.058823529411764,7.489933992048307,0.08419832685294439,661.9198423468841,7.444444444444445,2.89616418901546,0.242914979757085,0.9205125188504688,1
hgsc_n_stage,Spats2l,Disease aggressiveness,Within-study,HGSC N stage,5,N_STAGE,N0,N1,Spats2l / SPATS2L,Initiation (I),SPATS2L,Any nonsynonymous mutation in the mapped human orthologue; exact mouse variants are not matched.,tested,34,4,11.764705882352942,5,1,20,8.235294117647058,1.839612539564028,0.030527974068595382,26.83397939131486,2.259259259259259,1.1758498353994176,0.5167127798706747,0.9205125188504688,1
hgsc_n_stage,Srgap1,Disease aggressiveness,Within-study,HGSC N stage,5,N_STAGE,N0,N1,Srgap1 / SRGAP1,Initiation (I),SRGAP1,Any nonsynonymous mutation in the mapped human orthologue; exact mouse variants are not matched.,tested,34,3,8.823529411764707,5,0,0,-8.823529411764707,0,0,18.571560590759113,0.8181818181818182,-0.28950661719498483,1,1,1
hgsc_n_stage,Tmprss9,Disease aggressiveness,Within-study,HGSC N stage,5,N_STAGE,N0,N1,Tmprss9 / TMPRSS9,Initiation (I),TMPRSS9,Any nonsynonymous mutation in the mapped human orthologue; exact mouse variants are not matched.,tested,34,3,8.823529411764707,5,0,0,-8.823529411764707,0,0,18.571560590759113,0.8181818181818182,-0.28950661719498483,1,1,1
hgsc_n_stage,Ube2d2a,Disease aggressiveness,Within-study,HGSC N stage,5,N_STAGE,N0,N1,Ube2d2a / UBE2D2,Initiation (I),UBE2D2,Any nonsynonymous mutation in the mapped human orthologue; exact mouse variants are not matched.,not_testable_no_mutation_variation,34,0,0,5,0,0,0,NA,NA,NA,6.2727272727272725,2.649092838140872,NA,NA,NA
hgsc_n_stage,Usp3,Disease aggressiveness,Within-study,HGSC N stage,5,N_STAGE,N0,N1,Usp3 / USP3,Initiation (I),USP3,Any nonsynonymous mutation in the mapped human orthologue; exact mouse variants are not matched.,tested,34,1,2.9411764705882355,5,1,20,17.058823529411764,7.489933992048307,0.08419832685294439,661.9198423468841,7.444444444444445,2.89616418901546,0.242914979757085,0.9205125188504688,1
hgsc_n_stage,Xirp2,Disease aggressiveness,Within-study,HGSC N stage,5,N_STAGE,N0,N1,Xirp2 / XIRP2,Initiation (I),XIRP2,Any nonsynonymous mutation in the mapped human orthologue; exact mouse variants are not matched.,tested,34,25,73.52941176470588,5,3,60,-13.529411764705884,0.5494134547192995,0.053205868806003406,7.580698848614034,0.5215686274509804,-0.9390710013576682,0.608819345661451,0.9205125188504688,1
hgsc_n_stage,Csmd2,Disease aggressiveness,Within-study,HGSC N stage,5,N_STAGE,N0,N1,Csmd2 / CSMD2,Predisposition,CSMD2,Any nonsynonymous mutation in the mapped human orthologue; exact mouse variants are not matched.,tested,34,20,58.8235294117647,5,2,40,-18.823529411764703,0.4760530768234525,0.0353852510137916,4.732795385424187,0.5052264808362369,-0.9849978366607535,0.6362354257091098,0.9205125188504688,1
hgsc_n_stage,Erbb2,Disease aggressiveness,Within-study,HGSC N stage,5,N_STAGE,N0,N1,Erbb2 / ERBB2,Predisposition,ERBB2,Any nonsynonymous mutation in the mapped human orthologue; exact mouse variants are not matched.,tested,34,5,14.705882352941176,5,2,40,25.294117647058826,3.6910397011361544,0.24982201031653767,42.172897847164585,3.831168831168831,1.9377846035543023,0.2130430025166867,0.9205125188504688,1
hgsc_n_stage,Huwe1,Disease aggressiveness,Within-study,HGSC N stage,5,N_STAGE,N0,N1,Huwe1 / HUWE1,Predisposition,HUWE1,Any nonsynonymous mutation in the mapped human orthologue; exact mouse variants are not matched.,tested,34,12,35.294117647058826,5,1,20,-15.294117647058826,0.4665574415657752,0.008606222440956572,5.460439486746881,0.6,-0.7369655941662062,0.6477680688207003,0.9205125188504688,1
hgsc_n_stage,Lrp1b,Disease aggressiveness,Within-study,HGSC N stage,5,N_STAGE,N0,N1,Lrp1b / LRP1B,Predisposition,LRP1B,Any nonsynonymous mutation in the mapped human orthologue; exact mouse variants are not matched.,tested,34,30,88.23529411764706,5,4,80,-8.235294117647058,0.5435927286280572,0.03726618349880906,32.75684124184042,0.4426229508196721,-1.1758498353994178,0.5167127798706747,0.9205125188504688,1
hgsc_n_stage,Pard3,Disease aggressiveness,Within-study,HGSC N stage,5,N_STAGE,N0,N1,Pard3 / PARD3,Predisposition,PARD3,Any nonsynonymous mutation in the mapped human orthologue; exact mouse variants are not matched.,tested,34,10,29.41176470588235,5,2,40,10.588235294117649,1.57960395054566,0.11541692244449142,16.13099024610154,1.6666666666666667,0.7369655941662062,0.6342206868522658,0.9205125188504688,1
hgsc_n_stage,Psme4,Disease aggressiveness,Within-study,HGSC N stage,5,N_STAGE,N0,N1,Psme4 / PSME4,Predisposition,PSME4,Any nonsynonymous mutation in the mapped human orthologue; exact mouse variants are not matched.,tested,34,3,8.823529411764707,5,0,0,-8.823529411764707,0,0,18.571560590759113,0.8181818181818182,-0.28950661719498483,1,1,1
hgsc_n_stage,Ptch1,Disease aggressiveness,Within-study,HGSC N stage,5,N_STAGE,N0,N1,Ptch1 / PTCH1,Predisposition,PTCH1,Any nonsynonymous mutation in the mapped human orthologue; exact mouse variants are not matched.,tested,34,6,17.647058823529413,5,0,0,-17.647058823529413,0,0,6.605887230278328,0.3986013986013986,-1.3269813226136478,0.5735700998858895,0.9205125188504688,1
hgsc_m_stage,Arid2,Disease aggressiveness,Within-study,HGSC M stage,6,M_STAGE,M0,M1,Arid2 / ARID2,I+P,ARID2,Any nonsynonymous mutation in the mapped human orthologue; exact mouse variants are not matched.,tested,32,5,15.625,7,2,28.571428571428573,12.946428571428573,2.110904668028148,0.15905777496520718,18.559630864953334,2.272727272727273,1.1844245711374275,0.5875840334044669,1,1
hgsc_m_stage,Aatk,Disease aggressiveness,Within-study,HGSC M stage,6,M_STAGE,M0,M1,Aatk / AATK,Initiation (I),AATK,Any nonsynonymous mutation in the mapped human orthologue; exact mouse variants are not matched.,tested,32,5,15.625,7,2,28.571428571428573,12.946428571428573,2.110904668028148,0.15905777496520718,18.559630864953334,2.272727272727273,1.1844245711374275,0.5875840334044669,1,1
hgsc_m_stage,Bmper,Disease aggressiveness,Within-study,HGSC M stage,6,M_STAGE,M0,M1,Bmper / BMPER,Initiation (I),BMPER,Any nonsynonymous mutation in the mapped human orthologue; exact mouse variants are not matched.,tested,32,6,18.75,7,0,0,-18.75,0,0,4.062446157312966,0.2717948717948718,-1.8794098591864117,0.5679451778522986,1,1
hgsc_m_stage,Cep170b,Disease aggressiveness,Within-study,HGSC M stage,6,M_STAGE,M0,M1,Cep170b / CEP170B,Initiation (I),CEP170B,Any nonsynonymous mutation in the mapped human orthologue; exact mouse variants are not matched.,tested,32,5,15.625,7,0,0,-15.625,0,0,5.310377895278255,0.3333333333333333,-1.5849625007211563,0.562801668064826,1,1
hgsc_m_stage,Cldn18,Disease aggressiveness,Within-study,HGSC M stage,6,M_STAGE,M0,M1,Cldn18 / CLDN18,Initiation (I),CLDN18,Any nonsynonymous mutation in the mapped human orthologue; exact mouse variants are not matched.,tested,32,2,6.25,7,0,0,-6.25,0,0,25.49238049385204,0.8133333333333334,-0.2980813529329946,0.9999999999999999,1,1
hgsc_m_stage,Dennd1c,Disease aggressiveness,Within-study,HGSC M stage,6,M_STAGE,M0,M1,Dennd1c / DENND1C,Initiation (I),DENND1C,Any nonsynonymous mutation in the mapped human orthologue; exact mouse variants are not matched.,tested,32,2,6.25,7,1,14.285714285714286,8.035714285714286,2.4273962634858832,0.0363734199218838,54.105104089893956,2.8153846153846156,1.493332025255588,0.4572710362184044,1,1
hgsc_m_stage,Ezh1,Disease aggressiveness,Within-study,HGSC M stage,6,M_STAGE,M0,M1,Ezh1 / EZH1,Initiation (I),EZH1,Any nonsynonymous mutation in the mapped human orthologue; exact mouse variants are not matched.,tested,32,5,15.625,7,3,42.857142857142854,27.232142857142854,3.8677561941890315,0.43438462265449773,32.22630567072003,3.888888888888889,1.959358015502654,0.13676709032746182,1,1
hgsc_m_stage,Folh1,Disease aggressiveness,Within-study,HGSC M stage,6,M_STAGE,M0,M1,Folh1 / FOLH1,Initiation (I),FOLH1,Any nonsynonymous mutation in the mapped human orthologue; exact mouse variants are not matched.,tested,32,7,21.875,7,0,0,-21.875,0,0,3.243996559942622,0.22666666666666666,-2.1413558492455413,0.31264005567411146,1,1
hgsc_m_stage,Foxp4,Disease aggressiveness,Within-study,HGSC M stage,6,M_STAGE,M0,M1,Foxp4 / FOXP4,Initiation (I),FOXP4,Any nonsynonymous mutation in the mapped human orthologue; exact mouse variants are not matched.,tested,32,6,18.75,7,0,0,-18.75,0,0,4.062446157312966,0.2717948717948718,-1.8794098591864117,0.5679451778522986,1,1
hgsc_m_stage,Kndc1,Disease aggressiveness,Within-study,HGSC M stage,6,M_STAGE,M0,M1,Kndc1 / KNDC1,Initiation (I),KNDC1,Any nonsynonymous mutation in the mapped human orthologue; exact mouse variants are not matched.,tested,32,7,21.875,7,3,42.857142857142854,20.982142857142854,2.6013081455367337,0.30807799225258553,19.869485589736144,2.6444444444444444,1.4029646669782687,0.3437217121427647,1,1
hgsc_m_stage,Ophn1,Disease aggressiveness,Within-study,HGSC M stage,6,M_STAGE,M0,M1,Ophn1 / OPHN1,Initiation (I),OPHN1,Any nonsynonymous mutation in the mapped human orthologue; exact mouse variants are not matched.,not_testable_no_mutation_variation,32,0,0,7,0,0,0,NA,NA,NA,4.333333333333333,2.1154772174199357,NA,NA,NA
hgsc_m_stage,Otog,Disease aggressiveness,Within-study,HGSC M stage,6,M_STAGE,M0,M1,Otog / OTOG,Initiation (I),OTOG,Any nonsynonymous mutation in the mapped human orthologue; exact mouse variants are not matched.,not_testable_no_mutation_variation,32,0,0,7,0,0,0,NA,NA,NA,4.333333333333333,2.1154772174199357,NA,NA,NA
hgsc_m_stage,Pkp4,Disease aggressiveness,Within-study,HGSC M stage,6,M_STAGE,M0,M1,Pkp4 / PKP4,Initiation (I),PKP4,Any nonsynonymous mutation in the mapped human orthologue; exact mouse variants are not matched.,tested,32,6,18.75,7,2,28.571428571428573,9.821428571428573,1.7064243217917616,0.1322518211112654,14.18633856221096,1.8531468531468531,0.8899772126721721,0.6170423167327194,1,1
hgsc_m_stage,Plce1,Disease aggressiveness,Within-study,HGSC M stage,6,M_STAGE,M0,M1,Plce1 / PLCE1,Initiation (I),PLCE1,Any nonsynonymous mutation in the mapped human orthologue; exact mouse variants are not matched.,tested,32,16,50,7,1,14.285714285714286,-35.714285714285715,0.1734185094437637,0.0034198812207209403,1.6855976437219398,0.23076923076923078,-2.115477217419936,0.11252142831090195,1,1
hgsc_m_stage,Ppp1r14d,Disease aggressiveness,Within-study,HGSC M stage,6,M_STAGE,M0,M1,Ppp1r14d / PPP1R14D,Initiation (I),PPP1R14D,Any nonsynonymous mutation in the mapped human orthologue; exact mouse variants are not matched.,tested,32,4,12.5,7,0,0,-12.5,0,0,7.436407296511373,0.4222222222222222,-1.2439255828860891,1,1,1
hgsc_m_stage,Rad51b,Disease aggressiveness,Within-study,HGSC M stage,6,M_STAGE,M0,M1,Rad51b / RAD51B,Initiation (I),RAD51B,Any nonsynonymous mutation in the mapped human orthologue; exact mouse variants are not matched.,tested,32,5,15.625,7,1,14.285714285714286,-1.3392857142857135,0.902377356782595,0.016344921051167572,10.64757069463227,1.1538461538461537,0.20645087746742624,0.9999999999999999,1,1
hgsc_m_stage,Rasd2,Disease aggressiveness,Within-study,HGSC M stage,6,M_STAGE,M0,M1,Rasd2 / RASD2,Initiation (I),RASD2,Any nonsynonymous mutation in the mapped human orthologue; exact mouse variants are not matched.,tested,32,2,6.25,7,0,0,-6.25,0,0,25.49238049385204,0.8133333333333334,-0.2980813529329946,0.9999999999999999,1,1
hgsc_m_stage,Spats2l,Disease aggressiveness,Within-study,HGSC M stage,6,M_STAGE,M0,M1,Spats2l / SPATS2L,Initiation (I),SPATS2L,Any nonsynonymous mutation in the mapped human orthologue; exact mouse variants are not matched.,tested,32,4,12.5,7,1,14.285714285714286,1.7857142857142865,1.1619271815666277,0.020340940981956733,15.015695207453895,1.4615384615384615,0.5474877953024933,0.9999999999999999,1,1
hgsc_m_stage,Srgap1,Disease aggressiveness,Within-study,HGSC M stage,6,M_STAGE,M0,M1,Srgap1 / SRGAP1,Initiation (I),SRGAP1,Any nonsynonymous mutation in the mapped human orthologue; exact mouse variants are not matched.,tested,32,2,6.25,7,1,14.285714285714286,8.035714285714286,2.4273962634858832,0.0363734199218838,54.105104089893956,2.8153846153846156,1.493332025255588,0.4572710362184044,1,1
hgsc_m_stage,Tmprss9,Disease aggressiveness,Within-study,HGSC M stage,6,M_STAGE,M0,M1,Tmprss9 / TMPRSS9,Initiation (I),TMPRSS9,Any nonsynonymous mutation in the mapped human orthologue; exact mouse variants are not matched.,tested,32,3,9.375,7,0,0,-9.375,0,0,11.841383323837846,0.5619047619047619,-0.8316024683042814,1,1,1
hgsc_m_stage,Ube2d2a,Disease aggressiveness,Within-study,HGSC M stage,6,M_STAGE,M0,M1,Ube2d2a / UBE2D2,Initiation (I),UBE2D2,Any nonsynonymous mutation in the mapped human orthologue; exact mouse variants are not matched.,not_testable_no_mutation_variation,32,0,0,7,0,0,0,NA,NA,NA,4.333333333333333,2.1154772174199357,NA,NA,NA
hgsc_m_stage,Usp3,Disease aggressiveness,Within-study,HGSC M stage,6,M_STAGE,M0,M1,Usp3 / USP3,Initiation (I),USP3,Any nonsynonymous mutation in the mapped human orthologue; exact mouse variants are not matched.,tested,32,1,3.125,7,1,14.285714285714286,11.160714285714286,4.860034449954303,0.05647746698518171,416.57750716199143,4.846153846153846,2.276840205358824,0.33063427800269896,1,1
hgsc_m_stage,Xirp2,Disease aggressiveness,Within-study,HGSC M stage,6,M_STAGE,M0,M1,Xirp2 / XIRP2,Initiation (I),XIRP2,Any nonsynonymous mutation in the mapped human orthologue; exact mouse variants are not matched.,tested,32,24,75,7,4,57.142857142857146,-17.857142857142854,0.4548662874497904,0.06101880788826897,3.777651041042614,0.446064139941691,-1.1646769234801606,0.3791314534348591,1,1
hgsc_m_stage,Csmd2,Disease aggressiveness,Within-study,HGSC M stage,6,M_STAGE,M0,M1,Csmd2 / CSMD2,Predisposition,CSMD2,Any nonsynonymous mutation in the mapped human orthologue; exact mouse variants are not matched.,tested,32,18,56.25,7,4,57.142857142857146,0.8928571428571459,1.0360793201499208,0.14766698759478394,8.259211497242982,1.0077220077220077,0.011097708883330571,1,1,1
hgsc_m_stage,Erbb2,Disease aggressiveness,Within-study,HGSC M stage,6,M_STAGE,M0,M1,Erbb2 / ERBB2,Predisposition,ERBB2,Any nonsynonymous mutation in the mapped human orthologue; exact mouse variants are not matched.,tested,32,6,18.75,7,1,14.285714285714286,-4.4642857142857135,0.7278834918887728,0.013488652222316395,8.119019159970641,0.9408284023668639,-0.08799648099782892,1,1,1
hgsc_m_stage,Huwe1,Disease aggressiveness,Within-study,HGSC M stage,6,M_STAGE,M0,M1,Huwe1 / HUWE1,Predisposition,HUWE1,Any nonsynonymous mutation in the mapped human orthologue; exact mouse variants are not matched.,tested,32,10,31.25,7,3,42.857142857142854,11.607142857142854,1.6278823001167984,0.2003565344689983,11.749351117592093,1.6666666666666667,0.7369655941662062,0.6664156416478398,1,1
hgsc_m_stage,Lrp1b,Disease aggressiveness,Within-study,HGSC M stage,6,M_STAGE,M0,M1,Lrp1b / LRP1B,Predisposition,LRP1B,Any nonsynonymous mutation in the mapped human orthologue; exact mouse variants are not matched.,tested,32,27,84.375,7,7,100,15.625,Inf,0.1883105156959082,Inf,3,1.584962500721156,0.562801668064826,1,1
hgsc_m_stage,Pard3,Disease aggressiveness,Within-study,HGSC M stage,6,M_STAGE,M0,M1,Pard3 / PARD3,Predisposition,PARD3,Any nonsynonymous mutation in the mapped human orthologue; exact mouse variants are not matched.,tested,32,8,25,7,4,57.142857142857146,32.142857142857146,3.83646011826147,0.5265003810243915,32.23896241466104,3.7058823529411766,1.8898170822495772,0.1716174378713077,1,1
hgsc_m_stage,Psme4,Disease aggressiveness,Within-study,HGSC M stage,6,M_STAGE,M0,M1,Psme4 / PSME4,Predisposition,PSME4,Any nonsynonymous mutation in the mapped human orthologue; exact mouse variants are not matched.,tested,32,3,9.375,7,0,0,-9.375,0,0,11.841383323837846,0.5619047619047619,-0.8316024683042814,1,1,1
hgsc_m_stage,Ptch1,Disease aggressiveness,Within-study,HGSC M stage,6,M_STAGE,M0,M1,Ptch1 / PTCH1,Predisposition,PTCH1,Any nonsynonymous mutation in the mapped human orthologue; exact mouse variants are not matched.,tested,32,5,15.625,7,1,14.285714285714286,-1.3392857142857135,0.902377356782595,0.016344921051167572,10.64757069463227,1.1538461538461537,0.20645087746742624,0.9999999999999999,1,1
hgsc_recurrence_persistence,Arid2,Disease aggressiveness,Within-study,HGSC recurrence / persistence,7,DISEASE_RECURRENCE_OR_PERSISTENCE,No,Yes,Arid2 / ARID2,I+P,ARID2,Any nonsynonymous mutation in the mapped human orthologue; exact mouse variants are not matched.,tested,23,5,21.73913043478261,14,2,14.285714285714286,-7.453416149068323,0.6079871304714695,0.05010878642425721,4.510887586770166,0.6727272727272727,-0.5719063478957098,0.6869283894900594,1,1
hgsc_recurrence_persistence,Aatk,Disease aggressiveness,Within-study,HGSC recurrence / persistence,7,DISEASE_RECURRENCE_OR_PERSISTENCE,No,Yes,Aatk / AATK,Initiation (I),AATK,Any nonsynonymous mutation in the mapped human orthologue; exact mouse variants are not matched.,tested,23,6,26.08695652173913,14,1,7.142857142857143,-18.944099378881987,0.22572960271154244,0.004410979536351119,2.2316835703154427,0.29914529914529914,-1.7410817026384382,0.2173209737251483,0.9779443817631673,1
hgsc_recurrence_persistence,Bmper,Disease aggressiveness,Within-study,HGSC recurrence / persistence,7,DISEASE_RECURRENCE_OR_PERSISTENCE,No,Yes,Bmper / BMPER,Initiation (I),BMPER,Any nonsynonymous mutation in the mapped human orthologue; exact mouse variants are not matched.,tested,23,3,13.043478260869565,14,3,21.428571428571427,8.385093167701863,1.787788138498855,0.2037728838390378,15.762821783886755,1.7826086956521738,0.8339900485610707,0.6533850026497084,1,1
hgsc_recurrence_persistence,Cep170b,Disease aggressiveness,Within-study,HGSC recurrence / persistence,7,DISEASE_RECURRENCE_OR_PERSISTENCE,No,Yes,Cep170b / CEP170B,Initiation (I),CEP170B,Any nonsynonymous mutation in the mapped human orthologue; exact mouse variants are not matched.,tested,23,4,17.391304347826086,14,1,7.142857142857143,-10.248447204968944,0.374296778713649,0.006902998513875081,4.376882848380374,0.48148148148148145,-1.0544477840223765,0.6302773361596888,1,1
hgsc_recurrence_persistence,Cldn18,Disease aggressiveness,Within-study,HGSC recurrence / persistence,7,DISEASE_RECURRENCE_OR_PERSISTENCE,No,Yes,Cldn18 / CLDN18,Initiation (I),CLDN18,Any nonsynonymous mutation in the mapped human orthologue; exact mouse variants are not matched.,tested,23,1,4.3478260869565215,14,1,7.142857142857143,2.7950310559006217,1.6673271201109965,0.02003293632979106,138.62123238861807,1.6666666666666667,0.7369655941662062,1,1,1
hgsc_recurrence_persistence,Dennd1c,Disease aggressiveness,Within-study,HGSC recurrence / persistence,7,DISEASE_RECURRENCE_OR_PERSISTENCE,No,Yes,Dennd1c / DENND1C,Initiation (I),DENND1C,Any nonsynonymous mutation in the mapped human orthologue; exact mouse variants are not matched.,tested,23,1,4.3478260869565215,14,2,14.285714285714286,9.937888198757765,3.533373718884865,0.16779446892716712,225.5808222159,3,1.584962500721156,0.544144144144144,1,1
hgsc_recurrence_persistence,Ezh1,Disease aggressiveness,Within-study,HGSC recurrence / persistence,7,DISEASE_RECURRENCE_OR_PERSISTENCE,No,Yes,Ezh1 / EZH1,Initiation (I),EZH1,Any nonsynonymous mutation in the mapped human orthologue; exact mouse variants are not matched.,tested,23,5,21.73913043478261,14,3,21.428571428571427,-0.31055900621118226,0.9823032552659758,0.12705083245161575,6.288808923682635,1.023715415019763,0.03381471299224388,1,1,1
hgsc_recurrence_persistence,Folh1,Disease aggressiveness,Within-study,HGSC recurrence / persistence,7,DISEASE_RECURRENCE_OR_PERSISTENCE,No,Yes,Folh1 / FOLH1,Initiation (I),FOLH1,Any nonsynonymous mutation in the mapped human orthologue; exact mouse variants are not matched.,tested,23,3,13.043478260869565,14,2,14.285714285714286,1.242236024844722,1.1079197599213735,0.08154155546091102,11.197551093789553,1.1714285714285715,0.22826898767311732,0.9999999999999999,1,1
hgsc_recurrence_persistence,Foxp4,Disease aggressiveness,Within-study,HGSC recurrence / persistence,7,DISEASE_RECURRENCE_OR_PERSISTENCE,No,Yes,Foxp4 / FOXP4,Initiation (I),FOXP4,Any nonsynonymous mutation in the mapped human orthologue; exact mouse variants are not matched.,tested,23,2,8.695652173913043,14,4,28.571428571428573,19.87577639751553,4.026057109442828,0.48387712833305596,51.59607308064978,3.6857142857142855,1.8819442384782876,0.17345654478007405,0.9366653418123999,1
hgsc_recurrence_persistence,Kndc1,Disease aggressiveness,Within-study,HGSC recurrence / persistence,7,DISEASE_RECURRENCE_OR_PERSISTENCE,No,Yes,Kndc1 / KNDC1,Initiation (I),KNDC1,Any nonsynonymous mutation in the mapped human orthologue; exact mouse variants are not matched.,tested,23,4,17.391304347826086,14,6,42.857142857142854,25.465838509316768,3.430254994154578,0.6195335611377125,21.597950138657644,3.3137254901960786,1.7284540943106887,0.1322342348237133,0.9366653418123999,1
hgsc_recurrence_persistence,Ophn1,Disease aggressiveness,Within-study,HGSC recurrence / persistence,7,DISEASE_RECURRENCE_OR_PERSISTENCE,No,Yes,Ophn1 / OPHN1,Initiation (I),OPHN1,Any nonsynonymous mutation in the mapped human orthologue; exact mouse variants are not matched.,not_testable_no_mutation_variation,23,0,0,14,0,0,0,NA,NA,NA,1.6206896551724137,0.6966078565500652,NA,NA,NA
hgsc_recurrence_persistence,Otog,Disease aggressiveness,Within-study,HGSC recurrence / persistence,7,DISEASE_RECURRENCE_OR_PERSISTENCE,No,Yes,Otog / OTOG,Initiation (I),OTOG,Any nonsynonymous mutation in the mapped human orthologue; exact mouse variants are not matched.,not_testable_no_mutation_variation,23,0,0,14,0,0,0,NA,NA,NA,1.6206896551724137,0.6966078565500652,NA,NA,NA
hgsc_recurrence_persistence,Pkp4,Disease aggressiveness,Within-study,HGSC recurrence / persistence,7,DISEASE_RECURRENCE_OR_PERSISTENCE,No,Yes,Pkp4 / PKP4,Initiation (I),PKP4,Any nonsynonymous mutation in the mapped human orthologue; exact mouse variants are not matched.,tested,23,5,21.73913043478261,14,3,21.428571428571427,-0.31055900621118226,0.9823032552659758,0.12705083245161575,6.288808923682635,1.023715415019763,0.03381471299224388,1,1,1
hgsc_recurrence_persistence,Plce1,Disease aggressiveness,Within-study,HGSC recurrence / persistence,7,DISEASE_RECURRENCE_OR_PERSISTENCE,No,Yes,Plce1 / PLCE1,Initiation (I),PLCE1,Any nonsynonymous mutation in the mapped human orthologue; exact mouse variants are not matched.,tested,23,9,39.130434782608695,14,6,42.857142857142854,3.7267080745341588,1.1617898487560332,0.24231233989402806,5.453476292225335,1.1671826625386996,0.2230303585747393,1,1,1
hgsc_recurrence_persistence,Ppp1r14d,Disease aggressiveness,Within-study,HGSC recurrence / persistence,7,DISEASE_RECURRENCE_OR_PERSISTENCE,No,Yes,Ppp1r14d / PPP1R14D,Initiation (I),PPP1R14D,Any nonsynonymous mutation in the mapped human orthologue; exact mouse variants are not matched.,tested,23,2,8.695652173913043,14,2,14.285714285714286,5.5900621118012435,1.7224991097632256,0.111481025063107,26.660936255903906,1.72,0.7824085649273732,0.6245892951775303,1,1
hgsc_recurrence_persistence,Rad51b,Disease aggressiveness,Within-study,HGSC recurrence / persistence,7,DISEASE_RECURRENCE_OR_PERSISTENCE,No,Yes,Rad51b / RAD51B,Initiation (I),RAD51B,Any nonsynonymous mutation in the mapped human orthologue; exact mouse variants are not matched.,tested,23,2,8.695652173913043,14,4,28.571428571428573,19.87577639751553,4.026057109442828,0.48387712833305596,51.59607308064978,3.6857142857142855,1.8819442384782876,0.17345654478007405,0.9366653418123999,1
hgsc_recurrence_persistence,Rasd2,Disease aggressiveness,Within-study,HGSC recurrence / persistence,7,DISEASE_RECURRENCE_OR_PERSISTENCE,No,Yes,Rasd2 / RASD2,Initiation (I),RASD2,Any nonsynonymous mutation in the mapped human orthologue; exact mouse variants are not matched.,tested,23,0,0,14,2,14.285714285714286,14.285714285714286,Inf,0.31621262475601425,Inf,9.4,3.232660756790275,0.13663663663663658,0.9366653418123999,1
hgsc_recurrence_persistence,Spats2l,Disease aggressiveness,Within-study,HGSC recurrence / persistence,7,DISEASE_RECURRENCE_OR_PERSISTENCE,No,Yes,Spats2l / SPATS2L,Initiation (I),SPATS2L,Any nonsynonymous mutation in the mapped human orthologue; exact mouse variants are not matched.,tested,23,3,13.043478260869565,14,2,14.285714285714286,1.242236024844722,1.1079197599213735,0.08154155546091102,11.197551093789553,1.1714285714285715,0.22826898767311732,0.9999999999999999,1,1
hgsc_recurrence_persistence,Srgap1,Disease aggressiveness,Within-study,HGSC recurrence / persistence,7,DISEASE_RECURRENCE_OR_PERSISTENCE,No,Yes,Srgap1 / SRGAP1,Initiation (I),SRGAP1,Any nonsynonymous mutation in the mapped human orthologue; exact mouse variants are not matched.,tested,23,2,8.695652173913043,14,1,7.142857142857143,-1.5527950310558998,0.8122659420607088,0.01273079648619082,17.08842776685857,0.9555555555555556,-0.06558834162757671,1,1,1
hgsc_recurrence_persistence,Tmprss9,Disease aggressiveness,Within-study,HGSC recurrence / persistence,7,DISEASE_RECURRENCE_OR_PERSISTENCE,No,Yes,Tmprss9 / TMPRSS9,Initiation (I),TMPRSS9,Any nonsynonymous mutation in the mapped human orthologue; exact mouse variants are not matched.,tested,23,2,8.695652173913043,14,1,7.142857142857143,-1.5527950310558998,0.8122659420607088,0.01273079648619082,17.08842776685857,0.9555555555555556,-0.06558834162757671,1,1,1
hgsc_recurrence_persistence,Ube2d2a,Disease aggressiveness,Within-study,HGSC recurrence / persistence,7,DISEASE_RECURRENCE_OR_PERSISTENCE,No,Yes,Ube2d2a / UBE2D2,Initiation (I),UBE2D2,Any nonsynonymous mutation in the mapped human orthologue; exact mouse variants are not matched.,not_testable_no_mutation_variation,23,0,0,14,0,0,0,NA,NA,NA,1.6206896551724137,0.6966078565500652,NA,NA,NA
hgsc_recurrence_persistence,Usp3,Disease aggressiveness,Within-study,HGSC recurrence / persistence,7,DISEASE_RECURRENCE_OR_PERSISTENCE,No,Yes,Usp3 / USP3,Initiation (I),USP3,Any nonsynonymous mutation in the mapped human orthologue; exact mouse variants are not matched.,tested,23,1,4.3478260869565215,14,1,7.142857142857143,2.7950310559006217,1.6673271201109965,0.02003293632979106,138.62123238861807,1.6666666666666667,0.7369655941662062,1,1,1
hgsc_recurrence_persistence,Xirp2,Disease aggressiveness,Within-study,HGSC recurrence / persistence,7,DISEASE_RECURRENCE_OR_PERSISTENCE,No,Yes,Xirp2 / XIRP2,Initiation (I),XIRP2,Any nonsynonymous mutation in the mapped human orthologue; exact mouse variants are not matched.,tested,23,17,73.91304347826087,14,9,64.28571428571429,-9.627329192546583,0.6433712251870303,0.1215386205044577,3.4713437820518642,0.64155844155844155,-0.640347403997586,0.7129772987670651,1,1
hgsc_recurrence_persistence,Csmd2,Disease aggressiveness,Within-study,HGSC recurrence / persistence,7,DISEASE_RECURRENCE_OR_PERSISTENCE,No,Yes,Csmd2 / CSMD2,Predisposition,CSMD2,Any nonsynonymous mutation in the mapped human orthologue; exact mouse variants are not matched.,tested,23,12,52.17391304347826,14,8,57.142857142857146,4.968944099378888,1.2156111349615466,0.2653626418388854,5.787029156328484,1.2030769230769232,0.2667288893915355,1,1,1
hgsc_recurrence_persistence,Erbb2,Disease aggressiveness,Within-study,HGSC recurrence / persistence,7,DISEASE_RECURRENCE_OR_PERSISTENCE,No,Yes,Erbb2 / ERBB2,Predisposition,ERBB2,Any nonsynonymous mutation in the mapped human orthologue; exact mouse variants are not matched.,tested,23,4,17.391304347826086,14,3,21.428571428571427,4.037267080745341,1.2862219565873847,0.15848326739491267,9.246162665186525,1.318840579710145,0.3992701834205273,1,1,1
hgsc_recurrence_persistence,Huwe1,Disease aggressiveness,Within-study,HGSC recurrence / persistence,7,DISEASE_RECURRENCE_OR_PERSISTENCE,No,Yes,Huwe1 / HUWE1,Predisposition,HUWE1,Any nonsynonymous mutation in the mapped human orthologue; exact mouse variants are not matched.,tested,23,8,34.78260869565217,14,5,35.714285714285715,0.9316770186335432,1.0405477904514693,0.2009749623355609,5.0710240358373415,1.0557275541795665,0.07823757433024753,1,1,1
hgsc_recurrence_persistence,Lrp1b,Disease aggressiveness,Within-study,HGSC recurrence / persistence,7,DISEASE_RECURRENCE_OR_PERSISTENCE,No,Yes,Lrp1b / LRP1B,Predisposition,LRP1B,Any nonsynonymous mutation in the mapped human orthologue; exact mouse variants are not matched.,tested,23,18,78.26086956521739,14,14,100,21.73913043478261,Inf,0.5948224841932659,Inf,8.621621621621621,3.1079592481359195,0.13460519342872285,0.9366653418123999,1
hgsc_recurrence_persistence,Pard3,Disease aggressiveness,Within-study,HGSC recurrence / persistence,7,DISEASE_RECURRENCE_OR_PERSISTENCE,No,Yes,Pard3 / PARD3,Predisposition,PARD3,Any nonsynonymous mutation in the mapped human orthologue; exact mouse variants are not matched.,tested,23,6,26.08695652173913,14,6,42.857142857142854,16.770186335403725,2.080152388048931,0.4116204030159245,10.833800582646356,2.0588235294117645,1.0418201756946268,0.47011193618535124,1,1
hgsc_recurrence_persistence,Psme4,Disease aggressiveness,Within-study,HGSC recurrence / persistence,7,DISEASE_RECURRENCE_OR_PERSISTENCE,No,Yes,Psme4 / PSME4,Predisposition,PSME4,Any nonsynonymous mutation in the mapped human orthologue; exact mouse variants are not matched.,tested,23,1,4.3478260869565215,14,1,7.142857142857143,2.7950310559006217,1.6673271201109965,0.02003293632979106,138.62123238861807,1.6666666666666667,0.7369655941662062,1,1,1
hgsc_recurrence_persistence,Ptch1,Disease aggressiveness,Within-study,HGSC recurrence / persistence,7,DISEASE_RECURRENCE_OR_PERSISTENCE,No,Yes,Ptch1 / PTCH1,Predisposition,PTCH1,Any nonsynonymous mutation in the mapped human orthologue; exact mouse variants are not matched.,tested,23,3,13.043478260869565,14,3,21.428571428571427,8.385093167701863,1.787788138498855,0.2037728838390378,15.762821783886755,1.7826086956521738,0.8339900485610707,0.6533850026497084,1,1
hgsc_efs_status,Arid2,Disease aggressiveness,Within-study,HGSC event-free status,8,EFS_STATUS,Censored,Event,Arid2 / ARID2,I+P,ARID2,Any nonsynonymous mutation in the mapped human orthologue; exact mouse variants are not matched.,tested,11,1,9.090909090909092,21,5,23.80952380952381,14.718614718614718,3.0295627864452093,0.2761749781080813,162.19629856660174,2.3333333333333335,1.222392421336448,0.6367491657397109,1,1
hgsc_efs_status,Aatk,Disease aggressiveness,Within-study,HGSC event-free status,8,EFS_STATUS,Censored,Event,Aatk / AATK,Initiation (I),AATK,Any nonsynonymous mutation in the mapped human orthologue; exact mouse variants are not matched.,tested,11,3,27.272727272727273,21,4,19.047619047619047,-8.225108225108226,0.6370304559442502,0.08370646313495507,5.4030797187006145,0.6244897959183674,-0.6792500963099187,0.6674857747925045,1,1
hgsc_efs_status,Bmper,Disease aggressiveness,Within-study,HGSC event-free status,8,EFS_STATUS,Censored,Event,Bmper / BMPER,Initiation (I),BMPER,Any nonsynonymous mutation in the mapped human orthologue; exact mouse variants are not matched.,tested,11,1,9.090909090909092,21,5,23.80952380952381,14.718614718614718,3.0295627864452093,0.2761749781080813,162.19629856660174,2.3333333333333335,1.222392421336448,0.6367491657397109,1,1
hgsc_efs_status,Cep170b,Disease aggressiveness,Within-study,HGSC event-free status,8,EFS_STATUS,Censored,Event,Cep170b / CEP170B,Initiation (I),CEP170B,Any nonsynonymous mutation in the mapped human orthologue; exact mouse variants are not matched.,tested,11,0,0,21,5,23.80952380952381,23.80952380952381,Inf,0.5083570495449877,Inf,7.666666666666667,2.9385994553358565,0.13775723025583983,0.9961067853170184,1
hgsc_efs_status,Cldn18,Disease aggressiveness,Within-study,HGSC event-free status,8,EFS_STATUS,Censored,Event,Cldn18 / CLDN18,Initiation (I),CLDN18,Any nonsynonymous mutation in the mapped human orthologue; exact mouse variants are not matched.,tested,11,0,0,21,2,9.523809523809524,9.523809523809524,Inf,0.09728400807298002,Inf,2.948717948717949,1.560087832082127,0.534274193548387,1,1
hgsc_efs_status,Dennd1c,Disease aggressiveness,Within-study,HGSC event-free status,8,EFS_STATUS,Censored,Event,Dennd1c / DENND1C,Initiation (I),DENND1C,Any nonsynonymous mutation in the mapped human orthologue; exact mouse variants are not matched.,tested,11,1,9.090909090909092,21,2,9.523809523809524,0.432900432900432,1.0509610036023656,0.048890735118654,68.20514288078606,0.8974358974358975,-0.15611920191728185,1,1,1
hgsc_efs_status,Ezh1,Disease aggressiveness,Within-study,HGSC event-free status,8,EFS_STATUS,Censored,Event,Ezh1 / EZH1,Initiation (I),EZH1,Any nonsynonymous mutation in the mapped human orthologue; exact mouse variants are not matched.,tested,11,3,27.272727272727273,21,5,23.80952380952381,-3.463203463203463,0.8381753457574748,0.12271269982974804,6.787903404951307,0.8095238095238095,-0.3048545815284209,1,1,1
hgsc_efs_status,Folh1,Disease aggressiveness,Within-study,HGSC event-free status,8,EFS_STATUS,Censored,Event,Folh1 / FOLH1,Initiation (I),FOLH1,Any nonsynonymous mutation in the mapped human orthologue; exact mouse variants are not matched.,tested,11,2,18.181818181818183,21,3,14.285714285714286,-3.896103896103897,0.7570061274506515,0.07215194965112177,10.598240276694353,0.7189189189189189,-0.4760990250151226,1,1,1
hgsc_efs_status,Foxp4,Disease aggressiveness,Within-study,HGSC event-free status,8,EFS_STATUS,Censored,Event,Foxp4 / FOXP4,Initiation (I),FOXP4,Any nonsynonymous mutation in the mapped human orthologue; exact mouse variants are not matched.,tested,11,0,0,21,4,19.047619047619047,19.047619047619047,Inf,0.353480498287239,Inf,5.914285714285715,2.564203940554359,0.27196885428253614,1,1
hgsc_efs_status,Kndc1,Disease aggressiveness,Within-study,HGSC event-free status,8,EFS_STATUS,Censored,Event,Kndc1 / KNDC1,Initiation (I),KNDC1,Any nonsynonymous mutation in the mapped human orthologue; exact mouse variants are not matched.,tested,11,1,9.090909090909092,21,7,33.333333333333336,24.242424242424242,4.78902008014862,0.48280107274057005,247.13195239953595,3.6206896551724137,1.8562645225385506,0.20926813268303815,1,1
hgsc_efs_status,Ophn1,Disease aggressiveness,Within-study,HGSC event-free status,8,EFS_STATUS,Censored,Event,Ophn1 / OPHN1,Initiation (I),OPHN1,Any nonsynonymous mutation in the mapped human orthologue; exact mouse variants are not matched.,not_testable_no_mutation_variation,11,0,0,21,0,0,0,NA,NA,NA,0.5348837209302325,-0.9027027986450852,NA,NA,NA
hgsc_efs_status,Otog,Disease aggressiveness,Within-study,HGSC event-free status,8,EFS_STATUS,Censored,Event,Otog / OTOG,Initiation (I),OTOG,Any nonsynonymous mutation in the mapped human orthologue; exact mouse variants are not matched.,not_testable_no_mutation_variation,11,0,0,21,0,0,0,NA,NA,NA,0.5348837209302325,-0.9027027986450852,NA,NA,NA
hgsc_efs_status,Pkp4,Disease aggressiveness,Within-study,HGSC event-free status,8,EFS_STATUS,Censored,Event,Pkp4 / PKP4,Initiation (I),PKP4,Any nonsynonymous mutation in the mapped human orthologue; exact mouse variants are not matched.,tested,11,3,27.272727272727273,21,5,23.80952380952381,-3.463203463203463,0.8381753457574748,0.12271269982974804,6.787903404951307,0.8095238095238095,-0.3048545815284209,1,1,1
hgsc_efs_status,Plce1,Disease aggressiveness,Within-study,HGSC event-free status,8,EFS_STATUS,Censored,Event,Plce1 / PLCE1,Initiation (I),PLCE1,Any nonsynonymous mutation in the mapped human orthologue; exact mouse variants are not matched.,tested,11,5,45.45454545454545,21,9,42.857142857142854,-2.597402597402599,0.9029765885841079,0.16480299954287206,5.0749806147644625,0.8981818181818182,-0.15492057682734428,1,1,1
hgsc_efs_status,Ppp1r14d,Disease aggressiveness,Within-study,HGSC event-free status,8,EFS_STATUS,Censored,Event,Ppp1r14d / PPP1R14D,Initiation (I),PPP1R14D,Any nonsynonymous mutation in the mapped human orthologue; exact mouse variants are not matched.,tested,11,0,0,21,4,19.047619047619047,19.047619047619047,Inf,0.353480498287239,Inf,5.914285714285715,2.564203940554359,0.27196885428253614,1,1
hgsc_efs_status,Rad51b,Disease aggressiveness,Within-study,HGSC event-free status,8,EFS_STATUS,Censored,Event,Rad51b / RAD51B,Initiation (I),RAD51B,Any nonsynonymous mutation in the mapped human orthologue; exact mouse variants are not matched.,tested,11,0,0,21,6,28.571428571428573,28.571428571428573,Inf,0.6822636843983961,Inf,9.64516129032258,3.26980536381123,0.07109751575824987,0.9961067853170184,1
hgsc_efs_status,Rasd2,Disease aggressiveness,Within-study,HGSC event-free status,8,EFS_STATUS,Censored,Event,Rasd2 / RASD2,Initiation (I),RASD2,Any nonsynonymous mutation in the mapped human orthologue; exact mouse variants are not matched.,tested,11,0,0,21,2,9.523809523809524,9.523809523809524,Inf,0.09728400807298002,Inf,2.948717948717949,1.560087832082127,0.534274193548387,1,1
hgsc_efs_status,Spats2l,Disease aggressiveness,Within-study,HGSC event-free status,8,EFS_STATUS,Censored,Event,Spats2l / SPATS2L,Initiation (I),SPATS2L,Any nonsynonymous mutation in the mapped human orthologue; exact mouse variants are not matched.,tested,11,0,0,21,5,23.80952380952381,23.80952380952381,Inf,0.5083570495449877,Inf,7.666666666666667,2.9385994553358565,0.13775723025583983,0.9961067853170184,1
hgsc_efs_status,Srgap1,Disease aggressiveness,Within-study,HGSC event-free status,8,EFS_STATUS,Censored,Event,Srgap1 / SRGAP1,Initiation (I),SRGAP1,Any nonsynonymous mutation in the mapped human orthologue; exact mouse variants are not matched.,tested,11,1,9.090909090909092,21,2,9.523809523809524,0.432900432900432,1.0509610036023656,0.048890735118654,68.20514288078606,0.8974358974358975,-0.15611920191728185,1,1,1
hgsc_efs_status,Tmprss9,Disease aggressiveness,Within-study,HGSC event-free status,8,EFS_STATUS,Censored,Event,Tmprss9 / TMPRSS9,Initiation (I),TMPRSS9,Any nonsynonymous mutation in the mapped human orthologue; exact mouse variants are not matched.,tested,11,0,0,21,3,14.285714285714286,14.285714285714286,Inf,0.21590113189346208,Inf,4.351351351351352,2.121463512485667,0.5342741935483871,1,1
hgsc_efs_status,Ube2d2a,Disease aggressiveness,Within-study,HGSC event-free status,8,EFS_STATUS,Censored,Event,Ube2d2a / UBE2D2,Initiation (I),UBE2D2,Any nonsynonymous mutation in the mapped human orthologue; exact mouse variants are not matched.,not_testable_no_mutation_variation,11,0,0,21,0,0,0,NA,NA,NA,0.5348837209302325,-0.9027027986450852,NA,NA,NA
hgsc_efs_status,Usp3,Disease aggressiveness,Within-study,HGSC event-free status,8,EFS_STATUS,Censored,Event,Usp3 / USP3,Initiation (I),USP3,Any nonsynonymous mutation in the mapped human orthologue; exact mouse variants are not matched.,tested,11,0,0,21,2,9.523809523809524,9.523809523809524,Inf,0.09728400807298002,Inf,2.948717948717949,1.560087832082127,0.534274193548387,1,1
hgsc_efs_status,Xirp2,Disease aggressiveness,Within-study,HGSC event-free status,8,EFS_STATUS,Censored,Event,Xirp2 / XIRP2,Initiation (I),XIRP2,Any nonsynonymous mutation in the mapped human orthologue; exact mouse variants are not matched.,tested,11,7,63.63636363636363,21,19,90.47619047619048,26.83982683982685,5.104501116623396,0.5841151243328335,68.56814660606385,4.68,2.2265085298086795,0.14757137560252123,0.9961067853170184,1
hgsc_efs_status,Csmd2,Disease aggressiveness,Within-study,HGSC event-free status,8,EFS_STATUS,Censored,Event,Csmd2 / CSMD2,Predisposition,CSMD2,Any nonsynonymous mutation in the mapped human orthologue; exact mouse variants are not matched.,tested,11,5,45.45454545454545,21,13,61.904761904761905,16.450216450216452,1.908695187672314,0.35069973459624554,11.012701157209914,1.8770053475935828,0.908432760416924,0.46505537553803744,1,1
hgsc_efs_status,Erbb2,Disease aggressiveness,Within-study,HGSC event-free status,8,EFS_STATUS,Censored,Event,Erbb2 / ERBB2,Predisposition,ERBB2,Any nonsynonymous mutation in the mapped human orthologue; exact mouse variants are not matched.,tested,11,1,9.090909090909092,21,5,23.80952380952381,14.718614718614718,3.0295627864452093,0.2761749781080813,162.19629856660174,2.3333333333333335,1.222392421336448,0.6367491657397109,1,1
hgsc_efs_status,Huwe1,Disease aggressiveness,Within-study,HGSC event-free status,8,EFS_STATUS,Censored,Event,Huwe1 / HUWE1,Predisposition,HUWE1,Any nonsynonymous mutation in the mapped human orthologue; exact mouse variants are not matched.,tested,11,4,36.36363636363637,21,8,38.095238095238095,1.731601731601728,1.0744736612674084,0.19106587718466353,6.698446928892534,1.0493827160493827,0.06954093325307703,1,1,1
hgsc_efs_status,Lrp1b,Disease aggressiveness,Within-study,HGSC event-free status,8,EFS_STATUS,Censored,Event,Lrp1b / LRP1B,Predisposition,LRP1B,Any nonsynonymous mutation in the mapped human orthologue; exact mouse variants are not matched.,tested,11,10,90.9090909090909,21,17,80.95238095238095,-9.956709956709958,0.43527436007763526,0.007862036271261962,5.26977253698454,0.5555555555555556,-0.84799690655495,0.6367491657397109,1,1
hgsc_efs_status,Pard3,Disease aggressiveness,Within-study,HGSC event-free status,8,EFS_STATUS,Censored,Event,Pard3 / PARD3,Predisposition,PARD3,Any nonsynonymous mutation in the mapped human orthologue; exact mouse variants are not matched.,tested,11,4,36.36363636363637,21,8,38.095238095238095,1.731601731601728,1.0744736612674084,0.19106587718466353,6.698446928892534,1.0493827160493827,0.06954093325307703,1,1,1
hgsc_efs_status,Psme4,Disease aggressiveness,Within-study,HGSC event-free status,8,EFS_STATUS,Censored,Event,Psme4 / PSME4,Predisposition,PSME4,Any nonsynonymous mutation in the mapped human orthologue; exact mouse variants are not matched.,tested,11,0,0,21,2,9.523809523809524,9.523809523809524,Inf,0.09728400807298002,Inf,2.948717948717949,1.560087832082127,0.534274193548387,1,1
hgsc_efs_status,Ptch1,Disease aggressiveness,Within-study,HGSC event-free status,8,EFS_STATUS,Censored,Event,Ptch1 / PTCH1,Predisposition,PTCH1,Any nonsynonymous mutation in the mapped human orthologue; exact mouse variants are not matched.,tested,11,2,18.181818181818183,21,3,14.285714285714286,-3.896103896103897,0.7570061274506515,0.07215194965112177,10.598240276694353,0.7189189189189189,-0.4760990250151226,1,1,1
ranson_nodal_stage,Arid2,Disease aggressiveness,Within-study,Ranson nodal stage,9,NODAL_STAGE,N1/N2,N3,Arid2 / ARID2,I+P,ARID2,Any nonsynonymous mutation in the mapped human orthologue; exact mouse variants are not matched.,tested,6,1,16.666666666666668,19,7,36.8421052631579,20.17543859649123,2.8075823368036468,0.23560017923331988,157.1973840723671,2.2,1.1375035237499351,0.6237154150197628,1,1
ranson_nodal_stage,Aatk,Disease aggressiveness,Within-study,Ranson nodal stage,9,NODAL_STAGE,N1/N2,N3,Aatk / AATK,Initiation (I),AATK,Any nonsynonymous mutation in the mapped human orthologue; exact mouse variants are not matched.,tested,6,1,16.666666666666668,19,7,36.8421052631579,20.17543859649123,2.8075823368036468,0.23560017923331988,157.1973840723671,2.2,1.1375035237499351,0.6237154150197628,1,1
ranson_nodal_stage,Bmper,Disease aggressiveness,Within-study,Ranson nodal stage,9,NODAL_STAGE,N1/N2,N3,Bmper / BMPER,Initiation (I),BMPER,Any nonsynonymous mutation in the mapped human orthologue; exact mouse variants are not matched.,tested,6,1,16.666666666666668,19,8,42.10526315789474,25.438596491228072,3.472702266482906,0.29705796368310167,192.89537295446183,2.710144927536232,1.4383700031094677,0.3644268774703557,0.9839525691699604,1
ranson_nodal_stage,Cep170b,Disease aggressiveness,Within-study,Ranson nodal stage,9,NODAL_STAGE,N1/N2,N3,Cep170b / CEP170B,Initiation (I),CEP170B,Any nonsynonymous mutation in the mapped human orthologue; exact mouse variants are not matched.,tested,6,2,33.333333333333336,19,12,63.1578947368421,29.824561403508767,3.25612558295229,0.3576042047765417,44.95151745021912,3,1.584962500721156,0.35,0.9839525691699604,1
ranson_nodal_stage,Cldn18,Disease aggressiveness,Within-study,Ranson nodal stage,9,NODAL_STAGE,N1/N2,N3,Cldn18 / CLDN18,Initiation (I),CLDN18,Any nonsynonymous mutation in the mapped human orthologue; exact mouse variants are not matched.,tested,6,0,0,19,2,10.526315789473685,10.526315789473685,Inf,0.056736306052307825,Inf,1.8571428571428572,0.8930847960834881,1,1,1
ranson_nodal_stage,Dennd1c,Disease aggressiveness,Within-study,Ranson nodal stage,9,NODAL_STAGE,N1/N2,N3,Dennd1c / DENND1C,Initiation (I),DENND1C,Any nonsynonymous mutation in the mapped human orthologue; exact mouse variants are not matched.,tested,6,0,0,19,6,31.57894736842105,31.57894736842105,Inf,0.3827716464804392,Inf,6.2592592592592595,2.6459919341187157,0.27776397515527945,0.9839525691699604,1
ranson_nodal_stage,Ezh1,Disease aggressiveness,Within-study,Ranson nodal stage,9,NODAL_STAGE,N1/N2,N3,Ezh1 / EZH1,Initiation (I),EZH1,Any nonsynonymous mutation in the mapped human orthologue; exact mouse variants are not matched.,tested,6,2,33.333333333333336,19,7,36.8421052631579,3.5087719298245617,1.15957140563291,0.12442763025024736,15.974150944843982,1.08,0.11103131238874395,1,1,1
ranson_nodal_stage,Folh1,Disease aggressiveness,Within-study,Ranson nodal stage,9,NODAL_STAGE,N1/N2,N3,Folh1 / FOLH1,Initiation (I),FOLH1,Any nonsynonymous mutation in the mapped human orthologue; exact mouse variants are not matched.,tested,6,2,33.333333333333336,19,7,36.8421052631579,3.5087719298245617,1.15957140563291,0.12442763025024736,15.974150944843982,1.08,0.11103131238874395,1,1,1
ranson_nodal_stage,Foxp4,Disease aggressiveness,Within-study,Ranson nodal stage,9,NODAL_STAGE,N1/N2,N3,Foxp4 / FOXP4,Initiation (I),FOXP4,Any nonsynonymous mutation in the mapped human orthologue; exact mouse variants are not matched.,tested,6,1,16.666666666666668,19,2,10.526315789473685,-6.140350877192983,0.6022164157857254,0.025837561814872758,41.57069793385836,0.5238095238095238,-0.9328858041414629,1,1,1
ranson_nodal_stage,Kndc1,Disease aggressiveness,Within-study,Ranson nodal stage,9,NODAL_STAGE,N1/N2,N3,Kndc1 / KNDC1,Initiation (I),KNDC1,Any nonsynonymous mutation in the mapped human orthologue; exact mouse variants are not matched.,tested,6,5,83.33333333333333,19,11,57.89473684210526,-25.43859649122807,0.2879601887128616,0.005184157528942272,3.3663463776611255,0.3689839572192513,-1.4383700031094677,0.3644268774703557,0.9839525691699604,1
ranson_nodal_stage,Ophn1,Disease aggressiveness,Within-study,Ranson nodal stage,9,NODAL_STAGE,N1/N2,N3,Ophn1 / OPHN1,Initiation (I),OPHN1,Any nonsynonymous mutation in the mapped human orthologue; exact mouse variants are not matched.,tested,6,0,0,19,2,10.526315789473685,10.526315789473685,Inf,0.056736306052307825,Inf,1.8571428571428572,0.8930847960834881,1,1,1
ranson_nodal_stage,Otog,Disease aggressiveness,Within-study,Ranson nodal stage,9,NODAL_STAGE,N1/N2,N3,Otog / OTOG,Initiation (I),OTOG,Any nonsynonymous mutation in the mapped human orthologue; exact mouse variants are not matched.,tested,6,3,50,19,14,73.6842105263158,23.684210526315795,2.6746119718950783,0.26750337147868036,27.645135484791563,2.6363636363636362,1.3985493764902748,0.34418972332015807,0.9839525691699604,1
ranson_nodal_stage,Pkp4,Disease aggressiveness,Within-study,Ranson nodal stage,9,NODAL_STAGE,N1/N2,N3,Pkp4 / PKP4,Initiation (I),PKP4,Any nonsynonymous mutation in the mapped human orthologue; exact mouse variants are not matched.,tested,6,2,33.333333333333336,19,5,26.31578947368421,-7.017543859649127,0.7243433761000698,0.07227749607700741,10.364947416282478,0.6827586206896552,-0.5505524699353248,1,1,1
ranson_nodal_stage,Plce1,Disease aggressiveness,Within-study,Ranson nodal stage,9,NODAL_STAGE,N1/N2,N3,Plce1 / PLCE1,Initiation (I),PLCE1,Any nonsynonymous mutation in the mapped human orthologue; exact mouse variants are not matched.,tested,6,4,66.66666666666667,19,13,68.42105263157895,1.7543859649122737,1.0798416211602124,0.0772484162863466,10.3504998225408,1.1538461538461537,0.20645087746742624,1,1,1
ranson_nodal_stage,Ppp1r14d,Disease aggressiveness,Within-study,Ranson nodal stage,9,NODAL_STAGE,N1/N2,N3,Ppp1r14d / PPP1R14D,Initiation (I),PPP1R14D,Any nonsynonymous mutation in the mapped human orthologue; exact mouse variants are not matched.,not_testable_no_mutation_variation,6,0,0,19,0,0,0,NA,NA,NA,0.3333333333333333,-1.5849625007211563,NA,NA,NA
ranson_nodal_stage,Rad51b,Disease aggressiveness,Within-study,Ranson nodal stage,9,NODAL_STAGE,N1/N2,N3,Rad51b / RAD51B,Initiation (I),RAD51B,Any nonsynonymous mutation in the mapped human orthologue; exact mouse variants are not matched.,tested,6,0,0,19,4,21.05263157894737,21.05263157894737,Inf,0.19933927651886182,Inf,3.774193548387097,1.9161684091965294,0.5403952569169962,1,1
ranson_nodal_stage,Rasd2,Disease aggressiveness,Within-study,Ranson nodal stage,9,NODAL_STAGE,N1/N2,N3,Rasd2 / RASD2,Initiation (I),RASD2,Any nonsynonymous mutation in the mapped human orthologue; exact mouse variants are not matched.,tested,6,0,0,19,4,21.05263157894737,21.05263157894737,Inf,0.19933927651886182,Inf,3.774193548387097,1.9161684091965294,0.5403952569169962,1,1
ranson_nodal_stage,Spats2l,Disease aggressiveness,Within-study,Ranson nodal stage,9,NODAL_STAGE,N1/N2,N3,Spats2l / SPATS2L,Initiation (I),SPATS2L,Any nonsynonymous mutation in the mapped human orthologue; exact mouse variants are not matched.,not_testable_no_mutation_variation,6,0,0,19,0,0,0,NA,NA,NA,0.3333333333333333,-1.5849625007211563,NA,NA,NA
ranson_nodal_stage,Srgap1,Disease aggressiveness,Within-study,Ranson nodal stage,9,NODAL_STAGE,N1/N2,N3,Srgap1 / SRGAP1,Initiation (I),SRGAP1,Any nonsynonymous mutation in the mapped human orthologue; exact mouse variants are not matched.,tested,6,0,0,19,6,31.57894736842105,31.57894736842105,Inf,0.3827716464804392,Inf,6.2592592592592595,2.6459919341187157,0.27776397515527945,0.9839525691699604,1
ranson_nodal_stage,Tmprss9,Disease aggressiveness,Within-study,Ranson nodal stage,9,NODAL_STAGE,N1/N2,N3,Tmprss9 / TMPRSS9,Initiation (I),TMPRSS9,Any nonsynonymous mutation in the mapped human orthologue; exact mouse variants are not matched.,tested,6,1,16.666666666666668,19,8,42.10526315789474,25.438596491228072,3.472702266482906,0.29705796368310167,192.89537295446183,2.710144927536232,1.4383700031094677,0.3644268774703557,0.9839525691699604,1
ranson_nodal_stage,Ube2d2a,Disease aggressiveness,Within-study,Ranson nodal stage,9,NODAL_STAGE,N1/N2,N3,Ube2d2a / UBE2D2,Initiation (I),UBE2D2,Any nonsynonymous mutation in the mapped human orthologue; exact mouse variants are not matched.,not_testable_no_mutation_variation,6,0,0,19,0,0,0,NA,NA,NA,0.3333333333333333,-1.5849625007211563,NA,NA,NA
ranson_nodal_stage,Usp3,Disease aggressiveness,Within-study,Ranson nodal stage,9,NODAL_STAGE,N1/N2,N3,Usp3 / USP3,Initiation (I),USP3,Any nonsynonymous mutation in the mapped human orthologue; exact mouse variants are not matched.,tested,6,0,0,19,2,10.526315789473685,10.526315789473685,Inf,0.056736306052307825,Inf,1.8571428571428572,0.8930847960834881,1,1,1
ranson_nodal_stage,Xirp2,Disease aggressiveness,Within-study,Ranson nodal stage,9,NODAL_STAGE,N1/N2,N3,Xirp2 / XIRP2,Initiation (I),XIRP2,Any nonsynonymous mutation in the mapped human orthologue; exact mouse variants are not matched.,tested,6,3,50,19,16,84.21052631578948,34.21052631578948,4.897403914765753,0.4424670571634693,60.54465788523112,4.714285714285714,2.237039197300849,0.12456239412761143,0.9839525691699604,1
ranson_nodal_stage,Csmd2,Disease aggressiveness,Within-study,Ranson nodal stage,9,NODAL_STAGE,N1/N2,N3,Csmd2 / CSMD2,Predisposition,CSMD2,Any nonsynonymous mutation in the mapped human orthologue; exact mouse variants are not matched.,tested,6,5,83.33333333333333,19,13,68.42105263157895,-14.912280701754383,0.446533320906362,0.007875605643881673,5.484007692859882,0.5664335664335665,-0.8200213338937646,0.6371541501976284,1,1
ranson_nodal_stage,Erbb2,Disease aggressiveness,Within-study,Ranson nodal stage,9,NODAL_STAGE,N1/N2,N3,Erbb2 / ERBB2,Predisposition,ERBB2,Any nonsynonymous mutation in the mapped human orthologue; exact mouse variants are not matched.,tested,6,1,16.666666666666668,19,5,26.31578947368421,9.649122807017541,1.7481449564962335,0.13571026129461,101.05684319623752,1.3908045977011494,0.4759197414258662,0.9999999999999999,1,1
ranson_nodal_stage,Huwe1,Disease aggressiveness,Within-study,Ranson nodal stage,9,NODAL_STAGE,N1/N2,N3,Huwe1 / HUWE1,Predisposition,HUWE1,Any nonsynonymous mutation in the mapped human orthologue; exact mouse variants are not matched.,tested,6,1,16.666666666666668,19,9,47.36842105263158,30.701754385964914,4.261461057430538,0.36874772060704974,235.70342106755615,3.3174603174603177,1.7300792085809664,0.3448616600790514,0.9839525691699604,1
ranson_nodal_stage,Lrp1b,Disease aggressiveness,Within-study,Ranson nodal stage,9,NODAL_STAGE,N1/N2,N3,Lrp1b / LRP1B,Predisposition,LRP1B,Any nonsynonymous mutation in the mapped human orthologue; exact mouse variants are not matched.,tested,6,6,100,19,16,84.21052631578948,-15.78947368421052,0,0,8.116345548497955,0.3626373626373626,-1.463400520840243,0.5539130434782608,1,1
ranson_nodal_stage,Pard3,Disease aggressiveness,Within-study,Ranson nodal stage,9,NODAL_STAGE,N1/N2,N3,Pard3 / PARD3,Predisposition,PARD3,Any nonsynonymous mutation in the mapped human orthologue; exact mouse variants are not matched.,tested,6,2,33.333333333333336,19,7,36.8421052631579,3.5087719298245617,1.15957140563291,0.12442763025024736,15.974150944843982,1.08,0.11103131238874395,1,1,1
ranson_nodal_stage,Psme4,Disease aggressiveness,Within-study,Ranson nodal stage,9,NODAL_STAGE,N1/N2,N3,Psme4 / PSME4,Predisposition,PSME4,Any nonsynonymous mutation in the mapped human orthologue; exact mouse variants are not matched.,tested,6,1,16.666666666666668,19,5,26.31578947368421,9.649122807017541,1.7481449564962335,0.13571026129461,101.05684319623752,1.3908045977011494,0.4759197414258662,0.9999999999999999,1,1
ranson_nodal_stage,Ptch1,Disease aggressiveness,Within-study,Ranson nodal stage,9,NODAL_STAGE,N1/N2,N3,Ptch1 / PTCH1,Predisposition,PTCH1,Any nonsynonymous mutation in the mapped human orthologue; exact mouse variants are not matched.,tested,6,0,0,19,7,36.8421052631579,36.8421052631579,Inf,0.4942373699097489,Inf,7.8,2.963474123974886,0.13723320158102764,0.9839525691699604,1
ranson_grade,Arid2,Disease aggressiveness,Within-study,Ranson grade,10,GRADE,Grade 1/2,Grade 3,Arid2 / ARID2,I+P,ARID2,Any nonsynonymous mutation in the mapped human orthologue; exact mouse variants are not matched.,tested,6,2,33.333333333333336,15,5,33.333333333333336,0,1,0.0968617050953369,14.690412357967361,0.9428571428571428,-0.08488889758651305,1,1,1
ranson_grade,Aatk,Disease aggressiveness,Within-study,Ranson grade,10,GRADE,Grade 1/2,Grade 3,Aatk / AATK,Initiation (I),AATK,Any nonsynonymous mutation in the mapped human orthologue; exact mouse variants are not matched.,tested,6,3,50,15,5,33.333333333333336,-16.666666666666664,0.5175483779588217,0.048633155118798614,5.353000942574287,0.5238095238095238,-0.9328858041414629,0.6310629514963882,1,1
ranson_grade,Bmper,Disease aggressiveness,Within-study,Ranson grade,10,GRADE,Grade 1/2,Grade 3,Bmper / BMPER,Initiation (I),BMPER,Any nonsynonymous mutation in the mapped human orthologue; exact mouse variants are not matched.,tested,6,2,33.333333333333336,15,5,33.333333333333336,0,1,0.0968617050953369,14.690412357967361,0.9428571428571428,-0.08488889758651305,1,1,1
ranson_grade,Cep170b,Disease aggressiveness,Within-study,Ranson grade,10,GRADE,Grade 1/2,Grade 3,Cep170b / CEP170B,Initiation (I),CEP170B,Any nonsynonymous mutation in the mapped human orthologue; exact mouse variants are not matched.,tested,6,2,33.333333333333336,15,9,60,26.666666666666664,2.842536681937627,0.29399077620282826,41.110434974343605,2.6307692307692307,1.3954847018574434,0.3614551083591332,1,1
ranson_grade,Cldn18,Disease aggressiveness,Within-study,Ranson grade,10,GRADE,Grade 1/2,Grade 3,Cldn18 / CLDN18,Initiation (I),CLDN18,Any nonsynonymous mutation in the mapped human orthologue; exact mouse variants are not matched.,tested,6,0,0,15,2,13.333333333333334,13.333333333333334,Inf,0.07249571070046938,Inf,2.4074074074074074,1.267480310864986,1,1,1
ranson_grade,Dennd1c,Disease aggressiveness,Within-study,Ranson grade,10,GRADE,Grade 1/2,Grade 3,Dennd1c / DENND1C,Initiation (I),DENND1C,Any nonsynonymous mutation in the mapped human orthologue; exact mouse variants are not matched.,tested,6,0,0,15,4,26.666666666666668,26.666666666666668,Inf,0.26198120819624915,Inf,5.086956521739131,2.3468027635263917,0.280701754385965,1,1
ranson_grade,Ezh1,Disease aggressiveness,Within-study,Ranson grade,10,GRADE,Grade 1/2,Grade 3,Ezh1 / EZH1,Initiation (I),EZH1,Any nonsynonymous mutation in the mapped human orthologue; exact mouse variants are not matched.,tested,6,1,16.666666666666668,15,7,46.666666666666664,29.999999999999996,4.1002306378061695,0.33135819759658486,235.5853632665384,3.235294117647059,1.6938968722743202,0.33591331269349867,1,1
ranson_grade,Folh1,Disease aggressiveness,Within-study,Ranson grade,10,GRADE,Grade 1/2,Grade 3,Folh1 / FOLH1,Initiation (I),FOLH1,Any nonsynonymous mutation in the mapped human orthologue; exact mouse variants are not matched.,tested,6,2,33.333333333333336,15,6,40,6.666666666666664,1.3154510279072709,0.13252631622916713,18.986733261402353,1.231578947368421,0.3005091112524567,1,1,1
ranson_grade,Foxp4,Disease aggressiveness,Within-study,Ranson grade,10,GRADE,Grade 1/2,Grade 3,Foxp4 / FOXP4,Initiation (I),FOXP4,Any nonsynonymous mutation in the mapped human orthologue; exact mouse variants are not matched.,tested,6,0,0,15,2,13.333333333333334,13.333333333333334,Inf,0.07249571070046938,Inf,2.4074074074074074,1.267480310864986,1,1,1
ranson_grade,Kndc1,Disease aggressiveness,Within-study,Ranson grade,10,GRADE,Grade 1/2,Grade 3,Kndc1 / KNDC1,Initiation (I),KNDC1,Any nonsynonymous mutation in the mapped human orthologue; exact mouse variants are not matched.,tested,6,4,66.66666666666667,15,10,66.66666666666667,0,1,0.06807160858610269,10.323997487095042,1.0606060606060606,0.08488889758651294,1,1,1
ranson_grade,Ophn1,Disease aggressiveness,Within-study,Ranson grade,10,GRADE,Grade 1/2,Grade 3,Ophn1 / OPHN1,Initiation (I),OPHN1,Any nonsynonymous mutation in the mapped human orthologue; exact mouse variants are not matched.,tested,6,0,0,15,1,6.666666666666667,6.666666666666667,Inf,0.010271875000000008,Inf,1.3448275862068966,0.4274212237346762,1,1,1
ranson_grade,Otog,Disease aggressiveness,Within-study,Ranson grade,10,GRADE,Grade 1/2,Grade 3,Otog / OTOG,Initiation (I),OTOG,Any nonsynonymous mutation in the mapped human orthologue; exact mouse variants are not matched.,tested,6,4,66.66666666666667,15,9,60,-6.666666666666671,0.7601955365764429,0.0526683545943564,7.5456711425584375,0.811965811965812,-0.30050911125245666,1,1,1
ranson_grade,Pkp4,Disease aggressiveness,Within-study,Ranson grade,10,GRADE,Grade 1/2,Grade 3,Pkp4 / PKP4,Initiation (I),PKP4,Any nonsynonymous mutation in the mapped human orthologue; exact mouse variants are not matched.,tested,6,1,16.666666666666668,15,4,26.666666666666668,10,1.7707766766664772,0.12416520118746105,107.122765532176,1.434782608695652,0.5208321633014404,0.9999999999999999,1,1
ranson_grade,Plce1,Disease aggressiveness,Within-study,Ranson grade,10,GRADE,Grade 1/2,Grade 3,Plce1 / PLCE1,Initiation (I),PLCE1,Any nonsynonymous mutation in the mapped human orthologue; exact mouse variants are not matched.,tested,6,3,50,15,11,73.33333333333333,23.33333333333333,2.608936784576331,0.24410789688418053,29.39414480833176,2.5555555555555554,1.3536369546147005,0.35436016511867896,1,1
ranson_grade,Ppp1r14d,Disease aggressiveness,Within-study,Ranson grade,10,GRADE,Grade 1/2,Grade 3,Ppp1r14d / PPP1R14D,Initiation (I),PPP1R14D,Any nonsynonymous mutation in the mapped human orthologue; exact mouse variants are not matched.,not_testable_no_mutation_variation,6,0,0,15,0,0,0,NA,NA,NA,0.41935483870967744,-1.253756592245783,NA,NA,NA
ranson_grade,Rad51b,Disease aggressiveness,Within-study,Ranson grade,10,GRADE,Grade 1/2,Grade 3,Rad51b / RAD51B,Initiation (I),RAD51B,Any nonsynonymous mutation in the mapped human orthologue; exact mouse variants are not matched.,tested,6,1,16.666666666666668,15,3,20,3.333333333333332,1.2371586042965248,0.07479873464873542,78.53528559539457,1.0266666666666666,0.037967850199020416,0.9999999999999999,1,1
ranson_grade,Rasd2,Disease aggressiveness,Within-study,Ranson grade,10,GRADE,Grade 1/2,Grade 3,Rasd2 / RASD2,Initiation (I),RASD2,Any nonsynonymous mutation in the mapped human orthologue; exact mouse variants are not matched.,tested,6,1,16.666666666666668,15,3,20,3.333333333333332,1.2371586042965248,0.07479873464873542,78.53528559539457,1.0266666666666666,0.037967850199020416,0.9999999999999999,1,1
ranson_grade,Spats2l,Disease aggressiveness,Within-study,Ranson grade,10,GRADE,Grade 1/2,Grade 3,Spats2l / SPATS2L,Initiation (I),SPATS2L,Any nonsynonymous mutation in the mapped human orthologue; exact mouse variants are not matched.,not_testable_no_mutation_variation,6,0,0,15,0,0,0,NA,NA,NA,0.41935483870967744,-1.253756592245783,NA,NA,NA
ranson_grade,Srgap1,Disease aggressiveness,Within-study,Ranson grade,10,GRADE,Grade 1/2,Grade 3,Srgap1 / SRGAP1,Initiation (I),SRGAP1,Any nonsynonymous mutation in the mapped human orthologue; exact mouse variants are not matched.,tested,6,2,33.333333333333336,15,3,20,-13.333333333333336,0.5182162221924449,0.04048988653251635,8.322606366347676,0.504,-0.9885043611621706,0.5975232198142414,1,1
ranson_grade,Tmprss9,Disease aggressiveness,Within-study,Ranson grade,10,GRADE,Grade 1/2,Grade 3,Tmprss9 / TMPRSS9,Initiation (I),TMPRSS9,Any nonsynonymous mutation in the mapped human orthologue; exact mouse variants are not matched.,tested,6,1,16.666666666666668,15,6,40,23.333333333333332,3.164148186359981,0.24972300030962497,183.2856445318076,2.508771929824561,1.3269813226136475,0.6126160990712074,1,1
ranson_grade,Ube2d2a,Disease aggressiveness,Within-study,Ranson grade,10,GRADE,Grade 1/2,Grade 3,Ube2d2a / UBE2D2,Initiation (I),UBE2D2,Any nonsynonymous mutation in the mapped human orthologue; exact mouse variants are not matched.,not_testable_no_mutation_variation,6,0,0,15,0,0,0,NA,NA,NA,0.41935483870967744,-1.253756592245783,NA,NA,NA
ranson_grade,Usp3,Disease aggressiveness,Within-study,Ranson grade,10,GRADE,Grade 1/2,Grade 3,Usp3 / USP3,Initiation (I),USP3,Any nonsynonymous mutation in the mapped human orthologue; exact mouse variants are not matched.,tested,6,1,16.666666666666668,15,0,0,-16.666666666666668,0,0,15.600032473661331,0.11827956989247312,-3.079727192470734,0.2857142857142857,1,1
ranson_grade,Xirp2,Disease aggressiveness,Within-study,Ranson grade,10,GRADE,Grade 1/2,Grade 3,Xirp2 / XIRP2,Initiation (I),XIRP2,Any nonsynonymous mutation in the mapped human orthologue; exact mouse variants are not matched.,tested,6,4,66.66666666666667,15,11,73.33333333333333,6.666666666666657,1.3537040403293596,0.08921464036519433,15.006051242100519,1.4197530864197532,0.5056400480597506,1,1,1
ranson_grade,Csmd2,Disease aggressiveness,Within-study,Ranson grade,10,GRADE,Grade 1/2,Grade 3,Csmd2 / CSMD2,Predisposition,CSMD2,Any nonsynonymous mutation in the mapped human orthologue; exact mouse variants are not matched.,tested,6,3,50,15,12,80,30,3.7030458661961294,0.32657320226441544,46.726723121581244,3.5714285714285716,1.8365012677171206,0.29063467492260053,1,1
ranson_grade,Erbb2,Disease aggressiveness,Within-study,Ranson grade,10,GRADE,Grade 1/2,Grade 3,Erbb2 / ERBB2,Predisposition,ERBB2,Any nonsynonymous mutation in the mapped human orthologue; exact mouse variants are not matched.,tested,6,1,16.666666666666668,15,4,26.666666666666668,10,1.7707766766664772,0.12416520118746105,107.122765532176,1.434782608695652,0.5208321633014404,0.9999999999999999,1,1
ranson_grade,Huwe1,Disease aggressiveness,Within-study,Ranson grade,10,GRADE,Grade 1/2,Grade 3,Huwe1 / HUWE1,Predisposition,HUWE1,Any nonsynonymous mutation in the mapped human orthologue; exact mouse variants are not matched.,tested,6,1,16.666666666666668,15,7,46.666666666666664,29.999999999999996,4.1002306378061695,0.33135819759658486,235.5853632665384,3.235294117647059,1.6938968722743202,0.33591331269349867,1,1
ranson_grade,Lrp1b,Disease aggressiveness,Within-study,Ranson grade,10,GRADE,Grade 1/2,Grade 3,Lrp1b / LRP1B,Predisposition,LRP1B,Any nonsynonymous mutation in the mapped human orthologue; exact mouse variants are not matched.,tested,6,6,100,15,12,80,-20,0,0,6.273623586520506,0.27472527472527475,-1.8639384504239715,0.5263157894736842,1,1
ranson_grade,Pard3,Disease aggressiveness,Within-study,Ranson grade,10,GRADE,Grade 1/2,Grade 3,Pard3 / PARD3,Predisposition,PARD3,Any nonsynonymous mutation in the mapped human orthologue; exact mouse variants are not matched.,tested,6,2,33.333333333333336,15,6,40,6.666666666666664,1.3154510279072709,0.13252631622916713,18.986733261402353,1.231578947368421,0.3005091112524567,1,1,1
ranson_grade,Psme4,Disease aggressiveness,Within-study,Ranson grade,10,GRADE,Grade 1/2,Grade 3,Psme4 / PSME4,Predisposition,PSME4,Any nonsynonymous mutation in the mapped human orthologue; exact mouse variants are not matched.,tested,6,1,16.666666666666668,15,4,26.666666666666668,10,1.7707766766664772,0.12416520118746105,107.122765532176,1.434782608695652,0.5208321633014404,0.9999999999999999,1,1
ranson_grade,Ptch1,Disease aggressiveness,Within-study,Ranson grade,10,GRADE,Grade 1/2,Grade 3,Ptch1 / PTCH1,Predisposition,PTCH1,Any nonsynonymous mutation in the mapped human orthologue; exact mouse variants are not matched.,tested,6,1,16.666666666666668,15,4,26.666666666666668,10,1.7707766766664772,0.12416520118746105,107.122765532176,1.434782608695652,0.5208321633014404,0.9999999999999999,1,1
ranson_extracapsular_spread,Arid2,Disease aggressiveness,Within-study,Ranson extracapsular spread,11,EXTRACAPSULAR_SPREAD,No,Yes,Arid2 / ARID2,I+P,ARID2,Any nonsynonymous mutation in the mapped human orthologue; exact mouse variants are not matched.,tested,5,0,0,18,7,38.888888888888886,38.888888888888886,Inf,0.42301817909151646,Inf,7.173913043478261,2.842760258188803,0.2718951529020179,1,1
ranson_extracapsular_spread,Aatk,Disease aggressiveness,Within-study,Ranson extracapsular spread,11,EXTRACAPSULAR_SPREAD,No,Yes,Aatk / AATK,Initiation (I),AATK,Any nonsynonymous mutation in the mapped human orthologue; exact mouse variants are not matched.,tested,5,1,20,18,7,38.888888888888886,18.888888888888886,2.453093812995457,0.18612647261102344,142.8567217797408,1.9565217391304348,0.9682911402726618,0.6213854795090492,1,1
ranson_extracapsular_spread,Bmper,Disease aggressiveness,Within-study,Ranson extracapsular spread,11,EXTRACAPSULAR_SPREAD,No,Yes,Bmper / BMPER,Initiation (I),BMPER,Any nonsynonymous mutation in the mapped human orthologue; exact mouse variants are not matched.,tested,5,1,20,18,7,38.888888888888886,18.888888888888886,2.453093812995457,0.18612647261102344,142.8567217797408,1.9565217391304348,0.9682911402726618,0.6213854795090492,1,1
ranson_extracapsular_spread,Cep170b,Disease aggressiveness,Within-study,Ranson extracapsular spread,11,EXTRACAPSULAR_SPREAD,No,Yes,Cep170b / CEP170B,Initiation (I),CEP170B,Any nonsynonymous mutation in the mapped human orthologue; exact mouse variants are not matched.,tested,5,2,40,18,11,61.111111111111114,21.111111111111114,2.2681557003744826,0.2038438892188355,33.774524711161824,2.1466666666666665,1.102098187618736,0.6175220660346518,1,1
ranson_extracapsular_spread,Cldn18,Disease aggressiveness,Within-study,Ranson extracapsular spread,11,EXTRACAPSULAR_SPREAD,No,Yes,Cldn18 / CLDN18,Initiation (I),CLDN18,Any nonsynonymous mutation in the mapped human orthologue; exact mouse variants are not matched.,tested,5,0,0,18,2,11.11111111111111,11.11111111111111,Inf,0.049161512598302703,Inf,1.6666666666666667,0.7369655941662062,1,1,1
ranson_extracapsular_spread,Dennd1c,Disease aggressiveness,Within-study,Ranson extracapsular spread,11,EXTRACAPSULAR_SPREAD,No,Yes,Dennd1c / DENND1C,Initiation (I),DENND1C,Any nonsynonymous mutation in the mapped human orthologue; exact mouse variants are not matched.,tested,5,0,0,18,6,33.333333333333336,33.333333333333336,Inf,0.3266663236495051,Inf,5.72,2.5160151470036647,0.2724895242057714,1,1
ranson_extracapsular_spread,Ezh1,Disease aggressiveness,Within-study,Ranson extracapsular spread,11,EXTRACAPSULAR_SPREAD,No,Yes,Ezh1 / EZH1,Initiation (I),EZH1,Any nonsynonymous mutation in the mapped human orthologue; exact mouse variants are not matched.,tested,5,2,40,18,7,38.888888888888886,-1.1111111111111143,0.9565091387082365,0.08484238715511061,14.209012257529448,0.9130434782608695,-0.13124453327825267,1,1,1
ranson_extracapsular_spread,Folh1,Disease aggressiveness,Within-study,Ranson extracapsular spread,11,EXTRACAPSULAR_SPREAD,No,Yes,Folh1 / FOLH1,Initiation (I),FOLH1,Any nonsynonymous mutation in the mapped human orthologue; exact mouse variants are not matched.,tested,5,2,40,18,7,38.888888888888886,-1.1111111111111143,0.9565091387082365,0.08484238715511061,14.209012257529448,0.9130434782608695,-0.13124453327825267,1,1,1
ranson_extracapsular_spread,Foxp4,Disease aggressiveness,Within-study,Ranson extracapsular spread,11,EXTRACAPSULAR_SPREAD,No,Yes,Foxp4 / FOXP4,Initiation (I),FOXP4,Any nonsynonymous mutation in the mapped human orthologue; exact mouse variants are not matched.,tested,5,1,20,18,2,11.11111111111111,-8.88888888888889,0.5176094033918828,0.02129528796515568,36.79678244866915,0.45454545454545453,-1.137503523749935,0.5392433653303219,1,1
ranson_extracapsular_spread,Kndc1,Disease aggressiveness,Within-study,Ranson extracapsular spread,11,EXTRACAPSULAR_SPREAD,No,Yes,Kndc1 / KNDC1,Initiation (I),KNDC1,Any nonsynonymous mutation in the mapped human orthologue; exact mouse variants are not matched.,tested,5,4,80,18,11,61.111111111111114,-18.888888888888886,0.4076484946080833,0.0070000206328535075,5.372690869663932,0.5111111111111111,-0.9682911402726619,0.6213854795090492,1,1
ranson_extracapsular_spread,Ophn1,Disease aggressiveness,Within-study,Ranson extracapsular spread,11,EXTRACAPSULAR_SPREAD,No,Yes,Ophn1 / OPHN1,Initiation (I),OPHN1,Any nonsynonymous mutation in the mapped human orthologue; exact mouse variants are not matched.,tested,5,0,0,18,2,11.11111111111111,11.11111111111111,Inf,0.049161512598302703,Inf,1.6666666666666667,0.7369655941662062,1,1,1
ranson_extracapsular_spread,Otog,Disease aggressiveness,Within-study,Ranson extracapsular spread,11,EXTRACAPSULAR_SPREAD,No,Yes,Otog / OTOG,Initiation (I),OTOG,Any nonsynonymous mutation in the mapped human orthologue; exact mouse variants are not matched.,tested,5,3,60,18,13,72.22222222222223,12.222222222222229,1.6898615020969012,0.10997804464975013,20.147699500269816,1.7532467532467533,0.8100290563559296,0.6213854795090493,1,1
ranson_extracapsular_spread,Pkp4,Disease aggressiveness,Within-study,Ranson extracapsular spread,11,EXTRACAPSULAR_SPREAD,No,Yes,Pkp4 / PKP4,Initiation (I),PKP4,Any nonsynonymous mutation in the mapped human orthologue; exact mouse variants are not matched.,tested,5,1,20,18,5,27.77777777777778,7.777777777777779,1.5116648325143744,0.10731083384949623,90.6621072421309,1.2222222222222223,0.289506617194985,1,1,1
ranson_extracapsular_spread,Plce1,Disease aggressiveness,Within-study,Ranson extracapsular spread,11,EXTRACAPSULAR_SPREAD,No,Yes,Plce1 / PLCE1,Initiation (I),PLCE1,Any nonsynonymous mutation in the mapped human orthologue; exact mouse variants are not matched.,tested,5,4,80,18,13,72.22222222222223,-7.7777777777777715,0.6615223020943648,0.011029966437128072,9.318723600661817,0.8181818181818182,-0.28950661719498483,1,1,1
ranson_extracapsular_spread,Ppp1r14d,Disease aggressiveness,Within-study,Ranson extracapsular spread,11,EXTRACAPSULAR_SPREAD,No,Yes,Ppp1r14d / PPP1R14D,Initiation (I),PPP1R14D,Any nonsynonymous mutation in the mapped human orthologue; exact mouse variants are not matched.,not_testable_no_mutation_variation,5,0,0,18,0,0,0,NA,NA,NA,0.2972972972972973,-1.7500217469916524,NA,NA,NA
ranson_extracapsular_spread,Rad51b,Disease aggressiveness,Within-study,Ranson extracapsular spread,11,EXTRACAPSULAR_SPREAD,No,Yes,Rad51b / RAD51B,Initiation (I),RAD51B,Any nonsynonymous mutation in the mapped human orthologue; exact mouse variants are not matched.,tested,5,0,0,18,4,22.22222222222222,22.22222222222222,Inf,0.17013018921028028,Inf,3.413793103448276,1.7713756249520374,0.5392433653303218,1,1
ranson_extracapsular_spread,Rasd2,Disease aggressiveness,Within-study,Ranson extracapsular spread,11,EXTRACAPSULAR_SPREAD,No,Yes,Rasd2 / RASD2,Initiation (I),RASD2,Any nonsynonymous mutation in the mapped human orthologue; exact mouse variants are not matched.,tested,5,0,0,18,4,22.22222222222222,22.22222222222222,Inf,0.17013018921028028,Inf,3.413793103448276,1.7713756249520374,0.5392433653303218,1,1
ranson_extracapsular_spread,Spats2l,Disease aggressiveness,Within-study,Ranson extracapsular spread,11,EXTRACAPSULAR_SPREAD,No,Yes,Spats2l / SPATS2L,Initiation (I),SPATS2L,Any nonsynonymous mutation in the mapped human orthologue; exact mouse variants are not matched.,not_testable_no_mutation_variation,5,0,0,18,0,0,0,NA,NA,NA,0.2972972972972973,-1.7500217469916524,NA,NA,NA
ranson_extracapsular_spread,Srgap1,Disease aggressiveness,Within-study,Ranson extracapsular spread,11,EXTRACAPSULAR_SPREAD,No,Yes,Srgap1 / SRGAP1,Initiation (I),SRGAP1,Any nonsynonymous mutation in the mapped human orthologue; exact mouse variants are not matched.,tested,5,0,0,18,6,33.333333333333336,33.333333333333336,Inf,0.3266663236495051,Inf,5.72,2.5160151470036647,0.2724895242057714,1,1
ranson_extracapsular_spread,Tmprss9,Disease aggressiveness,Within-study,Ranson extracapsular spread,11,EXTRACAPSULAR_SPREAD,No,Yes,Tmprss9 / TMPRSS9,Initiation (I),TMPRSS9,Any nonsynonymous mutation in the mapped human orthologue; exact mouse variants are not matched.,tested,5,1,20,18,7,38.888888888888886,18.888888888888886,2.453093812995457,0.18612647261102344,142.8567217797408,1.9565217391304348,0.9682911402726618,0.6213854795090492,1,1
ranson_extracapsular_spread,Ube2d2a,Disease aggressiveness,Within-study,Ranson extracapsular spread,11,EXTRACAPSULAR_SPREAD,No,Yes,Ube2d2a / UBE2D2,Initiation (I),UBE2D2,Any nonsynonymous mutation in the mapped human orthologue; exact mouse variants are not matched.,not_testable_no_mutation_variation,5,0,0,18,0,0,0,NA,NA,NA,0.2972972972972973,-1.7500217469916524,NA,NA,NA
ranson_extracapsular_spread,Usp3,Disease aggressiveness,Within-study,Ranson extracapsular spread,11,EXTRACAPSULAR_SPREAD,No,Yes,Usp3 / USP3,Initiation (I),USP3,Any nonsynonymous mutation in the mapped human orthologue; exact mouse variants are not matched.,tested,5,0,0,18,1,5.555555555555555,5.555555555555555,Inf,0.00713802083333334,Inf,0.9428571428571428,-0.08488889758651305,1,1,1
ranson_extracapsular_spread,Xirp2,Disease aggressiveness,Within-study,Ranson extracapsular spread,11,EXTRACAPSULAR_SPREAD,No,Yes,Xirp2 / XIRP2,Initiation (I),XIRP2,Any nonsynonymous mutation in the mapped human orthologue; exact mouse variants are not matched.,tested,5,2,40,18,15,83.33333333333333,43.33333333333333,6.66888938780311,0.5305014678571602,115.56551243585795,6.2,2.6322682154995127,0.08859104282445249,1,1
ranson_extracapsular_spread,Csmd2,Disease aggressiveness,Within-study,Ranson extracapsular spread,11,EXTRACAPSULAR_SPREAD,No,Yes,Csmd2 / CSMD2,Predisposition,CSMD2,Any nonsynonymous mutation in the mapped human orthologue; exact mouse variants are not matched.,tested,5,4,80,18,12,66.66666666666667,-13.333333333333329,0.5140074004666975,0.008726714286897978,6.948879956955704,0.6410256410256411,-0.6415460290875236,1,1,1
ranson_extracapsular_spread,Erbb2,Disease aggressiveness,Within-study,Ranson extracapsular spread,11,EXTRACAPSULAR_SPREAD,No,Yes,Erbb2 / ERBB2,Predisposition,ERBB2,Any nonsynonymous mutation in the mapped human orthologue; exact mouse variants are not matched.,tested,5,1,20,18,5,27.77777777777778,7.777777777777779,1.5116648325143744,0.10731083384949623,90.6621072421309,1.2222222222222223,0.289506617194985,1,1,1
ranson_extracapsular_spread,Huwe1,Disease aggressiveness,Within-study,Ranson extracapsular spread,11,EXTRACAPSULAR_SPREAD,No,Yes,Huwe1 / HUWE1,Predisposition,HUWE1,Any nonsynonymous mutation in the mapped human orthologue; exact mouse variants are not matched.,tested,5,1,20,18,9,50,30,3.7822018250241514,0.29382447358399044,218.16040888484176,3,1.584962500721156,0.339356295878035,1,1
ranson_extracapsular_spread,Lrp1b,Disease aggressiveness,Within-study,Ranson extracapsular spread,11,EXTRACAPSULAR_SPREAD,No,Yes,Lrp1b / LRP1B,Predisposition,LRP1B,Any nonsynonymous mutation in the mapped human orthologue; exact mouse variants are not matched.,tested,5,5,100,18,15,83.33333333333333,-16.66666666666667,0,0,9.46216915886746,0.4025974025974026,-1.3125902303080261,1,1,1
ranson_extracapsular_spread,Pard3,Disease aggressiveness,Within-study,Ranson extracapsular spread,11,EXTRACAPSULAR_SPREAD,No,Yes,Pard3 / PARD3,Predisposition,PARD3,Any nonsynonymous mutation in the mapped human orthologue; exact mouse variants are not matched.,tested,5,1,20,18,7,38.888888888888886,18.888888888888886,2.453093812995457,0.18612647261102344,142.8567217797408,1.9565217391304348,0.9682911402726618,0.6213854795090492,1,1
ranson_extracapsular_spread,Psme4,Disease aggressiveness,Within-study,Ranson extracapsular spread,11,EXTRACAPSULAR_SPREAD,No,Yes,Psme4 / PSME4,Predisposition,PSME4,Any nonsynonymous mutation in the mapped human orthologue; exact mouse variants are not matched.,tested,5,1,20,18,5,27.77777777777778,7.777777777777779,1.5116648325143744,0.10731083384949623,90.6621072421309,1.2222222222222223,0.289506617194985,1,1,1
ranson_extracapsular_spread,Ptch1,Disease aggressiveness,Within-study,Ranson extracapsular spread,11,EXTRACAPSULAR_SPREAD,No,Yes,Ptch1 / PTCH1,Predisposition,PTCH1,Any nonsynonymous mutation in the mapped human orthologue; exact mouse variants are not matched.,tested,5,0,0,18,6,33.333333333333336,33.333333333333336,Inf,0.3266663236495051,Inf,5.72,2.5160151470036647,0.2724895242057714,1,1
dfci_dfs_status,Arid2,Disease aggressiveness,Within-study,DFCI disease-free status,12,DFS_STATUS,Disease free,Recurred / progressed,Arid2 / ARID2,I+P,ARID2,Any nonsynonymous mutation in the mapped human orthologue; exact mouse variants are not matched.,tested,18,6,33.333333333333336,11,2,18.181818181818183,-15.151515151515152,0.45651132667906874,0.03675815475605595,3.407601611563622,0.5060728744939271,-0.9825829469225906,0.6706262253488641,0.7103816512796234,1
dfci_dfs_status,Aatk,Disease aggressiveness,Within-study,DFCI disease-free status,12,DFS_STATUS,Disease free,Recurred / progressed,Aatk / AATK,Initiation (I),AATK,Any nonsynonymous mutation in the mapped human orthologue; exact mouse variants are not matched.,not_testable_missing_endpoint_group,0,0,NA,0,0,NA,NA,NA,NA,NA,1,0,NA,NA,NA
dfci_dfs_status,Bmper,Disease aggressiveness,Within-study,DFCI disease-free status,12,DFS_STATUS,Disease free,Recurred / progressed,Bmper / BMPER,Initiation (I),BMPER,Any nonsynonymous mutation in the mapped human orthologue; exact mouse variants are not matched.,not_testable_missing_endpoint_group,0,0,NA,0,0,NA,NA,NA,NA,NA,1,0,NA,NA,NA
dfci_dfs_status,Cep170b,Disease aggressiveness,Within-study,DFCI disease-free status,12,DFS_STATUS,Disease free,Recurred / progressed,Cep170b / CEP170B,Initiation (I),CEP170B,Any nonsynonymous mutation in the mapped human orthologue; exact mouse variants are not matched.,not_testable_missing_endpoint_group,0,0,NA,0,0,NA,NA,NA,NA,NA,1,0,NA,NA,NA
dfci_dfs_status,Cldn18,Disease aggressiveness,Within-study,DFCI disease-free status,12,DFS_STATUS,Disease free,Recurred / progressed,Cldn18 / CLDN18,Initiation (I),CLDN18,Any nonsynonymous mutation in the mapped human orthologue; exact mouse variants are not matched.,not_testable_missing_endpoint_group,0,0,NA,0,0,NA,NA,NA,NA,NA,1,0,NA,NA,NA
dfci_dfs_status,Dennd1c,Disease aggressiveness,Within-study,DFCI disease-free status,12,DFS_STATUS,Disease free,Recurred / progressed,Dennd1c / DENND1C,Initiation (I),DENND1C,Any nonsynonymous mutation in the mapped human orthologue; exact mouse variants are not matched.,not_testable_missing_endpoint_group,0,0,NA,0,0,NA,NA,NA,NA,NA,1,0,NA,NA,NA
dfci_dfs_status,Ezh1,Disease aggressiveness,Within-study,DFCI disease-free status,12,DFS_STATUS,Disease free,Recurred / progressed,Ezh1 / EZH1,Initiation (I),EZH1,Any nonsynonymous mutation in the mapped human orthologue; exact mouse variants are not matched.,not_testable_missing_endpoint_group,0,0,NA,0,0,NA,NA,NA,NA,NA,1,0,NA,NA,NA
dfci_dfs_status,Folh1,Disease aggressiveness,Within-study,DFCI disease-free status,12,DFS_STATUS,Disease free,Recurred / progressed,Folh1 / FOLH1,Initiation (I),FOLH1,Any nonsynonymous mutation in the mapped human orthologue; exact mouse variants are not matched.,not_testable_missing_endpoint_group,0,0,NA,0,0,NA,NA,NA,NA,NA,1,0,NA,NA,NA
dfci_dfs_status,Foxp4,Disease aggressiveness,Within-study,DFCI disease-free status,12,DFS_STATUS,Disease free,Recurred / progressed,Foxp4 / FOXP4,Initiation (I),FOXP4,Any nonsynonymous mutation in the mapped human orthologue; exact mouse variants are not matched.,not_testable_missing_endpoint_group,0,0,NA,0,0,NA,NA,NA,NA,NA,1,0,NA,NA,NA
dfci_dfs_status,Kndc1,Disease aggressiveness,Within-study,DFCI disease-free status,12,DFS_STATUS,Disease free,Recurred / progressed,Kndc1 / KNDC1,Initiation (I),KNDC1,Any nonsynonymous mutation in the mapped human orthologue; exact mouse variants are not matched.,not_testable_missing_endpoint_group,0,0,NA,0,0,NA,NA,NA,NA,NA,1,0,NA,NA,NA
dfci_dfs_status,Ophn1,Disease aggressiveness,Within-study,DFCI disease-free status,12,DFS_STATUS,Disease free,Recurred / progressed,Ophn1 / OPHN1,Initiation (I),OPHN1,Any nonsynonymous mutation in the mapped human orthologue; exact mouse variants are not matched.,not_testable_missing_endpoint_group,0,0,NA,0,0,NA,NA,NA,NA,NA,1,0,NA,NA,NA
dfci_dfs_status,Otog,Disease aggressiveness,Within-study,DFCI disease-free status,12,DFS_STATUS,Disease free,Recurred / progressed,Otog / OTOG,Initiation (I),OTOG,Any nonsynonymous mutation in the mapped human orthologue; exact mouse variants are not matched.,not_testable_missing_endpoint_group,0,0,NA,0,0,NA,NA,NA,NA,NA,1,0,NA,NA,NA
dfci_dfs_status,Pkp4,Disease aggressiveness,Within-study,DFCI disease-free status,12,DFS_STATUS,Disease free,Recurred / progressed,Pkp4 / PKP4,Initiation (I),PKP4,Any nonsynonymous mutation in the mapped human orthologue; exact mouse variants are not matched.,not_testable_missing_endpoint_group,0,0,NA,0,0,NA,NA,NA,NA,NA,1,0,NA,NA,NA
dfci_dfs_status,Plce1,Disease aggressiveness,Within-study,DFCI disease-free status,12,DFS_STATUS,Disease free,Recurred / progressed,Plce1 / PLCE1,Initiation (I),PLCE1,Any nonsynonymous mutation in the mapped human orthologue; exact mouse variants are not matched.,not_testable_missing_endpoint_group,0,0,NA,0,0,NA,NA,NA,NA,NA,1,0,NA,NA,NA
dfci_dfs_status,Ppp1r14d,Disease aggressiveness,Within-study,DFCI disease-free status,12,DFS_STATUS,Disease free,Recurred / progressed,Ppp1r14d / PPP1R14D,Initiation (I),PPP1R14D,Any nonsynonymous mutation in the mapped human orthologue; exact mouse variants are not matched.,not_testable_missing_endpoint_group,0,0,NA,0,0,NA,NA,NA,NA,NA,1,0,NA,NA,NA
dfci_dfs_status,Rad51b,Disease aggressiveness,Within-study,DFCI disease-free status,12,DFS_STATUS,Disease free,Recurred / progressed,Rad51b / RAD51B,Initiation (I),RAD51B,Any nonsynonymous mutation in the mapped human orthologue; exact mouse variants are not matched.,not_testable_no_mutation_variation,18,0,0,11,0,0,0,NA,NA,NA,1.608695652173913,0.685891409571937,NA,NA,NA
dfci_dfs_status,Rasd2,Disease aggressiveness,Within-study,DFCI disease-free status,12,DFS_STATUS,Disease free,Recurred / progressed,Rasd2 / RASD2,Initiation (I),RASD2,Any nonsynonymous mutation in the mapped human orthologue; exact mouse variants are not matched.,not_testable_missing_endpoint_group,0,0,NA,0,0,NA,NA,NA,NA,NA,1,0,NA,NA,NA
dfci_dfs_status,Spats2l,Disease aggressiveness,Within-study,DFCI disease-free status,12,DFS_STATUS,Disease free,Recurred / progressed,Spats2l / SPATS2L,Initiation (I),SPATS2L,Any nonsynonymous mutation in the mapped human orthologue; exact mouse variants are not matched.,not_testable_missing_endpoint_group,0,0,NA,0,0,NA,NA,NA,NA,NA,1,0,NA,NA,NA
dfci_dfs_status,Srgap1,Disease aggressiveness,Within-study,DFCI disease-free status,12,DFS_STATUS,Disease free,Recurred / progressed,Srgap1 / SRGAP1,Initiation (I),SRGAP1,Any nonsynonymous mutation in the mapped human orthologue; exact mouse variants are not matched.,not_testable_missing_endpoint_group,0,0,NA,0,0,NA,NA,NA,NA,NA,1,0,NA,NA,NA
dfci_dfs_status,Tmprss9,Disease aggressiveness,Within-study,DFCI disease-free status,12,DFS_STATUS,Disease free,Recurred / progressed,Tmprss9 / TMPRSS9,Initiation (I),TMPRSS9,Any nonsynonymous mutation in the mapped human orthologue; exact mouse variants are not matched.,not_testable_missing_endpoint_group,0,0,NA,0,0,NA,NA,NA,NA,NA,1,0,NA,NA,NA
dfci_dfs_status,Ube2d2a,Disease aggressiveness,Within-study,DFCI disease-free status,12,DFS_STATUS,Disease free,Recurred / progressed,Ube2d2a / UBE2D2,Initiation (I),UBE2D2,Any nonsynonymous mutation in the mapped human orthologue; exact mouse variants are not matched.,not_testable_missing_endpoint_group,0,0,NA,0,0,NA,NA,NA,NA,NA,1,0,NA,NA,NA
dfci_dfs_status,Usp3,Disease aggressiveness,Within-study,DFCI disease-free status,12,DFS_STATUS,Disease free,Recurred / progressed,Usp3 / USP3,Initiation (I),USP3,Any nonsynonymous mutation in the mapped human orthologue; exact mouse variants are not matched.,not_testable_missing_endpoint_group,0,0,NA,0,0,NA,NA,NA,NA,NA,1,0,NA,NA,NA
dfci_dfs_status,Xirp2,Disease aggressiveness,Within-study,DFCI disease-free status,12,DFS_STATUS,Disease free,Recurred / progressed,Xirp2 / XIRP2,Initiation (I),XIRP2,Any nonsynonymous mutation in the mapped human orthologue; exact mouse variants are not matched.,not_testable_missing_endpoint_group,0,0,NA,0,0,NA,NA,NA,NA,NA,1,0,NA,NA,NA
dfci_dfs_status,Csmd2,Disease aggressiveness,Within-study,DFCI disease-free status,12,DFS_STATUS,Disease free,Recurred / progressed,Csmd2 / CSMD2,Predisposition,CSMD2,Any nonsynonymous mutation in the mapped human orthologue; exact mouse variants are not matched.,not_testable_missing_endpoint_group,0,0,NA,0,0,NA,NA,NA,NA,NA,1,0,NA,NA,NA
dfci_dfs_status,Erbb2,Disease aggressiveness,Within-study,DFCI disease-free status,12,DFS_STATUS,Disease free,Recurred / progressed,Erbb2 / ERBB2,Predisposition,ERBB2,Any nonsynonymous mutation in the mapped human orthologue; exact mouse variants are not matched.,tested,18,2,11.11111111111111,11,3,27.272727272727273,16.161616161616163,2.8801907233801476,0.27162336562808076,41.14134650829538,2.7176470588235295,1.4423581052783558,0.3386383731211318,0.6772767462422636,1
dfci_dfs_status,Huwe1,Disease aggressiveness,Within-study,DFCI disease-free status,12,DFS_STATUS,Disease free,Recurred / progressed,Huwe1 / HUWE1,Predisposition,HUWE1,Any nonsynonymous mutation in the mapped human orthologue; exact mouse variants are not matched.,not_testable_missing_endpoint_group,0,0,NA,0,0,NA,NA,NA,NA,NA,1,0,NA,NA,NA
dfci_dfs_status,Lrp1b,Disease aggressiveness,Within-study,DFCI disease-free status,12,DFS_STATUS,Disease free,Recurred / progressed,Lrp1b / LRP1B,Predisposition,LRP1B,Any nonsynonymous mutation in the mapped human orthologue; exact mouse variants are not matched.,tested,18,8,44.44444444444444,11,6,54.54545454545455,10.101010101010104,1.4789892289827653,0.26075215308717026,8.799679164041851,1.4598930481283423,0.5458626810322158,0.7103816512796234,0.7103816512796234,1
dfci_dfs_status,Pard3,Disease aggressiveness,Within-study,DFCI disease-free status,12,DFS_STATUS,Disease free,Recurred / progressed,Pard3 / PARD3,Predisposition,PARD3,Any nonsynonymous mutation in the mapped human orthologue; exact mouse variants are not matched.,not_testable_missing_endpoint_group,0,0,NA,0,0,NA,NA,NA,NA,NA,1,0,NA,NA,NA
dfci_dfs_status,Psme4,Disease aggressiveness,Within-study,DFCI disease-free status,12,DFS_STATUS,Disease free,Recurred / progressed,Psme4 / PSME4,Predisposition,PSME4,Any nonsynonymous mutation in the mapped human orthologue; exact mouse variants are not matched.,not_testable_missing_endpoint_group,0,0,NA,0,0,NA,NA,NA,NA,NA,1,0,NA,NA,NA
dfci_dfs_status,Ptch1,Disease aggressiveness,Within-study,DFCI disease-free status,12,DFS_STATUS,Disease free,Recurred / progressed,Ptch1 / PTCH1,Predisposition,PTCH1,Any nonsynonymous mutation in the mapped human orthologue; exact mouse variants are not matched.,tested,18,4,22.22222222222222,11,0,0,-22.22222222222222,0,0,2.3773328663434095,0.14009661835748793,-2.835505962371753,0.26777819881268167,0.6772767462422636,1
recurrence_pooled,Arid2,Recurrence / progression,Pooled study-adjusted primary analysis,Disease-free vs recurrent / progressed (DFCI + HGSC),13,DFS_STATUS or DISEASE_RECURRENCE_OR_PERSISTENCE,Disease free,Recurred / progressed,Arid2 / ARID2,I+P,ARID2,Any nonsynonymous mutation in the mapped human orthologue; exact mouse variants are not matched.,tested,41,11,26.829268292682926,25,4,16,-10.829268292682926,0.5244316393028443,0.10694400571856308,2.089274572780205,0.5551061678463094,-0.8491643717539122,0.37570663739427274,1,1
recurrence_pooled,Aatk,Recurrence / progression,Pooled study-adjusted primary analysis,Disease-free vs recurrent / progressed (DFCI + HGSC),13,DFS_STATUS or DISEASE_RECURRENCE_OR_PERSISTENCE,Disease free,Recurred / progressed,Aatk / AATK,Initiation (I),AATK,Any nonsynonymous mutation in the mapped human orthologue; exact mouse variants are not matched.,tested,23,6,26.08695652173913,14,1,7.142857142857143,-18.944099378881987,0.22572960271154244,0.004410979536351119,2.2316835703154427,0.29914529914529914,-1.7410817026384382,0.2173209737251483,0.9779443817631673,0.9779443817631673
recurrence_pooled,Bmper,Recurrence / progression,Pooled study-adjusted primary analysis,Disease-free vs recurrent / progressed (DFCI + HGSC),13,DFS_STATUS or DISEASE_RECURRENCE_OR_PERSISTENCE,Disease free,Recurred / progressed,Bmper / BMPER,Initiation (I),BMPER,Any nonsynonymous mutation in the mapped human orthologue; exact mouse variants are not matched.,tested,23,3,13.043478260869565,14,3,21.428571428571427,8.385093167701863,1.787788138498855,0.2037728838390378,15.762821783886755,1.7826086956521738,0.8339900485610707,0.6533850026497084,1,1
recurrence_pooled,Cep170b,Recurrence / progression,Pooled study-adjusted primary analysis,Disease-free vs recurrent / progressed (DFCI + HGSC),13,DFS_STATUS or DISEASE_RECURRENCE_OR_PERSISTENCE,Disease free,Recurred / progressed,Cep170b / CEP170B,Initiation (I),CEP170B,Any nonsynonymous mutation in the mapped human orthologue; exact mouse variants are not matched.,tested,23,4,17.391304347826086,14,1,7.142857142857143,-10.248447204968944,0.374296778713649,0.006902998513875081,4.376882848380374,0.48148148148148145,-1.0544477840223765,0.6302773361596888,1,1
recurrence_pooled,Cldn18,Recurrence / progression,Pooled study-adjusted primary analysis,Disease-free vs recurrent / progressed (DFCI + HGSC),13,DFS_STATUS or DISEASE_RECURRENCE_OR_PERSISTENCE,Disease free,Recurred / progressed,Cldn18 / CLDN18,Initiation (I),CLDN18,Any nonsynonymous mutation in the mapped human orthologue; exact mouse variants are not matched.,tested,23,1,4.3478260869565215,14,1,7.142857142857143,2.7950310559006217,1.6673271201109965,0.02003293632979106,138.62123238861807,1.6666666666666667,0.7369655941662062,1,1,1
recurrence_pooled,Dennd1c,Recurrence / progression,Pooled study-adjusted primary analysis,Disease-free vs recurrent / progressed (DFCI + HGSC),13,DFS_STATUS or DISEASE_RECURRENCE_OR_PERSISTENCE,Disease free,Recurred / progressed,Dennd1c / DENND1C,Initiation (I),DENND1C,Any nonsynonymous mutation in the mapped human orthologue; exact mouse variants are not matched.,tested,23,1,4.3478260869565215,14,2,14.285714285714286,9.937888198757765,3.533373718884865,0.16779446892716712,225.5808222159,3,1.584962500721156,0.544144144144144,1,1
recurrence_pooled,Ezh1,Recurrence / progression,Pooled study-adjusted primary analysis,Disease-free vs recurrent / progressed (DFCI + HGSC),13,DFS_STATUS or DISEASE_RECURRENCE_OR_PERSISTENCE,Disease free,Recurred / progressed,Ezh1 / EZH1,Initiation (I),EZH1,Any nonsynonymous mutation in the mapped human orthologue; exact mouse variants are not matched.,tested,23,5,21.73913043478261,14,3,21.428571428571427,-0.31055900621118226,0.9823032552659758,0.12705083245161575,6.288808923682635,1.023715415019763,0.03381471299224388,1,1,1
recurrence_pooled,Folh1,Recurrence / progression,Pooled study-adjusted primary analysis,Disease-free vs recurrent / progressed (DFCI + HGSC),13,DFS_STATUS or DISEASE_RECURRENCE_OR_PERSISTENCE,Disease free,Recurred / progressed,Folh1 / FOLH1,Initiation (I),FOLH1,Any nonsynonymous mutation in the mapped human orthologue; exact mouse variants are not matched.,tested,23,3,13.043478260869565,14,2,14.285714285714286,1.242236024844722,1.1079197599213735,0.08154155546091102,11.197551093789553,1.1714285714285715,0.22826898767311732,0.9999999999999999,1,1
recurrence_pooled,Foxp4,Recurrence / progression,Pooled study-adjusted primary analysis,Disease-free vs recurrent / progressed (DFCI + HGSC),13,DFS_STATUS or DISEASE_RECURRENCE_OR_PERSISTENCE,Disease free,Recurred / progressed,Foxp4 / FOXP4,Initiation (I),FOXP4,Any nonsynonymous mutation in the mapped human orthologue; exact mouse variants are not matched.,tested,23,2,8.695652173913043,14,4,28.571428571428573,19.87577639751553,4.026057109442828,0.48387712833305596,51.59607308064978,3.6857142857142855,1.8819442384782876,0.17345654478007405,0.9779443817631673,0.9779443817631673
recurrence_pooled,Kndc1,Recurrence / progression,Pooled study-adjusted primary analysis,Disease-free vs recurrent / progressed (DFCI + HGSC),13,DFS_STATUS or DISEASE_RECURRENCE_OR_PERSISTENCE,Disease free,Recurred / progressed,Kndc1 / KNDC1,Initiation (I),KNDC1,Any nonsynonymous mutation in the mapped human orthologue; exact mouse variants are not matched.,tested,23,4,17.391304347826086,14,6,42.857142857142854,25.465838509316768,3.430254994154578,0.6195335611377125,21.597950138657644,3.3137254901960786,1.7284540943106887,0.1322342348237133,0.9779443817631673,0.9779443817631673
recurrence_pooled,Ophn1,Recurrence / progression,Pooled study-adjusted primary analysis,Disease-free vs recurrent / progressed (DFCI + HGSC),13,DFS_STATUS or DISEASE_RECURRENCE_OR_PERSISTENCE,Disease free,Recurred / progressed,Ophn1 / OPHN1,Initiation (I),OPHN1,Any nonsynonymous mutation in the mapped human orthologue; exact mouse variants are not matched.,not_testable_no_mutation_variation,23,0,0,14,0,0,0,NA,NA,NA,1.6206896551724137,0.6966078565500652,NA,NA,NA
recurrence_pooled,Otog,Recurrence / progression,Pooled study-adjusted primary analysis,Disease-free vs recurrent / progressed (DFCI + HGSC),13,DFS_STATUS or DISEASE_RECURRENCE_OR_PERSISTENCE,Disease free,Recurred / progressed,Otog / OTOG,Initiation (I),OTOG,Any nonsynonymous mutation in the mapped human orthologue; exact mouse variants are not matched.,not_testable_no_mutation_variation,23,0,0,14,0,0,0,NA,NA,NA,1.6206896551724137,0.6966078565500652,NA,NA,NA
recurrence_pooled,Pkp4,Recurrence / progression,Pooled study-adjusted primary analysis,Disease-free vs recurrent / progressed (DFCI + HGSC),13,DFS_STATUS or DISEASE_RECURRENCE_OR_PERSISTENCE,Disease free,Recurred / progressed,Pkp4 / PKP4,Initiation (I),PKP4,Any nonsynonymous mutation in the mapped human orthologue; exact mouse variants are not matched.,tested,23,5,21.73913043478261,14,3,21.428571428571427,-0.31055900621118226,0.9823032552659758,0.12705083245161575,6.288808923682635,1.023715415019763,0.03381471299224388,1,1,1
recurrence_pooled,Plce1,Recurrence / progression,Pooled study-adjusted primary analysis,Disease-free vs recurrent / progressed (DFCI + HGSC),13,DFS_STATUS or DISEASE_RECURRENCE_OR_PERSISTENCE,Disease free,Recurred / progressed,Plce1 / PLCE1,Initiation (I),PLCE1,Any nonsynonymous mutation in the mapped human orthologue; exact mouse variants are not matched.,tested,23,9,39.130434782608695,14,6,42.857142857142854,3.7267080745341588,1.1617898487560332,0.24231233989402806,5.453476292225335,1.1671826625386996,0.2230303585747393,1,1,1
recurrence_pooled,Ppp1r14d,Recurrence / progression,Pooled study-adjusted primary analysis,Disease-free vs recurrent / progressed (DFCI + HGSC),13,DFS_STATUS or DISEASE_RECURRENCE_OR_PERSISTENCE,Disease free,Recurred / progressed,Ppp1r14d / PPP1R14D,Initiation (I),PPP1R14D,Any nonsynonymous mutation in the mapped human orthologue; exact mouse variants are not matched.,tested,23,2,8.695652173913043,14,2,14.285714285714286,5.5900621118012435,1.7224991097632256,0.111481025063107,26.660936255903906,1.72,0.7824085649273732,0.6245892951775303,1,1
recurrence_pooled,Rad51b,Recurrence / progression,Pooled study-adjusted primary analysis,Disease-free vs recurrent / progressed (DFCI + HGSC),13,DFS_STATUS or DISEASE_RECURRENCE_OR_PERSISTENCE,Disease free,Recurred / progressed,Rad51b / RAD51B,Initiation (I),RAD51B,Any nonsynonymous mutation in the mapped human orthologue; exact mouse variants are not matched.,tested,41,2,4.878048780487805,25,4,16,11.121951219512194,3.6365508561805746,0.47612839067428664,43.34982515848563,3.3069767441860467,1.7255129000299552,0.1895779392474262,0.9779443817631673,0.9779443817631673
recurrence_pooled,Rasd2,Recurrence / progression,Pooled study-adjusted primary analysis,Disease-free vs recurrent / progressed (DFCI + HGSC),13,DFS_STATUS or DISEASE_RECURRENCE_OR_PERSISTENCE,Disease free,Recurred / progressed,Rasd2 / RASD2,Initiation (I),RASD2,Any nonsynonymous mutation in the mapped human orthologue; exact mouse variants are not matched.,tested,23,0,0,14,2,14.285714285714286,14.285714285714286,Inf,0.31621262475601425,Inf,9.4,3.232660756790275,0.13663663663663658,0.9779443817631673,0.9779443817631673
recurrence_pooled,Spats2l,Recurrence / progression,Pooled study-adjusted primary analysis,Disease-free vs recurrent / progressed (DFCI + HGSC),13,DFS_STATUS or DISEASE_RECURRENCE_OR_PERSISTENCE,Disease free,Recurred / progressed,Spats2l / SPATS2L,Initiation (I),SPATS2L,Any nonsynonymous mutation in the mapped human orthologue; exact mouse variants are not matched.,tested,23,3,13.043478260869565,14,2,14.285714285714286,1.242236024844722,1.1079197599213735,0.08154155546091102,11.197551093789553,1.1714285714285715,0.22826898767311732,0.9999999999999999,1,1
recurrence_pooled,Srgap1,Recurrence / progression,Pooled study-adjusted primary analysis,Disease-free vs recurrent / progressed (DFCI + HGSC),13,DFS_STATUS or DISEASE_RECURRENCE_OR_PERSISTENCE,Disease free,Recurred / progressed,Srgap1 / SRGAP1,Initiation (I),SRGAP1,Any nonsynonymous mutation in the mapped human orthologue; exact mouse variants are not matched.,tested,23,2,8.695652173913043,14,1,7.142857142857143,-1.5527950310558998,0.8122659420607088,0.01273079648619082,17.08842776685857,0.9555555555555556,-0.06558834162757671,1,1,1
recurrence_pooled,Tmprss9,Recurrence / progression,Pooled study-adjusted primary analysis,Disease-free vs recurrent / progressed (DFCI + HGSC),13,DFS_STATUS or DISEASE_RECURRENCE_OR_PERSISTENCE,Disease free,Recurred / progressed,Tmprss9 / TMPRSS9,Initiation (I),TMPRSS9,Any nonsynonymous mutation in the mapped human orthologue; exact mouse variants are not matched.,tested,23,2,8.695652173913043,14,1,7.142857142857143,-1.5527950310558998,0.8122659420607088,0.01273079648619082,17.08842776685857,0.9555555555555556,-0.06558834162757671,1,1,1
recurrence_pooled,Ube2d2a,Recurrence / progression,Pooled study-adjusted primary analysis,Disease-free vs recurrent / progressed (DFCI + HGSC),13,DFS_STATUS or DISEASE_RECURRENCE_OR_PERSISTENCE,Disease free,Recurred / progressed,Ube2d2a / UBE2D2,Initiation (I),UBE2D2,Any nonsynonymous mutation in the mapped human orthologue; exact mouse variants are not matched.,not_testable_no_mutation_variation,23,0,0,14,0,0,0,NA,NA,NA,1.6206896551724137,0.6966078565500652,NA,NA,NA
recurrence_pooled,Usp3,Recurrence / progression,Pooled study-adjusted primary analysis,Disease-free vs recurrent / progressed (DFCI + HGSC),13,DFS_STATUS or DISEASE_RECURRENCE_OR_PERSISTENCE,Disease free,Recurred / progressed,Usp3 / USP3,Initiation (I),USP3,Any nonsynonymous mutation in the mapped human orthologue; exact mouse variants are not matched.,tested,23,1,4.3478260869565215,14,1,7.142857142857143,2.7950310559006217,1.6673271201109965,0.02003293632979106,138.62123238861807,1.6666666666666667,0.7369655941662062,1,1,1
recurrence_pooled,Xirp2,Recurrence / progression,Pooled study-adjusted primary analysis,Disease-free vs recurrent / progressed (DFCI + HGSC),13,DFS_STATUS or DISEASE_RECURRENCE_OR_PERSISTENCE,Disease free,Recurred / progressed,Xirp2 / XIRP2,Initiation (I),XIRP2,Any nonsynonymous mutation in the mapped human orthologue; exact mouse variants are not matched.,tested,23,17,73.91304347826087,14,9,64.28571428571429,-9.627329192546583,0.6433712251870303,0.1215386205044577,3.4713437820518642,0.64155844155844155,-0.640347403997586,0.7129772987670651,1,1
recurrence_pooled,Csmd2,Recurrence / progression,Pooled study-adjusted primary analysis,Disease-free vs recurrent / progressed (DFCI + HGSC),13,DFS_STATUS or DISEASE_RECURRENCE_OR_PERSISTENCE,Disease free,Recurred / progressed,Csmd2 / CSMD2,Predisposition,CSMD2,Any nonsynonymous mutation in the mapped human orthologue; exact mouse variants are not matched.,tested,23,12,52.17391304347826,14,8,57.142857142857146,4.968944099378888,1.2156111349615466,0.2653626418388854,5.787029156328484,1.2030769230769232,0.2667288893915355,1,1,1
recurrence_pooled,Erbb2,Recurrence / progression,Pooled study-adjusted primary analysis,Disease-free vs recurrent / progressed (DFCI + HGSC),13,DFS_STATUS or DISEASE_RECURRENCE_OR_PERSISTENCE,Disease free,Recurred / progressed,Erbb2 / ERBB2,Predisposition,ERBB2,Any nonsynonymous mutation in the mapped human orthologue; exact mouse variants are not matched.,tested,41,6,14.634146341463415,25,6,24,9.365853658536585,1.8244202793066024,0.4233376535018441,7.901611936354662,1.8205128205128205,0.8643449006424337,0.34815772293511454,1,1
recurrence_pooled,Huwe1,Recurrence / progression,Pooled study-adjusted primary analysis,Disease-free vs recurrent / progressed (DFCI + HGSC),13,DFS_STATUS or DISEASE_RECURRENCE_OR_PERSISTENCE,Disease free,Recurred / progressed,Huwe1 / HUWE1,Predisposition,HUWE1,Any nonsynonymous mutation in the mapped human orthologue; exact mouse variants are not matched.,tested,23,8,34.78260869565217,14,5,35.714285714285715,0.9316770186335432,1.0405477904514693,0.2009749623355609,5.0710240358373415,1.0557275541795665,0.07823757433024753,1,1,1
recurrence_pooled,Lrp1b,Recurrence / progression,Pooled study-adjusted primary analysis,Disease-free vs recurrent / progressed (DFCI + HGSC),13,DFS_STATUS or DISEASE_RECURRENCE_OR_PERSISTENCE,Disease free,Recurred / progressed,Lrp1b / LRP1B,Predisposition,LRP1B,Any nonsynonymous mutation in the mapped human orthologue; exact mouse variants are not matched.,tested,41,26,63.41463414634146,25,20,80,16.585365853658537,2.279585799671293,0.644122410921483,9.41086784556748,2.1801029159519727,1.1243962418044626,0.17923425504061477,0.9779443817631673,0.9779443817631673
recurrence_pooled,Pard3,Recurrence / progression,Pooled study-adjusted primary analysis,Disease-free vs recurrent / progressed (DFCI + HGSC),13,DFS_STATUS or DISEASE_RECURRENCE_OR_PERSISTENCE,Disease free,Recurred / progressed,Pard3 / PARD3,Predisposition,PARD3,Any nonsynonymous mutation in the mapped human orthologue; exact mouse variants are not matched.,tested,23,6,26.08695652173913,14,6,42.857142857142854,16.770186335403725,2.080152388048931,0.4116204030159245,10.833800582646356,2.0588235294117645,1.0418201756946268,0.47011193618535124,1,1
recurrence_pooled,Psme4,Recurrence / progression,Pooled study-adjusted primary analysis,Disease-free vs recurrent / progressed (DFCI + HGSC),13,DFS_STATUS or DISEASE_RECURRENCE_OR_PERSISTENCE,Disease free,Recurred / progressed,Psme4 / PSME4,Predisposition,PSME4,Any nonsynonymous mutation in the mapped human orthologue; exact mouse variants are not matched.,tested,23,1,4.3478260869565215,14,1,7.142857142857143,2.7950310559006217,1.6673271201109965,0.02003293632979106,138.62123238861807,1.6666666666666667,0.7369655941662062,1,1,1
recurrence_pooled,Ptch1,Recurrence / progression,Pooled study-adjusted primary analysis,Disease-free vs recurrent / progressed (DFCI + HGSC),13,DFS_STATUS or DISEASE_RECURRENCE_OR_PERSISTENCE,Disease free,Recurred / progressed,Ptch1 / PTCH1,Predisposition,PTCH1,Any nonsynonymous mutation in the mapped human orthologue; exact mouse variants are not matched.,tested,41,7,17.073170731707318,25,3,12,-5.073170731707318,0.6663265039203425,0.10054362768085441,3.3178613839831277,0.7155555555555555,-0.4828643131024202,0.730404966649678,1,1
