iteration,n_candidate_genes,median_incidence_pct
1,30,5.4
2,30,6.1
3,30,5.1
4,30,4.449999999999999
5,30,4.449999999999999
6,30,5.449999999999999
7,30,5.1
8,30,5.4
9,30,4.1
10,30,4.449999999999999
11,30,4.8
12,30,3.75
13,30,4.8
14,30,4.8
15,30,4.449999999999999
16,30,5.75
17,30,7.85
18,30,4.1
19,30,3.75
20,30,5.449999999999999
21,30,6.1
22,30,6.449999999999999
23,30,4.1
24,30,5.1
25,30,7.85
26,30,4.75
27,30,6.8
28,30,5.75
29,30,3.75
30,30,5.1
31,30,4.8
32,30,7.15
33,30,4.449999999999999
34,30,4.449999999999999
35,30,6.45
36,30,4.1
37,30,4.449999999999999
38,30,4.8
39,30,5.75
40,30,7.1499999999999995
41,30,6.8
42,30,5.75
43,30,5.75
44,30,4.1
45,30,5.4
46,30,4.8
47,30,5.1
48,30,4.449999999999999
49,30,6.1
50,30,5.75
51,30,5.75
52,30,4.75
53,30,4.449999999999999
54,30,5.4
55,30,5.1
56,30,6.8
57,30,5.4
58,30,4.8
59,30,6.8
60,30,3.4
61,30,6.1
62,30,4.1
63,30,5.4
64,30,5.1
65,30,4.1
66,30,4.1
67,30,5.75
68,30,5.1
69,30,3.4
70,30,6.449999999999999
71,30,5.4
72,30,5.449999999999999
73,30,4.8
74,30,6.25
75,30,6.8
76,30,4.1
77,30,4.1
78,30,6.1
79,30,5.4
80,30,5.75
81,30,3.75
82,30,4.449999999999999
83,30,3.4
84,30,4.8
85,30,4.1
86,30,4.8
87,30,5.4
88,30,4.8
89,30,6.1
90,30,4.1
91,30,3.75
92,30,6.449999999999999
93,30,5.449999999999999
94,30,5.75
95,30,5.75
96,30,4.8
97,30,4.1
98,30,4.65
99,30,4.1
100,30,6.449999999999999
101,30,4.1
102,30,4.75
103,30,4.1
104,30,4.8
105,30,5.4
106,30,4.449999999999999
107,30,6.1
108,30,6.8
109,30,6.1
110,30,4.75
111,30,4.8
112,30,4.449999999999999
113,30,3.75
114,30,4.8
115,30,6.8
116,30,3.75
117,30,3.05
118,30,3.75
119,30,6.1
120,30,6.449999999999999
121,30,3.75
122,30,6.1
123,30,4.449999999999999
124,30,4.8
125,30,4.1
126,30,5.4
127,30,5.75
128,30,8.2
129,30,5.1
130,30,5.1
131,30,7.5
132,30,4.1
133,30,5.449999999999999
134,30,6.1
135,30,4.449999999999999
136,30,5.1
137,30,6.8
138,30,4.8
139,30,4.75
140,30,4.1
141,30,5.4
142,30,5.1
143,30,5.1
144,30,5.1
145,30,7.15
146,30,4.1
147,30,4.8
148,30,4.449999999999999
149,30,6.1
150,30,4.75
151,30,3.75
152,30,5.75
153,30,4.449999999999999
154,30,4.8
155,30,5.8
156,30,6.1
157,30,5.75
158,30,4.8
159,30,5.1
160,30,4.8
161,30,6.449999999999999
162,30,4.449999999999999
163,30,5.1
164,30,4.449999999999999
165,30,4.8
166,30,6.1
167,30,3.4
168,30,3.4
169,30,4.8
170,30,5.4
171,30,6.1
172,30,5.4
173,30,6.1
174,30,4.449999999999999
175,30,4.65
176,30,5.1
177,30,3.4
178,30,4.95
179,30,5.75
180,30,5.1
181,30,4.8
182,30,3.4
183,30,4.75
184,30,3.4
185,30,6.1
186,30,4.8
187,30,5.449999999999999
188,30,6.1
189,30,5.75
190,30,7.15
191,30,4.8
192,30,4.1
193,30,7.5
194,30,4.1
195,30,5.75
196,30,2.7
197,30,3.4
198,30,6.45
199,30,4.8
200,30,4.1
201,30,4.449999999999999
202,30,4.8
203,30,4.8
204,30,5.4
205,30,6.449999999999999
206,30,4.1
207,30,3.4
208,30,7.5
209,30,4.449999999999999
210,30,5.449999999999999
211,30,4.1
212,30,5.1
213,30,4.449999999999999
214,30,6.1
215,30,3.4
216,30,4.1
217,30,7.15
218,30,4.8
219,30,5.75
220,30,4.8
221,30,6.8
222,30,4.8
223,30,4.449999999999999
224,30,5.75
225,30,5.25
226,30,6.1
227,30,5.4
228,30,4.8
229,30,4.1
230,30,4.1
231,30,4.949999999999999
232,30,4.449999999999999
233,30,7.5
234,30,4.8
235,30,4.449999999999999
236,30,5.1
237,30,6.449999999999999
238,30,4.8
239,30,2.7
240,30,4.8
241,30,5.4
242,30,4.8
243,30,4.1
244,30,4.8
245,30,6.1
246,30,5.75
247,30,5.75
248,30,5.1
249,30,5.1
250,30,5.75
251,30,6.1
252,30,4.8
253,30,4.8
254,30,4.449999999999999
255,30,6.1
256,30,5.75
257,30,6.1
258,30,5.550000000000001
259,30,8.15
260,30,5.1
261,30,6.8
262,30,4.949999999999999
263,30,5.1
264,30,4.8
265,30,4.8
266,30,6.1
267,30,4.8
268,30,5.4
269,30,3.4
270,30,5.75
271,30,5.1
272,30,4.449999999999999
273,30,5.75
274,30,4.8
275,30,4.8
276,30,4.449999999999999
277,30,4.1
278,30,4.8
279,30,5.4
280,30,6.1
281,30,7.5
282,30,3.75
283,30,6.449999999999999
284,30,4.449999999999999
285,30,4.8
286,30,5.1
287,30,3.75
288,30,5.75
289,30,7.15
290,30,5.4
291,30,4.449999999999999
292,30,7.45
293,30,5.4
294,30,5.1
295,30,5.1
296,30,4.8
297,30,4.8
298,30,4.1
299,30,5.1
300,30,5.4
301,30,5.75
302,30,4.449999999999999
303,30,4.1
304,30,5.1
305,30,5.4
306,30,5.4
307,30,5.1
308,30,6.1
309,30,4.1
310,30,6.1
311,30,4.1
312,30,6.1
313,30,5.4
314,30,5.4
315,30,4.8
316,30,5.75
317,30,4.1
318,30,7.85
319,30,4.8
320,30,6.449999999999999
321,30,5.75
322,30,5.1
323,30,5.1
324,30,3.4
325,30,5.75
326,30,3.4
327,30,6.1
328,30,4.8
329,30,4.449999999999999
330,30,7.85
331,30,6.1
332,30,6.449999999999999
333,30,4.449999999999999
334,30,3.75
335,30,5.1
336,30,6.8
337,30,4.8
338,30,3.75
339,30,4.1
340,30,4.449999999999999
341,30,5.75
342,30,6.1
343,30,4.449999999999999
344,30,4.1
345,30,4.75
346,30,4.449999999999999
347,30,7.1
348,30,5.1
349,30,5.4
350,30,4.1
351,30,5.4
352,30,6.8
353,30,5.1
354,30,5.1
355,30,6.8
356,30,5.449999999999999
357,30,6.449999999999999
358,30,6.1
359,30,4.1
360,30,4.449999999999999
361,30,5.4
362,30,5.4
363,30,6.1
364,30,6.1
365,30,4.1
366,30,6.1
367,30,5.4
368,30,4.65
369,30,3.4
370,30,4.449999999999999
371,30,6.449999999999999
372,30,7.1499999999999995
373,30,4.75
374,30,4.8
375,30,4.1
376,30,4.1
377,30,3.4
378,30,6.1
379,30,5.4
380,30,3.75
381,30,4.8
382,30,5.1
383,30,4.8
384,30,4.1
385,30,5.1
386,30,3.75
387,30,6.449999999999999
388,30,5.449999999999999
389,30,5.1
390,30,4.4
391,30,4.1
392,30,4.449999999999999
393,30,8.5
394,30,6.449999999999999
395,30,4.1
396,30,4.1
397,30,6.449999999999999
398,30,4.8
399,30,5.1
400,30,5.75
401,30,5.4
402,30,5.1
403,30,5.75
404,30,5.1
405,30,5.4
406,30,6.55
407,30,4.1
408,30,4.449999999999999
409,30,3.4
410,30,5.4
411,30,5.75
412,30,3.75
413,30,5.75
414,30,5.8
415,30,4.8
416,30,4.449999999999999
417,30,4.1
418,30,6.1
419,30,4.8
420,30,4.8
421,30,5.4
422,30,6.1
423,30,4.8
424,30,4.449999999999999
425,30,6.45
426,30,5.4
427,30,4.1
428,30,5.4
429,30,4.8
430,30,4.1
431,30,5.1
432,30,5.1
433,30,4.449999999999999
434,30,4.8
435,30,2.7
436,30,4.8
437,30,5.75
438,30,3.75
439,30,4.8
440,30,5.1
441,30,7.85
442,30,5.4
443,30,7.5
444,30,5.1
445,30,6.1
446,30,6.8
447,30,4.449999999999999
448,30,4.8
449,30,4.1
450,30,6.449999999999999
451,30,4.449999999999999
452,30,4.449999999999999
453,30,6.1
454,30,4.1
455,30,5.4
456,30,6.1
457,30,4.8
458,30,5.449999999999999
459,30,6.1
460,30,6.1
461,30,5.75
462,30,3.4
463,30,5.75
464,30,4.8
465,30,6.8
466,30,5.4
467,30,4.449999999999999
468,30,4.1
469,30,5.1
470,30,5.1
471,30,3.4
472,30,6.449999999999999
473,30,3.05
474,30,6.8
475,30,5.4
476,30,4.1
477,30,5.1
478,30,3.75
479,30,7.5
480,30,4.8
481,30,7.15
482,30,5.4
483,30,7.5
484,30,4.449999999999999
485,30,4.8
486,30,4.449999999999999
487,30,3.75
488,30,5.75
489,30,4.449999999999999
490,30,6.1
491,30,5.4
492,30,4.8
493,30,4.8
494,30,4.1
495,30,5.75
496,30,5.1
497,30,4.8
498,30,5.4
499,30,4.8
500,30,4.1
501,30,5.4
502,30,4.75
503,30,5.1
504,30,4.8
505,30,5.1
506,30,4.75
507,30,5.75
508,30,4.449999999999999
509,30,4.949999999999999
510,30,4.1
511,30,5.1
512,30,3.4
513,30,6.8
514,30,4.8
515,30,6.1
516,30,4.8
517,30,4.1
518,30,4.75
519,30,5.1
520,30,4.449999999999999
521,30,4.1
522,30,5.4
523,30,2.7
524,30,5.4
525,30,6.1
526,30,10.55
527,30,6.8
528,30,3.4
529,30,5.75
530,30,4.1
531,30,6.8
532,30,6.1
533,30,5.25
534,30,4.8
535,30,4.8
536,30,7.15
537,30,4.449999999999999
538,30,5.4
539,30,4.8
540,30,4.1
541,30,4.1
542,30,5.4
543,30,7.1499999999999995
544,30,4.8
545,30,5.1
546,30,4.449999999999999
547,30,4.1
548,30,3.75
549,30,6.1
550,30,5.75
551,30,5.1
552,30,5.1
553,30,6.449999999999999
554,30,3.75
555,30,6.1
556,30,5.4
557,30,4.8
558,30,4.1
559,30,5.4
560,30,5.4
561,30,6.1
562,30,4.449999999999999
563,30,5.4
564,30,4.8
565,30,4.8
566,30,4.8
567,30,3.05
568,30,4.449999999999999
569,30,6.1
570,30,4.1
571,30,4.1
572,30,4.449999999999999
573,30,4.449999999999999
574,30,4.1
575,30,4.3
576,30,5.4
577,30,5.1
578,30,3.05
579,30,3.75
580,30,6.1
581,30,4.449999999999999
582,30,3.75
583,30,5.75
584,30,5.449999999999999
585,30,6.1
586,30,5.1
587,30,3.75
588,30,5.75
589,30,5.4
590,30,3.4
591,30,5.1
592,30,4.1
593,30,7.5
594,30,4.1
595,30,3.4
596,30,4.8
597,30,6.1
598,30,4.449999999999999
599,30,5.4
600,30,4.1
601,30,7.85
602,30,5.4
603,30,3.4
604,30,9.5
605,30,6.1
606,30,3.75
607,30,4.8
608,30,5.4
609,30,6.449999999999999
610,30,7.5
611,30,5.75
612,30,5.4
613,30,6.449999999999999
614,30,5.4
615,30,5.9
616,30,5.1
617,30,3.75
618,30,6.1
619,30,5.75
620,30,6.1
621,30,4.449999999999999
622,30,4.449999999999999
623,30,6.1
624,30,4.1
625,30,3.4
626,30,6.1
627,30,4.8
628,30,4.8
629,30,4.1
630,30,6.1
631,30,3.75
632,30,4.449999999999999
633,30,5.75
634,30,6.1
635,30,4.8
636,30,4.449999999999999
637,30,5.449999999999999
638,30,6.1
639,30,4.449999999999999
640,30,4.8
641,30,5.75
642,30,4.8
643,30,5.449999999999999
644,30,5.1
645,30,8.2
646,30,5.1
647,30,4.1
648,30,4.8
649,30,4.8
650,30,6.1
651,30,5.75
652,30,5.1
653,30,4.449999999999999
654,30,4.1
655,30,4.449999999999999
656,30,6.1
657,30,4.449999999999999
658,30,8.2
659,30,6.1
660,30,6.1
661,30,4.8
662,30,4.1
663,30,3.75
664,30,4.8
665,30,4.1
666,30,5.1
667,30,6.8
668,30,5.1
669,30,4.8
670,30,3.75
671,30,4.449999999999999
672,30,5.4
673,30,5.75
674,30,5.4
675,30,5.9
676,30,4.449999999999999
677,30,3.4
678,30,7.15
679,30,6.8
680,30,4.449999999999999
681,30,5.75
682,30,4.05
683,30,5.1
684,30,4.449999999999999
685,30,7.85
686,30,4.449999999999999
687,30,5.449999999999999
688,30,4.1
689,30,5.4
690,30,7.5
691,30,5.1
692,30,4.8
693,30,4.1
694,30,5.4
695,30,6.8
696,30,5.75
697,30,4.449999999999999
698,30,3.4
699,30,4.8
700,30,7.85
701,30,3.4
702,30,6.1
703,30,6.449999999999999
704,30,3.75
705,30,4.1
706,30,3.05
707,30,4.449999999999999
708,30,5.4
709,30,6.1
710,30,4.1
711,30,4.8
712,30,5.4
713,30,3.7
714,30,3.4
715,30,5.1
716,30,4.1
717,30,5.75
718,30,4.1
719,30,6.1
720,30,5.75
721,30,3.05
722,30,3.05
723,30,6.449999999999999
724,30,5.1
725,30,6.449999999999999
726,30,6.449999999999999
727,30,4.449999999999999
728,30,4.449999999999999
729,30,4.449999999999999
730,30,5.1
731,30,3.4
732,30,4.1
733,30,6.1
734,30,4.449999999999999
735,30,4.1
736,30,4.8
737,30,4.8
738,30,7.5
739,30,4.1
740,30,3.75
741,30,4.449999999999999
742,30,6.1
743,30,4.1
744,30,5.4
745,30,5.449999999999999
746,30,5.75
747,30,3.4
748,30,5.1
749,30,3.4
750,30,7.5
751,30,4.8
752,30,5.1
753,30,5.4
754,30,6.8
755,30,6.449999999999999
756,30,5.1
757,30,4.1
758,30,4.449999999999999
759,30,5.1
760,30,4.1
761,30,5.449999999999999
762,30,4.75
763,30,4.3
764,30,4.8
765,30,4.449999999999999
766,30,4.449999999999999
767,30,5.75
768,30,5.1
769,30,3.75
770,30,6.1
771,30,4.8
772,30,5.4
773,30,8.5
774,30,2.7
775,30,5.1
776,30,5.1
777,30,5.1
778,30,6.8
779,30,3.7
780,30,6.449999999999999
781,30,3.75
782,30,6.8
783,30,4.8
784,30,5.1
785,30,5.9
786,30,3.75
787,30,5.4
788,30,5.1
789,30,2.7
790,30,6.1
791,30,4.449999999999999
792,30,4.449999999999999
793,30,4.1
794,30,7.15
795,30,3.4
796,30,4.449999999999999
797,30,4.449999999999999
798,30,5.1
799,30,6.1
800,30,5.4
801,30,4.75
802,30,4.1
803,30,4.8
804,30,5.75
805,30,6.449999999999999
806,30,4.1
807,30,5.1
808,30,3.75
809,30,4.8
810,30,4.65
811,30,7.15
812,30,5.4
813,30,5.8
814,30,4.8
815,30,4.449999999999999
816,30,3.4
817,30,4.449999999999999
818,30,6.8
819,30,6.1
820,30,4.75
821,30,4.8
822,30,5.75
823,30,6.8
824,30,5.449999999999999
825,30,4.8
826,30,3.4
827,30,3.75
828,30,4.949999999999999
829,30,4.449999999999999
830,30,4.1
831,30,3.75
832,30,5.1
833,30,4.8
834,30,4.8
835,30,6.1
836,30,4.8
837,30,4.449999999999999
838,30,6.1
839,30,4.8
840,30,4.8
841,30,6.449999999999999
842,30,4.8
843,30,3.75
844,30,4.8
845,30,4.1
846,30,7.5
847,30,5.75
848,30,6.1
849,30,4.449999999999999
850,30,4.1
851,30,4.449999999999999
852,30,5.4
853,30,4.449999999999999
854,30,4.1
855,30,4.1
856,30,5.1
857,30,6.1
858,30,4.8
859,30,4.449999999999999
860,30,6.449999999999999
861,30,4.1
862,30,6.8
863,30,5.75
864,30,5.75
865,30,3.75
866,30,5.75
867,30,5.8
868,30,4.1
869,30,6.1
870,30,3.4
871,30,5.75
872,30,4.449999999999999
873,30,4.8
874,30,5.4
875,30,6.8
876,30,6.1
877,30,3.75
878,30,6.1
879,30,5.75
880,30,6.449999999999999
881,30,4.75
882,30,6.8
883,30,3.05
884,30,6.8
885,30,6.8
886,30,5.8
887,30,6.1
888,30,5.8
889,30,4.8
890,30,4.949999999999999
891,30,7.5
892,30,6.1
893,30,5.75
894,30,6.449999999999999
895,30,3.75
896,30,3.75
897,30,3.75
898,30,6.1
899,30,4.1
900,30,5.1
901,30,5.75
902,30,6.8
903,30,6.8
904,30,7.15
905,30,4.1
906,30,6.449999999999999
907,30,3.4
908,30,4.1
909,30,3.05
910,30,4.449999999999999
911,30,4.1
912,30,4.8
913,30,7.15
914,30,4.1
915,30,2
916,30,4.449999999999999
917,30,6.8
918,30,3.75
919,30,4.8
920,30,3.05
921,30,4.05
922,30,3.75
923,30,5.4
924,30,7.5
925,30,4.449999999999999
926,30,4.1
927,30,4.1
928,30,6.1
929,30,4.05
930,30,4.8
931,30,6.449999999999999
932,30,5.4
933,30,5.4
934,30,4.1
935,30,5.75
936,30,4.3
937,30,3.05
938,30,4.8
939,30,6.1
940,30,4.1
941,30,4.8
942,30,4.449999999999999
943,30,5.1
944,30,4.1
945,30,4.05
946,30,5.75
947,30,4.1
948,30,4.1
949,30,5.1
950,30,4.1
951,30,6.449999999999999
952,30,4.8
953,30,6.449999999999999
954,30,3.75
955,30,5.1
956,30,5.4
957,30,6.1
958,30,5.4
959,30,4.1
960,30,3.4
961,30,6.1
962,30,4.449999999999999
963,30,6.1
964,30,4.449999999999999
965,30,4.1
966,30,4.449999999999999
967,30,4.449999999999999
968,30,5.4
969,30,3.4
970,30,4.449999999999999
971,30,4.449999999999999
972,30,5.75
973,30,6.1
974,30,5.449999999999999
975,30,5.4
976,30,6.1
977,30,4.1
978,30,4.1
979,30,6.1
980,30,6.45
981,30,2
982,30,5.1
983,30,5.75
984,30,5.1
985,30,5.4
986,30,6.1
987,30,4.8
988,30,4.75
989,30,3.75
990,30,4.8
991,30,5.550000000000001
992,30,4.75
993,30,6.1
994,30,4.8
995,30,4.8
996,30,5.4
997,30,6.8
998,30,4.449999999999999
999,30,4.8
1000,30,5.4
1001,30,4.8
1002,30,6.1
1003,30,5.25
1004,30,7.5
1005,30,4.1
1006,30,4.1
1007,30,7.15
1008,30,4.75
1009,30,4.1
1010,30,5.550000000000001
1011,30,7.15
1012,30,5.4
1013,30,4.8
1014,30,5.75
1015,30,3.4
1016,30,3.75
1017,30,4.8
1018,30,3.75
1019,30,5.75
1020,30,5.75
1021,30,3.75
1022,30,6.1
1023,30,5.75
1024,30,4.1
1025,30,4.1
1026,30,5.1
1027,30,5.4
1028,30,4.8
1029,30,6.449999999999999
1030,30,5.1
1031,30,5.4
1032,30,5.75
1033,30,5.4
1034,30,4.1
1035,30,4.1
1036,30,5.4
1037,30,8.2
1038,30,7.4
1039,30,6.8
1040,30,5.1
1041,30,4.449999999999999
1042,30,7.15
1043,30,3.05
1044,30,3.75
1045,30,5.449999999999999
1046,30,6.1
1047,30,6.449999999999999
1048,30,3.75
1049,30,3.05
1050,30,5.1
1051,30,5.4
1052,30,5.75
1053,30,5.1
1054,30,5.449999999999999
1055,30,6.449999999999999
1056,30,4.8
1057,30,4.8
1058,30,4.1
1059,30,4.449999999999999
1060,30,5.1
1061,30,5.1
1062,30,4.1
1063,30,4.8
1064,30,5.449999999999999
1065,30,5.449999999999999
1066,30,4.8
1067,30,7.85
1068,30,4.8
1069,30,5.449999999999999
1070,30,5.4
1071,30,6.8
1072,30,7.15
1073,30,5.1
1074,30,4.449999999999999
1075,30,6.1
1076,30,4.949999999999999
1077,30,5.4
1078,30,6.449999999999999
1079,30,4.1
1080,30,4.449999999999999
1081,30,4.3
1082,30,4.449999999999999
1083,30,4.449999999999999
1084,30,4.1
1085,30,5.4
1086,30,5.449999999999999
1087,30,7.15
1088,30,4.1
1089,30,4.449999999999999
1090,30,4.449999999999999
1091,30,4.8
1092,30,4.1
1093,30,6.25
1094,30,4.8
1095,30,4.1
1096,30,4.1
1097,30,5.1
1098,30,4.8
1099,30,5.75
1100,30,3.75
1101,30,5.1
1102,30,6.449999999999999
1103,30,4.449999999999999
1104,30,5.4
1105,30,4.8
1106,30,4.8
1107,30,4.8
1108,30,4.1
1109,30,3.4
1110,30,5.9
1111,30,4.949999999999999
1112,30,4.449999999999999
1113,30,3.4
1114,30,3.4
1115,30,2.7
1116,30,4.449999999999999
1117,30,6.8
1118,30,5.75
1119,30,3.4
1120,30,4.4
1121,30,5.1
1122,30,5.4
1123,30,4.8
1124,30,4.75
1125,30,4.1
1126,30,5.4
1127,30,6.1
1128,30,5.449999999999999
1129,30,2.7
1130,30,5.75
1131,30,4.8
1132,30,3.05
1133,30,6.1
1134,30,4.1
1135,30,5.4
1136,30,4.449999999999999
1137,30,4.1
1138,30,6.8
1139,30,5.4
1140,30,7.15
1141,30,4.449999999999999
1142,30,5.4
1143,30,4.1
1144,30,4.449999999999999
1145,30,5.1
1146,30,4.65
1147,30,4.449999999999999
1148,30,5.75
1149,30,5.1
1150,30,5.75
1151,30,6.1
1152,30,7.5
1153,30,6.8
1154,30,6.449999999999999
1155,30,4.8
1156,30,4.8
1157,30,4.05
1158,30,5.4
1159,30,4.449999999999999
1160,30,4.1
1161,30,5.1
1162,30,4.75
1163,30,5.4
1164,30,5.75
1165,30,4.8
1166,30,5.1
1167,30,3.4
1168,30,4.8
1169,30,6.1
1170,30,5.75
1171,30,5.75
1172,30,5.75
1173,30,6.8
1174,30,6.1
1175,30,5.449999999999999
1176,30,6.1
1177,30,7.5
1178,30,3.75
1179,30,6.1
1180,30,7.5
1181,30,4.8
1182,30,3.4
1183,30,5.4
1184,30,6.8
1185,30,5.9
1186,30,5.75
1187,30,4.1
1188,30,4.8
1189,30,5.4
1190,30,3.75
1191,30,5.1
1192,30,6.1
1193,30,5.1
1194,30,3.4
1195,30,4.1
1196,30,4.449999999999999
1197,30,5.75
1198,30,3.4
1199,30,4.1
1200,30,4.1
1201,30,4.449999999999999
1202,30,3.75
1203,30,5.75
1204,30,3.4
1205,30,4.1
1206,30,6.1
1207,30,5.75
1208,30,4.8
1209,30,4.8
1210,30,3.4
1211,30,4.8
1212,30,3.75
1213,30,5.75
1214,30,4.1
1215,30,5.4
1216,30,4.449999999999999
1217,30,4.1
1218,30,6.449999999999999
1219,30,6.1
1220,30,7.15
1221,30,4.1
1222,30,6.449999999999999
1223,30,7.15
1224,30,5.1
1225,30,6.449999999999999
1226,30,6.1
1227,30,5.1
1228,30,3.75
1229,30,6.1
1230,30,4.8
1231,30,5.4
1232,30,4.449999999999999
1233,30,4.449999999999999
1234,30,5.1
1235,30,6.449999999999999
1236,30,5.75
1237,30,4.4
1238,30,4.1
1239,30,5.75
1240,30,4.1
1241,30,4.8
1242,30,4.949999999999999
1243,30,8.8
1244,30,6.1
1245,30,4.1
1246,30,4.1
1247,30,5.1
1248,30,3.75
1249,30,4.449999999999999
1250,30,3.4
1251,30,6.1
1252,30,7.15
1253,30,5.4
1254,30,6.1
1255,30,4.1
1256,30,5.4
1257,30,4.1
1258,30,5.1
1259,30,4.1
1260,30,3.4
1261,30,5.4
1262,30,5.1
1263,30,5.4
1264,30,8.2
1265,30,7.5
1266,30,5.75
1267,30,6.449999999999999
1268,30,5.1
1269,30,7.15
1270,30,5.75
1271,30,6.1
1272,30,5.4
1273,30,5.4
1274,30,4.1
1275,30,5.1
1276,30,5.75
1277,30,6.1
1278,30,3.75
1279,30,6.449999999999999
1280,30,5.75
1281,30,4.449999999999999
1282,30,4.75
1283,30,5.1
1284,30,4.8
1285,30,4.1
1286,30,5.1
1287,30,6.1
1288,30,4.8
1289,30,7.5
1290,30,3.4
1291,30,5.75
1292,30,5.4
1293,30,3.75
1294,30,5.1
1295,30,5.449999999999999
1296,30,5.4
1297,30,4.8
1298,30,3.75
1299,30,4.1
1300,30,4.1
1301,30,3.4
1302,30,4.449999999999999
1303,30,5.1
1304,30,5.75
1305,30,4.449999999999999
1306,30,5.4
1307,30,7.15
1308,30,5.4
1309,30,6.1
1310,30,4.8
1311,30,4.449999999999999
1312,30,4.449999999999999
1313,30,4.65
1314,30,4.8
1315,30,4.8
1316,30,6.8
1317,30,4.8
1318,30,7.15
1319,30,4.449999999999999
1320,30,6.449999999999999
1321,30,5.4
1322,30,5.1
1323,30,2.7
1324,30,7.15
1325,30,4.1
1326,30,6.449999999999999
1327,30,6.1
1328,30,7.85
1329,30,5.1
1330,30,4.8
1331,30,6.8
1332,30,5.75
1333,30,5.1
1334,30,6.449999999999999
1335,30,6.8
1336,30,6.1
1337,30,4.1
1338,30,4.8
1339,30,5.1
1340,30,4.75
1341,30,5.1
1342,30,3.05
1343,30,4.8
1344,30,4.8
1345,30,4.75
1346,30,4.449999999999999
1347,30,4.8
1348,30,5.1
1349,30,4.1
1350,30,3.75
1351,30,5.4
1352,30,3.75
1353,30,7.15
1354,30,5.4
1355,30,2.7
1356,30,4.8
1357,30,4.449999999999999
1358,30,4.1
1359,30,4.1
1360,30,5.4
1361,30,3.75
1362,30,4.8
1363,30,4.8
1364,30,5.4
1365,30,6.1
1366,30,4.449999999999999
1367,30,6.55
1368,30,4.1
1369,30,6.1
1370,30,5.75
1371,30,4.1
1372,30,4.8
1373,30,3.75
1374,30,4.449999999999999
1375,30,6.8
1376,30,4.8
1377,30,4.449999999999999
1378,30,4.75
1379,30,4.8
1380,30,4.8
1381,30,6.8
1382,30,6.449999999999999
1383,30,4.8
1384,30,6.449999999999999
1385,30,5.449999999999999
1386,30,5.1
1387,30,4.449999999999999
1388,30,5.4
1389,30,5.75
1390,30,4.8
1391,30,5.75
1392,30,6.8
1393,30,4.1
1394,30,5.1
1395,30,3.75
1396,30,4.1
1397,30,4.449999999999999
1398,30,7.15
1399,30,5.4
1400,30,6.1
1401,30,4.8
1402,30,5.75
1403,30,4.75
1404,30,3.4
1405,30,4.1
1406,30,4.449999999999999
1407,30,4.8
1408,30,3.75
1409,30,5.4
1410,30,6.1
1411,30,4.1
1412,30,3.4
1413,30,4.8
1414,30,5.1
1415,30,4.449999999999999
1416,30,5.4
1417,30,4.75
1418,30,6.1
1419,30,5.4
1420,30,5.75
1421,30,4.8
1422,30,5.75
1423,30,4.8
1424,30,6.449999999999999
1425,30,4.1
1426,30,6.449999999999999
1427,30,4.8
1428,30,7.15
1429,30,4.8
1430,30,4.8
1431,30,6.1
1432,30,3.75
1433,30,3.75
1434,30,4.449999999999999
1435,30,4.449999999999999
1436,30,4.8
1437,30,7.85
1438,30,4.449999999999999
1439,30,5.4
1440,30,4.1
1441,30,4.449999999999999
1442,30,5.4
1443,30,4.449999999999999
1444,30,7.5
1445,30,4.1
1446,30,4.8
1447,30,5.949999999999999
1448,30,5.1
1449,30,5.4
1450,30,6.8
1451,30,4.1
1452,30,5.1
1453,30,6.449999999999999
1454,30,5.4
1455,30,4.449999999999999
1456,30,5.75
1457,30,4.8
1458,30,4.1
1459,30,4.449999999999999
1460,30,4.1
1461,30,4.8
1462,30,5.4
1463,30,4.1
1464,30,3.4
1465,30,5.1
1466,30,8.2
1467,30,6.8
1468,30,5.4
1469,30,6.8
1470,30,4.05
1471,30,4.8
1472,30,4.449999999999999
1473,30,6.8
1474,30,7.5
1475,30,6.449999999999999
1476,30,4.1
1477,30,5.75
1478,30,5.1
1479,30,4.8
1480,30,6.8
1481,30,8.2
1482,30,3.75
1483,30,5.75
1484,30,4.8
1485,30,5.1
1486,30,5.75
1487,30,6.449999999999999
1488,30,5.75
1489,30,6.1
1490,30,6.45
1491,30,5.1
1492,30,6.8
1493,30,3.75
1494,30,6.1
1495,30,4.1
1496,30,6.1
1497,30,4.8
1498,30,6.449999999999999
1499,30,5.1
1500,30,4.8
1501,30,3.05
1502,30,8.2
1503,30,4.449999999999999
1504,30,5.1
1505,30,5.75
1506,30,4.449999999999999
1507,30,6.8
1508,30,6.8
1509,30,5.1
1510,30,4.75
1511,30,4.449999999999999
1512,30,4.8
1513,30,4.8
1514,30,4.1
1515,30,4.4
1516,30,6.449999999999999
1517,30,5.1
1518,30,6.449999999999999
1519,30,6.8
1520,30,4.8
1521,30,5.1
1522,30,6.199999999999999
1523,30,4.4
1524,30,4.75
1525,30,4.449999999999999
1526,30,4.8
1527,30,4.8
1528,30,5.1
1529,30,5.1
1530,30,7.5
1531,30,6.449999999999999
1532,30,6.1
1533,30,3.4
1534,30,3.4
1535,30,4.8
1536,30,3.4
1537,30,5.8
1538,30,5.1
1539,30,6.1
1540,30,3.7
1541,30,6.8
1542,30,5.1
1543,30,4.449999999999999
1544,30,5.4
1545,30,5.75
1546,30,4.8
1547,30,4.449999999999999
1548,30,4.8
1549,30,7.5
1550,30,6.45
1551,30,4.1
1552,30,5.9
1553,30,5.75
1554,30,6.449999999999999
1555,30,5.4
1556,30,4.1
1557,30,4.75
1558,30,5.4
1559,30,4.8
1560,30,6.449999999999999
1561,30,4.1
1562,30,4.75
1563,30,3.75
1564,30,6.8
1565,30,5.75
1566,30,4.449999999999999
1567,30,5.4
1568,30,3.75
1569,30,5.1
1570,30,5.1
1571,30,5.1
1572,30,5.4
1573,30,5.1
1574,30,3.75
1575,30,4.8
1576,30,4.449999999999999
1577,30,5.449999999999999
1578,30,3.75
1579,30,6.1
1580,30,5.1
1581,30,4.1
1582,30,4.1
1583,30,3.4
1584,30,7.15
1585,30,5.4
1586,30,6.1
1587,30,4.8
1588,30,5.1
1589,30,6.8
1590,30,4.8
1591,30,4.8
1592,30,6.8
1593,30,5.4
1594,30,5.4
1595,30,4.75
1596,30,6.8
1597,30,4.8
1598,30,5.4
1599,30,6.1
1600,30,4.449999999999999
1601,30,4.449999999999999
1602,30,4.8
1603,30,4.8
1604,30,4.8
1605,30,4.8
1606,30,4.8
1607,30,5.4
1608,30,4.449999999999999
1609,30,6.449999999999999
1610,30,4.75
1611,30,4.1
1612,30,4.75
1613,30,4.1
1614,30,5.1
1615,30,5.449999999999999
1616,30,4.1
1617,30,6.8
1618,30,5.1
1619,30,4.1
1620,30,4.1
1621,30,5.75
1622,30,4.8
1623,30,4.1
1624,30,8.2
1625,30,6.8
1626,30,5.4
1627,30,5.550000000000001
1628,30,8.2
1629,30,4.8
1630,30,5.75
1631,30,5.75
1632,30,3.75
1633,30,3.4
1634,30,3.75
1635,30,4.449999999999999
1636,30,6.55
1637,30,4.8
1638,30,7.85
1639,30,3.75
1640,30,5.75
1641,30,4.449999999999999
1642,30,5.4
1643,30,6.8
1644,30,4.75
1645,30,3.4
1646,30,4.449999999999999
1647,30,4.8
1648,30,4.8
1649,30,4.449999999999999
1650,30,6.1
1651,30,4.8
1652,30,4.1
1653,30,4.8
1654,30,5.1
1655,30,6.1
1656,30,7.15
1657,30,4.449999999999999
1658,30,5.4
1659,30,5.75
1660,30,4.1
1661,30,5.4
1662,30,3.05
1663,30,5.1
1664,30,4.8
1665,30,5.1
1666,30,3.75
1667,30,5.4
1668,30,6.1
1669,30,4.8
1670,30,5.75
1671,30,5.75
1672,30,3.4
1673,30,3.4
1674,30,4.1
1675,30,4.8
1676,30,5.75
1677,30,4.1
1678,30,6.449999999999999
1679,30,5.1
1680,30,6.449999999999999
1681,30,3.4
1682,30,6.8
1683,30,4.8
1684,30,6.449999999999999
1685,30,4.8
1686,30,4.449999999999999
1687,30,4.1
1688,30,4.449999999999999
1689,30,4.8
1690,30,4.8
1691,30,4.1
1692,30,6.1
1693,30,4.449999999999999
1694,30,4.8
1695,30,4.449999999999999
1696,30,3.75
1697,30,4.8
1698,30,3.4
1699,30,5.75
1700,30,4.449999999999999
1701,30,4.1
1702,30,4.1
1703,30,3.75
1704,30,4.8
1705,30,4.1
1706,30,4.8
1707,30,6.1
1708,30,4.1
1709,30,6.1
1710,30,6.1
1711,30,5.4
1712,30,4.8
1713,30,4.1
1714,30,3.75
1715,30,5.4
1716,30,5.75
1717,30,5.75
1718,30,4.8
1719,30,4.449999999999999
1720,30,6.1
1721,30,5.1
1722,30,7.5
1723,30,5.4
1724,30,4.1
1725,30,5.1
1726,30,4.8
1727,30,6.1
1728,30,4.449999999999999
1729,30,6.1
1730,30,4.8
1731,30,5.1
1732,30,5.4
1733,30,4.1
1734,30,4.1
1735,30,3.4
1736,30,6.1
1737,30,5.75
1738,30,4.449999999999999
1739,30,7.85
1740,30,4.1
1741,30,3.05
1742,30,4.449999999999999
1743,30,4.8
1744,30,2.7
1745,30,5.4
1746,30,4.8
1747,30,4.449999999999999
1748,30,4.449999999999999
1749,30,4.449999999999999
1750,30,4.1
1751,30,3.4
1752,30,4.449999999999999
1753,30,4.1
1754,30,4.449999999999999
1755,30,4.449999999999999
1756,30,4.1
1757,30,3.4
1758,30,5.75
1759,30,5.449999999999999
1760,30,5.1
1761,30,5.550000000000001
1762,30,5.25
1763,30,3.75
1764,30,3.75
1765,30,4.1
1766,30,6.8
1767,30,7.5
1768,30,7.1499999999999995
1769,30,5.4
1770,30,6.1
1771,30,3.4
1772,30,5.4
1773,30,3.05
1774,30,6.1
1775,30,6.1
1776,30,5.25
1777,30,4.449999999999999
1778,30,4.1
1779,30,3.4
1780,30,4.449999999999999
1781,30,4.449999999999999
1782,30,2.7
1783,30,5.1
1784,30,4.1
1785,30,7.800000000000001
1786,30,4.8
1787,30,5.75
1788,30,5.1
1789,30,4.8
1790,30,7.15
1791,30,5.1
1792,30,4.8
1793,30,6.449999999999999
1794,30,4.8
1795,30,5.1
1796,30,6.8
1797,30,4.1
1798,30,5.1
1799,30,4.1
1800,30,4.8
1801,30,2.7
1802,30,8.15
1803,30,6.449999999999999
1804,30,5.1
1805,30,5.75
1806,30,4.8
1807,30,6.449999999999999
1808,30,6.8
1809,30,3.4
1810,30,5.1
1811,30,3.4
1812,30,4.449999999999999
1813,30,4.1
1814,30,6.449999999999999
1815,30,5.4
1816,30,3.75
1817,30,6.1
1818,30,3.75
1819,30,3.05
1820,30,4.1
1821,30,7.5
1822,30,4.1
1823,30,4.8
1824,30,6.449999999999999
1825,30,5.4
1826,30,5.75
1827,30,6.1
1828,30,5.9
1829,30,4.8
1830,30,3.4
1831,30,6.1
1832,30,4.1
1833,30,6.8
1834,30,5.75
1835,30,4.449999999999999
1836,30,5.1
1837,30,5.4
1838,30,4.1
1839,30,5.4
1840,30,5.4
1841,30,4.1
1842,30,3.4
1843,30,4.8
1844,30,3.4
1845,30,7.5
1846,30,4.449999999999999
1847,30,3.75
1848,30,6.1
1849,30,4.449999999999999
1850,30,4.1
1851,30,7.85
1852,30,4.449999999999999
1853,30,5.75
1854,30,6.1
1855,30,4.449999999999999
1856,30,7.85
1857,30,5.4
1858,30,7.5
1859,30,5.4
1860,30,7.45
1861,30,6.8
1862,30,5.550000000000001
1863,30,6.1
1864,30,3.05
1865,30,4.8
1866,30,5.4
1867,30,4.449999999999999
1868,30,4.8
1869,30,4.449999999999999
1870,30,5.449999999999999
1871,30,4.1
1872,30,5.75
1873,30,4.8
1874,30,4.1
1875,30,4.1
1876,30,5.1
1877,30,4.449999999999999
1878,30,3.05
1879,30,3.75
1880,30,4.1
1881,30,4.8
1882,30,4.8
1883,30,5.75
1884,30,3.75
1885,30,4.449999999999999
1886,30,6.1
1887,30,5.1
1888,30,4.1
1889,30,4.1
1890,30,6.8
1891,30,5.4
1892,30,5.4
1893,30,5.4
1894,30,7.85
1895,30,6.1
1896,30,5.75
1897,30,5.1
1898,30,4.75
1899,30,3.4
1900,30,5.75
1901,30,3.4
1902,30,6.1
1903,30,4.1
1904,30,5.1
1905,30,4.8
1906,30,4.8
1907,30,5.1
1908,30,5.1
1909,30,5.550000000000001
1910,30,5.75
1911,30,3.05
1912,30,6.1
1913,30,3.4
1914,30,6.1
1915,30,3.75
1916,30,5.4
1917,30,5.75
1918,30,6.1
1919,30,4.1
1920,30,4.75
1921,30,5.4
1922,30,6.8
1923,30,5.4
1924,30,4.449999999999999
1925,30,4.1
1926,30,4.8
1927,30,4.8
1928,30,4.8
1929,30,6.1
1930,30,3.4
1931,30,4.949999999999999
1932,30,5.4
1933,30,4.8
1934,30,4.8
1935,30,5.1
1936,30,4.75
1937,30,5.75
1938,30,5.4
1939,30,7.15
1940,30,4.449999999999999
1941,30,6.8
1942,30,6.1
1943,30,4.8
1944,30,6.8
1945,30,5.1
1946,30,6.1
1947,30,4.8
1948,30,4.1
1949,30,6.8
1950,30,3.75
1951,30,6.8
1952,30,4.8
1953,30,3.4
1954,30,4.1
1955,30,5.1
1956,30,3.75
1957,30,6.8
1958,30,4.1
1959,30,6.449999999999999
1960,30,4.65
1961,30,3.75
1962,30,4.8
1963,30,5.4
1964,30,6.1
1965,30,4.1
1966,30,7.1499999999999995
1967,30,3.05
1968,30,6.1
1969,30,5.1
1970,30,5.4
1971,30,4.1
1972,30,5.75
1973,30,5.85
1974,30,6.1
1975,30,5.75
1976,30,3.4
1977,30,5.75
1978,30,6.449999999999999
1979,30,4.8
1980,30,4.449999999999999
1981,30,5.449999999999999
1982,30,4.8
1983,30,5.4
1984,30,5.4
1985,30,4.8
1986,30,5.4
1987,30,5.75
1988,30,5.4
1989,30,5.449999999999999
1990,30,4.8
1991,30,6.1
1992,30,4.1
1993,30,5.1
1994,30,4.1
1995,30,4.8
1996,30,5.4
1997,30,4.1
1998,30,5.1
1999,30,5.4
2000,30,6.1
2001,30,6.449999999999999
2002,30,5.1
2003,30,6.8
2004,30,6.449999999999999
2005,30,4.8
2006,30,3.75
2007,30,4.449999999999999
2008,30,5.1
2009,30,5.4
2010,30,6.449999999999999
2011,30,4.449999999999999
2012,30,5.75
2013,30,4.1
2014,30,3.75
2015,30,3.75
2016,30,5.4
2017,30,6.8
2018,30,4.449999999999999
2019,30,5.1
2020,30,6.1
2021,30,4.8
2022,30,4.1
2023,30,5.4
2024,30,4.1
2025,30,5.4
2026,30,4.8
2027,30,4.1
2028,30,5.4
2029,30,4.449999999999999
2030,30,4.1
2031,30,6.8
2032,30,3.05
2033,30,5.4
2034,30,6.1
2035,30,5.75
2036,30,5.75
2037,30,5.449999999999999
2038,30,3.75
2039,30,5.1
2040,30,4.1
2041,30,5.75
2042,30,5.4
2043,30,7.5
2044,30,4.8
2045,30,4.8
2046,30,5.75
2047,30,5.75
2048,30,5.1
2049,30,4.449999999999999
2050,30,5.4
2051,30,4.1
2052,30,4.1
2053,30,4.1
2054,30,6.449999999999999
2055,30,4.949999999999999
2056,30,5.4
2057,30,7.15
2058,30,4.449999999999999
2059,30,4.8
2060,30,4.1
2061,30,5.4
2062,30,4.8
2063,30,6.1
2064,30,6.449999999999999
2065,30,5.75
2066,30,4.8
2067,30,5.25
2068,30,4.8
2069,30,4.1
2070,30,4.8
2071,30,5.75
2072,30,4.8
2073,30,4.1
2074,30,5.4
2075,30,5.1
2076,30,6.1
2077,30,6.1
2078,30,4.1
2079,30,4.449999999999999
2080,30,3.75
2081,30,4.1
2082,30,4.449999999999999
2083,30,7.5
2084,30,3.05
2085,30,4.449999999999999
2086,30,4.8
2087,30,3.75
2088,30,5.4
2089,30,3.75
2090,30,6.449999999999999
2091,30,7.5
2092,30,4.1
2093,30,4.1
2094,30,4.449999999999999
2095,30,4.1
2096,30,4.1
2097,30,5.1
2098,30,4.1
2099,30,2.7
2100,30,4.1
2101,30,6.1
2102,30,5.75
2103,30,4.8
2104,30,3.75
2105,30,5.75
2106,30,6.449999999999999
2107,30,3.4
2108,30,6.449999999999999
2109,30,4.8
2110,30,4.1
2111,30,5.1
2112,30,4.1
2113,30,4.1
2114,30,6.1
2115,30,4.449999999999999
2116,30,3.4
2117,30,6.8
2118,30,4.1
2119,30,5.4
2120,30,4.75
2121,30,4.1
2122,30,4.8
2123,30,6.1
2124,30,5.1
2125,30,5.1
2126,30,3.4
2127,30,5.1
2128,30,5.1
2129,30,4.449999999999999
2130,30,4.449999999999999
2131,30,4.449999999999999
2132,30,3.4
2133,30,5.1
2134,30,3.75
2135,30,4.1
2136,30,4.449999999999999
2137,30,4.8
2138,30,5.4
2139,30,5.1
2140,30,3.75
2141,30,5.4
2142,30,4.8
2143,30,4.8
2144,30,5.1
2145,30,5.1
2146,30,6.1
2147,30,6.449999999999999
2148,30,3.05
2149,30,5.4
2150,30,5.4
2151,30,6.1
2152,30,5.75
2153,30,5.1
2154,30,6.1
2155,30,4.8
2156,30,3.75
2157,30,5.4
2158,30,4.449999999999999
2159,30,5.75
2160,30,4.449999999999999
2161,30,6.1
2162,30,6.1
2163,30,6.1
2164,30,4.449999999999999
2165,30,6.8
2166,30,6.1
2167,30,4.1
2168,30,8.15
2169,30,6.1
2170,30,3.75
2171,30,7.15
2172,30,4.1
2173,30,4.1
2174,30,5.75
2175,30,4.8
2176,30,5.75
2177,30,4.1
2178,30,4.1
2179,30,5.75
2180,30,4.8
2181,30,7.5
2182,30,4.949999999999999
2183,30,5.1
2184,30,5.4
2185,30,6.449999999999999
2186,30,4.1
2187,30,4.95
2188,30,4.1
2189,30,5.4
2190,30,5.1
2191,30,4.1
2192,30,5.1
2193,30,4.3
2194,30,5.75
2195,30,5.1
2196,30,3.05
2197,30,4.8
2198,30,5.449999999999999
2199,30,6.8
2200,30,4.1
2201,30,5.4
2202,30,4.1
2203,30,6.8
2204,30,5.1
2205,30,5.4
2206,30,6.1
2207,30,4.449999999999999
2208,30,4.8
2209,30,5.75
2210,30,4.449999999999999
2211,30,3.4
2212,30,5.4
2213,30,5.4
2214,30,4.1
2215,30,6.1
2216,30,4.8
2217,30,6.8
2218,30,3.75
2219,30,4.8
2220,30,2.35
2221,30,4.8
2222,30,6.1
2223,30,4.449999999999999
2224,30,5.75
2225,30,5.25
2226,30,5.4
2227,30,4.449999999999999
2228,30,3.75
2229,30,3.05
2230,30,4.1
2231,30,6.8
2232,30,5.1
2233,30,7.5
2234,30,6.1
2235,30,5.75
2236,30,5.4
2237,30,4.449999999999999
2238,30,4.8
2239,30,6.8
2240,30,5.4
2241,30,7.5
2242,30,5.1
2243,30,3.75
2244,30,4.449999999999999
2245,30,5.75
2246,30,5.1
2247,30,7.15
2248,30,5.4
2249,30,7.5
2250,30,3.75
2251,30,7.85
2252,30,4.1
2253,30,7.85
2254,30,6.449999999999999
2255,30,4.1
2256,30,6.449999999999999
2257,30,5.75
2258,30,2.7
2259,30,3.4
2260,30,5.1
2261,30,4.449999999999999
2262,30,5.4
2263,30,4.949999999999999
2264,30,5.75
2265,30,5.449999999999999
2266,30,4.1
2267,30,4.8
2268,30,4.449999999999999
2269,30,6.8
2270,30,4.1
2271,30,4.449999999999999
2272,30,7.15
2273,30,5.8
2274,30,9.15
2275,30,4.8
2276,30,3.75
2277,30,5.1
2278,30,5.1
2279,30,4.1
2280,30,5.75
2281,30,5.1
2282,30,5.1
2283,30,3.75
2284,30,4.1
2285,30,5.75
2286,30,3.4
2287,30,5.8
2288,30,5.75
2289,30,6.1
2290,30,7.5
2291,30,4.8
2292,30,4.8
2293,30,4.8
2294,30,6.1
2295,30,4.8
2296,30,4.1
2297,30,5.1
2298,30,5.449999999999999
2299,30,3.75
2300,30,7.15
2301,30,3.05
2302,30,5.1
2303,30,4.449999999999999
2304,30,6.1
2305,30,4.1
2306,30,3.05
2307,30,6.1
2308,30,4.449999999999999
2309,30,6.8
2310,30,6.449999999999999
2311,30,7.5
2312,30,4.1
2313,30,5.4
2314,30,5.4
2315,30,4.1
2316,30,6.8
2317,30,4.8
2318,30,2.35
2319,30,9.85
2320,30,5.4
2321,30,6.1
2322,30,4.8
2323,30,4.449999999999999
2324,30,7.5
2325,30,5.4
2326,30,4.1
2327,30,5.1
2328,30,5.25
2329,30,4.449999999999999
2330,30,3.75
2331,30,4.8
2332,30,6.1
2333,30,4.8
2334,30,4.8
2335,30,6.1
2336,30,4.449999999999999
2337,30,4.1
2338,30,6.1
2339,30,7.5
2340,30,4.449999999999999
2341,30,4.1
2342,30,4.8
2343,30,6.449999999999999
2344,30,4.1
2345,30,3.4
2346,30,6.1
2347,30,4.1
2348,30,4.449999999999999
2349,30,5.1
2350,30,5.75
2351,30,6.8
2352,30,4.8
2353,30,3.4
2354,30,5.449999999999999
2355,30,3.75
2356,30,6.1
2357,30,4.8
2358,30,4.8
2359,30,5.4
2360,30,5.4
2361,30,5.1
2362,30,4.8
2363,30,6.1
2364,30,5.4
2365,30,3.4
2366,30,4.8
2367,30,6.1
2368,30,5.4
2369,30,4.8
2370,30,4.1
2371,30,4.449999999999999
2372,30,5.75
2373,30,3.4
2374,30,4.1
2375,30,4.8
2376,30,2.7
2377,30,4.8
2378,30,5.449999999999999
2379,30,6.1
2380,30,4.1
2381,30,5.1
2382,30,7.1499999999999995
2383,30,5.4
2384,30,4.1
2385,30,3.05
2386,30,6.8
2387,30,5.4
2388,30,6.449999999999999
2389,30,6.1
2390,30,7.85
2391,30,5.1
2392,30,4.8
2393,30,5.75
2394,30,4.449999999999999
2395,30,5.550000000000001
2396,30,5.1
2397,30,4.75
2398,30,4.1
2399,30,4.1
2400,30,4.8
2401,30,4.8
2402,30,5.4
2403,30,4.8
2404,30,4.1
2405,30,7.4
2406,30,4.8
2407,30,5.1
2408,30,5.1
2409,30,4.449999999999999
2410,30,4.8
2411,30,4.8
2412,30,4.1
2413,30,5.4
2414,30,4.449999999999999
2415,30,6.1
2416,30,3.75
2417,30,4.8
2418,30,6.1
2419,30,5.4
2420,30,5.4
2421,30,4.1
2422,30,5.1
2423,30,5.75
2424,30,4.8
2425,30,3.75
2426,30,3.4
2427,30,4.1
2428,30,5.4
2429,30,4.449999999999999
2430,30,3.4
2431,30,4.449999999999999
2432,30,4.1
2433,30,4.1
2434,30,5.1
2435,30,5.449999999999999
2436,30,6.449999999999999
2437,30,5.75
2438,30,3.75
2439,30,4.449999999999999
2440,30,5.4
2441,30,4.75
2442,30,6.8
2443,30,4.8
2444,30,4.8
2445,30,4.1
2446,30,5.1
2447,30,5.1
2448,30,4.449999999999999
2449,30,6.1
2450,30,6.449999999999999
2451,30,3.7
2452,30,4.1
2453,30,5.1
2454,30,5.4
2455,30,5.4
2456,30,6.1
2457,30,4.449999999999999
2458,30,5.4
2459,30,3.75
2460,30,4.449999999999999
2461,30,3.4
2462,30,5.75
2463,30,3.05
2464,30,4.8
2465,30,5.4
2466,30,4.65
2467,30,5.8
2468,30,5.75
2469,30,5.1
2470,30,5.1
2471,30,3.75
2472,30,4.8
2473,30,5.4
2474,30,4.449999999999999
2475,30,4.1
2476,30,6.1
2477,30,6.449999999999999
2478,30,4.8
2479,30,4.449999999999999
2480,30,5.75
2481,30,4.449999999999999
2482,30,4.1
2483,30,4.75
2484,30,5.1
2485,30,4.1
2486,30,4.1
2487,30,3.75
2488,30,5.4
2489,30,4.449999999999999
2490,30,5.1
2491,30,4.8
2492,30,4.8
2493,30,6.1
2494,30,4.8
2495,30,4.8
2496,30,4.449999999999999
2497,30,5.449999999999999
2498,30,4.1
2499,30,7.1000000000000005
2500,30,5.4
2501,30,3.75
2502,30,4.1
2503,30,5.4
2504,30,6.449999999999999
2505,30,4.8
2506,30,7.15
2507,30,4.1
2508,30,4.8
2509,30,5.1
2510,30,6.1
2511,30,6.1
2512,30,6.1
2513,30,4.1
2514,30,3.75
2515,30,4.8
2516,30,6.15
2517,30,6.8
2518,30,6.8
2519,30,4.75
2520,30,4.8
2521,30,4.1
2522,30,5.550000000000001
2523,30,4.449999999999999
2524,30,4.1
2525,30,4.449999999999999
2526,30,3.4
2527,30,5.75
2528,30,4.8
2529,30,4.1
2530,30,4.8
2531,30,3.05
2532,30,4.449999999999999
2533,30,4.1
2534,30,4.8
2535,30,3.75
2536,30,7.15
2537,30,5.1
2538,30,4.1
2539,30,4.1
2540,30,7.15
2541,30,4.1
2542,30,3.4
2543,30,5.550000000000001
2544,30,5.1
2545,30,6.449999999999999
2546,30,6.1
2547,30,5.75
2548,30,4.8
2549,30,4.449999999999999
2550,30,4.8
2551,30,5.4
2552,30,4.1
2553,30,4.8
2554,30,4.1
2555,30,7.45
2556,30,5.75
2557,30,3.4
2558,30,5.1
2559,30,3.75
2560,30,3.75
2561,30,4.65
2562,30,6.8
2563,30,5.4
2564,30,5.1
2565,30,5.4
2566,30,5.1
2567,30,5.4
2568,30,4.1
2569,30,4.449999999999999
2570,30,5.4
2571,30,6.449999999999999
2572,30,4.1
2573,30,7.5
2574,30,6.45
2575,30,5.1
2576,30,5.4
2577,30,6.1
2578,30,5.75
2579,30,5.4
2580,30,4.65
2581,30,5.75
2582,30,4.449999999999999
2583,30,6.1
2584,30,4.1
2585,30,4.449999999999999
2586,30,3.75
2587,30,4.449999999999999
2588,30,6.8
2589,30,4.1
2590,30,6.1
2591,30,3.75
2592,30,5.1
2593,30,5.4
2594,30,4.8
2595,30,4.8
2596,30,5.4
2597,30,6.1
2598,30,4.1
2599,30,7.15
2600,30,4.1
2601,30,5.4
2602,30,4.449999999999999
2603,30,5.75
2604,30,4.449999999999999
2605,30,4.449999999999999
2606,30,7.5
2607,30,3.75
2608,30,4.8
2609,30,5.4
2610,30,5.4
2611,30,3.75
2612,30,3.75
2613,30,6.1
2614,30,5.75
2615,30,5.1
2616,30,4.1
2617,30,7.85
2618,30,6.8
2619,30,6.449999999999999
2620,30,5.1
2621,30,3.4
2622,30,4.8
2623,30,3.75
2624,30,5.1
2625,30,5.1
2626,30,5.449999999999999
2627,30,4.8
2628,30,5.1
2629,30,3.4
2630,30,5.75
2631,30,7.15
2632,30,5.1
2633,30,4.1
2634,30,5.1
2635,30,5.1
2636,30,5.1
2637,30,4.75
2638,30,4.1
2639,30,6.8
2640,30,5.75
2641,30,4.1
2642,30,5.449999999999999
2643,30,7.5
2644,30,4.449999999999999
2645,30,3.4
2646,30,4.449999999999999
2647,30,4.75
2648,30,3.75
2649,30,7.85
2650,30,5.1
2651,30,5.8
2652,30,4.8
2653,30,4.8
2654,30,6.1
2655,30,6.449999999999999
2656,30,4.449999999999999
2657,30,7.1499999999999995
2658,30,5.4
2659,30,5.75
2660,30,5.1
2661,30,6.1
2662,30,3.4
2663,30,3.4
2664,30,6.449999999999999
2665,30,4.8
2666,30,2.7
2667,30,5.550000000000001
2668,30,5.75
2669,30,5.75
2670,30,6.1
2671,30,5.1
2672,30,5.75
2673,30,5.4
2674,30,5.1
2675,30,6.1
2676,30,3.75
2677,30,4.1
2678,30,5.4
2679,30,3.75
2680,30,4.1
2681,30,6.1
2682,30,5.75
2683,30,5.1
2684,30,4.449999999999999
2685,30,6.8
2686,30,5.4
2687,30,4.8
2688,30,5.75
2689,30,6.8
2690,30,4.8
2691,30,4.1
2692,30,5.1
2693,30,4.449999999999999
2694,30,5.75
2695,30,4.8
2696,30,3.4
2697,30,5.75
2698,30,4.1
2699,30,6.449999999999999
2700,30,4.8
2701,30,4.8
2702,30,5.1
2703,30,6.1
2704,30,5.4
2705,30,5.1
2706,30,4.449999999999999
2707,30,6.8
2708,30,4.449999999999999
2709,30,5.75
2710,30,6.1
2711,30,4.1
2712,30,4.449999999999999
2713,30,6.1
2714,30,4.8
2715,30,5.4
2716,30,3.75
2717,30,6.8
2718,30,5.449999999999999
2719,30,3.75
2720,30,4.1
2721,30,7.15
2722,30,4.1
2723,30,6.199999999999999
2724,30,5.1
2725,30,5.4
2726,30,4.449999999999999
2727,30,4.8
2728,30,5.1
2729,30,5.550000000000001
2730,30,5.4
2731,30,4.449999999999999
2732,30,5.4
2733,30,5.75
2734,30,4.8
2735,30,5.4
2736,30,6.449999999999999
2737,30,4.1
2738,30,4.8
2739,30,3.75
2740,30,3.05
2741,30,2.7
2742,30,5.1
2743,30,7.15
2744,30,4.8
2745,30,5.4
2746,30,5.1
2747,30,7.1
2748,30,4.1
2749,30,4.449999999999999
2750,30,4.1
2751,30,6.1
2752,30,4.449999999999999
2753,30,4.1
2754,30,4.95
2755,30,4.8
2756,30,6.1
2757,30,5.25
2758,30,7.15
2759,30,5.1
2760,30,3.4
2761,30,5.75
2762,30,4.1
2763,30,5.75
2764,30,4.449999999999999
2765,30,6.1
2766,30,4.8
2767,30,5.4
2768,30,5.75
2769,30,4.8
2770,30,4.75
2771,30,5.1
2772,30,5.1
2773,30,6.1
2774,30,4.8
2775,30,4.1
2776,30,4.1
2777,30,6.449999999999999
2778,30,6.449999999999999
2779,30,4.8
2780,30,4.8
2781,30,4.1
2782,30,4.1
2783,30,6.1
2784,30,6.449999999999999
2785,30,4.1
2786,30,3.05
2787,30,4.1
2788,30,4.8
2789,30,4.8
2790,30,6.1
2791,30,4.8
2792,30,4.1
2793,30,5.4
2794,30,5.4
2795,30,7.85
2796,30,3.05
2797,30,5.4
2798,30,5.4
2799,30,6.8
2800,30,4.1
2801,30,3.4
2802,30,4.449999999999999
2803,30,4.1
2804,30,3.4
2805,30,4.449999999999999
2806,30,5.4
2807,30,6.8
2808,30,5.1
2809,30,5.4
2810,30,4.8
2811,30,4.449999999999999
2812,30,4.8
2813,30,4.8
2814,30,5.4
2815,30,4.8
2816,30,6.1
2817,30,5.449999999999999
2818,30,5.75
2819,30,5.4
2820,30,7.5
2821,30,4.65
2822,30,5.1
2823,30,4.449999999999999
2824,30,5.75
2825,30,4.8
2826,30,5.75
2827,30,5.4
2828,30,4.8
2829,30,8.8
2830,30,4.8
2831,30,3.75
2832,30,3.4
2833,30,4.65
2834,30,5.8
2835,30,6.1
2836,30,5.1
2837,30,5.4
2838,30,4.1
2839,30,4.8
2840,30,3.05
2841,30,7.15
2842,30,4.1
2843,30,3.75
2844,30,5.4
2845,30,6.1
2846,30,7.5
2847,30,6.1
2848,30,5.1
2849,30,3.75
2850,30,6.8
2851,30,4.8
2852,30,4.1
2853,30,3.05
2854,30,5.1
2855,30,3.4
2856,30,4.8
2857,30,4.449999999999999
2858,30,5.75
2859,30,4.8
2860,30,5.4
2861,30,5.4
2862,30,4.8
2863,30,3.75
2864,30,5.4
2865,30,5.1
2866,30,5.4
2867,30,3.75
2868,30,5.75
2869,30,6.8
2870,30,4.8
2871,30,4.1
2872,30,4.449999999999999
2873,30,4.449999999999999
2874,30,5.4
2875,30,6.8
2876,30,3.4
2877,30,5.75
2878,30,5.75
2879,30,4.8
2880,30,6.1
2881,30,5.1
2882,30,4.8
2883,30,5.449999999999999
2884,30,3.75
2885,30,5.1
2886,30,5.4
2887,30,4.8
2888,30,6.1
2889,30,5.1
2890,30,5.75
2891,30,4.449999999999999
2892,30,5.75
2893,30,5.449999999999999
2894,30,4.1
2895,30,4.8
2896,30,7.15
2897,30,6.1
2898,30,3.4
2899,30,4.1
2900,30,5.75
2901,30,5.75
2902,30,4.449999999999999
2903,30,3.4
2904,30,4.1
2905,30,7.5
2906,30,4.1
2907,30,5.9
2908,30,4.8
2909,30,5.1
2910,30,4.1
2911,30,6.449999999999999
2912,30,6.8
2913,30,3.75
2914,30,6.449999999999999
2915,30,6.8
2916,30,4.1
2917,30,4.8
2918,30,5.25
2919,30,6.449999999999999
2920,30,5.1
2921,30,4.1
2922,30,4.8
2923,30,6.449999999999999
2924,30,7.5
2925,30,4.1
2926,30,5.1
2927,30,4.449999999999999
2928,30,5.75
2929,30,3.4
2930,30,4.8
2931,30,3.75
2932,30,5.75
2933,30,5.1
2934,30,6.449999999999999
2935,30,3.4
2936,30,4.449999999999999
2937,30,5.4
2938,30,5.1
2939,30,4.1
2940,30,6.8
2941,30,3.4
2942,30,8.2
2943,30,5.1
2944,30,5.4
2945,30,3.4
2946,30,4.8
2947,30,5.1
2948,30,4.8
2949,30,7.5
2950,30,3.75
2951,30,6.449999999999999
2952,30,3.4
2953,30,4.1
2954,30,5.1
2955,30,5.449999999999999
2956,30,5.4
2957,30,4.8
2958,30,7.800000000000001
2959,30,4.449999999999999
2960,30,4.1
2961,30,4.8
2962,30,4.8
2963,30,5.550000000000001
2964,30,5.75
2965,30,5.75
2966,30,4.8
2967,30,4.8
2968,30,4.65
2969,30,4.8
2970,30,3.05
2971,30,6.449999999999999
2972,30,6.449999999999999
2973,30,4.449999999999999
2974,30,2.7
2975,30,4.1
2976,30,6.1
2977,30,4.449999999999999
2978,30,4.75
2979,30,6.1
2980,30,3.05
2981,30,4.8
2982,30,4.449999999999999
2983,30,4.8
2984,30,5.4
2985,30,6.449999999999999
2986,30,3.4
2987,30,3.4
2988,30,3.4
2989,30,4.8
2990,30,4.449999999999999
2991,30,5.4
2992,30,4.1
2993,30,5.449999999999999
2994,30,4.1
2995,30,4.1
2996,30,4.1
2997,30,4.1
2998,30,4.8
2999,30,5.3
3000,30,5.1
3001,30,7.15
3002,30,4.8
3003,30,3.75
3004,30,4.1
3005,30,4.8
3006,30,4.1
3007,30,4.449999999999999
3008,30,5.4
3009,30,5.75
3010,30,4.1
3011,30,5.449999999999999
3012,30,5.25
3013,30,4.8
3014,30,3.75
3015,30,4.1
3016,30,5.4
3017,30,4.449999999999999
3018,30,5.1
3019,30,4.8
3020,30,4.1
3021,30,5.4
3022,30,5.1
3023,30,5.75
3024,30,5.4
3025,30,4.449999999999999
3026,30,5.75
3027,30,4.449999999999999
3028,30,6.1
3029,30,4.449999999999999
3030,30,4.1
3031,30,5.1
3032,30,4.8
3033,30,4.449999999999999
3034,30,3.75
3035,30,5.449999999999999
3036,30,6.1
3037,30,7.15
3038,30,6.449999999999999
3039,30,5.1
3040,30,5.4
3041,30,4.449999999999999
3042,30,3.75
3043,30,4.8
3044,30,4.1
3045,30,5.75
3046,30,4.05
3047,30,7.85
3048,30,6.1
3049,30,6.1
3050,30,6.8
3051,30,5.75
3052,30,4.8
3053,30,3.4
3054,30,4.1
3055,30,5.1
3056,30,5.75
3057,30,4.1
3058,30,6.1
3059,30,6.1
3060,30,5.1
3061,30,4.449999999999999
3062,30,5.1
3063,30,7.5
3064,30,5.4
3065,30,4.1
3066,30,4.8
3067,30,5.1
3068,30,5.75
3069,30,7.5
3070,30,5.1
3071,30,3.4
3072,30,4.8
3073,30,6.1
3074,30,5.4
3075,30,4.8
3076,30,3.4
3077,30,5.6
3078,30,5.4
3079,30,4.8
3080,30,6.1
3081,30,6.8
3082,30,7.5
3083,30,5.1
3084,30,5.1
3085,30,4.8
3086,30,5.75
3087,30,5.75
3088,30,4.1
3089,30,5.1
3090,30,5.75
3091,30,3.7
3092,30,4.449999999999999
3093,30,4.8
3094,30,5.1
3095,30,3.75
3096,30,5.75
3097,30,4.1
3098,30,7.85
3099,30,5.1
3100,30,3.75
3101,30,5.75
3102,30,4.449999999999999
3103,30,5.4
3104,30,4.1
3105,30,4.449999999999999
3106,30,5.75
3107,30,6.8
3108,30,4.1
3109,30,6.199999999999999
3110,30,4.8
3111,30,3.4
3112,30,4.1
3113,30,8.2
3114,30,3.75
3115,30,5.75
3116,30,4.1
3117,30,6.1
3118,30,4.75
3119,30,4.8
3120,30,7.15
3121,30,4.449999999999999
3122,30,6.449999999999999
3123,30,4.8
3124,30,5.75
3125,30,5.4
3126,30,4.449999999999999
3127,30,5.1
3128,30,5.75
3129,30,5.4
3130,30,7.5
3131,30,4.1
3132,30,5.75
3133,30,5.1
3134,30,6.449999999999999
3135,30,6.1
3136,30,5.4
3137,30,4.449999999999999
3138,30,4.8
3139,30,4.8
3140,30,5.1
3141,30,5.1
3142,30,4.1
3143,30,4.449999999999999
3144,30,4.8
3145,30,3.4
3146,30,6.8
3147,30,4.8
3148,30,5.4
3149,30,3.4
3150,30,4.8
3151,30,4.8
3152,30,5.1
3153,30,4.1
3154,30,4.8
3155,30,4.449999999999999
3156,30,5.1
3157,30,7.45
3158,30,3.75
3159,30,2.75
3160,30,5.449999999999999
3161,30,4.8
3162,30,5.75
3163,30,4.449999999999999
3164,30,4.8
3165,30,3.4
3166,30,4.1
3167,30,6.1
3168,30,5.1
3169,30,5.1
3170,30,4.449999999999999
3171,30,4.8
3172,30,5.4
3173,30,4.75
3174,30,4.1
3175,30,5.1
3176,30,6.1
3177,30,4.449999999999999
3178,30,6.449999999999999
3179,30,4.8
3180,30,5.75
3181,30,3.75
3182,30,7.5
3183,30,5.4
3184,30,7.15
3185,30,5.449999999999999
3186,30,4.1
3187,30,5.4
3188,30,4.1
3189,30,5.4
3190,30,4.75
3191,30,4.1
3192,30,5.1
3193,30,4.449999999999999
3194,30,3.4
3195,30,5.550000000000001
3196,30,8.2
3197,30,4.449999999999999
3198,30,6.1
3199,30,5.4
3200,30,6.449999999999999
3201,30,5.4
3202,30,5.4
3203,30,4.1
3204,30,4.8
3205,30,5.75
3206,30,4.449999999999999
3207,30,4.449999999999999
3208,30,3.75
3209,30,5.1
3210,30,3.75
3211,30,4.8
3212,30,6.8
3213,30,5.1
3214,30,5.75
3215,30,6.1
3216,30,4.8
3217,30,4.8
3218,30,4.8
3219,30,5.1
3220,30,3.75
3221,30,5.4
3222,30,5.1
3223,30,4.449999999999999
3224,30,3.4
3225,30,6.1
3226,30,4.1
3227,30,6.8
3228,30,6.1
3229,30,6.449999999999999
3230,30,4.95
3231,30,4.949999999999999
3232,30,5.75
3233,30,6.1
3234,30,4.75
3235,30,5.75
3236,30,5.1
3237,30,7.85
3238,30,5.4
3239,30,6.449999999999999
3240,30,5.4
3241,30,4.8
3242,30,4.449999999999999
3243,30,5.4
3244,30,3.4
3245,30,4.449999999999999
3246,30,5.1
3247,30,5.4
3248,30,4.449999999999999
3249,30,4.1
3250,30,4.1
3251,30,5.4
3252,30,6.8
3253,30,4.8
3254,30,6.8
3255,30,7.5
3256,30,3.75
3257,30,5.75
3258,30,6.8
3259,30,4.1
3260,30,4.1
3261,30,5.75
3262,30,4.8
3263,30,4.1
3264,30,4.8
3265,30,4.449999999999999
3266,30,4.8
3267,30,8.85
3268,30,4.8
3269,30,5.75
3270,30,4.8
3271,30,4.449999999999999
3272,30,5.1
3273,30,4.8
3274,30,4.1
3275,30,4.8
3276,30,4.1
3277,30,4.8
3278,30,7.15
3279,30,4.8
3280,30,3.75
3281,30,4.8
3282,30,5.75
3283,30,6.1
3284,30,4.8
3285,30,4.1
3286,30,5.1
3287,30,4.1
3288,30,6.449999999999999
3289,30,4.8
3290,30,4.1
3291,30,4.8
3292,30,3.75
3293,30,4.8
3294,30,4.449999999999999
3295,30,4.1
3296,30,5.75
3297,30,4.8
3298,30,4.8
3299,30,7.45
3300,30,6.1
3301,30,7.85
3302,30,4.8
3303,30,5.75
3304,30,4.449999999999999
3305,30,2.7
3306,30,4.8
3307,30,5.4
3308,30,4.65
3309,30,4.1
3310,30,5.4
3311,30,6.1
3312,30,3.4
3313,30,4.449999999999999
3314,30,4.1
3315,30,4.8
3316,30,4.449999999999999
3317,30,5.75
3318,30,4.1
3319,30,6.1
3320,30,6.1
3321,30,6.449999999999999
3322,30,4.8
3323,30,5.449999999999999
3324,30,5.75
3325,30,6.1
3326,30,4.449999999999999
3327,30,5.1
3328,30,5.75
3329,30,7.15
3330,30,4.8
3331,30,5.1
3332,30,3.75
3333,30,4.75
3334,30,5.1
3335,30,5.4
3336,30,5.4
3337,30,4.1
3338,30,4.1
3339,30,4.8
3340,30,3.4
3341,30,4.1
3342,30,4.1
3343,30,5.449999999999999
3344,30,3.75
3345,30,6.1
3346,30,5.4
3347,30,5.1
3348,30,4.8
3349,30,8.5
3350,30,3.4
3351,30,3.4
3352,30,4.1
3353,30,5.75
3354,30,4.8
3355,30,4.8
3356,30,4.449999999999999
3357,30,4.1
3358,30,4.05
3359,30,4.8
3360,30,5.449999999999999
3361,30,5.75
3362,30,5.4
3363,30,3.4
3364,30,5.1
3365,30,4.449999999999999
3366,30,5.75
3367,30,6.1
3368,30,4.8
3369,30,5.25
3370,30,6.8
3371,30,6.1
3372,30,6.1
3373,30,5.4
3374,30,4.449999999999999
3375,30,5.75
3376,30,5.4
3377,30,3.4
3378,30,4.4
3379,30,4.8
3380,30,6.8
3381,30,4.1
3382,30,5.1
3383,30,5.1
3384,30,4.449999999999999
3385,30,5.75
3386,30,5.4
3387,30,7.85
3388,30,5.4
3389,30,4.8
3390,30,4.1
3391,30,5.1
3392,30,4.1
3393,30,5.4
3394,30,4.449999999999999
3395,30,6.1
3396,30,5.75
3397,30,4.8
3398,30,7.15
3399,30,4.1
3400,30,3.4
3401,30,6.1
3402,30,4.1
3403,30,5.1
3404,30,5.1
3405,30,6.1
3406,30,4.8
3407,30,4.1
3408,30,6.449999999999999
3409,30,4.1
3410,30,5.1
3411,30,5.4
3412,30,5.4
3413,30,4.8
3414,30,7.5
3415,30,4.75
3416,30,5.4
3417,30,5.75
3418,30,6.8
3419,30,6.1
3420,30,4.8
3421,30,7.5
3422,30,4.449999999999999
3423,30,4.1
3424,30,5.4
3425,30,5.449999999999999
3426,30,6.1
3427,30,4.1
3428,30,5.75
3429,30,3.4
3430,30,5.449999999999999
3431,30,3.4
3432,30,5.1
3433,30,5.1
3434,30,4.8
3435,30,4.8
3436,30,4.1
3437,30,6.8
3438,30,5.449999999999999
3439,30,5.9
3440,30,5.1
3441,30,5.449999999999999
3442,30,5.1
3443,30,4.1
3444,30,5.75
3445,30,4.8
3446,30,4.449999999999999
3447,30,4.449999999999999
3448,30,2.7
3449,30,6.1
3450,30,5.75
3451,30,4.449999999999999
3452,30,5.1
3453,30,3.4
3454,30,4.8
3455,30,3.4
3456,30,5.4
3457,30,6.45
3458,30,4.8
3459,30,4.1
3460,30,5.4
3461,30,4.1
3462,30,5.449999999999999
3463,30,4.1
3464,30,3.4
3465,30,4.75
3466,30,5.4
3467,30,4.8
3468,30,6.8
3469,30,5.449999999999999
3470,30,6.1
3471,30,4.449999999999999
3472,30,4.8
3473,30,4.8
3474,30,4.8
3475,30,5.75
3476,30,4.1
3477,30,5.1
3478,30,4.8
3479,30,3.4
3480,30,5.1
3481,30,4.1
3482,30,3.75
3483,30,5.75
3484,30,4.449999999999999
3485,30,6.8
3486,30,5.4
3487,30,4.1
3488,30,6.449999999999999
3489,30,5.8
3490,30,5.1
3491,30,5.4
3492,30,6.449999999999999
3493,30,4.449999999999999
3494,30,6.8
3495,30,5.1
3496,30,4.8
3497,30,5.1
3498,30,5.4
3499,30,4.1
3500,30,4.1
3501,30,3.75
3502,30,3.4
3503,30,4.449999999999999
3504,30,4.8
3505,30,6.45
3506,30,6.449999999999999
3507,30,4.1
3508,30,6.1
3509,30,4.1
3510,30,6.8
3511,30,4.449999999999999
3512,30,5.4
3513,30,4.1
3514,30,4.8
3515,30,4.1
3516,30,5.75
3517,30,4.1
3518,30,5.4
3519,30,4.449999999999999
3520,30,5.1
3521,30,4.8
3522,30,4.1
3523,30,5.1
3524,30,4.449999999999999
3525,30,3.75
3526,30,4.8
3527,30,5.1
3528,30,4.1
3529,30,3.75
3530,30,4.449999999999999
3531,30,5.1
3532,30,5.1
3533,30,6.1
3534,30,4.8
3535,30,5.449999999999999
3536,30,4.1
3537,30,4.1
3538,30,4.449999999999999
3539,30,5.75
3540,30,4.8
3541,30,5.75
3542,30,5.75
3543,30,4.449999999999999
3544,30,4.449999999999999
3545,30,3.4
3546,30,7.85
3547,30,5.449999999999999
3548,30,5.4
3549,30,4.8
3550,30,6.1
3551,30,4.449999999999999
3552,30,2.7
3553,30,3.75
3554,30,5.75
3555,30,7.5
3556,30,5.75
3557,30,4.8
3558,30,4.8
3559,30,5.4
3560,30,6.1
3561,30,4.8
3562,30,3.4
3563,30,4.449999999999999
3564,30,4.1
3565,30,4.1
3566,30,6.1
3567,30,4.1
3568,30,5.4
3569,30,4.449999999999999
3570,30,5.75
3571,30,5.1
3572,30,3.0999999999999996
3573,30,5.1
3574,30,4.8
3575,30,6.1
3576,30,5.1
3577,30,4.8
3578,30,3.4
3579,30,4.449999999999999
3580,30,4.8
3581,30,6.449999999999999
3582,30,4.8
3583,30,5.1
3584,30,4.8
3585,30,4.8
3586,30,6.8
3587,30,3.75
3588,30,3.4
3589,30,8.8
3590,30,5.4
3591,30,4.8
3592,30,8.5
3593,30,5.75
3594,30,8.15
3595,30,5.1
3596,30,4.449999999999999
3597,30,5.75
3598,30,7.15
3599,30,5.75
3600,30,5.4
3601,30,4.8
3602,30,4.8
3603,30,5.4
3604,30,5.4
3605,30,6.8
3606,30,4.1
3607,30,4.449999999999999
3608,30,4.3
3609,30,5.4
3610,30,6.8
3611,30,4.8
3612,30,3.75
3613,30,4.8
3614,30,5.75
3615,30,5.75
3616,30,4.8
3617,30,5.1
3618,30,5.4
3619,30,5.1
3620,30,2.7
3621,30,6.1
3622,30,4.1
3623,30,5.4
3624,30,8.2
3625,30,6.449999999999999
3626,30,6.8
3627,30,4.8
3628,30,4.75
3629,30,4.8
3630,30,4.1
3631,30,6.1
3632,30,3.4
3633,30,6.449999999999999
3634,30,4.1
3635,30,4.8
3636,30,4.449999999999999
3637,30,4.449999999999999
3638,30,4.449999999999999
3639,30,4.949999999999999
3640,30,5.1
3641,30,6.1
3642,30,6.1
3643,30,4.8
3644,30,4.1
3645,30,2.7
3646,30,4.8
3647,30,5.4
3648,30,5.75
3649,30,6.1
3650,30,3.4
3651,30,6.8
3652,30,7.5
3653,30,4.449999999999999
3654,30,6.9
3655,30,4.8
3656,30,4.8
3657,30,9.85
3658,30,5.75
3659,30,4.449999999999999
3660,30,3.4
3661,30,4.449999999999999
3662,30,4.8
3663,30,5.4
3664,30,5.75
3665,30,6.1
3666,30,3.4
3667,30,6.1
3668,30,5.1
3669,30,4.949999999999999
3670,30,6.8
3671,30,6.8
3672,30,5.1
3673,30,5.4
3674,30,5.75
3675,30,4.8
3676,30,5.4
3677,30,6.1
3678,30,4.1
3679,30,4.8
3680,30,6.449999999999999
3681,30,6.45
3682,30,4.8
3683,30,4.449999999999999
3684,30,6.1
3685,30,6.1
3686,30,4.8
3687,30,3.05
3688,30,4.949999999999999
3689,30,4.1
3690,30,3.4
3691,30,4.449999999999999
3692,30,6.449999999999999
3693,30,4.8
3694,30,6.8
3695,30,4.1
3696,30,4.75
3697,30,4.449999999999999
3698,30,5.75
3699,30,4.1
3700,30,4.449999999999999
3701,30,6.1
3702,30,6.8
3703,30,5.4
3704,30,5.1
3705,30,2.75
3706,30,5.1
3707,30,5.75
3708,30,3.75
3709,30,4.8
3710,30,3.75
3711,30,4.8
3712,30,6.1
3713,30,4.75
3714,30,4.1
3715,30,5.75
3716,30,5.1
3717,30,7.5
3718,30,6.449999999999999
3719,30,6.8
3720,30,5.1
3721,30,7.5
3722,30,3.4
3723,30,5.75
3724,30,5.1
3725,30,4.65
3726,30,3.75
3727,30,5.4
3728,30,4.449999999999999
3729,30,8.2
3730,30,4.1
3731,30,4.8
3732,30,5.75
3733,30,5.75
3734,30,5.75
3735,30,4.8
3736,30,5.449999999999999
3737,30,4.8
3738,30,4.8
3739,30,7.45
3740,30,4.449999999999999
3741,30,3.05
3742,30,4.1
3743,30,4.1
3744,30,3.75
3745,30,3.4
3746,30,6.8
3747,30,7.15
3748,30,5.1
3749,30,4.949999999999999
3750,30,4.1
3751,30,4.449999999999999
3752,30,3.4
3753,30,6.15
3754,30,2.7
3755,30,4.8
3756,30,4.1
3757,30,4.8
3758,30,4.8
3759,30,5.1
3760,30,4.1
3761,30,4.449999999999999
3762,30,6.1
3763,30,8.15
3764,30,4.1
3765,30,5.75
3766,30,6.449999999999999
3767,30,2.7
3768,30,4.8
3769,30,4.449999999999999
3770,30,4.449999999999999
3771,30,3.75
3772,30,4.449999999999999
3773,30,3.05
3774,30,5.1
3775,30,4.8
3776,30,5.1
3777,30,4.8
3778,30,5.75
3779,30,5.4
3780,30,6.1
3781,30,5.75
3782,30,7.15
3783,30,5.75
3784,30,3.75
3785,30,6.1
3786,30,6.1
3787,30,4.8
3788,30,5.4
3789,30,4.8
3790,30,6.1
3791,30,4.449999999999999
3792,30,5.449999999999999
3793,30,4.1
3794,30,5.1
3795,30,4.8
3796,30,5.4
3797,30,5.9
3798,30,4.8
3799,30,5.1
3800,30,5.4
3801,30,5.1
3802,30,3.4
3803,30,4.1
3804,30,3.4
3805,30,5.4
3806,30,4.449999999999999
3807,30,4.8
3808,30,3.4
3809,30,4.449999999999999
3810,30,5.449999999999999
3811,30,4.75
3812,30,4.1
3813,30,3.05
3814,30,4.1
3815,30,4.8
3816,30,6.8
3817,30,5.4
3818,30,5.449999999999999
3819,30,4.8
3820,30,5.4
3821,30,4.1
3822,30,6.8
3823,30,4.1
3824,30,3.4
3825,30,4.1
3826,30,5.4
3827,30,4.1
3828,30,6.449999999999999
3829,30,4.449999999999999
3830,30,4.8
3831,30,5.75
3832,30,6.449999999999999
3833,30,5.8
3834,30,7.15
3835,30,4.949999999999999
3836,30,5.4
3837,30,5.4
3838,30,4.1
3839,30,4.449999999999999
3840,30,4.8
3841,30,4.8
3842,30,5.75
3843,30,4.1
3844,30,4.1
3845,30,4.949999999999999
3846,30,4.8
3847,30,3.4
3848,30,5.4
3849,30,5.75
3850,30,5.75
3851,30,6.1
3852,30,5.449999999999999
3853,30,5.75
3854,30,6.1
3855,30,5.4
3856,30,5.4
3857,30,4.8
3858,30,4.449999999999999
3859,30,4.1
3860,30,5.449999999999999
3861,30,3.75
3862,30,4.75
3863,30,3.4
3864,30,3.4
3865,30,4.8
3866,30,5.1
3867,30,4.8
3868,30,6.1
3869,30,6.1
3870,30,5.1
3871,30,5.1
3872,30,4.1
3873,30,5.4
3874,30,6.8
3875,30,5.75
3876,30,5.1
3877,30,4.449999999999999
3878,30,5.1
3879,30,7.85
3880,30,6.8
3881,30,4.1
3882,30,5.449999999999999
3883,30,6.449999999999999
3884,30,4.6
3885,30,6.449999999999999
3886,30,4.8
3887,30,5.4
3888,30,6.8
3889,30,7.15
3890,30,4.1
3891,30,5.8
3892,30,6.1
3893,30,5.75
3894,30,4.05
3895,30,5.1
3896,30,5.75
3897,30,5.75
3898,30,5.4
3899,30,6.1
3900,30,5.4
3901,30,3.75
3902,30,5.1
3903,30,6.1
3904,30,6.8
3905,30,4.8
3906,30,3.75
3907,30,3.75
3908,30,6.1
3909,30,5.4
3910,30,5.4
3911,30,4.449999999999999
3912,30,3.05
3913,30,5.1
3914,30,3.4
3915,30,6.1
3916,30,5.4
3917,30,5.4
3918,30,4.75
3919,30,4.1
3920,30,6.1
3921,30,6.1
3922,30,4.1
3923,30,5.1
3924,30,3.75
3925,30,3.4
3926,30,5.1
3927,30,3.75
3928,30,6.449999999999999
3929,30,7.15
3930,30,4.8
3931,30,3.4
3932,30,5.75
3933,30,5.1
3934,30,6.1
3935,30,7.5
3936,30,5.4
3937,30,6.449999999999999
3938,30,7.15
3939,30,7.1499999999999995
3940,30,4.8
3941,30,4.449999999999999
3942,30,5.1
3943,30,8.5
3944,30,4.949999999999999
3945,30,4.1
3946,30,4.1
3947,30,3.4
3948,30,4.449999999999999
3949,30,5.6
3950,30,5.75
3951,30,4.1
3952,30,6.1
3953,30,5.1
3954,30,6.1
3955,30,4.449999999999999
3956,30,6.199999999999999
3957,30,3.75
3958,30,5.1
3959,30,3.05
3960,30,4.449999999999999
3961,30,3.05
3962,30,4.8
3963,30,4.449999999999999
3964,30,4.8
3965,30,5.75
3966,30,4.449999999999999
3967,30,3.4
3968,30,5.1
3969,30,4.1
3970,30,6.1
3971,30,3.05
3972,30,6.449999999999999
3973,30,4.8
3974,30,4.949999999999999
3975,30,4.1
3976,30,4.1
3977,30,3.75
3978,30,4.8
3979,30,5.1
3980,30,4.8
3981,30,4.8
3982,30,4.449999999999999
3983,30,4.449999999999999
3984,30,4.449999999999999
3985,30,3.75
3986,30,6.8
3987,30,3.4
3988,30,5.75
3989,30,5.1
3990,30,4.75
3991,30,6.1
3992,30,3.4
3993,30,5.4
3994,30,5.75
3995,30,5.4
3996,30,2.7
3997,30,8.8
3998,30,4.8
3999,30,5.75
4000,30,3.05
4001,30,3.75
4002,30,3.75
4003,30,4.8
4004,30,5.1
4005,30,5.1
4006,30,4.8
4007,30,5.75
4008,30,4.8
4009,30,3.4
4010,30,4.1
4011,30,5.4
4012,30,3.4
4013,30,3.4
4014,30,5.4
4015,30,4.8
4016,30,2.7
4017,30,6.1
4018,30,4.8
4019,30,6.8
4020,30,5.4
4021,30,4.449999999999999
4022,30,5.449999999999999
4023,30,4.75
4024,30,4.449999999999999
4025,30,5.1
4026,30,6.1
4027,30,6.1
4028,30,4.1
4029,30,4.449999999999999
4030,30,5.75
4031,30,4.75
4032,30,8.5
4033,30,4.449999999999999
4034,30,4.449999999999999
4035,30,6.1
4036,30,3.75
4037,30,4.8
4038,30,5.449999999999999
4039,30,5.4
4040,30,4.449999999999999
4041,30,5.1
4042,30,6.1
4043,30,3.75
4044,30,3.75
4045,30,3.4
4046,30,4.8
4047,30,5.4
4048,30,5.1
4049,30,5.4
4050,30,5.1
4051,30,5.4
4052,30,4.1
4053,30,4.449999999999999
4054,30,5.4
4055,30,4.8
4056,30,6.449999999999999
4057,30,5.75
4058,30,4.449999999999999
4059,30,4.1
4060,30,4.1
4061,30,4.1
4062,30,5.1
4063,30,5.4
4064,30,4.8
4065,30,4.1
4066,30,5.1
4067,30,6.1
4068,30,4.1
4069,30,4.1
4070,30,5.1
4071,30,4.8
4072,30,4.8
4073,30,5.1
4074,30,5.1
4075,30,5.4
4076,30,5.1
4077,30,4.75
4078,30,5.75
4079,30,5.9
4080,30,4.8
4081,30,5.1
4082,30,3.75
4083,30,6.45
4084,30,4.3
4085,30,3.75
4086,30,6.1
4087,30,8.2
4088,30,3.4
4089,30,4.1
4090,30,4.8
4091,30,5.449999999999999
4092,30,5.25
4093,30,4.65
4094,30,4.8
4095,30,4.449999999999999
4096,30,3.75
4097,30,7.15
4098,30,4.8
4099,30,4.8
4100,30,5.75
4101,30,6.1
4102,30,4.449999999999999
4103,30,4.449999999999999
4104,30,6.1
4105,30,5.4
4106,30,4.449999999999999
4107,30,5.4
4108,30,4.449999999999999
4109,30,4.1
4110,30,7.5
4111,30,5.75
4112,30,8.1
4113,30,3.75
4114,30,5.1
4115,30,4.1
4116,30,6.1
4117,30,3.75
4118,30,6.1
4119,30,7.5
4120,30,5.25
4121,30,4.1
4122,30,6.449999999999999
4123,30,4.449999999999999
4124,30,5.1
4125,30,4.449999999999999
4126,30,5.1
4127,30,4.449999999999999
4128,30,4.8
4129,30,4.8
4130,30,6.1
4131,30,4.8
4132,30,4.8
4133,30,5.1
4134,30,2.15
4135,30,4.8
4136,30,5.1
4137,30,4.8
4138,30,4.449999999999999
4139,30,3.05
4140,30,5.75
4141,30,3.75
4142,30,5.75
4143,30,3.75
4144,30,4.949999999999999
4145,30,5.4
4146,30,4.449999999999999
4147,30,6.1
4148,30,4.4
4149,30,4.1
4150,30,5.1
4151,30,5.1
4152,30,4.449999999999999
4153,30,4.1
4154,30,5.1
4155,30,6.1
4156,30,3.75
4157,30,7.15
4158,30,6.1
4159,30,4.8
4160,30,4.449999999999999
4161,30,3.4
4162,30,4.3
4163,30,5.4
4164,30,4.8
4165,30,5.75
4166,30,2.35
4167,30,5.4
4168,30,4.1
4169,30,4.449999999999999
4170,30,6.1
4171,30,5.4
4172,30,3.05
4173,30,5.4
4174,30,4.1
4175,30,4.1
4176,30,3.4
4177,30,7.15
4178,30,5.4
4179,30,5.75
4180,30,5.449999999999999
4181,30,6.1
4182,30,6.1
4183,30,4.1
4184,30,4.449999999999999
4185,30,6.8
4186,30,6.449999999999999
4187,30,5.75
4188,30,4.1
4189,30,5.1
4190,30,5.75
4191,30,5.4
4192,30,6.1
4193,30,7.5
4194,30,4.8
4195,30,4.1
4196,30,4.1
4197,30,3.75
4198,30,6.1
4199,30,3.75
4200,30,5.1
4201,30,4.8
4202,30,3.4
4203,30,4.1
4204,30,4.8
4205,30,5.1
4206,30,4.8
4207,30,4.8
4208,30,4.1
4209,30,3.4
4210,30,4.8
4211,30,4.8
4212,30,5.1
4213,30,3.4
4214,30,6.15
4215,30,4.1
4216,30,4.8
4217,30,4.1
4218,30,4.449999999999999
4219,30,4.449999999999999
4220,30,4.449999999999999
4221,30,4.449999999999999
4222,30,4.8
4223,30,4.949999999999999
4224,30,4.8
4225,30,4.1
4226,30,5.75
4227,30,6.8
4228,30,4.1
4229,30,3.4
4230,30,4.1
4231,30,4.8
4232,30,6.1
4233,30,5.4
4234,30,5.1
4235,30,5.1
4236,30,2.7
4237,30,5.1
4238,30,6.1
4239,30,3.75
4240,30,6.449999999999999
4241,30,6.1
4242,30,4.8
4243,30,3.4
4244,30,5.75
4245,30,4.449999999999999
4246,30,4.1
4247,30,6.449999999999999
4248,30,6.1
4249,30,7.15
4250,30,4.8
4251,30,5.1
4252,30,5.1
4253,30,3.4
4254,30,4.3
4255,30,5.75
4256,30,5.1
4257,30,5.1
4258,30,5.4
4259,30,3.75
4260,30,6.1
4261,30,4.8
4262,30,6.8
4263,30,6.8
4264,30,6.1
4265,30,4.1
4266,30,4.8
4267,30,4.1
4268,30,6.1
4269,30,4.8
4270,30,3.75
4271,30,4.8
4272,30,5.75
4273,30,3.4
4274,30,4.449999999999999
4275,30,4.1
4276,30,5.449999999999999
4277,30,2.7
4278,30,4.05
4279,30,4.8
4280,30,5.1
4281,30,5.449999999999999
4282,30,5.25
4283,30,6.1
4284,30,4.8
4285,30,6.8
4286,30,4.1
4287,30,6.1
4288,30,2.75
4289,30,4.8
4290,30,5.4
4291,30,4.1
4292,30,4.8
4293,30,4.8
4294,30,5.1
4295,30,5.75
4296,30,6.1
4297,30,3.75
4298,30,4.1
4299,30,6.1
4300,30,4.8
4301,30,4.449999999999999
4302,30,5.4
4303,30,4.75
4304,30,4.1
4305,30,3.75
4306,30,5.4
4307,30,4.1
4308,30,4.1
4309,30,4.8
4310,30,5.75
4311,30,4.8
4312,30,4.1
4313,30,5.1
4314,30,4.1
4315,30,3.75
4316,30,4.8
4317,30,5.1
4318,30,5.4
4319,30,3.75
4320,30,5.4
4321,30,6.1
4322,30,3.75
4323,30,5.1
4324,30,4.1
4325,30,5.75
4326,30,4.8
4327,30,4.75
4328,30,3.4
4329,30,2.7
4330,30,7.5
4331,30,6.1
4332,30,4.8
4333,30,5.449999999999999
4334,30,5.1
4335,30,5.75
4336,30,4.449999999999999
4337,30,6.8
4338,30,4.449999999999999
4339,30,4.449999999999999
4340,30,7.15
4341,30,5.75
4342,30,4.8
4343,30,5.4
4344,30,5.4
4345,30,4.8
4346,30,5.1
4347,30,4.1
4348,30,5.75
4349,30,5.1
4350,30,4.1
4351,30,4.8
4352,30,6.45
4353,30,5.75
4354,30,5.4
4355,30,5.1
4356,30,7.5
4357,30,6.449999999999999
4358,30,5.4
4359,30,4.1
4360,30,4.449999999999999
4361,30,6.1
4362,30,4.8
4363,30,6.8
4364,30,3.4
4365,30,4.8
4366,30,3.75
4367,30,4.449999999999999
4368,30,5.75
4369,30,5.1
4370,30,8.5
4371,30,6.1
4372,30,4.8
4373,30,6.15
4374,30,4.1
4375,30,5.1
4376,30,5.3
4377,30,3.75
4378,30,5.449999999999999
4379,30,4.75
4380,30,4.8
4381,30,5.4
4382,30,3.75
4383,30,4.8
4384,30,6.1
4385,30,6.449999999999999
4386,30,5.4
4387,30,6.1
4388,30,5.4
4389,30,5.8
4390,30,4.449999999999999
4391,30,3.05
4392,30,4.1
4393,30,3.4
4394,30,4.449999999999999
4395,30,4.8
4396,30,5.75
4397,30,4.1
4398,30,3.4
4399,30,6.1
4400,30,5.4
4401,30,4.1
4402,30,4.6
4403,30,7.15
4404,30,7.15
4405,30,3.75
4406,30,6.449999999999999
4407,30,4.75
4408,30,4.449999999999999
4409,30,4.4
4410,30,4.8
4411,30,4.1
4412,30,3.4
4413,30,3.4
4414,30,4.449999999999999
4415,30,4.1
4416,30,5.4
4417,30,4.8
4418,30,4.8
4419,30,7.85
4420,30,5.1
4421,30,5.4
4422,30,4.8
4423,30,5.4
4424,30,7.85
4425,30,4.1
4426,30,5.4
4427,30,3.4
4428,30,6.8
4429,30,5.1
4430,30,4.8
4431,30,4.449999999999999
4432,30,3.75
4433,30,6.1
4434,30,4.8
4435,30,4.65
4436,30,6.1
4437,30,4.8
4438,30,3.75
4439,30,4.449999999999999
4440,30,7.15
4441,30,4.8
4442,30,6.1
4443,30,4.1
4444,30,4.75
4445,30,3.4
4446,30,6.1
4447,30,5.1
4448,30,7.15
4449,30,6.1
4450,30,5.1
4451,30,5.1
4452,30,7.5
4453,30,4.449999999999999
4454,30,4.449999999999999
4455,30,5.75
4456,30,5.4
4457,30,3.75
4458,30,4.449999999999999
4459,30,4.1
4460,30,5.449999999999999
4461,30,6.1
4462,30,6.1
4463,30,5.4
4464,30,4.8
4465,30,5.75
4466,30,5.1
4467,30,4.1
4468,30,4.8
4469,30,5.4
4470,30,5.4
4471,30,6.449999999999999
4472,30,4.8
4473,30,3.4
4474,30,4.05
4475,30,3.4
4476,30,5.4
4477,30,7.15
4478,30,5.75
4479,30,4.75
4480,30,5.75
4481,30,8.5
4482,30,4.449999999999999
4483,30,5.1
4484,30,4.8
4485,30,4.8
4486,30,4.8
4487,30,4.1
4488,30,4.1
4489,30,6.8
4490,30,4.8
4491,30,5.75
4492,30,5.75
4493,30,4.449999999999999
4494,30,5.1
4495,30,5.75
4496,30,5.75
4497,30,4.1
4498,30,5.1
4499,30,6.8
4500,30,5.75
4501,30,4.8
4502,30,5.1
4503,30,4.8
4504,30,5.1
4505,30,3.75
4506,30,4.1
4507,30,7.5
4508,30,4.75
4509,30,5.75
4510,30,5.1
4511,30,3.4
4512,30,4.449999999999999
4513,30,5.1
4514,30,4.05
4515,30,4.4
4516,30,6.1
4517,30,4.8
4518,30,5.1
4519,30,5.1
4520,30,5.550000000000001
4521,30,6.8
4522,30,6.449999999999999
4523,30,4.8
4524,30,4.1
4525,30,4.8
4526,30,5.75
4527,30,6.1
4528,30,6.449999999999999
4529,30,4.1
4530,30,6.449999999999999
4531,30,5.4
4532,30,4.449999999999999
4533,30,6.1
4534,30,4.8
4535,30,4.1
4536,30,6.449999999999999
4537,30,4.8
4538,30,4.8
4539,30,4.8
4540,30,6.1
4541,30,4.449999999999999
4542,30,6.1
4543,30,4.1
4544,30,7.5
4545,30,6.1
4546,30,3.75
4547,30,5.75
4548,30,5.1
4549,30,6.449999999999999
4550,30,5.449999999999999
4551,30,4.449999999999999
4552,30,4.949999999999999
4553,30,5.6
4554,30,5.75
4555,30,5.4
4556,30,4.8
4557,30,5.4
4558,30,5.4
4559,30,3.75
4560,30,5.1
4561,30,5.1
4562,30,5.75
4563,30,3.75
4564,30,4.1
4565,30,5.4
4566,30,6.1
4567,30,5.75
4568,30,5.1
4569,30,4.449999999999999
4570,30,4.449999999999999
4571,30,5.1
4572,30,6.8
4573,30,7.5
4574,30,5.4
4575,30,4.8
4576,30,4.949999999999999
4577,30,7.5
4578,30,3.4
4579,30,5.1
4580,30,4.449999999999999
4581,30,8.5
4582,30,3.75
4583,30,5.1
4584,30,4.8
4585,30,4.8
4586,30,4.1
4587,30,4.8
4588,30,8.8
4589,30,4.449999999999999
4590,30,4.449999999999999
4591,30,7.15
4592,30,6.8
4593,30,7.15
4594,30,3.75
4595,30,5.75
4596,30,5.75
4597,30,6.449999999999999
4598,30,5.75
4599,30,7.5
4600,30,4.8
4601,30,3.75
4602,30,5.4
4603,30,4.1
4604,30,6.449999999999999
4605,30,4.75
4606,30,2.7
4607,30,6.15
4608,30,4.1
4609,30,5.4
4610,30,5.1
4611,30,6.449999999999999
4612,30,8.2
4613,30,4.1
4614,30,5.4
4615,30,5.449999999999999
4616,30,5.75
4617,30,5.4
4618,30,5.1
4619,30,5.75
4620,30,4.1
4621,30,3.4
4622,30,4.1
4623,30,3.05
4624,30,3.4
4625,30,5.4
4626,30,5.4
4627,30,5.75
4628,30,6.449999999999999
4629,30,7.15
4630,30,5.75
4631,30,4.8
4632,30,5.4
4633,30,4.449999999999999
4634,30,3.4
4635,30,7.5
4636,30,4.75
4637,30,3.4
4638,30,5.4
4639,30,4.8
4640,30,4.8
4641,30,5.1
4642,30,2.35
4643,30,4.8
4644,30,4.1
4645,30,4.1
4646,30,6.1
4647,30,5.4
4648,30,5.4
4649,30,4.8
4650,30,4.1
4651,30,4.449999999999999
4652,30,5.1
4653,30,5.1
4654,30,5.75
4655,30,4.1
4656,30,4.8
4657,30,6.449999999999999
4658,30,4.449999999999999
4659,30,6.1
4660,30,6.199999999999999
4661,30,5.75
4662,30,5.4
4663,30,5.1
4664,30,3.4
4665,30,6.1
4666,30,6.1
4667,30,4.8
4668,30,4.1
4669,30,4.8
4670,30,5.75
4671,30,4.1
4672,30,5.1
4673,30,8.2
4674,30,3.4
4675,30,5.4
4676,30,5.1
4677,30,4.8
4678,30,4.8
4679,30,5.1
4680,30,6.8
4681,30,4.449999999999999
4682,30,4.8
4683,30,5.449999999999999
4684,30,4.1
4685,30,4.8
4686,30,5.449999999999999
4687,30,4.449999999999999
4688,30,5.1
4689,30,4.1
4690,30,5.4
4691,30,4.8
4692,30,5.4
4693,30,3.75
4694,30,6.8
4695,30,7.15
4696,30,6.1
4697,30,5.75
4698,30,6.8
4699,30,6.1
4700,30,3.4
4701,30,6.1
4702,30,5.75
4703,30,5.1
4704,30,6.8
4705,30,4.8
4706,30,4.1
4707,30,4.1
4708,30,5.75
4709,30,5.75
4710,30,6.1
4711,30,6.1
4712,30,4.1
4713,30,4.1
4714,30,3.4
4715,30,4.1
4716,30,5.449999999999999
4717,30,5.1
4718,30,4.1
4719,30,5.4
4720,30,3.75
4721,30,5.75
4722,30,4.8
4723,30,4.1
4724,30,6.1
4725,30,6.8
4726,30,6.1
4727,30,5.75
4728,30,5.449999999999999
4729,30,4.1
4730,30,4.449999999999999
4731,30,4.8
4732,30,6.1
4733,30,3.75
4734,30,4.8
4735,30,5.4
4736,30,4.8
4737,30,4.3
4738,30,5.449999999999999
4739,30,4.1
4740,30,5.1
4741,30,3.75
4742,30,7.5
4743,30,4.1
4744,30,4.449999999999999
4745,30,4.1
4746,30,3.4
4747,30,3.4
4748,30,5.75
4749,30,3.4
4750,30,5.449999999999999
4751,30,5.4
4752,30,5.75
4753,30,4.3
4754,30,5.75
4755,30,6.8
4756,30,6.8
4757,30,5.1
4758,30,5.1
4759,30,4.8
4760,30,4.449999999999999
4761,30,5.1
4762,30,4.449999999999999
4763,30,5.1
4764,30,4.1
4765,30,4.1
4766,30,4.65
4767,30,7.1499999999999995
4768,30,3.05
4769,30,5.4
4770,30,4.8
4771,30,5.75
4772,30,5.1
4773,30,4.8
4774,30,5.1
4775,30,4.1
4776,30,4.1
4777,30,4.1
4778,30,5.1
4779,30,4.8
4780,30,4.1
4781,30,6.1
4782,30,7.5
4783,30,5.1
4784,30,4.1
4785,30,5.4
4786,30,4.8
4787,30,7.85
4788,30,6.1
4789,30,4.1
4790,30,6.449999999999999
4791,30,4.8
4792,30,5.75
4793,30,5.75
4794,30,5.75
4795,30,3.4
4796,30,6.8
4797,30,6.1
4798,30,4.1
4799,30,5.75
4800,30,6.449999999999999
4801,30,4.449999999999999
4802,30,6.1
4803,30,3.75
4804,30,5.4
4805,30,5.1
4806,30,4.1
4807,30,6.1
4808,30,6.1
4809,30,6.8
4810,30,7.5
4811,30,7.5
4812,30,5.8
4813,30,5.4
4814,30,4.8
4815,30,5.4
4816,30,4.449999999999999
4817,30,6.8
4818,30,4.1
4819,30,3.7
4820,30,6.449999999999999
4821,30,4.8
4822,30,5.4
4823,30,4.75
4824,30,4.8
4825,30,4.8
4826,30,4.8
4827,30,4.75
4828,30,4.1
4829,30,4.1
4830,30,5.75
4831,30,4.449999999999999
4832,30,7.5
4833,30,3.75
4834,30,5.4
4835,30,6.1
4836,30,6.449999999999999
4837,30,4.1
4838,30,3.4
4839,30,5.75
4840,30,3.4
4841,30,9.15
4842,30,3.75
4843,30,5.449999999999999
4844,30,4.449999999999999
4845,30,6.45
4846,30,5.4
4847,30,5.75
4848,30,4.8
4849,30,5.1
4850,30,4.75
4851,30,2.7
4852,30,3.75
4853,30,5.1
4854,30,4.449999999999999
4855,30,4.75
4856,30,3.75
4857,30,4.449999999999999
4858,30,7.5
4859,30,7.15
4860,30,3.4
4861,30,4.1
4862,30,4.449999999999999
4863,30,4.449999999999999
4864,30,4.449999999999999
4865,30,5.4
4866,30,7.15
4867,30,6.449999999999999
4868,30,5.449999999999999
4869,30,4.8
4870,30,3.4
4871,30,4.1
4872,30,4.1
4873,30,6.1
4874,30,4.6
4875,30,4.1
4876,30,5.4
4877,30,5.6
4878,30,5.75
4879,30,6.449999999999999
4880,30,4.8
4881,30,5.75
4882,30,5.1
4883,30,5.449999999999999
4884,30,6.8
4885,30,4.75
4886,30,5.4
4887,30,5.75
4888,30,4.449999999999999
4889,30,6.449999999999999
4890,30,3.4
4891,30,4.449999999999999
4892,30,6.8
4893,30,8.2
4894,30,3.4
4895,30,5.4
4896,30,6.45
4897,30,4.75
4898,30,4.8
4899,30,4.8
4900,30,5.4
4901,30,6.449999999999999
4902,30,4.1
4903,30,6.8
4904,30,4.449999999999999
4905,30,5.449999999999999
4906,30,6.1
4907,30,6.1
4908,30,5.1
4909,30,4.1
4910,30,4.1
4911,30,5.449999999999999
4912,30,3.05
4913,30,4.8
4914,30,4.1
4915,30,6.1
4916,30,5.75
4917,30,3.75
4918,30,5.4
4919,30,5.1
4920,30,5.75
4921,30,5.75
4922,30,6.1
4923,30,4.1
4924,30,5.25
4925,30,3.4
4926,30,8.8
4927,30,3.75
4928,30,4.75
4929,30,4.449999999999999
4930,30,5.1
4931,30,6.8
4932,30,2.7
4933,30,3.05
4934,30,4.8
4935,30,6.449999999999999
4936,30,5.1
4937,30,6.1
4938,30,5.4
4939,30,5.1
4940,30,6.449999999999999
4941,30,5.1
4942,30,5.75
4943,30,4.449999999999999
4944,30,4.449999999999999
4945,30,5.75
4946,30,2.7
4947,30,3.4
4948,30,5.75
4949,30,6.1
4950,30,5.75
4951,30,5.1
4952,30,4.1
4953,30,6.1
4954,30,4.1
4955,30,5.75
4956,30,5.4
4957,30,4.1
4958,30,4.1
4959,30,5.4
4960,30,6.449999999999999
4961,30,3.4
4962,30,6.449999999999999
4963,30,4.05
4964,30,4.949999999999999
4965,30,5.75
4966,30,5.1
4967,30,5.1
4968,30,7.5
4969,30,4.1
4970,30,4.8
4971,30,5.4
4972,30,6.449999999999999
4973,30,5.1
4974,30,4.8
4975,30,4.1
4976,30,6.1
4977,30,5.4
4978,30,4.65
4979,30,5.1
4980,30,4.1
4981,30,5.1
4982,30,5.1
4983,30,6.449999999999999
4984,30,3.75
4985,30,4.1
4986,30,6.1
4987,30,7.15
4988,30,4.1
4989,30,5.4
4990,30,4.1
4991,30,4.449999999999999
4992,30,4.449999999999999
4993,30,5.1
4994,30,4.1
4995,30,6.449999999999999
4996,30,4.8
4997,30,5.75
4998,30,5.75
4999,30,4.8
5000,30,5.449999999999999
5001,30,6.8
5002,30,4.8
5003,30,4.8
5004,30,6.1
5005,30,6.8
5006,30,4.1
5007,30,3.05
5008,30,5.75
5009,30,4.1
5010,30,6.1
5011,30,4.8
5012,30,4.8
5013,30,4.449999999999999
5014,30,3.75
5015,30,4.449999999999999
5016,30,5.1
5017,30,5.75
5018,30,5.75
5019,30,7.15
5020,30,4.8
5021,30,5.1
5022,30,4.1
5023,30,5.4
5024,30,6.1
5025,30,4.05
5026,30,5.4
5027,30,5.1
5028,30,4.449999999999999
5029,30,6.8
5030,30,7.85
5031,30,4.449999999999999
5032,30,5.4
5033,30,5.1
5034,30,5.4
5035,30,3.4
5036,30,4.8
5037,30,5.1
5038,30,5.75
5039,30,6.8
5040,30,3.75
5041,30,5.1
5042,30,4.8
5043,30,4.75
5044,30,7.5
5045,30,6.449999999999999
5046,30,4.1
5047,30,5.1
5048,30,5.75
5049,30,4.8
5050,30,4.8
5051,30,4.1
5052,30,5.75
5053,30,5.1
5054,30,5.9
5055,30,4.8
5056,30,4.4
5057,30,5.75
5058,30,4.449999999999999
5059,30,5.75
5060,30,4.1
5061,30,2.7
5062,30,8.8
5063,30,7.15
5064,30,5.4
5065,30,8.5
5066,30,3.75
5067,30,6.449999999999999
5068,30,4.8
5069,30,4.1
5070,30,4.1
5071,30,5.75
5072,30,5.75
5073,30,4.8
5074,30,3.4
5075,30,4.1
5076,30,4.3
5077,30,5.1
5078,30,5.4
5079,30,4.75
5080,30,8.2
5081,30,3.75
5082,30,4.1
5083,30,5.550000000000001
5084,30,6.1
5085,30,3.4
5086,30,5.75
5087,30,4.1
5088,30,3.75
5089,30,5.1
5090,30,4.1
5091,30,6.8
5092,30,4.8
5093,30,6.1
5094,30,4.449999999999999
5095,30,3.7
5096,30,5.1
5097,30,9.5
5098,30,4.1
5099,30,4.8
5100,30,3.75
5101,30,6.1
5102,30,3.4
5103,30,5.4
5104,30,4.8
5105,30,3.75
5106,30,6.1
5107,30,5.1
5108,30,4.8
5109,30,4.1
5110,30,4.75
5111,30,5.8
5112,30,5.6
5113,30,5.4
5114,30,3.4
5115,30,5.1
5116,30,5.4
5117,30,6.8
5118,30,4.449999999999999
5119,30,5.75
5120,30,4.449999999999999
5121,30,4.449999999999999
5122,30,4.8
5123,30,4.8
5124,30,5.4
5125,30,5.449999999999999
5126,30,4.8
5127,30,4.8
5128,30,4.1
5129,30,5.4
5130,30,7.15
5131,30,5.4
5132,30,5.4
5133,30,7.15
5134,30,5.75
5135,30,5.4
5136,30,6.449999999999999
5137,30,5.4
5138,30,7.45
5139,30,5.75
5140,30,3.4
5141,30,4.1
5142,30,3.75
5143,30,4.1
5144,30,3.4
5145,30,5.4
5146,30,5.4
5147,30,6.1
5148,30,4.8
5149,30,2.7
5150,30,5.1
5151,30,5.4
5152,30,8.5
5153,30,6.8
5154,30,5.75
5155,30,4.449999999999999
5156,30,8.8
5157,30,5.75
5158,30,5.75
5159,30,4.449999999999999
5160,30,5.1
5161,30,6.1
5162,30,4.1
5163,30,4.449999999999999
5164,30,5.1
5165,30,5.1
5166,30,5.1
5167,30,3.05
5168,30,6.1
5169,30,5.4
5170,30,5.4
5171,30,5.4
5172,30,6.8
5173,30,6.1
5174,30,4.8
5175,30,4.1
5176,30,5.75
5177,30,6.45
5178,30,5.4
5179,30,3.05
5180,30,4.75
5181,30,3.75
5182,30,3.75
5183,30,4.75
5184,30,6.1
5185,30,3.7
5186,30,6.1
5187,30,4.8
5188,30,4.8
5189,30,5.1
5190,30,5.25
5191,30,3.4
5192,30,5.4
5193,30,5.4
5194,30,4.449999999999999
5195,30,5.4
5196,30,4.75
5197,30,6.8
5198,30,5.4
5199,30,4.8
5200,30,6.1
5201,30,4.8
5202,30,4.3
5203,30,6.1
5204,30,4.8
5205,30,5.75
5206,30,6.1
5207,30,4.1
5208,30,4.449999999999999
5209,30,5.25
5210,30,6.8
5211,30,5.1
5212,30,4.1
5213,30,6.1
5214,30,5.1
5215,30,4.1
5216,30,4.75
5217,30,3.7
5218,30,7.15
5219,30,5.4
5220,30,7.15
5221,30,3.75
5222,30,4.8
5223,30,5.1
5224,30,4.449999999999999
5225,30,5.4
5226,30,5.4
5227,30,5.4
5228,30,5.1
5229,30,7.15
5230,30,8.15
5231,30,5.1
5232,30,6.449999999999999
5233,30,3.4
5234,30,5.1
5235,30,5.4
5236,30,4.449999999999999
5237,30,4.4
5238,30,5.75
5239,30,3.4
5240,30,5.1
5241,30,5.4
5242,30,3.75
5243,30,4.449999999999999
5244,30,4.8
5245,30,3.4
5246,30,5.75
5247,30,4.8
5248,30,4.449999999999999
5249,30,7.15
5250,30,4.1
5251,30,5.1
5252,30,4.8
5253,30,6.449999999999999
5254,30,6.1
5255,30,3.75
5256,30,4.449999999999999
5257,30,5.4
5258,30,4.1
5259,30,4.75
5260,30,4.449999999999999
5261,30,5.75
5262,30,5.1
5263,30,5.4
5264,30,5.4
5265,30,4.449999999999999
5266,30,2.35
5267,30,4.8
5268,30,5.1
5269,30,6.8
5270,30,4.8
5271,30,6.45
5272,30,4.8
5273,30,3.4
5274,30,6.1
5275,30,4.3
5276,30,4.8
5277,30,4.449999999999999
5278,30,5.1
5279,30,7.15
5280,30,5.75
5281,30,4.449999999999999
5282,30,4.8
5283,30,4.8
5284,30,4.449999999999999
5285,30,3.75
5286,30,4.050000000000001
5287,30,7.15
5288,30,4.1
5289,30,6.449999999999999
5290,30,4.8
5291,30,5.1
5292,30,4.1
5293,30,4.8
5294,30,6.1
5295,30,4.1
5296,30,4.1
5297,30,6.449999999999999
5298,30,3.05
5299,30,6.8
5300,30,4.8
5301,30,4.8
5302,30,4.449999999999999
5303,30,4.449999999999999
5304,30,4.8
5305,30,5.75
5306,30,4.1
5307,30,4.1
5308,30,7.5
5309,30,6.8
5310,30,3.75
5311,30,4.8
5312,30,6.1
5313,30,5.1
5314,30,5.75
5315,30,4.75
5316,30,4.8
5317,30,6.449999999999999
5318,30,4.8
5319,30,3.75
5320,30,7.85
5321,30,3.75
5322,30,4.75
5323,30,4.8
5324,30,5.4
5325,30,6.199999999999999
5326,30,6.1
5327,30,4.8
5328,30,6.1
5329,30,7.85
5330,30,6.449999999999999
5331,30,4.8
5332,30,2.7
5333,30,4.8
5334,30,5.550000000000001
5335,30,4.1
5336,30,4.8
5337,30,6.449999999999999
5338,30,4.449999999999999
5339,30,5.4
5340,30,5.75
5341,30,5.4
5342,30,4.8
5343,30,5.449999999999999
5344,30,4.449999999999999
5345,30,4.1
5346,30,4.8
5347,30,4.8
5348,30,5.75
5349,30,4.1
5350,30,4.8
5351,30,6.1
5352,30,4.8
5353,30,4.1
5354,30,3.4
5355,30,4.1
5356,30,6.449999999999999
5357,30,3.75
5358,30,6.1
5359,30,7.15
5360,30,4.8
5361,30,5.4
5362,30,4.449999999999999
5363,30,6.8
5364,30,6.1
5365,30,4.1
5366,30,5.4
5367,30,3.75
5368,30,4.8
5369,30,5.4
5370,30,5.1
5371,30,4.8
5372,30,4.449999999999999
5373,30,6.1
5374,30,5.1
5375,30,4.449999999999999
5376,30,5.75
5377,30,6.8
5378,30,5.4
5379,30,4.1
5380,30,4.8
5381,30,4.1
5382,30,6.449999999999999
5383,30,4.1
5384,30,4.8
5385,30,4.449999999999999
5386,30,4.1
5387,30,6.1
5388,30,5.1
5389,30,7.85
5390,30,4.449999999999999
5391,30,4.8
5392,30,4.8
5393,30,7.15
5394,30,5.1
5395,30,5.1
5396,30,6.1
5397,30,4.449999999999999
5398,30,5.1
5399,30,7.1499999999999995
5400,30,6.449999999999999
5401,30,4.8
5402,30,6.45
5403,30,4.4
5404,30,6.1
5405,30,2.7
5406,30,4.449999999999999
5407,30,4.8
5408,30,5.4
5409,30,6.8
5410,30,5.1
5411,30,5.75
5412,30,5.449999999999999
5413,30,6.449999999999999
5414,30,7.5
5415,30,6.1
5416,30,6.1
5417,30,4.449999999999999
5418,30,4.1
5419,30,4.1
5420,30,6.449999999999999
5421,30,4.25
5422,30,6.1
5423,30,4.1
5424,30,5.449999999999999
5425,30,4.1
5426,30,6.1
5427,30,6.1
5428,30,4.8
5429,30,4.05
5430,30,5.4
5431,30,6.449999999999999
5432,30,5.4
5433,30,4.3
5434,30,5.75
5435,30,5.75
5436,30,6.1
5437,30,4.3
5438,30,4.8
5439,30,4.1
5440,30,5.1
5441,30,4.05
5442,30,3.75
5443,30,4.3
5444,30,4.1
5445,30,5.4
5446,30,5.1
5447,30,5.75
5448,30,4.8
5449,30,4.449999999999999
5450,30,5.75
5451,30,4.449999999999999
5452,30,5.4
5453,30,4.8
5454,30,5.4
5455,30,6.1
5456,30,4.449999999999999
5457,30,5.4
5458,30,5.4
5459,30,4.4
5460,30,5.25
5461,30,3.4
5462,30,4.75
5463,30,6.1
5464,30,6.1
5465,30,5.1
5466,30,4.1
5467,30,4.75
5468,30,3.75
5469,30,5.1
5470,30,5.75
5471,30,4.1
5472,30,3.4
5473,30,4.1
5474,30,3.4
5475,30,5.75
5476,30,6.1
5477,30,4.65
5478,30,3.4
5479,30,5.75
5480,30,3.4
5481,30,4.8
5482,30,4.449999999999999
5483,30,5.4
5484,30,3.4
5485,30,7.15
5486,30,4.8
5487,30,4.1
5488,30,5.75
5489,30,5.1
5490,30,5.1
5491,30,7.15
5492,30,5.75
5493,30,6.449999999999999
5494,30,5.1
5495,30,4.1
5496,30,5.4
5497,30,4.05
5498,30,5.4
5499,30,5.25
5500,30,5.4
5501,30,4.1
5502,30,6.8
5503,30,4.8
5504,30,3.4
5505,30,4.8
5506,30,5.4
5507,30,5.1
5508,30,4.1
5509,30,4.1
5510,30,6.1
5511,30,6.449999999999999
5512,30,4.8
5513,30,4.449999999999999
5514,30,3.75
5515,30,4.449999999999999
5516,30,5.1
5517,30,5.1
5518,30,6.449999999999999
5519,30,3.4
5520,30,3.05
5521,30,7.85
5522,30,5.75
5523,30,3.4
5524,30,7.1
5525,30,5.4
5526,30,4.8
5527,30,5.75
5528,30,4.8
5529,30,5.1
5530,30,6.1
5531,30,4.8
5532,30,5.75
5533,30,6.45
5534,30,5.4
5535,30,6.1
5536,30,5.1
5537,30,4.8
5538,30,6.449999999999999
5539,30,5.1
5540,30,5.75
5541,30,4.1
5542,30,4.8
5543,30,4.1
5544,30,4.449999999999999
5545,30,4.1
5546,30,4.8
5547,30,3.4
5548,30,5.75
5549,30,4.449999999999999
5550,30,4.8
5551,30,3.75
5552,30,5.4
5553,30,5.449999999999999
5554,30,4.1
5555,30,4.8
5556,30,5.4
5557,30,5.4
5558,30,7.15
5559,30,4.8
5560,30,3.4
5561,30,4.8
5562,30,5.75
5563,30,5.75
5564,30,4.8
5565,30,4.8
5566,30,6.8
5567,30,4.1
5568,30,7.15
5569,30,6.449999999999999
5570,30,4.8
5571,30,6.1
5572,30,5.4
5573,30,4.8
5574,30,8.5
5575,30,5.4
5576,30,7.85
5577,30,6.1
5578,30,4.449999999999999
5579,30,5.1
5580,30,5.75
5581,30,4.1
5582,30,5.449999999999999
5583,30,4.1
5584,30,5.1
5585,30,4.4
5586,30,6.1
5587,30,4.8
5588,30,4.1
5589,30,4.8
5590,30,6.1
5591,30,4.8
5592,30,7.5
5593,30,4.95
5594,30,4.8
5595,30,5.1
5596,30,4.8
5597,30,6.449999999999999
5598,30,4.1
5599,30,3.75
5600,30,7.85
5601,30,5.1
5602,30,4.1
5603,30,4.1
5604,30,4.449999999999999
5605,30,4.449999999999999
5606,30,4.1
5607,30,5.1
5608,30,5.4
5609,30,4.1
5610,30,5.4
5611,30,4.8
5612,30,5.1
5613,30,4.8
5614,30,6.449999999999999
5615,30,5.1
5616,30,8.2
5617,30,4.8
5618,30,5.75
5619,30,5.4
5620,30,4.8
5621,30,4.8
5622,30,4.8
5623,30,6.449999999999999
5624,30,3.4
5625,30,6.1
5626,30,4.449999999999999
5627,30,4.8
5628,30,7.5
5629,30,4.3
5630,30,5.1
5631,30,4.449999999999999
5632,30,5.75
5633,30,3.75
5634,30,4.449999999999999
5635,30,6.1
5636,30,5.1
5637,30,4.449999999999999
5638,30,6.8
5639,30,4.1
5640,30,7.5
5641,30,5.4
5642,30,3.4
5643,30,6.8
5644,30,5.4
5645,30,4.449999999999999
5646,30,6.1
5647,30,6.449999999999999
5648,30,4.449999999999999
5649,30,6.449999999999999
5650,30,6.1
5651,30,3.4
5652,30,5.449999999999999
5653,30,4.1
5654,30,5.1
5655,30,6.1
5656,30,4.8
5657,30,4.8
5658,30,4.8
5659,30,6.1
5660,30,7.85
5661,30,6.449999999999999
5662,30,4.1
5663,30,4.449999999999999
5664,30,6.449999999999999
5665,30,4.8
5666,30,6.449999999999999
5667,30,4.1
5668,30,6.1
5669,30,4.449999999999999
5670,30,5.4
5671,30,5.1
5672,30,6.8
5673,30,5.4
5674,30,4.8
5675,30,4.449999999999999
5676,30,3.75
5677,30,6.8
5678,30,4.449999999999999
5679,30,4.8
5680,30,3.75
5681,30,5.1
5682,30,3.4
5683,30,5.1
5684,30,4.8
5685,30,4.1
5686,30,5.75
5687,30,4.8
5688,30,5.4
5689,30,5.4
5690,30,4.8
5691,30,6.8
5692,30,4.1
5693,30,4.449999999999999
5694,30,5.1
5695,30,6.1
5696,30,4.1
5697,30,3.4
5698,30,4.1
5699,30,7.5
5700,30,4.449999999999999
5701,30,4.449999999999999
5702,30,4.8
5703,30,6.8
5704,30,5.75
5705,30,5.4
5706,30,6.199999999999999
5707,30,5.75
5708,30,6.1
5709,30,5.4
5710,30,4.8
5711,30,5.4
5712,30,4.1
5713,30,4.1
5714,30,4.1
5715,30,4.1
5716,30,4.1
5717,30,4.449999999999999
5718,30,5.4
5719,30,4.1
5720,30,4.1
5721,30,6.1
5722,30,4.1
5723,30,4.8
5724,30,5.4
5725,30,5.4
5726,30,5.75
5727,30,6.1
5728,30,4.1
5729,30,4.8
5730,30,4.449999999999999
5731,30,3.05
5732,30,5.4
5733,30,7.85
5734,30,5.75
5735,30,6.449999999999999
5736,30,4.8
5737,30,4.8
5738,30,4.8
5739,30,5.1
5740,30,6.8
5741,30,5.1
5742,30,6.1
5743,30,4.1
5744,30,6.1
5745,30,5.4
5746,30,3.4
5747,30,8.2
5748,30,3.05
5749,30,4.1
5750,30,6.449999999999999
5751,30,5.1
5752,30,5.4
5753,30,4.449999999999999
5754,30,4.1
5755,30,4.449999999999999
5756,30,4.75
5757,30,5.1
5758,30,4.8
5759,30,4.8
5760,30,8.15
5761,30,6.449999999999999
5762,30,7.15
5763,30,7.5
5764,30,4.8
5765,30,4.1
5766,30,5.9
5767,30,4.1
5768,30,4.8
5769,30,3.05
5770,30,3.4
5771,30,6.1
5772,30,5.4
5773,30,4.449999999999999
5774,30,5.75
5775,30,6.449999999999999
5776,30,3.75
5777,30,6.1
5778,30,4.1
5779,30,5.4
5780,30,5.4
5781,30,5.75
5782,30,5.4
5783,30,4.8
5784,30,4.449999999999999
5785,30,4.449999999999999
5786,30,5.4
5787,30,3.4
5788,30,6.1
5789,30,5.4
5790,30,4.8
5791,30,5.449999999999999
5792,30,4.8
5793,30,3.4
5794,30,3.75
5795,30,4.8
5796,30,4.449999999999999
5797,30,3.75
5798,30,6.449999999999999
5799,30,4.75
5800,30,4.8
5801,30,6.1
5802,30,4.449999999999999
5803,30,7.15
5804,30,5.1
5805,30,5.75
5806,30,5.75
5807,30,3.75
5808,30,4.8
5809,30,6.75
5810,30,7.85
5811,30,5.75
5812,30,6.449999999999999
5813,30,5.1
5814,30,5.4
5815,30,4.1
5816,30,6.449999999999999
5817,30,5.1
5818,30,4.1
5819,30,4.8
5820,30,5.4
5821,30,5.449999999999999
5822,30,5.4
5823,30,8.2
5824,30,5.4
5825,30,5.4
5826,30,4.8
5827,30,5.1
5828,30,4.449999999999999
5829,30,4.1
5830,30,5.75
5831,30,3.4
5832,30,5.4
5833,30,4.8
5834,30,5.1
5835,30,3.75
5836,30,5.1
5837,30,5.4
5838,30,4.1
5839,30,5.449999999999999
5840,30,7.15
5841,30,4.449999999999999
5842,30,5.75
5843,30,3.05
5844,30,5.1
5845,30,4.449999999999999
5846,30,4.1
5847,30,6.449999999999999
5848,30,5.449999999999999
5849,30,6.1
5850,30,5.4
5851,30,4.8
5852,30,5.4
5853,30,4.8
5854,30,5.1
5855,30,5.75
5856,30,6.8
5857,30,4.449999999999999
5858,30,5.4
5859,30,5.1
5860,30,4.449999999999999
5861,30,4.8
5862,30,4.1
5863,30,4.449999999999999
5864,30,6.1
5865,30,3.4
5866,30,5.1
5867,30,5.1
5868,30,4.1
5869,30,6.449999999999999
5870,30,4.949999999999999
5871,30,3.75
5872,30,6.449999999999999
5873,30,4.8
5874,30,5.75
5875,30,4.1
5876,30,4.6
5877,30,4.1
5878,30,3.4
5879,30,6.45
5880,30,5.4
5881,30,6.449999999999999
5882,30,5.1
5883,30,4.449999999999999
5884,30,6.55
5885,30,4.1
5886,30,4.1
5887,30,3.4
5888,30,4.1
5889,30,4.8
5890,30,5.4
5891,30,6.8
5892,30,7.5
5893,30,4.1
5894,30,7.5
5895,30,4.1
5896,30,5.4
5897,30,4.1
5898,30,5.1
5899,30,5.4
5900,30,6.55
5901,30,5.1
5902,30,5.75
5903,30,4.65
5904,30,4.449999999999999
5905,30,4.75
5906,30,6.449999999999999
5907,30,5.1
5908,30,7.85
5909,30,5.1
5910,30,4.65
5911,30,5.4
5912,30,7.5
5913,30,5.75
5914,30,4.8
5915,30,4.8
5916,30,7.5
5917,30,6.449999999999999
5918,30,8.2
5919,30,3.4
5920,30,4.8
5921,30,6.1
5922,30,6.1
5923,30,5.1
5924,30,4.449999999999999
5925,30,4.449999999999999
5926,30,3.4
5927,30,3.75
5928,30,4.449999999999999
5929,30,6.8
5930,30,4.8
5931,30,4.8
5932,30,3.75
5933,30,4.8
5934,30,4.1
5935,30,5.1
5936,30,6.449999999999999
5937,30,5.1
5938,30,7.15
5939,30,5.4
5940,30,4.449999999999999
5941,30,6.449999999999999
5942,30,5.1
5943,30,6.449999999999999
5944,30,3.4
5945,30,4.1
5946,30,4.1
5947,30,5.4
5948,30,6.1
5949,30,4.449999999999999
5950,30,5.9
5951,30,6.1
5952,30,4.1
5953,30,4.449999999999999
5954,30,4.1
5955,30,6.1
5956,30,5.75
5957,30,6.1
5958,30,5.4
5959,30,4.1
5960,30,4.8
5961,30,6.8
5962,30,6.1
5963,30,5.75
5964,30,6.1
5965,30,4.8
5966,30,3.75
5967,30,4.1
5968,30,4.65
5969,30,2.7
5970,30,5.4
5971,30,3.4
5972,30,4.449999999999999
5973,30,5.449999999999999
5974,30,5.4
5975,30,5.75
5976,30,4.8
5977,30,5.1
5978,30,4.8
5979,30,4.1
5980,30,4.449999999999999
5981,30,6.449999999999999
5982,30,5.4
5983,30,4.8
5984,30,6.1
5985,30,4.1
5986,30,6.8
5987,30,5.1
5988,30,4.8
5989,30,5.4
5990,30,4.8
5991,30,4.8
5992,30,5.449999999999999
5993,30,5.1
5994,30,7.15
5995,30,4.449999999999999
5996,30,4.1
5997,30,4.8
5998,30,4.1
5999,30,4.449999999999999
6000,30,5.1
6001,30,7.85
6002,30,4.8
6003,30,5.4
6004,30,4.8
6005,30,4.8
6006,30,4.449999999999999
6007,30,6.1
6008,30,5.1
6009,30,5.1
6010,30,4.449999999999999
6011,30,5.75
6012,30,6.8
6013,30,6.1
6014,30,5.4
6015,30,4.05
6016,30,7.15
6017,30,6.449999999999999
6018,30,4.449999999999999
6019,30,5.4
6020,30,5.1
6021,30,4.8
6022,30,5.1
6023,30,5.75
6024,30,6.55
6025,30,5.4
6026,30,4.75
6027,30,4.8
6028,30,5.449999999999999
6029,30,5.4
6030,30,3.05
6031,30,5.1
6032,30,5.75
6033,30,5.4
6034,30,4.8
6035,30,4.1
6036,30,4.1
6037,30,4.8
6038,30,7.85
6039,30,5.1
6040,30,4.449999999999999
6041,30,6.1
6042,30,4.8
6043,30,4.8
6044,30,3.4
6045,30,4.1
6046,30,4.1
6047,30,4.8
6048,30,6.8
6049,30,6.1
6050,30,4.449999999999999
6051,30,4.1
6052,30,3.4
6053,30,6.8
6054,30,3.75
6055,30,7.85
6056,30,5.75
6057,30,6.8
6058,30,4.449999999999999
6059,30,5.4
6060,30,4.1
6061,30,4.4
6062,30,6.8
6063,30,6.1
6064,30,5.1
6065,30,5.75
6066,30,4.8
6067,30,5.4
6068,30,4.449999999999999
6069,30,5.85
6070,30,4.1
6071,30,4.8
6072,30,4.8
6073,30,9.5
6074,30,4.1
6075,30,4.449999999999999
6076,30,6.1
6077,30,6.449999999999999
6078,30,5.4
6079,30,5.1
6080,30,4.8
6081,30,5.1
6082,30,4.05
6083,30,8.1
6084,30,4.449999999999999
6085,30,4.8
6086,30,7.15
6087,30,6.449999999999999
6088,30,6.1
6089,30,6.8
6090,30,4.1
6091,30,4.8
6092,30,6.449999999999999
6093,30,5.1
6094,30,3.4
6095,30,4.1
6096,30,4.1
6097,30,4.1
6098,30,7.15
6099,30,4.449999999999999
6100,30,5.75
6101,30,3.05
6102,30,4.1
6103,30,7.5
6104,30,4.1
6105,30,6.449999999999999
6106,30,4.8
6107,30,4.8
6108,30,3.4
6109,30,3.4
6110,30,3.4
6111,30,7.85
6112,30,6.1
6113,30,6.8
6114,30,4.8
6115,30,6.1
6116,30,5.4
6117,30,4.1
6118,30,3.4
6119,30,4.449999999999999
6120,30,5.75
6121,30,4.8
6122,30,4.449999999999999
6123,30,5.4
6124,30,5.4
6125,30,4.8
6126,30,4.8
6127,30,6.449999999999999
6128,30,5.1
6129,30,4.8
6130,30,4.1
6131,30,4.1
6132,30,3.4
6133,30,6.1
6134,30,4.8
6135,30,4.8
6136,30,4.8
6137,30,3.05
6138,30,5.1
6139,30,4.8
6140,30,5.4
6141,30,5.449999999999999
6142,30,4.949999999999999
6143,30,3.4
6144,30,4.449999999999999
6145,30,4.8
6146,30,4.8
6147,30,4.8
6148,30,5.4
6149,30,5.4
6150,30,4.1
6151,30,3.05
6152,30,6.1
6153,30,6.1
6154,30,4.1
6155,30,6.1
6156,30,4.65
6157,30,3.4
6158,30,6.9
6159,30,6.1
6160,30,4.8
6161,30,4.449999999999999
6162,30,6.8
6163,30,4.8
6164,30,3.4
6165,30,3.4
6166,30,4.949999999999999
6167,30,4.1
6168,30,5.75
6169,30,6.8
6170,30,6.1
6171,30,5.4
6172,30,4.8
6173,30,5.4
6174,30,3.4
6175,30,6.449999999999999
6176,30,5.1
6177,30,4.8
6178,30,4.8
6179,30,5.4
6180,30,5.1
6181,30,7.15
6182,30,6.449999999999999
6183,30,4.8
6184,30,5.75
6185,30,4.1
6186,30,5.25
6187,30,3.4
6188,30,5.75
6189,30,4.8
6190,30,4.8
6191,30,2.7
6192,30,4.8
6193,30,3.75
6194,30,6.449999999999999
6195,30,5.1
6196,30,6.1
6197,30,6.8
6198,30,4.75
6199,30,4.449999999999999
6200,30,5.75
6201,30,4.8
6202,30,6.8
6203,30,6.1
6204,30,4.8
6205,30,6.8
6206,30,4.8
6207,30,3.4
6208,30,5.1
6209,30,5.75
6210,30,6.8
6211,30,6.1
6212,30,4.8
6213,30,3.75
6214,30,5.4
6215,30,4.449999999999999
6216,30,5.75
6217,30,4.1
6218,30,5.4
6219,30,5.1
6220,30,4.8
6221,30,5.1
6222,30,5.4
6223,30,6.449999999999999
6224,30,4.1
6225,30,5.4
6226,30,5.449999999999999
6227,30,4.1
6228,30,4.1
6229,30,4.1
6230,30,6.8
6231,30,3.75
6232,30,5.1
6233,30,7.15
6234,30,4.1
6235,30,3.75
6236,30,5.449999999999999
6237,30,5.4
6238,30,5.1
6239,30,5.75
6240,30,4.8
6241,30,5.75
6242,30,4.8
6243,30,7.15
6244,30,6.1
6245,30,4.05
6246,30,4.449999999999999
6247,30,6.449999999999999
6248,30,4.1
6249,30,4.8
6250,30,7.15
6251,30,5.25
6252,30,6.449999999999999
6253,30,5.1
6254,30,6.1
6255,30,5.75
6256,30,4.1
6257,30,5.75
6258,30,5.1
6259,30,4.8
6260,30,6.449999999999999
6261,30,4.8
6262,30,6.8
6263,30,4.8
6264,30,5.1
6265,30,3.75
6266,30,5.75
6267,30,4.8
6268,30,6.449999999999999
6269,30,4.449999999999999
6270,30,6.8
6271,30,6.1
6272,30,4.8
6273,30,4.449999999999999
6274,30,4.8
6275,30,5.4
6276,30,5.449999999999999
6277,30,4.1
6278,30,4.8
6279,30,5.4
6280,30,6.8
6281,30,5.75
6282,30,4.449999999999999
6283,30,4.1
6284,30,4.8
6285,30,5.4
6286,30,4.1
6287,30,5.1
6288,30,6.449999999999999
6289,30,4.1
6290,30,5.1
6291,30,4.1
6292,30,2.7
6293,30,6.8
6294,30,6.1
6295,30,4.449999999999999
6296,30,3.05
6297,30,6.449999999999999
6298,30,5.75
6299,30,4.8
6300,30,6.449999999999999
6301,30,3.75
6302,30,5.75
6303,30,6.1
6304,30,3.4
6305,30,4.1
6306,30,4.8
6307,30,5.75
6308,30,7.15
6309,30,4.75
6310,30,4.1
6311,30,4.1
6312,30,5.75
6313,30,4.449999999999999
6314,30,9.15
6315,30,4.449999999999999
6316,30,3.4
6317,30,5.75
6318,30,5.75
6319,30,3.4
6320,30,5.4
6321,30,2.35
6322,30,5.1
6323,30,3.75
6324,30,5.75
6325,30,4.8
6326,30,7.5
6327,30,5.1
6328,30,4.8
6329,30,3.75
6330,30,5.1
6331,30,3.4
6332,30,6.4
6333,30,4.8
6334,30,2.7
6335,30,5.4
6336,30,5.4
6337,30,4.8
6338,30,4.1
6339,30,4.1
6340,30,5.4
6341,30,5.75
6342,30,3.4
6343,30,6.8
6344,30,4.8
6345,30,4.1
6346,30,4.8
6347,30,4.1
6348,30,4.8
6349,30,5.4
6350,30,4.449999999999999
6351,30,4.449999999999999
6352,30,5.75
6353,30,5.1
6354,30,5.4
6355,30,5.4
6356,30,4.8
6357,30,5.4
6358,30,3.4
6359,30,5.449999999999999
6360,30,5.4
6361,30,8.15
6362,30,3.4
6363,30,4.8
6364,30,5.449999999999999
6365,30,4.8
6366,30,5.4
6367,30,5.75
6368,30,5.75
6369,30,6.1
6370,30,4.8
6371,30,5.4
6372,30,4.8
6373,30,4.8
6374,30,5.4
6375,30,6.1
6376,30,4.1
6377,30,3.4
6378,30,4.8
6379,30,5.75
6380,30,4.1
6381,30,5.4
6382,30,5.1
6383,30,4.8
6384,30,3.75
6385,30,5.75
6386,30,5.4
6387,30,5.4
6388,30,6.1
6389,30,4.1
6390,30,5.75
6391,30,4.1
6392,30,3.75
6393,30,3.4
6394,30,5.75
6395,30,7.85
6396,30,4.449999999999999
6397,30,6.55
6398,30,7.85
6399,30,6.1
6400,30,4.8
6401,30,3.05
6402,30,6.1
6403,30,5.75
6404,30,3.4
6405,30,6.449999999999999
6406,30,5.4
6407,30,3.4
6408,30,3.4
6409,30,4.449999999999999
6410,30,7.15
6411,30,6.449999999999999
6412,30,5.4
6413,30,4.449999999999999
6414,30,3.4
6415,30,7.15
6416,30,5.449999999999999
6417,30,5.1
6418,30,3.75
6419,30,4.449999999999999
6420,30,4.8
6421,30,8.5
6422,30,5.1
6423,30,5.4
6424,30,6.449999999999999
6425,30,4.8
6426,30,3.75
6427,30,7.15
6428,30,5.1
6429,30,4.1
6430,30,6.1
6431,30,4.449999999999999
6432,30,5.75
6433,30,3.05
6434,30,4.1
6435,30,5.75
6436,30,4.8
6437,30,6.9
6438,30,7.15
6439,30,2.7
6440,30,5.4
6441,30,5.4
6442,30,5.1
6443,30,4.8
6444,30,5.4
6445,30,5.4
6446,30,4.8
6447,30,6.15
6448,30,4.8
6449,30,4.949999999999999
6450,30,4.8
6451,30,5.4
6452,30,4.1
6453,30,4.1
6454,30,5.75
6455,30,6.449999999999999
6456,30,6.1
6457,30,4.75
6458,30,7.85
6459,30,4.05
6460,30,4.8
6461,30,2
6462,30,6.8
6463,30,6.45
6464,30,4.449999999999999
6465,30,3.4
6466,30,5.1
6467,30,3.4
6468,30,3.0999999999999996
6469,30,5.75
6470,30,6.8
6471,30,3.4
6472,30,4.8
6473,30,4.8
6474,30,3.75
6475,30,6.8
6476,30,8.2
6477,30,5.1
6478,30,5.1
6479,30,5.4
6480,30,6.1
6481,30,5.75
6482,30,4.1
6483,30,6.449999999999999
6484,30,6.8
6485,30,3.4
6486,30,5.4
6487,30,7.1499999999999995
6488,30,2.7
6489,30,5.449999999999999
6490,30,5.4
6491,30,4.1
6492,30,6.1
6493,30,5.1
6494,30,4.449999999999999
6495,30,4.1
6496,30,6.1
6497,30,5.1
6498,30,6.1
6499,30,4.1
6500,30,6.1
6501,30,4.1
6502,30,4.449999999999999
6503,30,4.8
6504,30,7.1499999999999995
6505,30,4.75
6506,30,4.449999999999999
6507,30,4.8
6508,30,5.4
6509,30,5.1
6510,30,4.449999999999999
6511,30,7.45
6512,30,4.1
6513,30,6.449999999999999
6514,30,3.4
6515,30,5.1
6516,30,7.5
6517,30,3.75
6518,30,5.1
6519,30,4.05
6520,30,4.449999999999999
6521,30,4.449999999999999
6522,30,5.4
6523,30,5.75
6524,30,4.449999999999999
6525,30,6.449999999999999
6526,30,4.1
6527,30,3.4
6528,30,5.4
6529,30,6.1
6530,30,7.5
6531,30,5.4
6532,30,3.4
6533,30,6.1
6534,30,4.8
6535,30,4.1
6536,30,6.449999999999999
6537,30,5.75
6538,30,5.4
6539,30,5.4
6540,30,5.1
6541,30,3.4
6542,30,5.449999999999999
6543,30,2.7
6544,30,4.8
6545,30,4.8
6546,30,6.449999999999999
6547,30,4.1
6548,30,5.1
6549,30,5.75
6550,30,6.8
6551,30,4.8
6552,30,3.75
6553,30,4.8
6554,30,3.4
6555,30,5.1
6556,30,4.449999999999999
6557,30,5.25
6558,30,4.8
6559,30,5.75
6560,30,4.8
6561,30,5.1
6562,30,4.1
6563,30,4.1
6564,30,4.8
6565,30,4.449999999999999
6566,30,7.5
6567,30,5.4
6568,30,4.8
6569,30,4.1
6570,30,6.1
6571,30,5.1
6572,30,4.8
6573,30,5.1
6574,30,4.449999999999999
6575,30,5.1
6576,30,3.4
6577,30,5.4
6578,30,6.1
6579,30,5.1
6580,30,5.1
6581,30,4.449999999999999
6582,30,5.1
6583,30,3.75
6584,30,5.4
6585,30,4.1
6586,30,4.1
6587,30,5.1
6588,30,5.1
6589,30,4.6
6590,30,6.8
6591,30,4.8
6592,30,4.1
6593,30,6.1
6594,30,5.1
6595,30,4.1
6596,30,4.449999999999999
6597,30,5.75
6598,30,5.1
6599,30,5.75
6600,30,4.1
6601,30,4.8
6602,30,3.4
6603,30,4.8
6604,30,6.1
6605,30,4.449999999999999
6606,30,4.8
6607,30,5.4
6608,30,4.8
6609,30,6.8
6610,30,5.1
6611,30,5.4
6612,30,5.4
6613,30,5.75
6614,30,4.449999999999999
6615,30,4.1
6616,30,3.75
6617,30,4.75
6618,30,4.8
6619,30,4.8
6620,30,3.4
6621,30,3.75
6622,30,5.4
6623,30,5.1
6624,30,4.8
6625,30,3.75
6626,30,5.1
6627,30,4.3
6628,30,5.75
6629,30,6.1
6630,30,3.4
6631,30,5.1
6632,30,4.8
6633,30,5.4
6634,30,4.449999999999999
6635,30,4.1
6636,30,5.1
6637,30,5.4
6638,30,4.1
6639,30,6.1
6640,30,4.449999999999999
6641,30,5.4
6642,30,4.8
6643,30,4.1
6644,30,4.449999999999999
6645,30,4.949999999999999
6646,30,6.1
6647,30,5.4
6648,30,4.449999999999999
6649,30,4.1
6650,30,6.449999999999999
6651,30,3.4
6652,30,6.1
6653,30,5.75
6654,30,3.4
6655,30,5.4
6656,30,4.1
6657,30,4.8
6658,30,3.4
6659,30,4.449999999999999
6660,30,4.8
6661,30,5.4
6662,30,7.5
6663,30,7.85
6664,30,3.4
6665,30,7.15
6666,30,3.75
6667,30,4.1
6668,30,6.449999999999999
6669,30,5.4
6670,30,5.449999999999999
6671,30,4.449999999999999
6672,30,6.1
6673,30,5.4
6674,30,3.4
6675,30,5.75
6676,30,3.75
6677,30,4.1
6678,30,5.1
6679,30,4.1
6680,30,6.449999999999999
6681,30,4.1
6682,30,7.15
6683,30,3.05
6684,30,4.1
6685,30,6.1
6686,30,3.05
6687,30,5.75
6688,30,3.4
6689,30,4.1
6690,30,4.1
6691,30,4.8
6692,30,3.4
6693,30,5.1
6694,30,3.75
6695,30,5.4
6696,30,4.75
6697,30,4.449999999999999
6698,30,5.75
6699,30,4.8
6700,30,4.8
6701,30,5.1
6702,30,4.8
6703,30,5.4
6704,30,4.8
6705,30,4.449999999999999
6706,30,6.449999999999999
6707,30,2.35
6708,30,5.449999999999999
6709,30,4.8
6710,30,5.4
6711,30,5.449999999999999
6712,30,2.7
6713,30,4.1
6714,30,5.1
6715,30,3.4
6716,30,7.85
6717,30,5.75
6718,30,5.1
6719,30,5.449999999999999
6720,30,4.8
6721,30,4.8
6722,30,4.449999999999999
6723,30,4.449999999999999
6724,30,4.8
6725,30,4.8
6726,30,6.449999999999999
6727,30,4.05
6728,30,4.8
6729,30,4.449999999999999
6730,30,5.1
6731,30,4.1
6732,30,4.449999999999999
6733,30,6.1
6734,30,6.449999999999999
6735,30,4.449999999999999
6736,30,5.4
6737,30,4.449999999999999
6738,30,4.8
6739,30,4.8
6740,30,4.75
6741,30,6.1
6742,30,7.15
6743,30,5.75
6744,30,6.1
6745,30,5.75
6746,30,6.45
6747,30,5.1
6748,30,5.75
6749,30,3.4
6750,30,6.8
6751,30,5.1
6752,30,3.75
6753,30,4.8
6754,30,4.1
6755,30,5.4
6756,30,4.75
6757,30,5.1
6758,30,4.449999999999999
6759,30,4.449999999999999
6760,30,6.1
6761,30,5.1
6762,30,8.2
6763,30,4.1
6764,30,3.75
6765,30,4.8
6766,30,4.8
6767,30,4.449999999999999
6768,30,4.1
6769,30,4.449999999999999
6770,30,4.449999999999999
6771,30,4.8
6772,30,5.75
6773,30,4.1
6774,30,3.4
6775,30,6.1
6776,30,2.7
6777,30,6.1
6778,30,5.4
6779,30,5.75
6780,30,4.65
6781,30,5.4
6782,30,4.05
6783,30,6.1
6784,30,4.449999999999999
6785,30,4.449999999999999
6786,30,5.75
6787,30,5.75
6788,30,4.449999999999999
6789,30,3.4
6790,30,4.449999999999999
6791,30,5.4
6792,30,4.8
6793,30,4.449999999999999
6794,30,6.1
6795,30,3.75
6796,30,5.75
6797,30,4.1
6798,30,6.8
6799,30,4.1
6800,30,6.449999999999999
6801,30,4.1
6802,30,5.1
6803,30,5.75
6804,30,4.1
6805,30,3.4
6806,30,4.8
6807,30,6.449999999999999
6808,30,4.449999999999999
6809,30,4.8
6810,30,4.8
6811,30,4.449999999999999
6812,30,6.1
6813,30,6.1
6814,30,6.449999999999999
6815,30,2.7
6816,30,5.1
6817,30,4.8
6818,30,4.449999999999999
6819,30,4.75
6820,30,5.4
6821,30,5.4
6822,30,4.449999999999999
6823,30,5.4
6824,30,5.4
6825,30,6.1
6826,30,6.1
6827,30,4.1
6828,30,6.1
6829,30,5.1
6830,30,6.1
6831,30,4.449999999999999
6832,30,3.4
6833,30,6.1
6834,30,3.75
6835,30,5.75
6836,30,5.1
6837,30,3.4
6838,30,3.75
6839,30,6.449999999999999
6840,30,6.1
6841,30,6.8
6842,30,6.1
6843,30,4.8
6844,30,6.25
6845,30,5.1
6846,30,4.449999999999999
6847,30,8.15
6848,30,6.8
6849,30,4.8
6850,30,5.1
6851,30,3.75
6852,30,4.1
6853,30,5.1
6854,30,5.1
6855,30,4.8
6856,30,4.1
6857,30,3.4
6858,30,5.1
6859,30,7.5
6860,30,8.5
6861,30,5.1
6862,30,4.449999999999999
6863,30,4.449999999999999
6864,30,5.4
6865,30,4.8
6866,30,4.1
6867,30,6.8
6868,30,5.75
6869,30,5.75
6870,30,7.15
6871,30,6.1
6872,30,4.449999999999999
6873,30,5.449999999999999
6874,30,5.4
6875,30,3.75
6876,30,5.75
6877,30,5.1
6878,30,5.1
6879,30,4.8
6880,30,6.1
6881,30,5.1
6882,30,5.75
6883,30,4.8
6884,30,5.1
6885,30,7.45
6886,30,5.25
6887,30,3.75
6888,30,5.75
6889,30,5.1
6890,30,3.05
6891,30,4.449999999999999
6892,30,3.4
6893,30,7.15
6894,30,5.4
6895,30,3.7
6896,30,5.75
6897,30,5.1
6898,30,4.1
6899,30,5.75
6900,30,4.449999999999999
6901,30,5.4
6902,30,4.1
6903,30,5.1
6904,30,5.75
6905,30,3.75
6906,30,4.449999999999999
6907,30,6.1
6908,30,3.4
6909,30,3.75
6910,30,4.1
6911,30,5.4
6912,30,4.1
6913,30,4.8
6914,30,5.1
6915,30,4.65
6916,30,6.1
6917,30,6.449999999999999
6918,30,4.8
6919,30,4.8
6920,30,8.2
6921,30,5.1
6922,30,3.75
6923,30,4.1
6924,30,5.75
6925,30,4.8
6926,30,4.449999999999999
6927,30,5.75
6928,30,4.449999999999999
6929,30,4.8
6930,30,5.4
6931,30,3.75
6932,30,4.1
6933,30,6.1
6934,30,4.8
6935,30,4.8
6936,30,4.949999999999999
6937,30,4.3
6938,30,3.75
6939,30,4.1
6940,30,5.4
6941,30,4.449999999999999
6942,30,3.75
6943,30,4.8
6944,30,4.8
6945,30,6.1
6946,30,4.449999999999999
6947,30,3.4
6948,30,4.449999999999999
6949,30,4.8
6950,30,5.449999999999999
6951,30,4.1
6952,30,3.75
6953,30,5.75
6954,30,4.8
6955,30,5.4
6956,30,4.1
6957,30,4.1
6958,30,6.449999999999999
6959,30,5.75
6960,30,5.1
6961,30,5.75
6962,30,4.8
6963,30,5.1
6964,30,5.75
6965,30,4.3
6966,30,6.449999999999999
6967,30,4.8
6968,30,6.1
6969,30,3.75
6970,30,4.8
6971,30,5.4
6972,30,3.05
6973,30,5.1
6974,30,7.5
6975,30,5.75
6976,30,5.75
6977,30,5.1
6978,30,4.449999999999999
6979,30,3.75
6980,30,4.8
6981,30,4.449999999999999
6982,30,3.4
6983,30,8.2
6984,30,4.8
6985,30,4.75
6986,30,5.1
6987,30,8.8
6988,30,4.8
6989,30,4.1
6990,30,3.75
6991,30,4.449999999999999
6992,30,3.05
6993,30,6.449999999999999
6994,30,6.1
6995,30,4.1
6996,30,6.449999999999999
6997,30,6.1
6998,30,5.1
6999,30,4.449999999999999
7000,30,7.15
7001,30,4.1
7002,30,6.1
7003,30,7.5
7004,30,5.4
7005,30,6.8
7006,30,4.1
7007,30,4.8
7008,30,4.8
7009,30,4.8
7010,30,5.4
7011,30,4.1
7012,30,4.25
7013,30,5.449999999999999
7014,30,5.4
7015,30,5.4
7016,30,5.4
7017,30,8.2
7018,30,4.949999999999999
7019,30,3.75
7020,30,4.1
7021,30,3.4
7022,30,5.1
7023,30,5.1
7024,30,6.1
7025,30,5.75
7026,30,4.8
7027,30,5.75
7028,30,3.75
7029,30,6.449999999999999
7030,30,7.800000000000001
7031,30,4.449999999999999
7032,30,5.4
7033,30,4.1
7034,30,4.8
7035,30,4.1
7036,30,5.1
7037,30,4.8
7038,30,3.4
7039,30,5.1
7040,30,5.1
7041,30,5.1
7042,30,4.1
7043,30,5.8
7044,30,3.05
7045,30,4.8
7046,30,5.1
7047,30,4.8
7048,30,5.4
7049,30,4.1
7050,30,5.449999999999999
7051,30,5.1
7052,30,4.8
7053,30,5.1
7054,30,4.8
7055,30,4.1
7056,30,3.4
7057,30,6.1
7058,30,4.449999999999999
7059,30,6.1
7060,30,3.75
7061,30,4.449999999999999
7062,30,4.8
7063,30,4.8
7064,30,6.449999999999999
7065,30,5.1
7066,30,5.75
7067,30,4.8
7068,30,5.4
7069,30,5.75
7070,30,6.75
7071,30,5.1
7072,30,4.1
7073,30,4.8
7074,30,4.1
7075,30,5.449999999999999
7076,30,6.1
7077,30,4.449999999999999
7078,30,3.4
7079,30,4.449999999999999
7080,30,6.449999999999999
7081,30,4.1
7082,30,4.8
7083,30,5.75
7084,30,6.8
7085,30,5.4
7086,30,4.1
7087,30,6.449999999999999
7088,30,4.1
7089,30,4.1
7090,30,5.4
7091,30,4.449999999999999
7092,30,5.1
7093,30,6.8
7094,30,5.25
7095,30,5.75
7096,30,5.4
7097,30,4.75
7098,30,4.8
7099,30,4.8
7100,30,5.75
7101,30,4.8
7102,30,4.8
7103,30,5.4
7104,30,3.75
7105,30,4.1
7106,30,5.75
7107,30,6.8
7108,30,6.8
7109,30,4.8
7110,30,4.449999999999999
7111,30,4.1
7112,30,6.1
7113,30,5.4
7114,30,3.75
7115,30,6.45
7116,30,5.75
7117,30,4.449999999999999
7118,30,5.1
7119,30,4.449999999999999
7120,30,5.75
7121,30,5.4
7122,30,5.9
7123,30,4.449999999999999
7124,30,6.1
7125,30,4.449999999999999
7126,30,4.8
7127,30,4.8
7128,30,5.4
7129,30,5.449999999999999
7130,30,6.8
7131,30,4.1
7132,30,5.1
7133,30,4.75
7134,30,5.1
7135,30,5.4
7136,30,5.4
7137,30,6.1
7138,30,5.75
7139,30,4.8
7140,30,4.1
7141,30,5.75
7142,30,5.1
7143,30,3.4
7144,30,4.449999999999999
7145,30,4.449999999999999
7146,30,5.550000000000001
7147,30,5.4
7148,30,6.1
7149,30,4.449999999999999
7150,30,6.1
7151,30,5.4
7152,30,3.4
7153,30,4.1
7154,30,3.75
7155,30,6.199999999999999
7156,30,7.15
7157,30,4.1
7158,30,5.1
7159,30,4.75
7160,30,5.8
7161,30,6.449999999999999
7162,30,4.8
7163,30,4.449999999999999
7164,30,6.449999999999999
7165,30,4.449999999999999
7166,30,3.75
7167,30,4.449999999999999
7168,30,4.1
7169,30,4.1
7170,30,4.8
7171,30,4.449999999999999
7172,30,4.8
7173,30,6.1
7174,30,4.8
7175,30,6.55
7176,30,4.1
7177,30,6.1
7178,30,4.8
7179,30,4.449999999999999
7180,30,5.75
7181,30,6.8
7182,30,5.4
7183,30,5.1
7184,30,5.1
7185,30,4.1
7186,30,4.449999999999999
7187,30,5.75
7188,30,4.449999999999999
7189,30,5.449999999999999
7190,30,5.1
7191,30,6.8
7192,30,5.1
7193,30,5.4
7194,30,6.1
7195,30,3.4
7196,30,5.4
7197,30,4.8
7198,30,4.8
7199,30,4.449999999999999
7200,30,5.75
7201,30,6.8
7202,30,6.45
7203,30,4.1
7204,30,3.05
7205,30,5.1
7206,30,4.1
7207,30,3.4
7208,30,4.1
7209,30,4.1
7210,30,5.75
7211,30,5.1
7212,30,4.1
7213,30,8.2
7214,30,3.75
7215,30,4.1
7216,30,4.1
7217,30,5.4
7218,30,4.1
7219,30,7.85
7220,30,4.8
7221,30,5.4
7222,30,5.1
7223,30,6.1
7224,30,3.4
7225,30,4.1
7226,30,6.1
7227,30,4.1
7228,30,5.75
7229,30,4.8
7230,30,4.75
7231,30,5.4
7232,30,4.7
7233,30,5.4
7234,30,5.75
7235,30,4.8
7236,30,3.75
7237,30,7.5
7238,30,4.8
7239,30,5.449999999999999
7240,30,5.75
7241,30,5.4
7242,30,5.9
7243,30,4.449999999999999
7244,30,3.4
7245,30,5.75
7246,30,4.1
7247,30,4.8
7248,30,5.4
7249,30,4.8
7250,30,5.4
7251,30,4.1
7252,30,6.449999999999999
7253,30,4.449999999999999
7254,30,6.449999999999999
7255,30,4.1
7256,30,8.5
7257,30,5.1
7258,30,5.1
7259,30,5.1
7260,30,3.4
7261,30,6.449999999999999
7262,30,2.7
7263,30,5.75
7264,30,6.8
7265,30,4.8
7266,30,4.1
7267,30,4.1
7268,30,6.449999999999999
7269,30,5.4
7270,30,5.75
7271,30,5.1
7272,30,6.1
7273,30,5.1
7274,30,4.8
7275,30,7.15
7276,30,5.1
7277,30,8.5
7278,30,4.8
7279,30,4.449999999999999
7280,30,6.8
7281,30,5.1
7282,30,2.35
7283,30,5.1
7284,30,5.75
7285,30,5.1
7286,30,3.05
7287,30,5.4
7288,30,4.75
7289,30,7.15
7290,30,6.8
7291,30,6.1
7292,30,6.1
7293,30,4.8
7294,30,4.1
7295,30,4.8
7296,30,4.8
7297,30,3.75
7298,30,3.4
7299,30,5.1
7300,30,4.949999999999999
7301,30,4.8
7302,30,5.4
7303,30,4.8
7304,30,3.4
7305,30,4.1
7306,30,4.1
7307,30,4.449999999999999
7308,30,2.7
7309,30,4.1
7310,30,6.449999999999999
7311,30,4.8
7312,30,7.5
7313,30,3.75
7314,30,5.1
7315,30,6.449999999999999
7316,30,6.1
7317,30,4.1
7318,30,3.4
7319,30,4.449999999999999
7320,30,5.9
7321,30,5.4
7322,30,4.1
7323,30,4.449999999999999
7324,30,4.6
7325,30,4.8
7326,30,4.449999999999999
7327,30,4.1
7328,30,5.75
7329,30,6.1
7330,30,2.7
7331,30,4.1
7332,30,8.2
7333,30,6.1
7334,30,7.15
7335,30,4.1
7336,30,5.4
7337,30,3.4
7338,30,4.8
7339,30,3.4
7340,30,4.8
7341,30,5.4
7342,30,4.75
7343,30,5.1
7344,30,4.449999999999999
7345,30,4.8
7346,30,5.4
7347,30,4.449999999999999
7348,30,5.75
7349,30,4.8
7350,30,5.4
7351,30,4.75
7352,30,5.75
7353,30,6.449999999999999
7354,30,4.8
7355,30,5.4
7356,30,5.75
7357,30,4.1
7358,30,4.8
7359,30,4.1
7360,30,7.15
7361,30,4.8
7362,30,6.449999999999999
7363,30,6.1
7364,30,4.8
7365,30,5.4
7366,30,5.1
7367,30,6.45
7368,30,3.75
7369,30,3.75
7370,30,5.1
7371,30,4.1
7372,30,3.4
7373,30,5.449999999999999
7374,30,4.449999999999999
7375,30,5.75
7376,30,3.4
7377,30,4.1
7378,30,6.1
7379,30,7.45
7380,30,5.1
7381,30,3.4
7382,30,4.1
7383,30,5.4
7384,30,5.4
7385,30,6.1
7386,30,6.1
7387,30,6.449999999999999
7388,30,6.1
7389,30,4.8
7390,30,5.1
7391,30,7.85
7392,30,4.8
7393,30,6.1
7394,30,3.7
7395,30,3.75
7396,30,5.1
7397,30,5.1
7398,30,4.949999999999999
7399,30,5.75
7400,30,4.449999999999999
7401,30,2.35
7402,30,7.5
7403,30,5.1
7404,30,3.75
7405,30,6.1
7406,30,3.75
7407,30,5.75
7408,30,6.1
7409,30,4.8
7410,30,4.1
7411,30,5.1
7412,30,3.05
7413,30,4.8
7414,30,7.15
7415,30,4.75
7416,30,2.7
7417,30,4.65
7418,30,5.75
7419,30,5.4
7420,30,6.55
7421,30,4.8
7422,30,6.449999999999999
7423,30,4.1
7424,30,5.1
7425,30,6.1
7426,30,3.75
7427,30,4.1
7428,30,3.4
7429,30,4.449999999999999
7430,30,4.1
7431,30,4.75
7432,30,6.1
7433,30,5.4
7434,30,6.449999999999999
7435,30,6.449999999999999
7436,30,7.15
7437,30,4.8
7438,30,5.1
7439,30,4.1
7440,30,4.05
7441,30,5.75
7442,30,4.8
7443,30,4.1
7444,30,5.4
7445,30,3.75
7446,30,6.1
7447,30,4.1
7448,30,4.1
7449,30,6.8
7450,30,5.1
7451,30,4.8
7452,30,5.4
7453,30,4.449999999999999
7454,30,6.1
7455,30,6.1
7456,30,5.75
7457,30,4.1
7458,30,5.1
7459,30,4.1
7460,30,3.4
7461,30,3.75
7462,30,4.949999999999999
7463,30,4.1
7464,30,5.4
7465,30,4.449999999999999
7466,30,5.4
7467,30,4.1
7468,30,4.8
7469,30,4.449999999999999
7470,30,3.4
7471,30,5.1
7472,30,4.8
7473,30,3.75
7474,30,4.8
7475,30,4.449999999999999
7476,30,3.4
7477,30,5.1
7478,30,7.5
7479,30,4.1
7480,30,3.4
7481,30,4.8
7482,30,5.75
7483,30,4.449999999999999
7484,30,6.1
7485,30,5.1
7486,30,4.8
7487,30,4.1
7488,30,4.8
7489,30,5.4
7490,30,5.1
7491,30,4.8
7492,30,4.75
7493,30,3.95
7494,30,6.1
7495,30,4.1
7496,30,5.75
7497,30,6.449999999999999
7498,30,5.4
7499,30,4.8
7500,30,5.1
7501,30,5.4
7502,30,4.8
7503,30,3.4
7504,30,5.75
7505,30,5.1
7506,30,4.1
7507,30,5.4
7508,30,5.1
7509,30,4.449999999999999
7510,30,6.1
7511,30,5.4
7512,30,6.449999999999999
7513,30,6.1
7514,30,8.15
7515,30,4.8
7516,30,3.75
7517,30,6.449999999999999
7518,30,4.8
7519,30,4.449999999999999
7520,30,7.5
7521,30,6.1
7522,30,4.1
7523,30,4.8
7524,30,4.449999999999999
7525,30,4.8
7526,30,6.449999999999999
7527,30,3.05
7528,30,3.05
7529,30,4.449999999999999
7530,30,4.8
7531,30,7.15
7532,30,4.1
7533,30,5.4
7534,30,5.1
7535,30,5.1
7536,30,6.1
7537,30,5.25
7538,30,4.8
7539,30,3.75
7540,30,6.8
7541,30,4.1
7542,30,4.449999999999999
7543,30,4.449999999999999
7544,30,4.449999999999999
7545,30,6.45
7546,30,4.8
7547,30,5.4
7548,30,6.1
7549,30,4.8
7550,30,6.8
7551,30,4.1
7552,30,3.4
7553,30,4.1
7554,30,6.8
7555,30,4.8
7556,30,7.5
7557,30,4.449999999999999
7558,30,4.8
7559,30,4.8
7560,30,5.1
7561,30,5.4
7562,30,5.4
7563,30,6.8
7564,30,4.8
7565,30,5.1
7566,30,5.4
7567,30,5.4
7568,30,4.1
7569,30,4.75
7570,30,5.1
7571,30,3.05
7572,30,8.8
7573,30,5.25
7574,30,6.449999999999999
7575,30,5.1
7576,30,8.85
7577,30,4.1
7578,30,4.1
7579,30,5.1
7580,30,3.05
7581,30,4.8
7582,30,4.8
7583,30,4.8
7584,30,4.1
7585,30,7.15
7586,30,4.449999999999999
7587,30,5.4
7588,30,4.8
7589,30,3.75
7590,30,6.449999999999999
7591,30,5.75
7592,30,6.1
7593,30,5.75
7594,30,4.3
7595,30,3.4
7596,30,4.8
7597,30,6.1
7598,30,4.1
7599,30,7.75
7600,30,6.1
7601,30,5.4
7602,30,5.4
7603,30,4.8
7604,30,4.449999999999999
7605,30,4.449999999999999
7606,30,4.1
7607,30,5.75
7608,30,4.1
7609,30,3.7
7610,30,4.449999999999999
7611,30,4.449999999999999
7612,30,4.1
7613,30,4.1
7614,30,5.1
7615,30,4.1
7616,30,4.8
7617,30,4.8
7618,30,4.449999999999999
7619,30,4.449999999999999
7620,30,5.1
7621,30,6.449999999999999
7622,30,4.8
7623,30,6.449999999999999
7624,30,5.1
7625,30,4.1
7626,30,4.8
7627,30,6.8
7628,30,5.75
7629,30,6.1
7630,30,6.1
7631,30,4.1
7632,30,4.1
7633,30,5.8
7634,30,5.4
7635,30,3.4
7636,30,5.449999999999999
7637,30,4.8
7638,30,4.8
7639,30,4.449999999999999
7640,30,5.1
7641,30,4.449999999999999
7642,30,5.1
7643,30,4.1
7644,30,3.4
7645,30,4.8
7646,30,2.7
7647,30,4.449999999999999
7648,30,5.1
7649,30,4.8
7650,30,3.7
7651,30,4.449999999999999
7652,30,5.1
7653,30,3.4
7654,30,4.449999999999999
7655,30,3.4
7656,30,5.75
7657,30,4.1
7658,30,5.75
7659,30,4.75
7660,30,9.15
7661,30,4.1
7662,30,5.75
7663,30,4.8
7664,30,7.5
7665,30,4.449999999999999
7666,30,4.4
7667,30,3.4
7668,30,6.1
7669,30,5.4
7670,30,7.5
7671,30,4.8
7672,30,7.15
7673,30,4.449999999999999
7674,30,5.449999999999999
7675,30,5.4
7676,30,6.1
7677,30,4.1
7678,30,4.1
7679,30,3.75
7680,30,4.8
7681,30,7.85
7682,30,3.75
7683,30,5.75
7684,30,7.5
7685,30,4.8
7686,30,4.8
7687,30,5.75
7688,30,3.75
7689,30,4.449999999999999
7690,30,4.3
7691,30,6.1
7692,30,5.4
7693,30,3.4
7694,30,6.449999999999999
7695,30,7.5
7696,30,7.15
7697,30,5.4
7698,30,4.8
7699,30,5.4
7700,30,3.4
7701,30,4.1
7702,30,4.449999999999999
7703,30,4.1
7704,30,3.75
7705,30,3.75
7706,30,6.1
7707,30,5.4
7708,30,5.75
7709,30,4.1
7710,30,4.1
7711,30,4.75
7712,30,9.15
7713,30,4.8
7714,30,4.949999999999999
7715,30,4.449999999999999
7716,30,4.449999999999999
7717,30,4.8
7718,30,5.1
7719,30,7.15
7720,30,5.1
7721,30,7.85
7722,30,6.1
7723,30,7.5
7724,30,4.8
7725,30,3.4
7726,30,5.75
7727,30,4.1
7728,30,4.449999999999999
7729,30,4.1
7730,30,3.4
7731,30,5.1
7732,30,3.4
7733,30,5.4
7734,30,4.8
7735,30,5.1
7736,30,4.8
7737,30,6.8
7738,30,6.8
7739,30,4.8
7740,30,5.1
7741,30,4.050000000000001
7742,30,4.8
7743,30,4.449999999999999
7744,30,4.1
7745,30,6.1
7746,30,5.8
7747,30,6.1
7748,30,5.1
7749,30,3.4
7750,30,4.8
7751,30,4.449999999999999
7752,30,5.75
7753,30,5.4
7754,30,4.1
7755,30,6.1
7756,30,4.1
7757,30,3.4
7758,30,6.449999999999999
7759,30,6.8
7760,30,4.449999999999999
7761,30,5.1
7762,30,5.1
7763,30,2.7
7764,30,6.449999999999999
7765,30,4.1
7766,30,5.75
7767,30,4.449999999999999
7768,30,5.75
7769,30,4.449999999999999
7770,30,6.1
7771,30,6.449999999999999
7772,30,5.449999999999999
7773,30,4.1
7774,30,4.1
7775,30,5.75
7776,30,5.4
7777,30,4.1
7778,30,3.75
7779,30,4.1
7780,30,6.1
7781,30,3.4
7782,30,4.8
7783,30,5.4
7784,30,3.4
7785,30,7.5
7786,30,4.8
7787,30,5.4
7788,30,4.449999999999999
7789,30,3.4
7790,30,6.1
7791,30,5.449999999999999
7792,30,3.75
7793,30,7.85
7794,30,5.4
7795,30,4.1
7796,30,5.75
7797,30,4.8
7798,30,6.8
7799,30,4.449999999999999
7800,30,3.4
7801,30,3.75
7802,30,5.4
7803,30,6.449999999999999
7804,30,5.4
7805,30,4.3
7806,30,4.449999999999999
7807,30,5.75
7808,30,5.4
7809,30,4.8
7810,30,7.15
7811,30,4.8
7812,30,3.75
7813,30,4.8
7814,30,5.4
7815,30,3.75
7816,30,6.1
7817,30,5.75
7818,30,6.1
7819,30,4.1
7820,30,4.449999999999999
7821,30,8.15
7822,30,4.75
7823,30,4.8
7824,30,4.449999999999999
7825,30,4.1
7826,30,5.4
7827,30,4.1
7828,30,4.8
7829,30,4.449999999999999
7830,30,4.8
7831,30,6.449999999999999
7832,30,3.4
7833,30,5.1
7834,30,5.75
7835,30,4.449999999999999
7836,30,5.4
7837,30,4.449999999999999
7838,30,5.1
7839,30,5.4
7840,30,5.4
7841,30,4.8
7842,30,5.75
7843,30,4.1
7844,30,6.1
7845,30,5.4
7846,30,7.85
7847,30,5.1
7848,30,4.8
7849,30,7.15
7850,30,5.4
7851,30,5.1
7852,30,7.15
7853,30,5.75
7854,30,4.8
7855,30,4.1
7856,30,4.75
7857,30,3.75
7858,30,6.1
7859,30,5.1
7860,30,4.8
7861,30,4.8
7862,30,5.4
7863,30,3.75
7864,30,5.8
7865,30,3.75
7866,30,4.449999999999999
7867,30,5.75
7868,30,4.449999999999999
7869,30,5.4
7870,30,4.8
7871,30,6.449999999999999
7872,30,6.1
7873,30,5.4
7874,30,6.8
7875,30,4.1
7876,30,4.8
7877,30,6.1
7878,30,3.75
7879,30,6.1
7880,30,5.4
7881,30,6.449999999999999
7882,30,5.4
7883,30,8.5
7884,30,6.1
7885,30,4.449999999999999
7886,30,3.4
7887,30,5.75
7888,30,5.4
7889,30,7.15
7890,30,3.4
7891,30,6.449999999999999
7892,30,4.449999999999999
7893,30,4.449999999999999
7894,30,4.449999999999999
7895,30,6.1
7896,30,3.7
7897,30,4.8
7898,30,5.75
7899,30,4.1
7900,30,4.8
7901,30,5.75
7902,30,4.1
7903,30,5.25
7904,30,3.75
7905,30,5.1
7906,30,5.1
7907,30,4.8
7908,30,5.4
7909,30,5.4
7910,30,8.2
7911,30,4.1
7912,30,4.8
7913,30,5.75
7914,30,5.4
7915,30,4.949999999999999
7916,30,5.4
7917,30,6.8
7918,30,4.449999999999999
7919,30,5.1
7920,30,3.4
7921,30,5.75
7922,30,5.75
7923,30,6.449999999999999
7924,30,6.75
7925,30,5.75
7926,30,5.4
7927,30,5.75
7928,30,4.8
7929,30,5.4
7930,30,4.8
7931,30,5.75
7932,30,3.4
7933,30,6.1
7934,30,3.05
7935,30,6.8
7936,30,4.1
7937,30,5.1
7938,30,6.1
7939,30,4.1
7940,30,4.449999999999999
7941,30,6.8
7942,30,6.55
7943,30,4.05
7944,30,3.75
7945,30,4.75
7946,30,4.449999999999999
7947,30,4.1
7948,30,3.4
7949,30,3.75
7950,30,4.1
7951,30,4.8
7952,30,3.75
7953,30,6.1
7954,30,4.8
7955,30,6.1
7956,30,6.1
7957,30,4.8
7958,30,3.75
7959,30,3.75
7960,30,4.65
7961,30,4.8
7962,30,4.1
7963,30,4.3
7964,30,7.5
7965,30,4.8
7966,30,4.05
7967,30,4.449999999999999
7968,30,5.4
7969,30,4.449999999999999
7970,30,4.8
7971,30,5.4
7972,30,4.1
7973,30,4.449999999999999
7974,30,8.2
7975,30,4.8
7976,30,4.1
7977,30,6.8
7978,30,4.8
7979,30,6.1
7980,30,5.4
7981,30,4.8
7982,30,3.05
7983,30,5.75
7984,30,3.4
7985,30,4.1
7986,30,3.75
7987,30,6.449999999999999
7988,30,5.75
7989,30,6.449999999999999
7990,30,6.8
7991,30,4.1
7992,30,5.1
7993,30,4.8
7994,30,5.75
7995,30,4.75
7996,30,5.4
7997,30,6.1
7998,30,4.8
7999,30,4.1
8000,30,7.15
8001,30,5.4
8002,30,4.8
8003,30,8.5
8004,30,4.75
8005,30,5.8
8006,30,6.449999999999999
8007,30,4.4
8008,30,5.75
8009,30,5.4
8010,30,4.449999999999999
8011,30,5.1
8012,30,4.1
8013,30,5.4
8014,30,4.449999999999999
8015,30,3.4
8016,30,4.1
8017,30,3.75
8018,30,5.25
8019,30,5.4
8020,30,4.75
8021,30,7.5
8022,30,4.8
8023,30,5.4
8024,30,7.5
8025,30,5.1
8026,30,6.8
8027,30,4.949999999999999
8028,30,3.4
8029,30,4.449999999999999
8030,30,3.75
8031,30,4.1
8032,30,5.1
8033,30,4.1
8034,30,7.5
8035,30,4.8
8036,30,3.75
8037,30,4.8
8038,30,5.4
8039,30,5.4
8040,30,4.1
8041,30,4.1
8042,30,5.4
8043,30,5.75
8044,30,5.4
8045,30,4.449999999999999
8046,30,5.75
8047,30,4.8
8048,30,4.449999999999999
8049,30,4.8
8050,30,4.449999999999999
8051,30,3.4
8052,30,4.449999999999999
8053,30,4.8
8054,30,6.1
8055,30,4.1
8056,30,4.75
8057,30,5.1
8058,30,4.8
8059,30,4.8
8060,30,4.1
8061,30,5.1
8062,30,4.1
8063,30,4.8
8064,30,5.449999999999999
8065,30,5.75
8066,30,4.1
8067,30,3.4
8068,30,7.800000000000001
8069,30,5.4
8070,30,4.8
8071,30,6.8
8072,30,4.1
8073,30,5.1
8074,30,5.1
8075,30,4.8
8076,30,4.8
8077,30,5.1
8078,30,7.85
8079,30,4.8
8080,30,3.4
8081,30,6.8
8082,30,4.8
8083,30,4.1
8084,30,3.4
8085,30,6.449999999999999
8086,30,3.05
8087,30,4.8
8088,30,5.1
8089,30,5.4
8090,30,5.449999999999999
8091,30,4.449999999999999
8092,30,4.8
8093,30,3.75
8094,30,4.1
8095,30,4.449999999999999
8096,30,6.8
8097,30,5.4
8098,30,4.449999999999999
8099,30,4.1
8100,30,4.8
8101,30,7.15
8102,30,3.4
8103,30,5.4
8104,30,5.75
8105,30,4.8
8106,30,3.75
8107,30,4.449999999999999
8108,30,3.4
8109,30,4.449999999999999
8110,30,7.5
8111,30,4.8
8112,30,4.1
8113,30,5.25
8114,30,4.1
8115,30,5.4
8116,30,3.75
8117,30,4.449999999999999
8118,30,4.449999999999999
8119,30,3.4
8120,30,4.05
8121,30,4.449999999999999
8122,30,4.1
8123,30,4.8
8124,30,5.1
8125,30,5.1
8126,30,6.1
8127,30,4.449999999999999
8128,30,5.4
8129,30,4.1
8130,30,5.1
8131,30,4.1
8132,30,6.1
8133,30,4.8
8134,30,4.1
8135,30,4.1
8136,30,5.4
8137,30,4.1
8138,30,4.1
8139,30,2.7
8140,30,7.15
8141,30,4.8
8142,30,4.1
8143,30,4.1
8144,30,5.75
8145,30,6.1
8146,30,5.4
8147,30,3.4
8148,30,8.2
8149,30,6.8
8150,30,4.449999999999999
8151,30,6.1
8152,30,4.1
8153,30,4.8
8154,30,6.449999999999999
8155,30,4.949999999999999
8156,30,4.1
8157,30,4.8
8158,30,5.1
8159,30,7.85
8160,30,4.449999999999999
8161,30,4.449999999999999
8162,30,4.8
8163,30,3.4
8164,30,5.1
8165,30,4.1
8166,30,4.449999999999999
8167,30,6.449999999999999
8168,30,5.75
8169,30,5.75
8170,30,3.4
8171,30,6.449999999999999
8172,30,5.75
8173,30,5.4
8174,30,4.75
8175,30,3.75
8176,30,3.75
8177,30,6.1
8178,30,7.15
8179,30,7.15
8180,30,3.4
8181,30,4.1
8182,30,5.1
8183,30,4.75
8184,30,5.6
8185,30,6.449999999999999
8186,30,4.8
8187,30,5.4
8188,30,4.1
8189,30,6.449999999999999
8190,30,4.449999999999999
8191,30,5.9
8192,30,5.3
8193,30,5.75
8194,30,4.8
8195,30,6.1
8196,30,3.05
8197,30,5.4
8198,30,4.8
8199,30,3.75
8200,30,6.449999999999999
8201,30,3.4
8202,30,8.8
8203,30,5.1
8204,30,4.8
8205,30,6.1
8206,30,4.65
8207,30,4.8
8208,30,4.8
8209,30,5.4
8210,30,5.4
8211,30,4.8
8212,30,5.449999999999999
8213,30,5.1
8214,30,6.1
8215,30,5.1
8216,30,5.1
8217,30,4.449999999999999
8218,30,3.75
8219,30,4.449999999999999
8220,30,4.8
8221,30,4.1
8222,30,4.1
8223,30,6.8
8224,30,4.1
8225,30,4.1
8226,30,4.1
8227,30,4.75
8228,30,5.75
8229,30,4.8
8230,30,4.1
8231,30,9.5
8232,30,5.1
8233,30,4.449999999999999
8234,30,6.449999999999999
8235,30,5.4
8236,30,4.75
8237,30,3.75
8238,30,4.8
8239,30,4.949999999999999
8240,30,4.449999999999999
8241,30,5.1
8242,30,4.8
8243,30,7.5
8244,30,6.1
8245,30,6.1
8246,30,4.8
8247,30,5.1
8248,30,4.3
8249,30,4.1
8250,30,7.15
8251,30,4.1
8252,30,6.1
8253,30,7.5
8254,30,4.8
8255,30,5.1
8256,30,4.8
8257,30,5.75
8258,30,5.1
8259,30,4.8
8260,30,5.1
8261,30,4.1
8262,30,4.8
8263,30,4.1
8264,30,6.1
8265,30,6.1
8266,30,5.4
8267,30,6.8
8268,30,5.1
8269,30,4.449999999999999
8270,30,5.4
8271,30,4.75
8272,30,5.75
8273,30,3.4
8274,30,4.1
8275,30,7.15
8276,30,5.4
8277,30,4.8
8278,30,3.75
8279,30,5.4
8280,30,4.1
8281,30,4.8
8282,30,4.8
8283,30,4.1
8284,30,5.1
8285,30,5.1
8286,30,4.1
8287,30,6.1
8288,30,9.15
8289,30,3.4
8290,30,6.449999999999999
8291,30,6.1
8292,30,5.1
8293,30,4.949999999999999
8294,30,4.8
8295,30,7.5
8296,30,4.8
8297,30,6.1
8298,30,5.4
8299,30,4.1
8300,30,6.75
8301,30,3.4
8302,30,4.449999999999999
8303,30,4.1
8304,30,5.1
8305,30,4.8
8306,30,3.75
8307,30,4.8
8308,30,5.4
8309,30,3.05
8310,30,7.15
8311,30,4.1
8312,30,6.1
8313,30,3.75
8314,30,4.449999999999999
8315,30,4.1
8316,30,7.85
8317,30,8.2
8318,30,4.1
8319,30,5.4
8320,30,4.449999999999999
8321,30,4.8
8322,30,6.45
8323,30,4.8
8324,30,4.1
8325,30,3.75
8326,30,3.4
8327,30,4.449999999999999
8328,30,5.449999999999999
8329,30,5.1
8330,30,5.4
8331,30,5.4
8332,30,4.1
8333,30,5.4
8334,30,4.449999999999999
8335,30,6.1
8336,30,7.5
8337,30,3.4
8338,30,5.4
8339,30,5.1
8340,30,5.1
8341,30,5.1
8342,30,5.1
8343,30,6.449999999999999
8344,30,4.949999999999999
8345,30,5.75
8346,30,5.4
8347,30,3.75
8348,30,5.1
8349,30,5.1
8350,30,5.4
8351,30,5.1
8352,30,5.449999999999999
8353,30,4.449999999999999
8354,30,6.1
8355,30,5.75
8356,30,4.449999999999999
8357,30,5.4
8358,30,4.8
8359,30,4.1
8360,30,6.449999999999999
8361,30,3.75
8362,30,4.1
8363,30,3.05
8364,30,6.1
8365,30,6.8
8366,30,8.85
8367,30,4.8
8368,30,4.8
8369,30,4.1
8370,30,4.8
8371,30,4.8
8372,30,4.8
8373,30,8.8
8374,30,6.449999999999999
8375,30,4.449999999999999
8376,30,3.4
8377,30,2.7
8378,30,4.449999999999999
8379,30,6.45
8380,30,6.8
8381,30,4.1
8382,30,4.449999999999999
8383,30,6.449999999999999
8384,30,4.8
8385,30,3.75
8386,30,3.4
8387,30,4.1
8388,30,4.3
8389,30,4.449999999999999
8390,30,5.4
8391,30,4.8
8392,30,5.75
8393,30,4.8
8394,30,5.1
8395,30,3.75
8396,30,5.75
8397,30,4.8
8398,30,4.65
8399,30,4.4
8400,30,5.75
8401,30,4.8
8402,30,4.1
8403,30,5.75
8404,30,6.8
8405,30,6.1
8406,30,4.449999999999999
8407,30,4.449999999999999
8408,30,4.1
8409,30,4.75
8410,30,7.15
8411,30,4.449999999999999
8412,30,6.449999999999999
8413,30,4.1
8414,30,5.1
8415,30,5.4
8416,30,5.1
8417,30,4.449999999999999
8418,30,4.8
8419,30,5.1
8420,30,5.75
8421,30,4.8
8422,30,3.4
8423,30,4.449999999999999
8424,30,6.449999999999999
8425,30,4.449999999999999
8426,30,4.449999999999999
8427,30,5.75
8428,30,3.4
8429,30,6.1
8430,30,4.1
8431,30,4.8
8432,30,7.15
8433,30,3.4
8434,30,5.4
8435,30,4.1
8436,30,6.1
8437,30,6.449999999999999
8438,30,4.8
8439,30,7.5
8440,30,5.4
8441,30,5.4
8442,30,4.449999999999999
8443,30,4.449999999999999
8444,30,7.15
8445,30,6.8
8446,30,3.75
8447,30,6.449999999999999
8448,30,5.4
8449,30,5.8
8450,30,6.449999999999999
8451,30,8.15
8452,30,5.75
8453,30,4.1
8454,30,4.8
8455,30,5.6
8456,30,4.449999999999999
8457,30,5.449999999999999
8458,30,5.4
8459,30,4.8
8460,30,4.1
8461,30,5.1
8462,30,5.1
8463,30,4.65
8464,30,4.8
8465,30,4.8
8466,30,6.1
8467,30,6.1
8468,30,7.85
8469,30,4.8
8470,30,5.1
8471,30,6.1
8472,30,4.8
8473,30,5.4
8474,30,4.8
8475,30,3.4
8476,30,3.75
8477,30,4.449999999999999
8478,30,3.7
8479,30,4.1
8480,30,4.1
8481,30,4.1
8482,30,5.75
8483,30,6.1
8484,30,5.1
8485,30,4.8
8486,30,3.4
8487,30,7.5
8488,30,5.1
8489,30,4.8
8490,30,4.8
8491,30,4.8
8492,30,4.8
8493,30,5.25
8494,30,8.2
8495,30,4.1
8496,30,4.8
8497,30,4.449999999999999
8498,30,5.4
8499,30,3.05
8500,30,4.1
8501,30,4.949999999999999
8502,30,5.4
8503,30,4.1
8504,30,4.1
8505,30,3.4
8506,30,3.4
8507,30,6.1
8508,30,4.8
8509,30,3.75
8510,30,3.4
8511,30,4.449999999999999
8512,30,4.449999999999999
8513,30,4.1
8514,30,5.1
8515,30,4.449999999999999
8516,30,4.1
8517,30,5.4
8518,30,6.8
8519,30,5.25
8520,30,4.8
8521,30,5.4
8522,30,4.8
8523,30,4.1
8524,30,6.449999999999999
8525,30,5.4
8526,30,4.8
8527,30,5.75
8528,30,6.1
8529,30,4.1
8530,30,4.8
8531,30,6.8
8532,30,5.75
8533,30,4.1
8534,30,4.449999999999999
8535,30,5.1
8536,30,3.75
8537,30,4.1
8538,30,6.3
8539,30,4.1
8540,30,4.8
8541,30,5.75
8542,30,4.1
8543,30,3.4
8544,30,5.4
8545,30,6.449999999999999
8546,30,4.1
8547,30,4.8
8548,30,7.5
8549,30,4.1
8550,30,4.8
8551,30,3.4
8552,30,4.1
8553,30,7.5
8554,30,5.449999999999999
8555,30,6.449999999999999
8556,30,5.4
8557,30,4.449999999999999
8558,30,6.1
8559,30,4.449999999999999
8560,30,6.449999999999999
8561,30,4.8
8562,30,6.8
8563,30,4.8
8564,30,5.1
8565,30,4.1
8566,30,5.1
8567,30,5.449999999999999
8568,30,5.4
8569,30,4.8
8570,30,4.1
8571,30,5.1
8572,30,5.75
8573,30,4.8
8574,30,4.1
8575,30,5.4
8576,30,5.449999999999999
8577,30,4.8
8578,30,6.8
8579,30,3.4
8580,30,6.449999999999999
8581,30,4.449999999999999
8582,30,3.4
8583,30,6.449999999999999
8584,30,4.1
8585,30,5.4
8586,30,3.05
8587,30,10.2
8588,30,5.1
8589,30,3.4
8590,30,4.8
8591,30,4.1
8592,30,5.75
8593,30,5.1
8594,30,4.449999999999999
8595,30,3.75
8596,30,7.85
8597,30,5.4
8598,30,6.449999999999999
8599,30,4.449999999999999
8600,30,5.1
8601,30,5.4
8602,30,4.8
8603,30,5.85
8604,30,5.75
8605,30,5.4
8606,30,5.4
8607,30,6.449999999999999
8608,30,6.449999999999999
8609,30,4.8
8610,30,4.8
8611,30,5.4
8612,30,5.1
8613,30,3.4
8614,30,6.8
8615,30,4.1
8616,30,7.85
8617,30,4.449999999999999
8618,30,5.449999999999999
8619,30,4.1
8620,30,7.15
8621,30,3.4
8622,30,6.449999999999999
8623,30,3.4
8624,30,5.4
8625,30,6.1
8626,30,6.8
8627,30,4.1
8628,30,5.9
8629,30,7.85
8630,30,5.75
8631,30,3.75
8632,30,4.8
8633,30,7.5
8634,30,4.75
8635,30,4.1
8636,30,5.4
8637,30,5.4
8638,30,5.4
8639,30,4.449999999999999
8640,30,4.1
8641,30,5.75
8642,30,3.75
8643,30,5.1
8644,30,4.8
8645,30,4.1
8646,30,3.75
8647,30,3.75
8648,30,4.8
8649,30,5.75
8650,30,4.1
8651,30,2.7
8652,30,5.4
8653,30,5.1
8654,30,4.8
8655,30,4.8
8656,30,6.449999999999999
8657,30,5.1
8658,30,4.449999999999999
8659,30,5.75
8660,30,4.8
8661,30,4.1
8662,30,4.1
8663,30,3.4
8664,30,4.8
8665,30,5.4
8666,30,6.8
8667,30,4.8
8668,30,4.1
8669,30,6.1
8670,30,4.1
8671,30,5.75
8672,30,5.4
8673,30,4.8
8674,30,6.1
8675,30,3.4
8676,30,7.15
8677,30,4.1
8678,30,4.1
8679,30,4.1
8680,30,4.1
8681,30,4.1
8682,30,4.449999999999999
8683,30,5.4
8684,30,4.449999999999999
8685,30,4.8
8686,30,6.1
8687,30,5.1
8688,30,4.8
8689,30,5.75
8690,30,6.8
8691,30,6.449999999999999
8692,30,4.8
8693,30,5.449999999999999
8694,30,5.75
8695,30,4.8
8696,30,4.449999999999999
8697,30,4.3
8698,30,6.1
8699,30,5.1
8700,30,5.25
8701,30,5.449999999999999
8702,30,5.4
8703,30,5.75
8704,30,5.1
8705,30,7.5
8706,30,5.75
8707,30,4.8
8708,30,5.75
8709,30,4.1
8710,30,4.1
8711,30,3.75
8712,30,6.1
8713,30,4.1
8714,30,4.8
8715,30,4.449999999999999
8716,30,5.1
8717,30,6.1
8718,30,3.4
8719,30,4.8
8720,30,4.449999999999999
8721,30,3.75
8722,30,5.1
8723,30,6.1
8724,30,6.1
8725,30,5.75
8726,30,5.1
8727,30,5.1
8728,30,6.449999999999999
8729,30,4.8
8730,30,4.8
8731,30,4.1
8732,30,3.75
8733,30,5.4
8734,30,4.1
8735,30,4.75
8736,30,4.949999999999999
8737,30,4.8
8738,30,6.449999999999999
8739,30,5.75
8740,30,3.75
8741,30,5.75
8742,30,4.8
8743,30,3.4
8744,30,4.449999999999999
8745,30,4.8
8746,30,4.8
8747,30,4.8
8748,30,4.1
8749,30,5.1
8750,30,7.5
8751,30,4.1
8752,30,5.4
8753,30,5.1
8754,30,8.2
8755,30,4.8
8756,30,6.1
8757,30,6.1
8758,30,5.1
8759,30,7.15
8760,30,5.75
8761,30,6.449999999999999
8762,30,5.4
8763,30,4.1
8764,30,5.75
8765,30,4.449999999999999
8766,30,3.75
8767,30,6.8
8768,30,4.449999999999999
8769,30,7.15
8770,30,4.1
8771,30,5.4
8772,30,4.449999999999999
8773,30,4.1
8774,30,6.55
8775,30,5.75
8776,30,4.449999999999999
8777,30,3.75
8778,30,4.8
8779,30,4.1
8780,30,5.1
8781,30,3.75
8782,30,4.1
8783,30,4.1
8784,30,5.75
8785,30,4.449999999999999
8786,30,5.4
8787,30,7.5
8788,30,6.1
8789,30,4.449999999999999
8790,30,7.85
8791,30,4.449999999999999
8792,30,4.8
8793,30,3.75
8794,30,5.4
8795,30,5.4
8796,30,6.449999999999999
8797,30,3.4
8798,30,3.4
8799,30,5.1
8800,30,3.75
8801,30,5.1
8802,30,5.1
8803,30,3.75
8804,30,4.1
8805,30,6.8
8806,30,3.75
8807,30,4.449999999999999
8808,30,4.449999999999999
8809,30,6.1
8810,30,3.05
8811,30,6.8
8812,30,4.8
8813,30,5.75
8814,30,4.8
8815,30,4.8
8816,30,4.65
8817,30,4.8
8818,30,5.4
8819,30,6.449999999999999
8820,30,6.1
8821,30,6.1
8822,30,6.449999999999999
8823,30,3.4
8824,30,4.449999999999999
8825,30,3.75
8826,30,5.4
8827,30,7.15
8828,30,3.75
8829,30,3.75
8830,30,4.1
8831,30,5.4
8832,30,7.15
8833,30,4.1
8834,30,5.4
8835,30,6.8
8836,30,4.1
8837,30,4.449999999999999
8838,30,5.1
8839,30,7.15
8840,30,5.75
8841,30,5.449999999999999
8842,30,5.1
8843,30,5.4
8844,30,5.4
8845,30,6.1
8846,30,4.8
8847,30,7.5
8848,30,4.1
8849,30,5.75
8850,30,5.449999999999999
8851,30,6.1
8852,30,6.449999999999999
8853,30,4.8
8854,30,3.4
8855,30,5.4
8856,30,6.1
8857,30,7.5
8858,30,3.4
8859,30,5.1
8860,30,4.1
8861,30,4.8
8862,30,6.1
8863,30,5.75
8864,30,4.1
8865,30,6.449999999999999
8866,30,4.1
8867,30,7.5
8868,30,4.8
8869,30,3.75
8870,30,3.75
8871,30,4.1
8872,30,4.8
8873,30,5.75
8874,30,4.449999999999999
8875,30,4.1
8876,30,5.449999999999999
8877,30,3.75
8878,30,6.8
8879,30,6.1
8880,30,4.8
8881,30,5.4
8882,30,5.75
8883,30,4.8
8884,30,4.449999999999999
8885,30,4.449999999999999
8886,30,4.8
8887,30,5.449999999999999
8888,30,5.4
8889,30,4.8
8890,30,7.15
8891,30,4.1
8892,30,4.1
8893,30,6.1
8894,30,5.1
8895,30,5.75
8896,30,5.75
8897,30,4.449999999999999
8898,30,4.95
8899,30,7.5
8900,30,6.449999999999999
8901,30,5.75
8902,30,5.1
8903,30,6.8
8904,30,4.65
8905,30,5.4
8906,30,3.05
8907,30,3.75
8908,30,4.8
8909,30,4.8
8910,30,4.4
8911,30,3.75
8912,30,6.1
8913,30,5.1
8914,30,5.1
8915,30,4.65
8916,30,3.4
8917,30,5.1
8918,30,5.4
8919,30,4.449999999999999
8920,30,4.449999999999999
8921,30,8.5
8922,30,4.8
8923,30,4.8
8924,30,6.1
8925,30,5.4
8926,30,4.1
8927,30,4.1
8928,30,2.7
8929,30,6.1
8930,30,4.75
8931,30,5.4
8932,30,6.1
8933,30,5.1
8934,30,4.1
8935,30,4.75
8936,30,4.449999999999999
8937,30,7.1
8938,30,4.8
8939,30,4.449999999999999
8940,30,3.4
8941,30,5.4
8942,30,4.8
8943,30,6.1
8944,30,5.75
8945,30,3.75
8946,30,6.8
8947,30,3.7
8948,30,6.449999999999999
8949,30,4.8
8950,30,3.75
8951,30,4.8
8952,30,5.1
8953,30,6.449999999999999
8954,30,4.8
8955,30,5.4
8956,30,6.8
8957,30,5.4
8958,30,4.8
8959,30,4.1
8960,30,7.15
8961,30,5.1
8962,30,4.8
8963,30,7.15
8964,30,4.8
8965,30,5.1
8966,30,3.75
8967,30,3.75
8968,30,5.1
8969,30,3.75
8970,30,8.2
8971,30,5.1
8972,30,3.75
8973,30,5.75
8974,30,6.449999999999999
8975,30,3.4
8976,30,6.1
8977,30,5.4
8978,30,5.8
8979,30,3.4
8980,30,5.1
8981,30,5.1
8982,30,5.1
8983,30,3.05
8984,30,4.8
8985,30,5.1
8986,30,4.8
8987,30,4.8
8988,30,5.75
8989,30,7.15
8990,30,6.8
8991,30,4.65
8992,30,7.5
8993,30,4.8
8994,30,6.449999999999999
8995,30,4.1
8996,30,4.8
8997,30,6.449999999999999
8998,30,6.449999999999999
8999,30,4.449999999999999
9000,30,5.75
9001,30,6.1
9002,30,5.75
9003,30,5.4
9004,30,4.449999999999999
9005,30,8.5
9006,30,4.449999999999999
9007,30,3.75
9008,30,4.449999999999999
9009,30,6.449999999999999
9010,30,7.15
9011,30,4.1
9012,30,4.8
9013,30,5.1
9014,30,7.15
9015,30,5.75
9016,30,4.1
9017,30,6.1
9018,30,4.1
9019,30,6.1
9020,30,6.8
9021,30,4.1
9022,30,5.75
9023,30,5.4
9024,30,4.8
9025,30,4.8
9026,30,4.8
9027,30,4.449999999999999
9028,30,4.1
9029,30,5.4
9030,30,6.8
9031,30,3.4
9032,30,4.1
9033,30,4.1
9034,30,5.4
9035,30,6.1
9036,30,4.8
9037,30,6.1
9038,30,5.1
9039,30,5.75
9040,30,5.449999999999999
9041,30,4.8
9042,30,5.75
9043,30,4.1
9044,30,5.4
9045,30,5.4
9046,30,7.5
9047,30,5.75
9048,30,5.4
9049,30,5.4
9050,30,6.8
9051,30,4.449999999999999
9052,30,6.8
9053,30,7.15
9054,30,4.8
9055,30,5.4
9056,30,3.4
9057,30,4.8
9058,30,4.8
9059,30,4.1
9060,30,3.4
9061,30,6.25
9062,30,5.449999999999999
9063,30,6.45
9064,30,4.1
9065,30,6.449999999999999
9066,30,5.1
9067,30,4.1
9068,30,4.449999999999999
9069,30,6.449999999999999
9070,30,5.4
9071,30,6.1
9072,30,4.1
9073,30,7.15
9074,30,5.4
9075,30,5.1
9076,30,6.8
9077,30,4.8
9078,30,3.4
9079,30,6.1
9080,30,3.75
9081,30,5.75
9082,30,7.15
9083,30,4.8
9084,30,5.75
9085,30,4.449999999999999
9086,30,4.1
9087,30,5.1
9088,30,3.75
9089,30,4.1
9090,30,5.4
9091,30,3.05
9092,30,5.4
9093,30,6.1
9094,30,4.449999999999999
9095,30,5.1
9096,30,6.1
9097,30,4.8
9098,30,4.05
9099,30,6.1
9100,30,5.1
9101,30,4.1
9102,30,6.8
9103,30,4.449999999999999
9104,30,6.8
9105,30,5.75
9106,30,6.449999999999999
9107,30,5.1
9108,30,5.1
9109,30,4.1
9110,30,4.3
9111,30,4.8
9112,30,4.449999999999999
9113,30,4.1
9114,30,7.5
9115,30,3.4
9116,30,3.75
9117,30,3.4
9118,30,4.449999999999999
9119,30,4.8
9120,30,5.75
9121,30,4.75
9122,30,5.4
9123,30,4.8
9124,30,3.75
9125,30,4.65
9126,30,6.1
9127,30,4.1
9128,30,4.449999999999999
9129,30,7.1
9130,30,4.1
9131,30,5.1
9132,30,4.449999999999999
9133,30,4.8
9134,30,5.4
9135,30,4.3
9136,30,6.8
9137,30,4.449999999999999
9138,30,6.1
9139,30,5.1
9140,30,6.1
9141,30,4.8
9142,30,4.8
9143,30,6.1
9144,30,4.1
9145,30,5.4
9146,30,5.4
9147,30,5.75
9148,30,5.1
9149,30,3.75
9150,30,4.1
9151,30,4.449999999999999
9152,30,4.449999999999999
9153,30,4.1
9154,30,4.1
9155,30,8.2
9156,30,3.75
9157,30,5.75
9158,30,5.449999999999999
9159,30,4.1
9160,30,5.75
9161,30,4.449999999999999
9162,30,6.8
9163,30,4.1
9164,30,4.75
9165,30,4.449999999999999
9166,30,6.1
9167,30,3.4
9168,30,5.1
9169,30,4.1
9170,30,5.449999999999999
9171,30,5.4
9172,30,4.449999999999999
9173,30,6.1
9174,30,5.1
9175,30,4.1
9176,30,6.449999999999999
9177,30,5.75
9178,30,4.1
9179,30,5.1
9180,30,5.1
9181,30,4.8
9182,30,4.449999999999999
9183,30,6.1
9184,30,4.1
9185,30,5.75
9186,30,5.75
9187,30,4.1
9188,30,4.1
9189,30,6.1
9190,30,6.1
9191,30,5.4
9192,30,5.1
9193,30,5.1
9194,30,3.75
9195,30,6.1
9196,30,5.4
9197,30,4.8
9198,30,3.4
9199,30,7.85
9200,30,5.1
9201,30,2.7
9202,30,5.1
9203,30,4.449999999999999
9204,30,5.1
9205,30,7.5
9206,30,4.8
9207,30,7.85
9208,30,2.7
9209,30,5.4
9210,30,3.75
9211,30,5.4
9212,30,5.4
9213,30,4.449999999999999
9214,30,4.449999999999999
9215,30,4.8
9216,30,4.449999999999999
9217,30,4.6
9218,30,4.1
9219,30,3.4
9220,30,5.1
9221,30,6.1
9222,30,5.1
9223,30,3.4
9224,30,6.1
9225,30,6.1
9226,30,4.449999999999999
9227,30,4.8
9228,30,4.449999999999999
9229,30,3.05
9230,30,6.449999999999999
9231,30,4.449999999999999
9232,30,3.05
9233,30,4.449999999999999
9234,30,5.75
9235,30,5.1
9236,30,6.8
9237,30,5.4
9238,30,5.1
9239,30,6.1
9240,30,5.75
9241,30,6.449999999999999
9242,30,4.449999999999999
9243,30,5.75
9244,30,4.1
9245,30,4.8
9246,30,4.8
9247,30,4.8
9248,30,3.4
9249,30,5.449999999999999
9250,30,7.5
9251,30,6.75
9252,30,5.4
9253,30,5.1
9254,30,4.8
9255,30,5.1
9256,30,6.449999999999999
9257,30,4.8
9258,30,4.449999999999999
9259,30,3.75
9260,30,6.1
9261,30,5.4
9262,30,4.449999999999999
9263,30,4.1
9264,30,3.4
9265,30,5.4
9266,30,4.75
9267,30,6.1
9268,30,6.449999999999999
9269,30,5.4
9270,30,6.1
9271,30,4.8
9272,30,5.75
9273,30,5.4
9274,30,6.45
9275,30,7.5
9276,30,4.8
9277,30,5.1
9278,30,5.4
9279,30,3.4
9280,30,4.449999999999999
9281,30,6.449999999999999
9282,30,5.449999999999999
9283,30,5.75
9284,30,5.4
9285,30,4.8
9286,30,7.15
9287,30,7.5
9288,30,5.75
9289,30,4.8
9290,30,5.1
9291,30,6.8
9292,30,5.75
9293,30,3.4
9294,30,3.4
9295,30,4.8
9296,30,5.4
9297,30,5.449999999999999
9298,30,4.65
9299,30,4.1
9300,30,4.8
9301,30,5.1
9302,30,3.05
9303,30,4.449999999999999
9304,30,4.8
9305,30,3.75
9306,30,4.449999999999999
9307,30,7.5
9308,30,5.4
9309,30,3.75
9310,30,4.8
9311,30,6.1
9312,30,4.8
9313,30,5.4
9314,30,3.05
9315,30,4.8
9316,30,5.75
9317,30,4.1
9318,30,5.4
9319,30,4.8
9320,30,5.25
9321,30,8.2
9322,30,4.8
9323,30,4.8
9324,30,5.75
9325,30,3.05
9326,30,5.449999999999999
9327,30,4.8
9328,30,5.1
9329,30,4.449999999999999
9330,30,9.15
9331,30,4.1
9332,30,4.1
9333,30,4.1
9334,30,4.8
9335,30,3.75
9336,30,5.75
9337,30,5.1
9338,30,5.4
9339,30,4.8
9340,30,5.1
9341,30,4.449999999999999
9342,30,4.8
9343,30,4.1
9344,30,5.1
9345,30,3.75
9346,30,4.65
9347,30,2.7
9348,30,6.8
9349,30,6.1
9350,30,4.8
9351,30,3.4
9352,30,6.449999999999999
9353,30,5.4
9354,30,4.449999999999999
9355,30,5.1
9356,30,5.449999999999999
9357,30,7.85
9358,30,6.449999999999999
9359,30,5.75
9360,30,5.75
9361,30,4.4
9362,30,4.1
9363,30,5.4
9364,30,6.1
9365,30,5.1
9366,30,7.5
9367,30,5.1
9368,30,6.8
9369,30,4.75
9370,30,5.4
9371,30,6.8
9372,30,4.1
9373,30,5.4
9374,30,4.75
9375,30,3.95
9376,30,4.449999999999999
9377,30,5.4
9378,30,5.1
9379,30,4.449999999999999
9380,30,4.8
9381,30,4.449999999999999
9382,30,4.8
9383,30,6.449999999999999
9384,30,3.75
9385,30,2.7
9386,30,4.1
9387,30,5.4
9388,30,3.4
9389,30,4.1
9390,30,6.8
9391,30,5.449999999999999
9392,30,4.1
9393,30,7.5
9394,30,3.4
9395,30,4.1
9396,30,5.1
9397,30,7.85
9398,30,5.75
9399,30,4.1
9400,30,6.449999999999999
9401,30,6.199999999999999
9402,30,6.1
9403,30,5.75
9404,30,3.75
9405,30,4.1
9406,30,6.1
9407,30,6.1
9408,30,4.449999999999999
9409,30,5.75
9410,30,3.75
9411,30,5.1
9412,30,4.449999999999999
9413,30,7.15
9414,30,2.5
9415,30,5.1
9416,30,4.449999999999999
9417,30,5.1
9418,30,6.1
9419,30,7.15
9420,30,4.1
9421,30,5.449999999999999
9422,30,5.4
9423,30,6.449999999999999
9424,30,5.75
9425,30,4.449999999999999
9426,30,5.1
9427,30,6.1
9428,30,5.75
9429,30,3.4
9430,30,3.05
9431,30,5.1
9432,30,4.1
9433,30,7.85
9434,30,4.949999999999999
9435,30,7.5
9436,30,5.1
9437,30,5.75
9438,30,5.4
9439,30,4.1
9440,30,6.449999999999999
9441,30,5.4
9442,30,3.75
9443,30,7.85
9444,30,6.1
9445,30,4.1
9446,30,5.75
9447,30,4.8
9448,30,6.8
9449,30,5.1
9450,30,7.5
9451,30,3.05
9452,30,3.75
9453,30,6.449999999999999
9454,30,6.1
9455,30,6.199999999999999
9456,30,5.1
9457,30,4.8
9458,30,4.8
9459,30,5.4
9460,30,3.4
9461,30,4.8
9462,30,4.449999999999999
9463,30,4.8
9464,30,7.85
9465,30,5.1
9466,30,4.449999999999999
9467,30,6.4
9468,30,5.75
9469,30,6.15
9470,30,5.75
9471,30,4.8
9472,30,5.4
9473,30,3.4
9474,30,6.449999999999999
9475,30,4.449999999999999
9476,30,5.4
9477,30,5.449999999999999
9478,30,4.8
9479,30,3.4
9480,30,4.449999999999999
9481,30,4.8
9482,30,5.25
9483,30,3.75
9484,30,6.449999999999999
9485,30,3.4
9486,30,4.8
9487,30,6.8
9488,30,4.8
9489,30,4.75
9490,30,4.449999999999999
9491,30,5.4
9492,30,3.4
9493,30,6.1
9494,30,3.4
9495,30,2.7
9496,30,6.449999999999999
9497,30,3.4
9498,30,3.75
9499,30,5.75
9500,30,5.75
9501,30,4.449999999999999
9502,30,5.75
9503,30,4.05
9504,30,6.1
9505,30,4.449999999999999
9506,30,6.8
9507,30,5.449999999999999
9508,30,5.4
9509,30,3.4
9510,30,5.75
9511,30,5.1
9512,30,7.85
9513,30,4.8
9514,30,5.1
9515,30,4.1
9516,30,4.449999999999999
9517,30,5.1
9518,30,5.75
9519,30,4.8
9520,30,6.1
9521,30,4.75
9522,30,6.1
9523,30,2.7
9524,30,5.4
9525,30,3.75
9526,30,4.1
9527,30,3.4
9528,30,5.75
9529,30,7.5
9530,30,4.449999999999999
9531,30,5.4
9532,30,4.8
9533,30,7.15
9534,30,3.4
9535,30,3.75
9536,30,3.4
9537,30,4.1
9538,30,8.2
9539,30,5.4
9540,30,6.1
9541,30,4.8
9542,30,4.1
9543,30,5.4
9544,30,5.75
9545,30,4.8
9546,30,6.1
9547,30,4.8
9548,30,4.1
9549,30,6.1
9550,30,6.1
9551,30,4.1
9552,30,4.1
9553,30,5.4
9554,30,4.449999999999999
9555,30,4.1
9556,30,4.8
9557,30,7.5
9558,30,4.8
9559,30,5.75
9560,30,7.15
9561,30,5.25
9562,30,5.4
9563,30,4.8
9564,30,3.75
9565,30,3.75
9566,30,7.85
9567,30,5.75
9568,30,6.1
9569,30,5.75
9570,30,4.1
9571,30,4.1
9572,30,5.75
9573,30,6.449999999999999
9574,30,7.15
9575,30,4.65
9576,30,4.8
9577,30,5.1
9578,30,4.8
9579,30,5.4
9580,30,5.4
9581,30,5.75
9582,30,5.75
9583,30,5.1
9584,30,4.8
9585,30,6.449999999999999
9586,30,5.75
9587,30,6.8
9588,30,4.8
9589,30,4.449999999999999
9590,30,5.75
9591,30,3.4
9592,30,6.1
9593,30,4.8
9594,30,5.4
9595,30,5.75
9596,30,4.8
9597,30,7.15
9598,30,7.85
9599,30,5.4
9600,30,5.9
9601,30,5.75
9602,30,4.449999999999999
9603,30,4.8
9604,30,5.25
9605,30,4.8
9606,30,4.449999999999999
9607,30,4.449999999999999
9608,30,4.449999999999999
9609,30,5.4
9610,30,5.4
9611,30,3.75
9612,30,5.75
9613,30,6.1
9614,30,5.1
9615,30,4.449999999999999
9616,30,5.4
9617,30,5.1
9618,30,4.449999999999999
9619,30,5.75
9620,30,5.1
9621,30,4.05
9622,30,4.449999999999999
9623,30,4.449999999999999
9624,30,6.1
9625,30,5.75
9626,30,4.8
9627,30,5.1
9628,30,4.8
9629,30,4.449999999999999
9630,30,4.8
9631,30,5.4
9632,30,5.75
9633,30,5.4
9634,30,5.4
9635,30,3.75
9636,30,3.4
9637,30,5.4
9638,30,6.1
9639,30,6.1
9640,30,5.25
9641,30,5.4
9642,30,5.550000000000001
9643,30,4.8
9644,30,5.1
9645,30,4.8
9646,30,5.4
9647,30,4.8
9648,30,5.4
9649,30,5.1
9650,30,4.449999999999999
9651,30,5.4
9652,30,5.75
9653,30,4.449999999999999
9654,30,6.1
9655,30,5.1
9656,30,5.4
9657,30,4.8
9658,30,5.9
9659,30,4.449999999999999
9660,30,3.75
9661,30,4.4
9662,30,4.449999999999999
9663,30,5.25
9664,30,4.8
9665,30,4.449999999999999
9666,30,4.1
9667,30,4.8
9668,30,5.1
9669,30,4.8
9670,30,6.449999999999999
9671,30,5.449999999999999
9672,30,5.449999999999999
9673,30,5.1
9674,30,6.8
9675,30,3.75
9676,30,5.1
9677,30,4.449999999999999
9678,30,6.8
9679,30,5.75
9680,30,5.1
9681,30,5.1
9682,30,4.8
9683,30,5.1
9684,30,4.8
9685,30,4.8
9686,30,5.75
9687,30,5.75
9688,30,4.8
9689,30,4.1
9690,30,6.1
9691,30,4.1
9692,30,5.75
9693,30,3.4
9694,30,4.1
9695,30,6.1
9696,30,4.1
9697,30,5.1
9698,30,4.65
9699,30,5.550000000000001
9700,30,4.1
9701,30,4.8
9702,30,5.449999999999999
9703,30,7.15
9704,30,4.8
9705,30,5.4
9706,30,4.449999999999999
9707,30,7.5
9708,30,5.75
9709,30,6.449999999999999
9710,30,5.1
9711,30,5.1
9712,30,4.1
9713,30,4.449999999999999
9714,30,4.8
9715,30,3.75
9716,30,4.1
9717,30,4.449999999999999
9718,30,6.449999999999999
9719,30,4.449999999999999
9720,30,5.449999999999999
9721,30,3.4
9722,30,4.1
9723,30,5.1
9724,30,4.449999999999999
9725,30,7.15
9726,30,5.4
9727,30,5.75
9728,30,4.8
9729,30,5.75
9730,30,4.1
9731,30,3.75
9732,30,6.8
9733,30,7.85
9734,30,6.8
9735,30,4.1
9736,30,3.75
9737,30,4.1
9738,30,5.1
9739,30,5.4
9740,30,5.4
9741,30,4.449999999999999
9742,30,6.449999999999999
9743,30,6.449999999999999
9744,30,5.1
9745,30,5.1
9746,30,4.8
9747,30,5.449999999999999
9748,30,3.4
9749,30,3.75
9750,30,2.7
9751,30,4.1
9752,30,4.1
9753,30,5.1
9754,30,4.1
9755,30,5.4
9756,30,6.8
9757,30,4.449999999999999
9758,30,5.4
9759,30,4.1
9760,30,7.85
9761,30,4.1
9762,30,4.449999999999999
9763,30,6.1
9764,30,4.1
9765,30,5.75
9766,30,5.1
9767,30,3.4
9768,30,5.1
9769,30,4.8
9770,30,6.449999999999999
9771,30,7.5
9772,30,7.15
9773,30,5.1
9774,30,4.8
9775,30,4.449999999999999
9776,30,5.8
9777,30,6.8
9778,30,6.449999999999999
9779,30,4.1
9780,30,6.1
9781,30,4.8
9782,30,5.1
9783,30,4.449999999999999
9784,30,5.1
9785,30,5.4
9786,30,3.4
9787,30,5.4
9788,30,3.75
9789,30,4.8
9790,30,5.1
9791,30,3.75
9792,30,6.8
9793,30,7.15
9794,30,4.949999999999999
9795,30,6.1
9796,30,6.1
9797,30,4.1
9798,30,6.449999999999999
9799,30,4.8
9800,30,3.4
9801,30,5.1
9802,30,6.449999999999999
9803,30,5.1
9804,30,5.75
9805,30,4.1
9806,30,3.4
9807,30,4.8
9808,30,4.449999999999999
9809,30,4.1
9810,30,4.449999999999999
9811,30,5.4
9812,30,3.75
9813,30,4.1
9814,30,6.449999999999999
9815,30,3.4
9816,30,4.8
9817,30,5.449999999999999
9818,30,5.4
9819,30,4.1
9820,30,5.4
9821,30,6.449999999999999
9822,30,4.1
9823,30,6.449999999999999
9824,30,5.4
9825,30,4.1
9826,30,3.4
9827,30,5.75
9828,30,4.8
9829,30,6.8
9830,30,7.15
9831,30,5.4
9832,30,4.1
9833,30,4.1
9834,30,4.1
9835,30,6.1
9836,30,5.1
9837,30,3.75
9838,30,4.8
9839,30,5.25
9840,30,7.15
9841,30,6.8
9842,30,6.449999999999999
9843,30,4.8
9844,30,5.9
9845,30,3.75
9846,30,3.75
9847,30,5.1
9848,30,6.449999999999999
9849,30,4.8
9850,30,4.449999999999999
9851,30,6.1
9852,30,7.15
9853,30,3.4
9854,30,5.4
9855,30,4.1
9856,30,5.1
9857,30,5.75
9858,30,6.8
9859,30,4.449999999999999
9860,30,5.4
9861,30,5.1
9862,30,6.1
9863,30,6.1
9864,30,5.4
9865,30,4.8
9866,30,4.8
9867,30,4.8
9868,30,5.4
9869,30,5.1
9870,30,6.449999999999999
9871,30,4.8
9872,30,3.75
9873,30,4.8
9874,30,4.449999999999999
9875,30,5.4
9876,30,4.75
9877,30,4.8
9878,30,4.449999999999999
9879,30,3.7
9880,30,4.8
9881,30,5.1
9882,30,6.1
9883,30,5.75
9884,30,5.8
9885,30,9.15
9886,30,4.1
9887,30,3.75
9888,30,4.8
9889,30,5.4
9890,30,4.8
9891,30,5.1
9892,30,6.1
9893,30,3.4
9894,30,4.1
9895,30,5.4
9896,30,3.75
9897,30,4.1
9898,30,5.75
9899,30,6.15
9900,30,4.8
9901,30,6.1
9902,30,6.1
9903,30,4.1
9904,30,4.8
9905,30,4.8
9906,30,3.4
9907,30,4.8
9908,30,6.1
9909,30,4.8
9910,30,5.4
9911,30,5.4
9912,30,4.8
9913,30,4.1
9914,30,5.1
9915,30,4.8
9916,30,3.05
9917,30,4.449999999999999
9918,30,5.1
9919,30,4.8
9920,30,5.4
9921,30,3.4
9922,30,4.1
9923,30,5.4
9924,30,4.8
9925,30,5.4
9926,30,5.4
9927,30,3.4
9928,30,3.75
9929,30,4.8
9930,30,5.1
9931,30,5.1
9932,30,5.1
9933,30,4.449999999999999
9934,30,6.8
9935,30,5.1
9936,30,5.75
9937,30,5.4
9938,30,6.449999999999999
9939,30,5.75
9940,30,5.1
9941,30,6.8
9942,30,5.75
9943,30,5.75
9944,30,5.75
9945,30,4.1
9946,30,4.1
9947,30,7.85
9948,30,6.8
9949,30,7.5
9950,30,4.1
9951,30,5.1
9952,30,4.1
9953,30,5.449999999999999
9954,30,4.8
9955,30,7.15
9956,30,6.1
9957,30,5.75
9958,30,5.4
9959,30,6.449999999999999
9960,30,5.1
9961,30,4.449999999999999
9962,30,6.1
9963,30,3.4
9964,30,4.1
9965,30,4.1
9966,30,2.35
9967,30,3.4
9968,30,4.1
9969,30,5.75
9970,30,4.05
9971,30,3.75
9972,30,5.449999999999999
9973,30,3.75
9974,30,6.8
9975,30,4.1
9976,30,5.75
9977,30,3.75
9978,30,4.8
9979,30,4.8
9980,30,6.8
9981,30,6.1
9982,30,4.1
9983,30,5.4
9984,30,4.1
9985,30,6.45
9986,30,6.45
9987,30,3.75
9988,30,5.4
9989,30,4.1
9990,30,4.8
9991,30,6.1
9992,30,6.1
9993,30,4.449999999999999
9994,30,6.8
9995,30,3.4
9996,30,5.4
9997,30,4.8
9998,30,4.449999999999999
9999,30,3.75
10000,30,5.1
