dataset,sample_name,tissue,grid,time,treatment,category,mouse,ot_callable_mbp,callable_mbp,coverage,reads,grid_x,grid_y,seq_cycle,last_cycle,n_nonsynonymous_mutations,n_all_mutations,n_mutated_candidate_genes,mutated_candidate_genes,sample_uid,n_candidate_genes_considered,candidate_genes_considered,n_tes_targeted_candidate_genes,tes_targeted_candidate_genes,nonsynonymous_mutations_per_mbp,all_mutations_per_mbp,candidate_gene_count_definition,candidate_profiling_caveat,burden_vaf_definition
TES,hairfollicle19-a3-w19,Hair follicle,a3,Week 19,Acetone,Acetone,19,1.890908,4.172357,79.82,4013120,3,1,NA,NA,6,62,1,Pard3,TES::hairfollicle19-a3-w19,30,Aatk;Arid2;Bmper;Cep170b;Cldn18;Csmd2;Dennd1c;Erbb2;Ezh1;Folh1;Foxp4;Huwe1;Kndc1;Lrp1b;Ophn1;Otog;Pard3;Pkp4;Plce1;Ppp1r14d;Psme4;Ptch1;Rad51b;Rasd2;Spats2l;Srgap1;Tmprss9;Ube2d2a;Usp3;Xirp2,8,Arid2;Csmd2;Erbb2;Huwe1;Lrp1b;Pard3;Psme4;Ptch1,1.438036102855053,14.85970639616888,Distinct genes among all 30 final candidates with at least one configured nonsynonymous mutation observed in the mutation table,TES uniformly targets only 8/30 candidates; TES zero counts do not establish wild-type status across all 30 genes,TES and WES mutation burdens require gt_AF >= 0.01
TES,hairfollicle19-a4-w19,Hair follicle,a4,Week 19,Acetone,Acetone,19,1.895195,4.992503,114.59,5475959,4,1,NA,NA,10,526,0,,TES::hairfollicle19-a4-w19,30,Aatk;Arid2;Bmper;Cep170b;Cldn18;Csmd2;Dennd1c;Erbb2;Ezh1;Folh1;Foxp4;Huwe1;Kndc1;Lrp1b;Ophn1;Otog;Pard3;Pkp4;Plce1;Ppp1r14d;Psme4;Ptch1;Rad51b;Rasd2;Spats2l;Srgap1;Tmprss9;Ube2d2a;Usp3;Xirp2,8,Arid2;Csmd2;Erbb2;Huwe1;Lrp1b;Pard3;Psme4;Ptch1,2.003003303152747,105.3579737458345,Distinct genes among all 30 final candidates with at least one configured nonsynonymous mutation observed in the mutation table,TES uniformly targets only 8/30 candidates; TES zero counts do not establish wild-type status across all 30 genes,TES and WES mutation burdens require gt_AF >= 0.01
TES,hairfollicle19-b3-w19,Hair follicle,b3,Week 19,Acetone,Acetone,19,1.89681,5.944238,190.4,6444340,3,2,NA,NA,1,59,0,,TES::hairfollicle19-b3-w19,30,Aatk;Arid2;Bmper;Cep170b;Cldn18;Csmd2;Dennd1c;Erbb2;Ezh1;Folh1;Foxp4;Huwe1;Kndc1;Lrp1b;Ophn1;Otog;Pard3;Pkp4;Plce1;Ppp1r14d;Psme4;Ptch1;Rad51b;Rasd2;Spats2l;Srgap1;Tmprss9;Ube2d2a;Usp3;Xirp2,8,Arid2;Csmd2;Erbb2;Huwe1;Lrp1b;Pard3;Psme4;Ptch1,0.16823014152528884,9.925578349992042,Distinct genes among all 30 final candidates with at least one configured nonsynonymous mutation observed in the mutation table,TES uniformly targets only 8/30 candidates; TES zero counts do not establish wild-type status across all 30 genes,TES and WES mutation burdens require gt_AF >= 0.01
TES,hairfollicle19-b4-w19,Hair follicle,b4,Week 19,Acetone,Acetone,19,0.818756,1.43302,45.31,4154116,4,2,NA,NA,1,34,0,,TES::hairfollicle19-b4-w19,30,Aatk;Arid2;Bmper;Cep170b;Cldn18;Csmd2;Dennd1c;Erbb2;Ezh1;Folh1;Foxp4;Huwe1;Kndc1;Lrp1b;Ophn1;Otog;Pard3;Pkp4;Plce1;Ppp1r14d;Psme4;Ptch1;Rad51b;Rasd2;Spats2l;Srgap1;Tmprss9;Ube2d2a;Usp3;Xirp2,8,Arid2;Csmd2;Erbb2;Huwe1;Lrp1b;Pard3;Psme4;Ptch1,0.697826966825306,23.726116872060405,Distinct genes among all 30 final candidates with at least one configured nonsynonymous mutation observed in the mutation table,TES uniformly targets only 8/30 candidates; TES zero counts do not establish wild-type status across all 30 genes,TES and WES mutation burdens require gt_AF >= 0.01
TES,hairfollicle21-b5-w17,Hair follicle,b5,Week 17,DT,Visually normal,21,0.636711,1.260974,41.11,3053212,5,2,NA,NA,13,57,1,Lrp1b,TES::hairfollicle21-b5-w17,30,Aatk;Arid2;Bmper;Cep170b;Cldn18;Csmd2;Dennd1c;Erbb2;Ezh1;Folh1;Foxp4;Huwe1;Kndc1;Lrp1b;Ophn1;Otog;Pard3;Pkp4;Plce1;Ppp1r14d;Psme4;Ptch1;Rad51b;Rasd2;Spats2l;Srgap1;Tmprss9;Ube2d2a;Usp3;Xirp2,8,Arid2;Csmd2;Erbb2;Huwe1;Lrp1b;Pard3;Psme4;Ptch1,10.309490917338502,45.203152483714966,Distinct genes among all 30 final candidates with at least one configured nonsynonymous mutation observed in the mutation table,TES uniformly targets only 8/30 candidates; TES zero counts do not establish wild-type status across all 30 genes,TES and WES mutation burdens require gt_AF >= 0.01
TES,hairfollicle21-b5-w8,Hair follicle,b5,Week 8,DT,Visually normal,21,1.625747,4.48535,61.02,7502685,5,2,NA,NA,28,175,2,Erbb2;Ptch1,TES::hairfollicle21-b5-w8,30,Aatk;Arid2;Bmper;Cep170b;Cldn18;Csmd2;Dennd1c;Erbb2;Ezh1;Folh1;Foxp4;Huwe1;Kndc1;Lrp1b;Ophn1;Otog;Pard3;Pkp4;Plce1;Ppp1r14d;Psme4;Ptch1;Rad51b;Rasd2;Spats2l;Srgap1;Tmprss9;Ube2d2a;Usp3;Xirp2,8,Arid2;Csmd2;Erbb2;Huwe1;Lrp1b;Pard3;Psme4;Ptch1,6.2425451748470016,39.01590734279376,Distinct genes among all 30 final candidates with at least one configured nonsynonymous mutation observed in the mutation table,TES uniformly targets only 8/30 candidates; TES zero counts do not establish wild-type status across all 30 genes,TES and WES mutation burdens require gt_AF >= 0.01
TES,hairfollicle21-b6-w14,Hair follicle,b6,Week 14,DT,SCC,21,0.93404,2.707874,39.65,13556203,6,2,NA,NA,54,402,1,Erbb2,TES::hairfollicle21-b6-w14,30,Aatk;Arid2;Bmper;Cep170b;Cldn18;Csmd2;Dennd1c;Erbb2;Ezh1;Folh1;Foxp4;Huwe1;Kndc1;Lrp1b;Ophn1;Otog;Pard3;Pkp4;Plce1;Ppp1r14d;Psme4;Ptch1;Rad51b;Rasd2;Spats2l;Srgap1;Tmprss9;Ube2d2a;Usp3;Xirp2,8,Arid2;Csmd2;Erbb2;Huwe1;Lrp1b;Pard3;Psme4;Ptch1,19.941843675148846,148.4559473594414,Distinct genes among all 30 final candidates with at least one configured nonsynonymous mutation observed in the mutation table,TES uniformly targets only 8/30 candidates; TES zero counts do not establish wild-type status across all 30 genes,TES and WES mutation burdens require gt_AF >= 0.01
TES,hairfollicle21-b6-w17,Hair follicle,b6,Week 17,DT,SCC,21,1.344942,2.239444,57.82,4869287,6,2,NA,NA,10,50,0,,TES::hairfollicle21-b6-w17,30,Aatk;Arid2;Bmper;Cep170b;Cldn18;Csmd2;Dennd1c;Erbb2;Ezh1;Folh1;Foxp4;Huwe1;Kndc1;Lrp1b;Ophn1;Otog;Pard3;Pkp4;Plce1;Ppp1r14d;Psme4;Ptch1;Rad51b;Rasd2;Spats2l;Srgap1;Tmprss9;Ube2d2a;Usp3;Xirp2,8,Arid2;Csmd2;Erbb2;Huwe1;Lrp1b;Pard3;Psme4;Ptch1,4.46539408888992,22.326970444449604,Distinct genes among all 30 final candidates with at least one configured nonsynonymous mutation observed in the mutation table,TES uniformly targets only 8/30 candidates; TES zero counts do not establish wild-type status across all 30 genes,TES and WES mutation burdens require gt_AF >= 0.01
TES,hairfollicle21-b6-w8,Hair follicle,b6,Week 8,DT,SCC,21,1.556796,4.040815,63.6,4941353,6,2,NA,NA,24,260,0,,TES::hairfollicle21-b6-w8,30,Aatk;Arid2;Bmper;Cep170b;Cldn18;Csmd2;Dennd1c;Erbb2;Ezh1;Folh1;Foxp4;Huwe1;Kndc1;Lrp1b;Ophn1;Otog;Pard3;Pkp4;Plce1;Ppp1r14d;Psme4;Ptch1;Rad51b;Rasd2;Spats2l;Srgap1;Tmprss9;Ube2d2a;Usp3;Xirp2,8,Arid2;Csmd2;Erbb2;Huwe1;Lrp1b;Pard3;Psme4;Ptch1,5.93939588919562,64.34345546628587,Distinct genes among all 30 final candidates with at least one configured nonsynonymous mutation observed in the mutation table,TES uniformly targets only 8/30 candidates; TES zero counts do not establish wild-type status across all 30 genes,TES and WES mutation burdens require gt_AF >= 0.01
TES,hairfollicle21-b7-w14,Hair follicle,b7,Week 14,DT,SCC,21,0.090453,0.317452,6.23,2634185,7,2,NA,NA,1,11,0,,TES::hairfollicle21-b7-w14,30,Aatk;Arid2;Bmper;Cep170b;Cldn18;Csmd2;Dennd1c;Erbb2;Ezh1;Folh1;Foxp4;Huwe1;Kndc1;Lrp1b;Ophn1;Otog;Pard3;Pkp4;Plce1;Ppp1r14d;Psme4;Ptch1;Rad51b;Rasd2;Spats2l;Srgap1;Tmprss9;Ube2d2a;Usp3;Xirp2,8,Arid2;Csmd2;Erbb2;Huwe1;Lrp1b;Pard3;Psme4;Ptch1,3.1500825321623425,34.65090785378577,Distinct genes among all 30 final candidates with at least one configured nonsynonymous mutation observed in the mutation table,TES uniformly targets only 8/30 candidates; TES zero counts do not establish wild-type status across all 30 genes,TES and WES mutation burdens require gt_AF >= 0.01
TES,hairfollicle21-b7-w17,Hair follicle,b7,Week 17,DT,SCC,21,0.106808,0.726865,22.2,994162,7,2,NA,NA,2,2,0,,TES::hairfollicle21-b7-w17,30,Aatk;Arid2;Bmper;Cep170b;Cldn18;Csmd2;Dennd1c;Erbb2;Ezh1;Folh1;Foxp4;Huwe1;Kndc1;Lrp1b;Ophn1;Otog;Pard3;Pkp4;Plce1;Ppp1r14d;Psme4;Ptch1;Rad51b;Rasd2;Spats2l;Srgap1;Tmprss9;Ube2d2a;Usp3;Xirp2,8,Arid2;Csmd2;Erbb2;Huwe1;Lrp1b;Pard3;Psme4;Ptch1,2.751542583560909,2.751542583560909,Distinct genes among all 30 final candidates with at least one configured nonsynonymous mutation observed in the mutation table,TES uniformly targets only 8/30 candidates; TES zero counts do not establish wild-type status across all 30 genes,TES and WES mutation burdens require gt_AF >= 0.01
TES,hairfollicle21-b7-w8,Hair follicle,b7,Week 8,DT,SCC,21,0.588807,1.600011,31.37,2568165,7,2,NA,NA,42,296,1,Pard3,TES::hairfollicle21-b7-w8,30,Aatk;Arid2;Bmper;Cep170b;Cldn18;Csmd2;Dennd1c;Erbb2;Ezh1;Folh1;Foxp4;Huwe1;Kndc1;Lrp1b;Ophn1;Otog;Pard3;Pkp4;Plce1;Ppp1r14d;Psme4;Ptch1;Rad51b;Rasd2;Spats2l;Srgap1;Tmprss9;Ube2d2a;Usp3;Xirp2,8,Arid2;Csmd2;Erbb2;Huwe1;Lrp1b;Pard3;Psme4;Ptch1,26.24981953249071,184.99872813374407,Distinct genes among all 30 final candidates with at least one configured nonsynonymous mutation observed in the mutation table,TES uniformly targets only 8/30 candidates; TES zero counts do not establish wild-type status across all 30 genes,TES and WES mutation burdens require gt_AF >= 0.01
TES,hairfollicle21-c1-w17,Hair follicle,c1,Week 17,DT,Visually normal,21,1.896419,5.576935,225.18,17934883,1,3,NA,NA,23,133,1,Csmd2,TES::hairfollicle21-c1-w17,30,Aatk;Arid2;Bmper;Cep170b;Cldn18;Csmd2;Dennd1c;Erbb2;Ezh1;Folh1;Foxp4;Huwe1;Kndc1;Lrp1b;Ophn1;Otog;Pard3;Pkp4;Plce1;Ppp1r14d;Psme4;Ptch1;Rad51b;Rasd2;Spats2l;Srgap1;Tmprss9;Ube2d2a;Usp3;Xirp2,8,Arid2;Csmd2;Erbb2;Huwe1;Lrp1b;Pard3;Psme4;Ptch1,4.12412911393086,23.848224876208885,Distinct genes among all 30 final candidates with at least one configured nonsynonymous mutation observed in the mutation table,TES uniformly targets only 8/30 candidates; TES zero counts do not establish wild-type status across all 30 genes,TES and WES mutation burdens require gt_AF >= 0.01
TES,hairfollicle21-c2-w17,Hair follicle,c2,Week 17,DT,Visually normal,21,1.831668,3.377249,65.04,11569896,2,3,NA,NA,14,82,0,,TES::hairfollicle21-c2-w17,30,Aatk;Arid2;Bmper;Cep170b;Cldn18;Csmd2;Dennd1c;Erbb2;Ezh1;Folh1;Foxp4;Huwe1;Kndc1;Lrp1b;Ophn1;Otog;Pard3;Pkp4;Plce1;Ppp1r14d;Psme4;Ptch1;Rad51b;Rasd2;Spats2l;Srgap1;Tmprss9;Ube2d2a;Usp3;Xirp2,8,Arid2;Csmd2;Erbb2;Huwe1;Lrp1b;Pard3;Psme4;Ptch1,4.1453857858866785,24.28011674590769,Distinct genes among all 30 final candidates with at least one configured nonsynonymous mutation observed in the mutation table,TES uniformly targets only 8/30 candidates; TES zero counts do not establish wild-type status across all 30 genes,TES and WES mutation burdens require gt_AF >= 0.01
TES,hairfollicle21-c3-w17,Hair follicle,c3,Week 17,DT,Visually normal,21,1.840803,4.066871,75.1,3731328,3,3,NA,NA,12,81,0,,TES::hairfollicle21-c3-w17,30,Aatk;Arid2;Bmper;Cep170b;Cldn18;Csmd2;Dennd1c;Erbb2;Ezh1;Folh1;Foxp4;Huwe1;Kndc1;Lrp1b;Ophn1;Otog;Pard3;Pkp4;Plce1;Ppp1r14d;Psme4;Ptch1;Rad51b;Rasd2;Spats2l;Srgap1;Tmprss9;Ube2d2a;Usp3;Xirp2,8,Arid2;Csmd2;Erbb2;Huwe1;Lrp1b;Pard3;Psme4;Ptch1,2.9506714129855607,19.917032037652536,Distinct genes among all 30 final candidates with at least one configured nonsynonymous mutation observed in the mutation table,TES uniformly targets only 8/30 candidates; TES zero counts do not establish wild-type status across all 30 genes,TES and WES mutation burdens require gt_AF >= 0.01
TES,hairfollicle21-c5-w14,Hair follicle,c5,Week 14,DT,Visually normal,21,1.896925,8.015393,200.15,13760469,5,3,NA,NA,44,221,1,Huwe1,TES::hairfollicle21-c5-w14,30,Aatk;Arid2;Bmper;Cep170b;Cldn18;Csmd2;Dennd1c;Erbb2;Ezh1;Folh1;Foxp4;Huwe1;Kndc1;Lrp1b;Ophn1;Otog;Pard3;Pkp4;Plce1;Ppp1r14d;Psme4;Ptch1;Rad51b;Rasd2;Spats2l;Srgap1;Tmprss9;Ube2d2a;Usp3;Xirp2,8,Arid2;Csmd2;Erbb2;Huwe1;Lrp1b;Pard3;Psme4;Ptch1,5.489437635808999,27.571948125313384,Distinct genes among all 30 final candidates with at least one configured nonsynonymous mutation observed in the mutation table,TES uniformly targets only 8/30 candidates; TES zero counts do not establish wild-type status across all 30 genes,TES and WES mutation burdens require gt_AF >= 0.01
TES,hairfollicle21-c5-w17,Hair follicle,c5,Week 17,DT,Visually normal,21,1.878306,4.055758,105.88,4022821,5,3,NA,NA,12,100,1,Lrp1b,TES::hairfollicle21-c5-w17,30,Aatk;Arid2;Bmper;Cep170b;Cldn18;Csmd2;Dennd1c;Erbb2;Ezh1;Folh1;Foxp4;Huwe1;Kndc1;Lrp1b;Ophn1;Otog;Pard3;Pkp4;Plce1;Ppp1r14d;Psme4;Ptch1;Rad51b;Rasd2;Spats2l;Srgap1;Tmprss9;Ube2d2a;Usp3;Xirp2,8,Arid2;Csmd2;Erbb2;Huwe1;Lrp1b;Pard3;Psme4;Ptch1,2.9587564149537524,24.656303457947935,Distinct genes among all 30 final candidates with at least one configured nonsynonymous mutation observed in the mutation table,TES uniformly targets only 8/30 candidates; TES zero counts do not establish wild-type status across all 30 genes,TES and WES mutation burdens require gt_AF >= 0.01
TES,hairfollicle21-c6-w14,Hair follicle,c6,Week 14,DT,SCC,21,1.897079,39.016084,287.54,104599471,6,3,NA,NA,49,198,2,Arid2;Huwe1,TES::hairfollicle21-c6-w14,30,Aatk;Arid2;Bmper;Cep170b;Cldn18;Csmd2;Dennd1c;Erbb2;Ezh1;Folh1;Foxp4;Huwe1;Kndc1;Lrp1b;Ophn1;Otog;Pard3;Pkp4;Plce1;Ppp1r14d;Psme4;Ptch1;Rad51b;Rasd2;Spats2l;Srgap1;Tmprss9;Ube2d2a;Usp3;Xirp2,8,Arid2;Csmd2;Erbb2;Huwe1;Lrp1b;Pard3;Psme4;Ptch1,1.2558923135392062,5.074830164913527,Distinct genes among all 30 final candidates with at least one configured nonsynonymous mutation observed in the mutation table,TES uniformly targets only 8/30 candidates; TES zero counts do not establish wild-type status across all 30 genes,TES and WES mutation burdens require gt_AF >= 0.01
TES,hairfollicle21-c6-w17,Hair follicle,c6,Week 17,DT,SCC,21,0.269281,0.720408,28.88,1833169,6,3,NA,NA,1,29,0,,TES::hairfollicle21-c6-w17,30,Aatk;Arid2;Bmper;Cep170b;Cldn18;Csmd2;Dennd1c;Erbb2;Ezh1;Folh1;Foxp4;Huwe1;Kndc1;Lrp1b;Ophn1;Otog;Pard3;Pkp4;Plce1;Ppp1r14d;Psme4;Ptch1;Rad51b;Rasd2;Spats2l;Srgap1;Tmprss9;Ube2d2a;Usp3;Xirp2,8,Arid2;Csmd2;Erbb2;Huwe1;Lrp1b;Pard3;Psme4;Ptch1,1.3881022975869228,40.25496663002076,Distinct genes among all 30 final candidates with at least one configured nonsynonymous mutation observed in the mutation table,TES uniformly targets only 8/30 candidates; TES zero counts do not establish wild-type status across all 30 genes,TES and WES mutation burdens require gt_AF >= 0.01
TES,hairfollicle21-c6-w8,Hair follicle,c6,Week 8,DT,SCC,21,1.704154,4.250127,60.44,7244065,6,3,NA,NA,19,195,0,,TES::hairfollicle21-c6-w8,30,Aatk;Arid2;Bmper;Cep170b;Cldn18;Csmd2;Dennd1c;Erbb2;Ezh1;Folh1;Foxp4;Huwe1;Kndc1;Lrp1b;Ophn1;Otog;Pard3;Pkp4;Plce1;Ppp1r14d;Psme4;Ptch1;Rad51b;Rasd2;Spats2l;Srgap1;Tmprss9;Ube2d2a;Usp3;Xirp2,8,Arid2;Csmd2;Erbb2;Huwe1;Lrp1b;Pard3;Psme4;Ptch1,4.470454647590531,45.88098190948176,Distinct genes among all 30 final candidates with at least one configured nonsynonymous mutation observed in the mutation table,TES uniformly targets only 8/30 candidates; TES zero counts do not establish wild-type status across all 30 genes,TES and WES mutation burdens require gt_AF >= 0.01
TES,hairfollicle21-c7-w14,Hair follicle,c7,Week 14,DT,SCC,21,0.091924,0.25324,35.5,657075,7,3,NA,NA,19,35,0,,TES::hairfollicle21-c7-w14,30,Aatk;Arid2;Bmper;Cep170b;Cldn18;Csmd2;Dennd1c;Erbb2;Ezh1;Folh1;Foxp4;Huwe1;Kndc1;Lrp1b;Ophn1;Otog;Pard3;Pkp4;Plce1;Ppp1r14d;Psme4;Ptch1;Rad51b;Rasd2;Spats2l;Srgap1;Tmprss9;Ube2d2a;Usp3;Xirp2,8,Arid2;Csmd2;Erbb2;Huwe1;Lrp1b;Pard3;Psme4;Ptch1,75.0276417627547,138.20881377349548,Distinct genes among all 30 final candidates with at least one configured nonsynonymous mutation observed in the mutation table,TES uniformly targets only 8/30 candidates; TES zero counts do not establish wild-type status across all 30 genes,TES and WES mutation burdens require gt_AF >= 0.01
TES,hairfollicle21-c7-w17,Hair follicle,c7,Week 17,DT,SCC,21,0.106068,0.743068,21.2,1248110,7,3,NA,NA,2,7,0,,TES::hairfollicle21-c7-w17,30,Aatk;Arid2;Bmper;Cep170b;Cldn18;Csmd2;Dennd1c;Erbb2;Ezh1;Folh1;Foxp4;Huwe1;Kndc1;Lrp1b;Ophn1;Otog;Pard3;Pkp4;Plce1;Ppp1r14d;Psme4;Ptch1;Rad51b;Rasd2;Spats2l;Srgap1;Tmprss9;Ube2d2a;Usp3;Xirp2,8,Arid2;Csmd2;Erbb2;Huwe1;Lrp1b;Pard3;Psme4;Ptch1,2.691543707978274,9.42040297792396,Distinct genes among all 30 final candidates with at least one configured nonsynonymous mutation observed in the mutation table,TES uniformly targets only 8/30 candidates; TES zero counts do not establish wild-type status across all 30 genes,TES and WES mutation burdens require gt_AF >= 0.01
TES,hairfollicle21-c7-w8,Hair follicle,c7,Week 8,DT,SCC,21,0.990124,2.556339,39.34,3868794,7,3,NA,NA,36,309,0,,TES::hairfollicle21-c7-w8,30,Aatk;Arid2;Bmper;Cep170b;Cldn18;Csmd2;Dennd1c;Erbb2;Ezh1;Folh1;Foxp4;Huwe1;Kndc1;Lrp1b;Ophn1;Otog;Pard3;Pkp4;Plce1;Ppp1r14d;Psme4;Ptch1;Rad51b;Rasd2;Spats2l;Srgap1;Tmprss9;Ube2d2a;Usp3;Xirp2,8,Arid2;Csmd2;Erbb2;Huwe1;Lrp1b;Pard3;Psme4;Ptch1,14.08263927436854,120.87598710499664,Distinct genes among all 30 final candidates with at least one configured nonsynonymous mutation observed in the mutation table,TES uniformly targets only 8/30 candidates; TES zero counts do not establish wild-type status across all 30 genes,TES and WES mutation burdens require gt_AF >= 0.01
TES,hairfollicle21-d1-w14,Hair follicle,d1,Week 14,DT,Visually normal,21,0.126712,0.386389,14.37,696694,1,4,NA,NA,2,12,0,,TES::hairfollicle21-d1-w14,30,Aatk;Arid2;Bmper;Cep170b;Cldn18;Csmd2;Dennd1c;Erbb2;Ezh1;Folh1;Foxp4;Huwe1;Kndc1;Lrp1b;Ophn1;Otog;Pard3;Pkp4;Plce1;Ppp1r14d;Psme4;Ptch1;Rad51b;Rasd2;Spats2l;Srgap1;Tmprss9;Ube2d2a;Usp3;Xirp2,8,Arid2;Csmd2;Erbb2;Huwe1;Lrp1b;Pard3;Psme4;Ptch1,5.176130790472814,31.056784742836882,Distinct genes among all 30 final candidates with at least one configured nonsynonymous mutation observed in the mutation table,TES uniformly targets only 8/30 candidates; TES zero counts do not establish wild-type status across all 30 genes,TES and WES mutation burdens require gt_AF >= 0.01
TES,hairfollicle21-d1-w17,Hair follicle,d1,Week 17,DT,Papilloma,21,1.897174,6.552297,2106.89,37068067,1,4,NA,NA,12,114,0,,TES::hairfollicle21-d1-w17,30,Aatk;Arid2;Bmper;Cep170b;Cldn18;Csmd2;Dennd1c;Erbb2;Ezh1;Folh1;Foxp4;Huwe1;Kndc1;Lrp1b;Ophn1;Otog;Pard3;Pkp4;Plce1;Ppp1r14d;Psme4;Ptch1;Rad51b;Rasd2;Spats2l;Srgap1;Tmprss9;Ube2d2a;Usp3;Xirp2,8,Arid2;Csmd2;Erbb2;Huwe1;Lrp1b;Pard3;Psme4;Ptch1,1.831418813890762,17.398478731962243,Distinct genes among all 30 final candidates with at least one configured nonsynonymous mutation observed in the mutation table,TES uniformly targets only 8/30 candidates; TES zero counts do not establish wild-type status across all 30 genes,TES and WES mutation burdens require gt_AF >= 0.01
TES,hairfollicle21-d1-w8,Hair follicle,d1,Week 8,DT,Visually normal,21,1.897248,8.959394,155.52,32866436,1,4,NA,NA,74,519,4,Huwe1;Lrp1b;Pard3;Psme4,TES::hairfollicle21-d1-w8,30,Aatk;Arid2;Bmper;Cep170b;Cldn18;Csmd2;Dennd1c;Erbb2;Ezh1;Folh1;Foxp4;Huwe1;Kndc1;Lrp1b;Ophn1;Otog;Pard3;Pkp4;Plce1;Ppp1r14d;Psme4;Ptch1;Rad51b;Rasd2;Spats2l;Srgap1;Tmprss9;Ube2d2a;Usp3;Xirp2,8,Arid2;Csmd2;Erbb2;Huwe1;Lrp1b;Pard3;Psme4;Ptch1,8.259487192995419,57.92802504276517,Distinct genes among all 30 final candidates with at least one configured nonsynonymous mutation observed in the mutation table,TES uniformly targets only 8/30 candidates; TES zero counts do not establish wild-type status across all 30 genes,TES and WES mutation burdens require gt_AF >= 0.01
TES,hairfollicle21-d2-w17,Hair follicle,d2,Week 17,DT,Papilloma,21,1.307207,1.773555,37.92,1398909,2,4,NA,NA,1,42,0,,TES::hairfollicle21-d2-w17,30,Aatk;Arid2;Bmper;Cep170b;Cldn18;Csmd2;Dennd1c;Erbb2;Ezh1;Folh1;Foxp4;Huwe1;Kndc1;Lrp1b;Ophn1;Otog;Pard3;Pkp4;Plce1;Ppp1r14d;Psme4;Ptch1;Rad51b;Rasd2;Spats2l;Srgap1;Tmprss9;Ube2d2a;Usp3;Xirp2,8,Arid2;Csmd2;Erbb2;Huwe1;Lrp1b;Pard3;Psme4;Ptch1,0.5638392945242747,23.681250370019537,Distinct genes among all 30 final candidates with at least one configured nonsynonymous mutation observed in the mutation table,TES uniformly targets only 8/30 candidates; TES zero counts do not establish wild-type status across all 30 genes,TES and WES mutation burdens require gt_AF >= 0.01
TES,hairfollicle21-d2-w8,Hair follicle,d2,Week 8,DT,Papilloma,21,1.185282,3.856618,56.96,6295378,2,4,NA,NA,22,203,0,,TES::hairfollicle21-d2-w8,30,Aatk;Arid2;Bmper;Cep170b;Cldn18;Csmd2;Dennd1c;Erbb2;Ezh1;Folh1;Foxp4;Huwe1;Kndc1;Lrp1b;Ophn1;Otog;Pard3;Pkp4;Plce1;Ppp1r14d;Psme4;Ptch1;Rad51b;Rasd2;Spats2l;Srgap1;Tmprss9;Ube2d2a;Usp3;Xirp2,8,Arid2;Csmd2;Erbb2;Huwe1;Lrp1b;Pard3;Psme4;Ptch1,5.704479935529005,52.636792132381274,Distinct genes among all 30 final candidates with at least one configured nonsynonymous mutation observed in the mutation table,TES uniformly targets only 8/30 candidates; TES zero counts do not establish wild-type status across all 30 genes,TES and WES mutation burdens require gt_AF >= 0.01
TES,hairfollicle21-d3-w17,Hair follicle,d3,Week 17,DT,Visually normal,21,0.25149,0.734405,27.93,1666372,3,4,NA,NA,2,15,0,,TES::hairfollicle21-d3-w17,30,Aatk;Arid2;Bmper;Cep170b;Cldn18;Csmd2;Dennd1c;Erbb2;Ezh1;Folh1;Foxp4;Huwe1;Kndc1;Lrp1b;Ophn1;Otog;Pard3;Pkp4;Plce1;Ppp1r14d;Psme4;Ptch1;Rad51b;Rasd2;Spats2l;Srgap1;Tmprss9;Ube2d2a;Usp3;Xirp2,8,Arid2;Csmd2;Erbb2;Huwe1;Lrp1b;Pard3;Psme4;Ptch1,2.723293005902738,20.424697544270533,Distinct genes among all 30 final candidates with at least one configured nonsynonymous mutation observed in the mutation table,TES uniformly targets only 8/30 candidates; TES zero counts do not establish wild-type status across all 30 genes,TES and WES mutation burdens require gt_AF >= 0.01
TES,hairfollicle21-d3-w8,Hair follicle,d3,Week 8,DT,Visually normal,21,1.028685,2.538416,40.43,3194944,3,4,NA,NA,7,83,0,,TES::hairfollicle21-d3-w8,30,Aatk;Arid2;Bmper;Cep170b;Cldn18;Csmd2;Dennd1c;Erbb2;Ezh1;Folh1;Foxp4;Huwe1;Kndc1;Lrp1b;Ophn1;Otog;Pard3;Pkp4;Plce1;Ppp1r14d;Psme4;Ptch1;Rad51b;Rasd2;Spats2l;Srgap1;Tmprss9;Ube2d2a;Usp3;Xirp2,8,Arid2;Csmd2;Erbb2;Huwe1;Lrp1b;Pard3;Psme4;Ptch1,2.757625227701055,32.69755627131251,Distinct genes among all 30 final candidates with at least one configured nonsynonymous mutation observed in the mutation table,TES uniformly targets only 8/30 candidates; TES zero counts do not establish wild-type status across all 30 genes,TES and WES mutation burdens require gt_AF >= 0.01
TES,hairfollicle21-d4-w14,Hair follicle,d4,Week 14,DT,Visually normal,21,0.360098,0.87896,19.37,3175125,4,4,NA,NA,6,53,0,,TES::hairfollicle21-d4-w14,30,Aatk;Arid2;Bmper;Cep170b;Cldn18;Csmd2;Dennd1c;Erbb2;Ezh1;Folh1;Foxp4;Huwe1;Kndc1;Lrp1b;Ophn1;Otog;Pard3;Pkp4;Plce1;Ppp1r14d;Psme4;Ptch1;Rad51b;Rasd2;Spats2l;Srgap1;Tmprss9;Ube2d2a;Usp3;Xirp2,8,Arid2;Csmd2;Erbb2;Huwe1;Lrp1b;Pard3;Psme4;Ptch1,6.8262492036042595,60.298534631837626,Distinct genes among all 30 final candidates with at least one configured nonsynonymous mutation observed in the mutation table,TES uniformly targets only 8/30 candidates; TES zero counts do not establish wild-type status across all 30 genes,TES and WES mutation burdens require gt_AF >= 0.01
TES,hairfollicle21-d4-w17,Hair follicle,d4,Week 17,DT,Visually normal,21,1.896036,6.847142,209.92,8982471,4,4,NA,NA,24,149,0,,TES::hairfollicle21-d4-w17,30,Aatk;Arid2;Bmper;Cep170b;Cldn18;Csmd2;Dennd1c;Erbb2;Ezh1;Folh1;Foxp4;Huwe1;Kndc1;Lrp1b;Ophn1;Otog;Pard3;Pkp4;Plce1;Ppp1r14d;Psme4;Ptch1;Rad51b;Rasd2;Spats2l;Srgap1;Tmprss9;Ube2d2a;Usp3;Xirp2,8,Arid2;Csmd2;Erbb2;Huwe1;Lrp1b;Pard3;Psme4;Ptch1,3.505112059893018,21.76090403850249,Distinct genes among all 30 final candidates with at least one configured nonsynonymous mutation observed in the mutation table,TES uniformly targets only 8/30 candidates; TES zero counts do not establish wild-type status across all 30 genes,TES and WES mutation burdens require gt_AF >= 0.01
TES,hairfollicle21-d4-w8,Hair follicle,d4,Week 8,DT,Visually normal,21,1.457989,4.031194,63.28,6734807,4,4,NA,NA,17,138,0,,TES::hairfollicle21-d4-w8,30,Aatk;Arid2;Bmper;Cep170b;Cldn18;Csmd2;Dennd1c;Erbb2;Ezh1;Folh1;Foxp4;Huwe1;Kndc1;Lrp1b;Ophn1;Otog;Pard3;Pkp4;Plce1;Ppp1r14d;Psme4;Ptch1;Rad51b;Rasd2;Spats2l;Srgap1;Tmprss9;Ube2d2a;Usp3;Xirp2,8,Arid2;Csmd2;Erbb2;Huwe1;Lrp1b;Pard3;Psme4;Ptch1,4.217112845474566,34.23303368679354,Distinct genes among all 30 final candidates with at least one configured nonsynonymous mutation observed in the mutation table,TES uniformly targets only 8/30 candidates; TES zero counts do not establish wild-type status across all 30 genes,TES and WES mutation burdens require gt_AF >= 0.01
TES,hairfollicle21-d5-w17,Hair follicle,d5,Week 17,DT,Papilloma,21,0.299965,0.732307,32.14,2071309,5,4,NA,NA,5,24,0,,TES::hairfollicle21-d5-w17,30,Aatk;Arid2;Bmper;Cep170b;Cldn18;Csmd2;Dennd1c;Erbb2;Ezh1;Folh1;Foxp4;Huwe1;Kndc1;Lrp1b;Ophn1;Otog;Pard3;Pkp4;Plce1;Ppp1r14d;Psme4;Ptch1;Rad51b;Rasd2;Spats2l;Srgap1;Tmprss9;Ube2d2a;Usp3;Xirp2,8,Arid2;Csmd2;Erbb2;Huwe1;Lrp1b;Pard3;Psme4;Ptch1,6.827737547230874,32.77314022670819,Distinct genes among all 30 final candidates with at least one configured nonsynonymous mutation observed in the mutation table,TES uniformly targets only 8/30 candidates; TES zero counts do not establish wild-type status across all 30 genes,TES and WES mutation burdens require gt_AF >= 0.01
TES,hairfollicle21-d6-w17,Hair follicle,d6,Week 17,DT,Papilloma,21,1.896253,6.714743,196.19,8463247,6,4,NA,NA,21,116,0,,TES::hairfollicle21-d6-w17,30,Aatk;Arid2;Bmper;Cep170b;Cldn18;Csmd2;Dennd1c;Erbb2;Ezh1;Folh1;Foxp4;Huwe1;Kndc1;Lrp1b;Ophn1;Otog;Pard3;Pkp4;Plce1;Ppp1r14d;Psme4;Ptch1;Rad51b;Rasd2;Spats2l;Srgap1;Tmprss9;Ube2d2a;Usp3;Xirp2,8,Arid2;Csmd2;Erbb2;Huwe1;Lrp1b;Pard3;Psme4;Ptch1,3.1274465753938756,17.27541917836617,Distinct genes among all 30 final candidates with at least one configured nonsynonymous mutation observed in the mutation table,TES uniformly targets only 8/30 candidates; TES zero counts do not establish wild-type status across all 30 genes,TES and WES mutation burdens require gt_AF >= 0.01
TES,hairfollicle21-d7-w17,Hair follicle,d7,Week 17,DT,Visually normal,21,0.073133,0.487497,17.89,768868,7,4,NA,NA,0,5,0,,TES::hairfollicle21-d7-w17,30,Aatk;Arid2;Bmper;Cep170b;Cldn18;Csmd2;Dennd1c;Erbb2;Ezh1;Folh1;Foxp4;Huwe1;Kndc1;Lrp1b;Ophn1;Otog;Pard3;Pkp4;Plce1;Ppp1r14d;Psme4;Ptch1;Rad51b;Rasd2;Spats2l;Srgap1;Tmprss9;Ube2d2a;Usp3;Xirp2,8,Arid2;Csmd2;Erbb2;Huwe1;Lrp1b;Pard3;Psme4;Ptch1,0,10.256473373169475,Distinct genes among all 30 final candidates with at least one configured nonsynonymous mutation observed in the mutation table,TES uniformly targets only 8/30 candidates; TES zero counts do not establish wild-type status across all 30 genes,TES and WES mutation burdens require gt_AF >= 0.01
TES,hairfollicle21-e1-w14,Hair follicle,e1,Week 14,DT,Papilloma,21,1.896952,6.83134,202.72,15335558,1,5,NA,NA,16,110,0,,TES::hairfollicle21-e1-w14,30,Aatk;Arid2;Bmper;Cep170b;Cldn18;Csmd2;Dennd1c;Erbb2;Ezh1;Folh1;Foxp4;Huwe1;Kndc1;Lrp1b;Ophn1;Otog;Pard3;Pkp4;Plce1;Ppp1r14d;Psme4;Ptch1;Rad51b;Rasd2;Spats2l;Srgap1;Tmprss9;Ube2d2a;Usp3;Xirp2,8,Arid2;Csmd2;Erbb2;Huwe1;Lrp1b;Pard3;Psme4;Ptch1,2.34214663594551,16.10225812212538,Distinct genes among all 30 final candidates with at least one configured nonsynonymous mutation observed in the mutation table,TES uniformly targets only 8/30 candidates; TES zero counts do not establish wild-type status across all 30 genes,TES and WES mutation burdens require gt_AF >= 0.01
TES,hairfollicle21-e1-w17,Hair follicle,e1,Week 17,DT,Papilloma,21,1.329577,1.976902,29.66,2566888,1,5,NA,NA,14,72,0,,TES::hairfollicle21-e1-w17,30,Aatk;Arid2;Bmper;Cep170b;Cldn18;Csmd2;Dennd1c;Erbb2;Ezh1;Folh1;Foxp4;Huwe1;Kndc1;Lrp1b;Ophn1;Otog;Pard3;Pkp4;Plce1;Ppp1r14d;Psme4;Ptch1;Rad51b;Rasd2;Spats2l;Srgap1;Tmprss9;Ube2d2a;Usp3;Xirp2,8,Arid2;Csmd2;Erbb2;Huwe1;Lrp1b;Pard3;Psme4;Ptch1,7.081787564583373,36.42062176071449,Distinct genes among all 30 final candidates with at least one configured nonsynonymous mutation observed in the mutation table,TES uniformly targets only 8/30 candidates; TES zero counts do not establish wild-type status across all 30 genes,TES and WES mutation burdens require gt_AF >= 0.01
TES,hairfollicle21-e2-w14,Hair follicle,e2,Week 14,DT,Papilloma,21,1.896396,8.678968,122.58,12657178,2,5,NA,NA,40,277,0,,TES::hairfollicle21-e2-w14,30,Aatk;Arid2;Bmper;Cep170b;Cldn18;Csmd2;Dennd1c;Erbb2;Ezh1;Folh1;Foxp4;Huwe1;Kndc1;Lrp1b;Ophn1;Otog;Pard3;Pkp4;Plce1;Ppp1r14d;Psme4;Ptch1;Rad51b;Rasd2;Spats2l;Srgap1;Tmprss9;Ube2d2a;Usp3;Xirp2,8,Arid2;Csmd2;Erbb2;Huwe1;Lrp1b;Pard3;Psme4;Ptch1,4.608842894685175,31.916237045694835,Distinct genes among all 30 final candidates with at least one configured nonsynonymous mutation observed in the mutation table,TES uniformly targets only 8/30 candidates; TES zero counts do not establish wild-type status across all 30 genes,TES and WES mutation burdens require gt_AF >= 0.01
TES,hairfollicle21-e2-w17,Hair follicle,e2,Week 17,DT,Papilloma,21,0.046666,0.09647,3.87,330193,2,5,NA,NA,1,1,0,,TES::hairfollicle21-e2-w17,30,Aatk;Arid2;Bmper;Cep170b;Cldn18;Csmd2;Dennd1c;Erbb2;Ezh1;Folh1;Foxp4;Huwe1;Kndc1;Lrp1b;Ophn1;Otog;Pard3;Pkp4;Plce1;Ppp1r14d;Psme4;Ptch1;Rad51b;Rasd2;Spats2l;Srgap1;Tmprss9;Ube2d2a;Usp3;Xirp2,8,Arid2;Csmd2;Erbb2;Huwe1;Lrp1b;Pard3;Psme4;Ptch1,10.36591686534674,10.36591686534674,Distinct genes among all 30 final candidates with at least one configured nonsynonymous mutation observed in the mutation table,TES uniformly targets only 8/30 candidates; TES zero counts do not establish wild-type status across all 30 genes,TES and WES mutation burdens require gt_AF >= 0.01
TES,hairfollicle21-e2-w8,Hair follicle,e2,Week 8,DT,Papilloma,21,1.399125,4.144713,62.9,6233805,2,5,NA,NA,19,89,0,,TES::hairfollicle21-e2-w8,30,Aatk;Arid2;Bmper;Cep170b;Cldn18;Csmd2;Dennd1c;Erbb2;Ezh1;Folh1;Foxp4;Huwe1;Kndc1;Lrp1b;Ophn1;Otog;Pard3;Pkp4;Plce1;Ppp1r14d;Psme4;Ptch1;Rad51b;Rasd2;Spats2l;Srgap1;Tmprss9;Ube2d2a;Usp3;Xirp2,8,Arid2;Csmd2;Erbb2;Huwe1;Lrp1b;Pard3;Psme4;Ptch1,4.58415335392342,21.473139394693913,Distinct genes among all 30 final candidates with at least one configured nonsynonymous mutation observed in the mutation table,TES uniformly targets only 8/30 candidates; TES zero counts do not establish wild-type status across all 30 genes,TES and WES mutation burdens require gt_AF >= 0.01
TES,hairfollicle21-e3-w14,Hair follicle,e3,Week 14,DT,SCC,21,1.817072,6.401981,108.63,5606612,3,5,NA,NA,33,476,3,Erbb2;Psme4;Ptch1,TES::hairfollicle21-e3-w14,30,Aatk;Arid2;Bmper;Cep170b;Cldn18;Csmd2;Dennd1c;Erbb2;Ezh1;Folh1;Foxp4;Huwe1;Kndc1;Lrp1b;Ophn1;Otog;Pard3;Pkp4;Plce1;Ppp1r14d;Psme4;Ptch1;Rad51b;Rasd2;Spats2l;Srgap1;Tmprss9;Ube2d2a;Usp3;Xirp2,8,Arid2;Csmd2;Erbb2;Huwe1;Lrp1b;Pard3;Psme4;Ptch1,5.154654473357543,74.35198573691487,Distinct genes among all 30 final candidates with at least one configured nonsynonymous mutation observed in the mutation table,TES uniformly targets only 8/30 candidates; TES zero counts do not establish wild-type status across all 30 genes,TES and WES mutation burdens require gt_AF >= 0.01
TES,hairfollicle21-e3-w17,Hair follicle,e3,Week 17,DT,SCC,21,1.09046,1.726768,42.16,3088622,3,5,NA,NA,8,43,1,Huwe1,TES::hairfollicle21-e3-w17,30,Aatk;Arid2;Bmper;Cep170b;Cldn18;Csmd2;Dennd1c;Erbb2;Ezh1;Folh1;Foxp4;Huwe1;Kndc1;Lrp1b;Ophn1;Otog;Pard3;Pkp4;Plce1;Ppp1r14d;Psme4;Ptch1;Rad51b;Rasd2;Spats2l;Srgap1;Tmprss9;Ube2d2a;Usp3;Xirp2,8,Arid2;Csmd2;Erbb2;Huwe1;Lrp1b;Pard3;Psme4;Ptch1,4.632932739082494,24.902013472568402,Distinct genes among all 30 final candidates with at least one configured nonsynonymous mutation observed in the mutation table,TES uniformly targets only 8/30 candidates; TES zero counts do not establish wild-type status across all 30 genes,TES and WES mutation burdens require gt_AF >= 0.01
TES,hairfollicle21-e3-w8,Hair follicle,e3,Week 8,DT,SCC,21,1.092797,3.061262,44.83,2757527,3,5,NA,NA,10,79,0,,TES::hairfollicle21-e3-w8,30,Aatk;Arid2;Bmper;Cep170b;Cldn18;Csmd2;Dennd1c;Erbb2;Ezh1;Folh1;Foxp4;Huwe1;Kndc1;Lrp1b;Ophn1;Otog;Pard3;Pkp4;Plce1;Ppp1r14d;Psme4;Ptch1;Rad51b;Rasd2;Spats2l;Srgap1;Tmprss9;Ube2d2a;Usp3;Xirp2,8,Arid2;Csmd2;Erbb2;Huwe1;Lrp1b;Pard3;Psme4;Ptch1,3.2666266396015757,25.80635045285245,Distinct genes among all 30 final candidates with at least one configured nonsynonymous mutation observed in the mutation table,TES uniformly targets only 8/30 candidates; TES zero counts do not establish wild-type status across all 30 genes,TES and WES mutation burdens require gt_AF >= 0.01
TES,hairfollicle21-e4-w14,Hair follicle,e4,Week 14,DT,SCC,21,1.897714,13.537542,302.55,56859697,4,5,NA,NA,31,149,0,,TES::hairfollicle21-e4-w14,30,Aatk;Arid2;Bmper;Cep170b;Cldn18;Csmd2;Dennd1c;Erbb2;Ezh1;Folh1;Foxp4;Huwe1;Kndc1;Lrp1b;Ophn1;Otog;Pard3;Pkp4;Plce1;Ppp1r14d;Psme4;Ptch1;Rad51b;Rasd2;Spats2l;Srgap1;Tmprss9;Ube2d2a;Usp3;Xirp2,8,Arid2;Csmd2;Erbb2;Huwe1;Lrp1b;Pard3;Psme4;Ptch1,2.289928260241039,11.006429379868221,Distinct genes among all 30 final candidates with at least one configured nonsynonymous mutation observed in the mutation table,TES uniformly targets only 8/30 candidates; TES zero counts do not establish wild-type status across all 30 genes,TES and WES mutation burdens require gt_AF >= 0.01
TES,hairfollicle21-e4-w17,Hair follicle,e4,Week 17,DT,SCC,21,0.457322,1.130164,47.62,2051364,4,5,NA,NA,3,23,0,,TES::hairfollicle21-e4-w17,30,Aatk;Arid2;Bmper;Cep170b;Cldn18;Csmd2;Dennd1c;Erbb2;Ezh1;Folh1;Foxp4;Huwe1;Kndc1;Lrp1b;Ophn1;Otog;Pard3;Pkp4;Plce1;Ppp1r14d;Psme4;Ptch1;Rad51b;Rasd2;Spats2l;Srgap1;Tmprss9;Ube2d2a;Usp3;Xirp2,8,Arid2;Csmd2;Erbb2;Huwe1;Lrp1b;Pard3;Psme4;Ptch1,2.654482004381665,20.351028700259434,Distinct genes among all 30 final candidates with at least one configured nonsynonymous mutation observed in the mutation table,TES uniformly targets only 8/30 candidates; TES zero counts do not establish wild-type status across all 30 genes,TES and WES mutation burdens require gt_AF >= 0.01
TES,hairfollicle21-e4-w8,Hair follicle,e4,Week 8,DT,SCC,21,0.748805,2.535779,42.71,4920560,4,5,NA,NA,8,67,0,,TES::hairfollicle21-e4-w8,30,Aatk;Arid2;Bmper;Cep170b;Cldn18;Csmd2;Dennd1c;Erbb2;Ezh1;Folh1;Foxp4;Huwe1;Kndc1;Lrp1b;Ophn1;Otog;Pard3;Pkp4;Plce1;Ppp1r14d;Psme4;Ptch1;Rad51b;Rasd2;Spats2l;Srgap1;Tmprss9;Ube2d2a;Usp3;Xirp2,8,Arid2;Csmd2;Erbb2;Huwe1;Lrp1b;Pard3;Psme4;Ptch1,3.154849062161963,26.421860895606443,Distinct genes among all 30 final candidates with at least one configured nonsynonymous mutation observed in the mutation table,TES uniformly targets only 8/30 candidates; TES zero counts do not establish wild-type status across all 30 genes,TES and WES mutation burdens require gt_AF >= 0.01
TES,hairfollicle21-e5-w17,Hair follicle,e5,Week 17,DT,Visually normal,21,1.895058,5.085448,106.36,4853080,5,5,NA,NA,32,137,0,,TES::hairfollicle21-e5-w17,30,Aatk;Arid2;Bmper;Cep170b;Cldn18;Csmd2;Dennd1c;Erbb2;Ezh1;Folh1;Foxp4;Huwe1;Kndc1;Lrp1b;Ophn1;Otog;Pard3;Pkp4;Plce1;Ppp1r14d;Psme4;Ptch1;Rad51b;Rasd2;Spats2l;Srgap1;Tmprss9;Ube2d2a;Usp3;Xirp2,8,Arid2;Csmd2;Erbb2;Huwe1;Lrp1b;Pard3;Psme4;Ptch1,6.292464302063456,26.93961279320917,Distinct genes among all 30 final candidates with at least one configured nonsynonymous mutation observed in the mutation table,TES uniformly targets only 8/30 candidates; TES zero counts do not establish wild-type status across all 30 genes,TES and WES mutation burdens require gt_AF >= 0.01
TES,hairfollicle21-e6-w17,Hair follicle,e6,Week 17,DT,Visually normal,21,1.515288,2.372833,55,3220664,6,5,NA,NA,5,54,0,,TES::hairfollicle21-e6-w17,30,Aatk;Arid2;Bmper;Cep170b;Cldn18;Csmd2;Dennd1c;Erbb2;Ezh1;Folh1;Foxp4;Huwe1;Kndc1;Lrp1b;Ophn1;Otog;Pard3;Pkp4;Plce1;Ppp1r14d;Psme4;Ptch1;Rad51b;Rasd2;Spats2l;Srgap1;Tmprss9;Ube2d2a;Usp3;Xirp2,8,Arid2;Csmd2;Erbb2;Huwe1;Lrp1b;Pard3;Psme4;Ptch1,2.1071857985791667,22.757606624655,Distinct genes among all 30 final candidates with at least one configured nonsynonymous mutation observed in the mutation table,TES uniformly targets only 8/30 candidates; TES zero counts do not establish wild-type status across all 30 genes,TES and WES mutation burdens require gt_AF >= 0.01
TES,hairfollicle21-e7-w17,Hair follicle,e7,Week 17,DT,Visually normal,21,0.029143,0.210351,4.87,353779,7,5,NA,NA,1,1,0,,TES::hairfollicle21-e7-w17,30,Aatk;Arid2;Bmper;Cep170b;Cldn18;Csmd2;Dennd1c;Erbb2;Ezh1;Folh1;Foxp4;Huwe1;Kndc1;Lrp1b;Ophn1;Otog;Pard3;Pkp4;Plce1;Ppp1r14d;Psme4;Ptch1;Rad51b;Rasd2;Spats2l;Srgap1;Tmprss9;Ube2d2a;Usp3;Xirp2,8,Arid2;Csmd2;Erbb2;Huwe1;Lrp1b;Pard3;Psme4;Ptch1,4.753958859240032,4.753958859240032,Distinct genes among all 30 final candidates with at least one configured nonsynonymous mutation observed in the mutation table,TES uniformly targets only 8/30 candidates; TES zero counts do not establish wild-type status across all 30 genes,TES and WES mutation burdens require gt_AF >= 0.01
TES,hairfollicle21-f1-w14,Hair follicle,f1,Week 14,DT,Papilloma,21,1.89783,8.368855,272.73,21675404,1,6,NA,NA,39,145,0,,TES::hairfollicle21-f1-w14,30,Aatk;Arid2;Bmper;Cep170b;Cldn18;Csmd2;Dennd1c;Erbb2;Ezh1;Folh1;Foxp4;Huwe1;Kndc1;Lrp1b;Ophn1;Otog;Pard3;Pkp4;Plce1;Ppp1r14d;Psme4;Ptch1;Rad51b;Rasd2;Spats2l;Srgap1;Tmprss9;Ube2d2a;Usp3;Xirp2,8,Arid2;Csmd2;Erbb2;Huwe1;Lrp1b;Pard3;Psme4;Ptch1,4.660135705541559,17.32614557188528,Distinct genes among all 30 final candidates with at least one configured nonsynonymous mutation observed in the mutation table,TES uniformly targets only 8/30 candidates; TES zero counts do not establish wild-type status across all 30 genes,TES and WES mutation burdens require gt_AF >= 0.01
TES,hairfollicle21-f1-w17,Hair follicle,f1,Week 17,DT,Visually normal,21,1.102887,1.765464,51.85,2449941,1,6,NA,NA,8,59,0,,TES::hairfollicle21-f1-w17,30,Aatk;Arid2;Bmper;Cep170b;Cldn18;Csmd2;Dennd1c;Erbb2;Ezh1;Folh1;Foxp4;Huwe1;Kndc1;Lrp1b;Ophn1;Otog;Pard3;Pkp4;Plce1;Ppp1r14d;Psme4;Ptch1;Rad51b;Rasd2;Spats2l;Srgap1;Tmprss9;Ube2d2a;Usp3;Xirp2,8,Arid2;Csmd2;Erbb2;Huwe1;Lrp1b;Pard3;Psme4;Ptch1,4.5313866496286535,33.41897654101132,Distinct genes among all 30 final candidates with at least one configured nonsynonymous mutation observed in the mutation table,TES uniformly targets only 8/30 candidates; TES zero counts do not establish wild-type status across all 30 genes,TES and WES mutation burdens require gt_AF >= 0.01
TES,hairfollicle21-f1-w8,Hair follicle,f1,Week 8,DT,Papilloma,21,1.666267,5.118998,71.72,15092429,1,6,NA,NA,44,504,0,,TES::hairfollicle21-f1-w8,30,Aatk;Arid2;Bmper;Cep170b;Cldn18;Csmd2;Dennd1c;Erbb2;Ezh1;Folh1;Foxp4;Huwe1;Kndc1;Lrp1b;Ophn1;Otog;Pard3;Pkp4;Plce1;Ppp1r14d;Psme4;Ptch1;Rad51b;Rasd2;Spats2l;Srgap1;Tmprss9;Ube2d2a;Usp3;Xirp2,8,Arid2;Csmd2;Erbb2;Huwe1;Lrp1b;Pard3;Psme4;Ptch1,8.595432152933054,98.45676829723317,Distinct genes among all 30 final candidates with at least one configured nonsynonymous mutation observed in the mutation table,TES uniformly targets only 8/30 candidates; TES zero counts do not establish wild-type status across all 30 genes,TES and WES mutation burdens require gt_AF >= 0.01
TES,hairfollicle21-f2-w14,Hair follicle,f2,Week 14,DT,Visually normal,21,1.896413,6.596567,112.58,9192340,2,6,NA,NA,17,102,0,,TES::hairfollicle21-f2-w14,30,Aatk;Arid2;Bmper;Cep170b;Cldn18;Csmd2;Dennd1c;Erbb2;Ezh1;Folh1;Foxp4;Huwe1;Kndc1;Lrp1b;Ophn1;Otog;Pard3;Pkp4;Plce1;Ppp1r14d;Psme4;Ptch1;Rad51b;Rasd2;Spats2l;Srgap1;Tmprss9;Ube2d2a;Usp3;Xirp2,8,Arid2;Csmd2;Erbb2;Huwe1;Lrp1b;Pard3;Psme4;Ptch1,2.577098057216731,15.462588343300386,Distinct genes among all 30 final candidates with at least one configured nonsynonymous mutation observed in the mutation table,TES uniformly targets only 8/30 candidates; TES zero counts do not establish wild-type status across all 30 genes,TES and WES mutation burdens require gt_AF >= 0.01
TES,hairfollicle21-f2-w17,Hair follicle,f2,Week 17,DT,Visually normal,21,1.102923,2.140865,37.35,2368620,2,6,NA,NA,13,73,0,,TES::hairfollicle21-f2-w17,30,Aatk;Arid2;Bmper;Cep170b;Cldn18;Csmd2;Dennd1c;Erbb2;Ezh1;Folh1;Foxp4;Huwe1;Kndc1;Lrp1b;Ophn1;Otog;Pard3;Pkp4;Plce1;Ppp1r14d;Psme4;Ptch1;Rad51b;Rasd2;Spats2l;Srgap1;Tmprss9;Ube2d2a;Usp3;Xirp2,8,Arid2;Csmd2;Erbb2;Huwe1;Lrp1b;Pard3;Psme4;Ptch1,6.072311892622842,34.09836678165134,Distinct genes among all 30 final candidates with at least one configured nonsynonymous mutation observed in the mutation table,TES uniformly targets only 8/30 candidates; TES zero counts do not establish wild-type status across all 30 genes,TES and WES mutation burdens require gt_AF >= 0.01
TES,hairfollicle21-f2-w19,Hair follicle,f2,Week 19,DT,Visually normal,21,0.490926,1.337532,25.99,1956896,2,6,NA,NA,7,61,0,,TES::hairfollicle21-f2-w19,30,Aatk;Arid2;Bmper;Cep170b;Cldn18;Csmd2;Dennd1c;Erbb2;Ezh1;Folh1;Foxp4;Huwe1;Kndc1;Lrp1b;Ophn1;Otog;Pard3;Pkp4;Plce1;Ppp1r14d;Psme4;Ptch1;Rad51b;Rasd2;Spats2l;Srgap1;Tmprss9;Ube2d2a;Usp3;Xirp2,8,Arid2;Csmd2;Erbb2;Huwe1;Lrp1b;Pard3;Psme4;Ptch1,5.233519646632754,45.60638549208542,Distinct genes among all 30 final candidates with at least one configured nonsynonymous mutation observed in the mutation table,TES uniformly targets only 8/30 candidates; TES zero counts do not establish wild-type status across all 30 genes,TES and WES mutation burdens require gt_AF >= 0.01
TES,hairfollicle21-f3-w17,Hair follicle,f3,Week 17,DT,SCC,21,1.103505,1.892017,54.23,2137730,3,6,NA,NA,6,37,0,,TES::hairfollicle21-f3-w17,30,Aatk;Arid2;Bmper;Cep170b;Cldn18;Csmd2;Dennd1c;Erbb2;Ezh1;Folh1;Foxp4;Huwe1;Kndc1;Lrp1b;Ophn1;Otog;Pard3;Pkp4;Plce1;Ppp1r14d;Psme4;Ptch1;Rad51b;Rasd2;Spats2l;Srgap1;Tmprss9;Ube2d2a;Usp3;Xirp2,8,Arid2;Csmd2;Erbb2;Huwe1;Lrp1b;Pard3;Psme4;Ptch1,3.171218863255457,19.555849656741984,Distinct genes among all 30 final candidates with at least one configured nonsynonymous mutation observed in the mutation table,TES uniformly targets only 8/30 candidates; TES zero counts do not establish wild-type status across all 30 genes,TES and WES mutation burdens require gt_AF >= 0.01
TES,hairfollicle21-f3-w8,Hair follicle,f3,Week 8,DT,SCC,21,0.681431,2.421663,40.47,3344265,3,6,NA,NA,4,51,0,,TES::hairfollicle21-f3-w8,30,Aatk;Arid2;Bmper;Cep170b;Cldn18;Csmd2;Dennd1c;Erbb2;Ezh1;Folh1;Foxp4;Huwe1;Kndc1;Lrp1b;Ophn1;Otog;Pard3;Pkp4;Plce1;Ppp1r14d;Psme4;Ptch1;Rad51b;Rasd2;Spats2l;Srgap1;Tmprss9;Ube2d2a;Usp3;Xirp2,8,Arid2;Csmd2;Erbb2;Huwe1;Lrp1b;Pard3;Psme4;Ptch1,1.651757490616985,21.05990800536656,Distinct genes among all 30 final candidates with at least one configured nonsynonymous mutation observed in the mutation table,TES uniformly targets only 8/30 candidates; TES zero counts do not establish wild-type status across all 30 genes,TES and WES mutation burdens require gt_AF >= 0.01
TES,hairfollicle21-f4-w17,Hair follicle,f4,Week 17,DT,SCC,21,1.896884,7.08742,261.67,15546617,4,6,NA,NA,28,120,2,Csmd2;Lrp1b,TES::hairfollicle21-f4-w17,30,Aatk;Arid2;Bmper;Cep170b;Cldn18;Csmd2;Dennd1c;Erbb2;Ezh1;Folh1;Foxp4;Huwe1;Kndc1;Lrp1b;Ophn1;Otog;Pard3;Pkp4;Plce1;Ppp1r14d;Psme4;Ptch1;Rad51b;Rasd2;Spats2l;Srgap1;Tmprss9;Ube2d2a;Usp3;Xirp2,8,Arid2;Csmd2;Erbb2;Huwe1;Lrp1b;Pard3;Psme4;Ptch1,3.9506618769594577,16.93140804411196,Distinct genes among all 30 final candidates with at least one configured nonsynonymous mutation observed in the mutation table,TES uniformly targets only 8/30 candidates; TES zero counts do not establish wild-type status across all 30 genes,TES and WES mutation burdens require gt_AF >= 0.01
TES,hairfollicle21-f4-w19,Hair follicle,f4,Week 19,DT,Visually normal,21,0.268894,0.703676,19.78,1778487,4,6,NA,NA,6,29,0,,TES::hairfollicle21-f4-w19,30,Aatk;Arid2;Bmper;Cep170b;Cldn18;Csmd2;Dennd1c;Erbb2;Ezh1;Folh1;Foxp4;Huwe1;Kndc1;Lrp1b;Ophn1;Otog;Pard3;Pkp4;Plce1;Ppp1r14d;Psme4;Ptch1;Rad51b;Rasd2;Spats2l;Srgap1;Tmprss9;Ube2d2a;Usp3;Xirp2,8,Arid2;Csmd2;Erbb2;Huwe1;Lrp1b;Pard3;Psme4;Ptch1,8.526651470278935,41.21214877301485,Distinct genes among all 30 final candidates with at least one configured nonsynonymous mutation observed in the mutation table,TES uniformly targets only 8/30 candidates; TES zero counts do not establish wild-type status across all 30 genes,TES and WES mutation burdens require gt_AF >= 0.01
TES,hairfollicle21-f4-w8,Hair follicle,f4,Week 8,DT,SCC,21,0.56097,1.019368,23.38,1823824,4,6,NA,NA,8,68,0,,TES::hairfollicle21-f4-w8,30,Aatk;Arid2;Bmper;Cep170b;Cldn18;Csmd2;Dennd1c;Erbb2;Ezh1;Folh1;Foxp4;Huwe1;Kndc1;Lrp1b;Ophn1;Otog;Pard3;Pkp4;Plce1;Ppp1r14d;Psme4;Ptch1;Rad51b;Rasd2;Spats2l;Srgap1;Tmprss9;Ube2d2a;Usp3;Xirp2,8,Arid2;Csmd2;Erbb2;Huwe1;Lrp1b;Pard3;Psme4;Ptch1,7.8479999372160005,66.707999466336,Distinct genes among all 30 final candidates with at least one configured nonsynonymous mutation observed in the mutation table,TES uniformly targets only 8/30 candidates; TES zero counts do not establish wild-type status across all 30 genes,TES and WES mutation burdens require gt_AF >= 0.01
TES,hairfollicle21-f5-w17,Hair follicle,f5,Week 17,DT,Visually normal,21,1.424369,2.300146,50.48,3303029,5,6,NA,NA,10,76,0,,TES::hairfollicle21-f5-w17,30,Aatk;Arid2;Bmper;Cep170b;Cldn18;Csmd2;Dennd1c;Erbb2;Ezh1;Folh1;Foxp4;Huwe1;Kndc1;Lrp1b;Ophn1;Otog;Pard3;Pkp4;Plce1;Ppp1r14d;Psme4;Ptch1;Rad51b;Rasd2;Spats2l;Srgap1;Tmprss9;Ube2d2a;Usp3;Xirp2,8,Arid2;Csmd2;Erbb2;Huwe1;Lrp1b;Pard3;Psme4;Ptch1,4.347550112036367,33.04138085147639,Distinct genes among all 30 final candidates with at least one configured nonsynonymous mutation observed in the mutation table,TES uniformly targets only 8/30 candidates; TES zero counts do not establish wild-type status across all 30 genes,TES and WES mutation burdens require gt_AF >= 0.01
TES,hairfollicle21-f6-w14,Hair follicle,f6,Week 14,DT,Visually normal,21,1.635044,3.079898,38.21,3827018,6,6,NA,NA,6,81,0,,TES::hairfollicle21-f6-w14,30,Aatk;Arid2;Bmper;Cep170b;Cldn18;Csmd2;Dennd1c;Erbb2;Ezh1;Folh1;Foxp4;Huwe1;Kndc1;Lrp1b;Ophn1;Otog;Pard3;Pkp4;Plce1;Ppp1r14d;Psme4;Ptch1;Rad51b;Rasd2;Spats2l;Srgap1;Tmprss9;Ube2d2a;Usp3;Xirp2,8,Arid2;Csmd2;Erbb2;Huwe1;Lrp1b;Pard3;Psme4;Ptch1,1.948116463597171,26.29957225856181,Distinct genes among all 30 final candidates with at least one configured nonsynonymous mutation observed in the mutation table,TES uniformly targets only 8/30 candidates; TES zero counts do not establish wild-type status across all 30 genes,TES and WES mutation burdens require gt_AF >= 0.01
TES,hairfollicle21-f6-w17,Hair follicle,f6,Week 17,DT,Visually normal,21,1.871363,4.406615,54.51,4212417,6,6,NA,NA,28,201,2,Pard3;Ptch1,TES::hairfollicle21-f6-w17,30,Aatk;Arid2;Bmper;Cep170b;Cldn18;Csmd2;Dennd1c;Erbb2;Ezh1;Folh1;Foxp4;Huwe1;Kndc1;Lrp1b;Ophn1;Otog;Pard3;Pkp4;Plce1;Ppp1r14d;Psme4;Ptch1;Rad51b;Rasd2;Spats2l;Srgap1;Tmprss9;Ube2d2a;Usp3;Xirp2,8,Arid2;Csmd2;Erbb2;Huwe1;Lrp1b;Pard3;Psme4;Ptch1,6.354083576622872,45.6132428178999,Distinct genes among all 30 final candidates with at least one configured nonsynonymous mutation observed in the mutation table,TES uniformly targets only 8/30 candidates; TES zero counts do not establish wild-type status across all 30 genes,TES and WES mutation burdens require gt_AF >= 0.01
TES,hairfollicle21-f6-w19,Hair follicle,f6,Week 19,DT,SCC,21,1.888528,4.84509,64.01,4288025,6,6,NA,NA,21,121,0,,TES::hairfollicle21-f6-w19,30,Aatk;Arid2;Bmper;Cep170b;Cldn18;Csmd2;Dennd1c;Erbb2;Ezh1;Folh1;Foxp4;Huwe1;Kndc1;Lrp1b;Ophn1;Otog;Pard3;Pkp4;Plce1;Ppp1r14d;Psme4;Ptch1;Rad51b;Rasd2;Spats2l;Srgap1;Tmprss9;Ube2d2a;Usp3;Xirp2,8,Arid2;Csmd2;Erbb2;Huwe1;Lrp1b;Pard3;Psme4;Ptch1,4.334284812046835,24.973736297984146,Distinct genes among all 30 final candidates with at least one configured nonsynonymous mutation observed in the mutation table,TES uniformly targets only 8/30 candidates; TES zero counts do not establish wild-type status across all 30 genes,TES and WES mutation burdens require gt_AF >= 0.01
TES,hairfollicle21-f6-w8,Hair follicle,f6,Week 8,DT,Visually normal,21,1.88111,3.740226,57.75,13233856,6,6,NA,NA,31,231,1,Erbb2,TES::hairfollicle21-f6-w8,30,Aatk;Arid2;Bmper;Cep170b;Cldn18;Csmd2;Dennd1c;Erbb2;Ezh1;Folh1;Foxp4;Huwe1;Kndc1;Lrp1b;Ophn1;Otog;Pard3;Pkp4;Plce1;Ppp1r14d;Psme4;Ptch1;Rad51b;Rasd2;Spats2l;Srgap1;Tmprss9;Ube2d2a;Usp3;Xirp2,8,Arid2;Csmd2;Erbb2;Huwe1;Lrp1b;Pard3;Psme4;Ptch1,8.288269211539625,61.760973802117846,Distinct genes among all 30 final candidates with at least one configured nonsynonymous mutation observed in the mutation table,TES uniformly targets only 8/30 candidates; TES zero counts do not establish wild-type status across all 30 genes,TES and WES mutation burdens require gt_AF >= 0.01
TES,hairfollicle21-f7-w14,Hair follicle,f7,Week 14,DT,Visually normal,21,0.188037,0.883633,18.77,1672194,7,6,NA,NA,4,31,0,,TES::hairfollicle21-f7-w14,30,Aatk;Arid2;Bmper;Cep170b;Cldn18;Csmd2;Dennd1c;Erbb2;Ezh1;Folh1;Foxp4;Huwe1;Kndc1;Lrp1b;Ophn1;Otog;Pard3;Pkp4;Plce1;Ppp1r14d;Psme4;Ptch1;Rad51b;Rasd2;Spats2l;Srgap1;Tmprss9;Ube2d2a;Usp3;Xirp2,8,Arid2;Csmd2;Erbb2;Huwe1;Lrp1b;Pard3;Psme4;Ptch1,4.526766202710854,35.082438071009115,Distinct genes among all 30 final candidates with at least one configured nonsynonymous mutation observed in the mutation table,TES uniformly targets only 8/30 candidates; TES zero counts do not establish wild-type status across all 30 genes,TES and WES mutation burdens require gt_AF >= 0.01
TES,hairfollicle21-f7-w17,Hair follicle,f7,Week 17,DT,Visually normal,21,0.066434000000000007,0.261405,7.8,1308365,7,6,NA,NA,5,17,0,,TES::hairfollicle21-f7-w17,30,Aatk;Arid2;Bmper;Cep170b;Cldn18;Csmd2;Dennd1c;Erbb2;Ezh1;Folh1;Foxp4;Huwe1;Kndc1;Lrp1b;Ophn1;Otog;Pard3;Pkp4;Plce1;Ppp1r14d;Psme4;Ptch1;Rad51b;Rasd2;Spats2l;Srgap1;Tmprss9;Ube2d2a;Usp3;Xirp2,8,Arid2;Csmd2;Erbb2;Huwe1;Lrp1b;Pard3;Psme4;Ptch1,19.12740766243951,65.03318605229433,Distinct genes among all 30 final candidates with at least one configured nonsynonymous mutation observed in the mutation table,TES uniformly targets only 8/30 candidates; TES zero counts do not establish wild-type status across all 30 genes,TES and WES mutation burdens require gt_AF >= 0.01
TES,hairfollicle21-f7-w19,Hair follicle,f7,Week 19,DT,Visually normal,21,0.342477,1.250293,23.74,1937034,7,6,NA,NA,6,33,0,,TES::hairfollicle21-f7-w19,30,Aatk;Arid2;Bmper;Cep170b;Cldn18;Csmd2;Dennd1c;Erbb2;Ezh1;Folh1;Foxp4;Huwe1;Kndc1;Lrp1b;Ophn1;Otog;Pard3;Pkp4;Plce1;Ppp1r14d;Psme4;Ptch1;Rad51b;Rasd2;Spats2l;Srgap1;Tmprss9;Ube2d2a;Usp3;Xirp2,8,Arid2;Csmd2;Erbb2;Huwe1;Lrp1b;Pard3;Psme4;Ptch1,4.798875143666324,26.393813290164783,Distinct genes among all 30 final candidates with at least one configured nonsynonymous mutation observed in the mutation table,TES uniformly targets only 8/30 candidates; TES zero counts do not establish wild-type status across all 30 genes,TES and WES mutation burdens require gt_AF >= 0.01
TES,hairfollicle21-f7-w8,Hair follicle,f7,Week 8,DT,Visually normal,21,0.151755,0.482424,15.44,1392432,7,6,NA,NA,2,16,0,,TES::hairfollicle21-f7-w8,30,Aatk;Arid2;Bmper;Cep170b;Cldn18;Csmd2;Dennd1c;Erbb2;Ezh1;Folh1;Foxp4;Huwe1;Kndc1;Lrp1b;Ophn1;Otog;Pard3;Pkp4;Plce1;Ppp1r14d;Psme4;Ptch1;Rad51b;Rasd2;Spats2l;Srgap1;Tmprss9;Ube2d2a;Usp3;Xirp2,8,Arid2;Csmd2;Erbb2;Huwe1;Lrp1b;Pard3;Psme4;Ptch1,4.1457307264978525,33.16584581198282,Distinct genes among all 30 final candidates with at least one configured nonsynonymous mutation observed in the mutation table,TES uniformly targets only 8/30 candidates; TES zero counts do not establish wild-type status across all 30 genes,TES and WES mutation burdens require gt_AF >= 0.01
TES,hairfollicle21-g1-w14,Hair follicle,g1,Week 14,DT,Visually normal,21,1.835282,3.742096,37.4,4982405,1,7,NA,NA,16,111,0,,TES::hairfollicle21-g1-w14,30,Aatk;Arid2;Bmper;Cep170b;Cldn18;Csmd2;Dennd1c;Erbb2;Ezh1;Folh1;Foxp4;Huwe1;Kndc1;Lrp1b;Ophn1;Otog;Pard3;Pkp4;Plce1;Ppp1r14d;Psme4;Ptch1;Rad51b;Rasd2;Spats2l;Srgap1;Tmprss9;Ube2d2a;Usp3;Xirp2,8,Arid2;Csmd2;Erbb2;Huwe1;Lrp1b;Pard3;Psme4;Ptch1,4.275678657094847,29.662520683595503,Distinct genes among all 30 final candidates with at least one configured nonsynonymous mutation observed in the mutation table,TES uniformly targets only 8/30 candidates; TES zero counts do not establish wild-type status across all 30 genes,TES and WES mutation burdens require gt_AF >= 0.01
TES,hairfollicle21-g1-w17,Hair follicle,g1,Week 17,DT,Visually normal,21,1.733346,3.03108,67.83,3878537,1,7,NA,NA,18,75,0,,TES::hairfollicle21-g1-w17,30,Aatk;Arid2;Bmper;Cep170b;Cldn18;Csmd2;Dennd1c;Erbb2;Ezh1;Folh1;Foxp4;Huwe1;Kndc1;Lrp1b;Ophn1;Otog;Pard3;Pkp4;Plce1;Ppp1r14d;Psme4;Ptch1;Rad51b;Rasd2;Spats2l;Srgap1;Tmprss9;Ube2d2a;Usp3;Xirp2,8,Arid2;Csmd2;Erbb2;Huwe1;Lrp1b;Pard3;Psme4;Ptch1,5.938477374401203,24.74365572667168,Distinct genes among all 30 final candidates with at least one configured nonsynonymous mutation observed in the mutation table,TES uniformly targets only 8/30 candidates; TES zero counts do not establish wild-type status across all 30 genes,TES and WES mutation burdens require gt_AF >= 0.01
TES,hairfollicle21-g1-w8,Hair follicle,g1,Week 8,DT,Visually normal,21,1.856293,5.031802,68.31,5308600,1,7,NA,NA,29,265,0,,TES::hairfollicle21-g1-w8,30,Aatk;Arid2;Bmper;Cep170b;Cldn18;Csmd2;Dennd1c;Erbb2;Ezh1;Folh1;Foxp4;Huwe1;Kndc1;Lrp1b;Ophn1;Otog;Pard3;Pkp4;Plce1;Ppp1r14d;Psme4;Ptch1;Rad51b;Rasd2;Spats2l;Srgap1;Tmprss9;Ube2d2a;Usp3;Xirp2,8,Arid2;Csmd2;Erbb2;Huwe1;Lrp1b;Pard3;Psme4;Ptch1,5.763342834237118,52.665029347339186,Distinct genes among all 30 final candidates with at least one configured nonsynonymous mutation observed in the mutation table,TES uniformly targets only 8/30 candidates; TES zero counts do not establish wild-type status across all 30 genes,TES and WES mutation burdens require gt_AF >= 0.01
TES,hairfollicle21-g2-w14,Hair follicle,g2,Week 14,DT,Visually normal,21,1.358987,2.329644,34.07,4376798,2,7,NA,NA,10,64,0,,TES::hairfollicle21-g2-w14,30,Aatk;Arid2;Bmper;Cep170b;Cldn18;Csmd2;Dennd1c;Erbb2;Ezh1;Folh1;Foxp4;Huwe1;Kndc1;Lrp1b;Ophn1;Otog;Pard3;Pkp4;Plce1;Ppp1r14d;Psme4;Ptch1;Rad51b;Rasd2;Spats2l;Srgap1;Tmprss9;Ube2d2a;Usp3;Xirp2,8,Arid2;Csmd2;Erbb2;Huwe1;Lrp1b;Pard3;Psme4;Ptch1,4.29250134355292,27.47200859873869,Distinct genes among all 30 final candidates with at least one configured nonsynonymous mutation observed in the mutation table,TES uniformly targets only 8/30 candidates; TES zero counts do not establish wild-type status across all 30 genes,TES and WES mutation burdens require gt_AF >= 0.01
TES,hairfollicle21-g2-w17,Hair follicle,g2,Week 17,DT,Visually normal,21,1.644883,2.7711,41.75,3837272,2,7,NA,NA,8,69,0,,TES::hairfollicle21-g2-w17,30,Aatk;Arid2;Bmper;Cep170b;Cldn18;Csmd2;Dennd1c;Erbb2;Ezh1;Folh1;Foxp4;Huwe1;Kndc1;Lrp1b;Ophn1;Otog;Pard3;Pkp4;Plce1;Ppp1r14d;Psme4;Ptch1;Rad51b;Rasd2;Spats2l;Srgap1;Tmprss9;Ube2d2a;Usp3;Xirp2,8,Arid2;Csmd2;Erbb2;Huwe1;Lrp1b;Pard3;Psme4;Ptch1,2.8869402042510193,24.899859261665043,Distinct genes among all 30 final candidates with at least one configured nonsynonymous mutation observed in the mutation table,TES uniformly targets only 8/30 candidates; TES zero counts do not establish wild-type status across all 30 genes,TES and WES mutation burdens require gt_AF >= 0.01
TES,hairfollicle21-g2-w19,Hair follicle,g2,Week 19,DT,Visually normal,21,1.051399,1.633411,25.68,3450632,2,7,NA,NA,10,77,0,,TES::hairfollicle21-g2-w19,30,Aatk;Arid2;Bmper;Cep170b;Cldn18;Csmd2;Dennd1c;Erbb2;Ezh1;Folh1;Foxp4;Huwe1;Kndc1;Lrp1b;Ophn1;Otog;Pard3;Pkp4;Plce1;Ppp1r14d;Psme4;Ptch1;Rad51b;Rasd2;Spats2l;Srgap1;Tmprss9;Ube2d2a;Usp3;Xirp2,8,Arid2;Csmd2;Erbb2;Huwe1;Lrp1b;Pard3;Psme4;Ptch1,6.122157864738269,47.14061555848467,Distinct genes among all 30 final candidates with at least one configured nonsynonymous mutation observed in the mutation table,TES uniformly targets only 8/30 candidates; TES zero counts do not establish wild-type status across all 30 genes,TES and WES mutation burdens require gt_AF >= 0.01
TES,hairfollicle21-g2-w8,Hair follicle,g2,Week 8,DT,Visually normal,21,0.196122,0.828405,20.14,1495210,2,7,NA,NA,4,18,0,,TES::hairfollicle21-g2-w8,30,Aatk;Arid2;Bmper;Cep170b;Cldn18;Csmd2;Dennd1c;Erbb2;Ezh1;Folh1;Foxp4;Huwe1;Kndc1;Lrp1b;Ophn1;Otog;Pard3;Pkp4;Plce1;Ppp1r14d;Psme4;Ptch1;Rad51b;Rasd2;Spats2l;Srgap1;Tmprss9;Ube2d2a;Usp3;Xirp2,8,Arid2;Csmd2;Erbb2;Huwe1;Lrp1b;Pard3;Psme4;Ptch1,4.82855608066103,21.728502362974634,Distinct genes among all 30 final candidates with at least one configured nonsynonymous mutation observed in the mutation table,TES uniformly targets only 8/30 candidates; TES zero counts do not establish wild-type status across all 30 genes,TES and WES mutation burdens require gt_AF >= 0.01
TES,hairfollicle21-g3-w14,Hair follicle,g3,Week 14,DT,Visually normal,21,0.720877,2.011044,33.43,2136510,3,7,NA,NA,10,41,1,Ptch1,TES::hairfollicle21-g3-w14,30,Aatk;Arid2;Bmper;Cep170b;Cldn18;Csmd2;Dennd1c;Erbb2;Ezh1;Folh1;Foxp4;Huwe1;Kndc1;Lrp1b;Ophn1;Otog;Pard3;Pkp4;Plce1;Ppp1r14d;Psme4;Ptch1;Rad51b;Rasd2;Spats2l;Srgap1;Tmprss9;Ube2d2a;Usp3;Xirp2,8,Arid2;Csmd2;Erbb2;Huwe1;Lrp1b;Pard3;Psme4;Ptch1,4.9725416251459436,20.38742066309837,Distinct genes among all 30 final candidates with at least one configured nonsynonymous mutation observed in the mutation table,TES uniformly targets only 8/30 candidates; TES zero counts do not establish wild-type status across all 30 genes,TES and WES mutation burdens require gt_AF >= 0.01
TES,hairfollicle21-g3-w17,Hair follicle,g3,Week 17,DT,SCC,21,1.894491,5.249178,95.72,4222518,3,7,NA,NA,17,83,0,,TES::hairfollicle21-g3-w17,30,Aatk;Arid2;Bmper;Cep170b;Cldn18;Csmd2;Dennd1c;Erbb2;Ezh1;Folh1;Foxp4;Huwe1;Kndc1;Lrp1b;Ophn1;Otog;Pard3;Pkp4;Plce1;Ppp1r14d;Psme4;Ptch1;Rad51b;Rasd2;Spats2l;Srgap1;Tmprss9;Ube2d2a;Usp3;Xirp2,8,Arid2;Csmd2;Erbb2;Huwe1;Lrp1b;Pard3;Psme4;Ptch1,3.238602310685597,15.811999516876739,Distinct genes among all 30 final candidates with at least one configured nonsynonymous mutation observed in the mutation table,TES uniformly targets only 8/30 candidates; TES zero counts do not establish wild-type status across all 30 genes,TES and WES mutation burdens require gt_AF >= 0.01
TES,hairfollicle21-g3-w8,Hair follicle,g3,Week 8,DT,Visually normal,21,0.238269,0.721269,12.37,1129946,3,7,NA,NA,1,14,0,,TES::hairfollicle21-g3-w8,30,Aatk;Arid2;Bmper;Cep170b;Cldn18;Csmd2;Dennd1c;Erbb2;Ezh1;Folh1;Foxp4;Huwe1;Kndc1;Lrp1b;Ophn1;Otog;Pard3;Pkp4;Plce1;Ppp1r14d;Psme4;Ptch1;Rad51b;Rasd2;Spats2l;Srgap1;Tmprss9;Ube2d2a;Usp3;Xirp2,8,Arid2;Csmd2;Erbb2;Huwe1;Lrp1b;Pard3;Psme4;Ptch1,1.3864452790845023,19.410233907183034,Distinct genes among all 30 final candidates with at least one configured nonsynonymous mutation observed in the mutation table,TES uniformly targets only 8/30 candidates; TES zero counts do not establish wild-type status across all 30 genes,TES and WES mutation burdens require gt_AF >= 0.01
TES,hairfollicle21-g4-w14,Hair follicle,g4,Week 14,DT,Visually normal,21,0.374706,0.624356,15.3,1643445,4,7,NA,NA,11,65,0,,TES::hairfollicle21-g4-w14,30,Aatk;Arid2;Bmper;Cep170b;Cldn18;Csmd2;Dennd1c;Erbb2;Ezh1;Folh1;Foxp4;Huwe1;Kndc1;Lrp1b;Ophn1;Otog;Pard3;Pkp4;Plce1;Ppp1r14d;Psme4;Ptch1;Rad51b;Rasd2;Spats2l;Srgap1;Tmprss9;Ube2d2a;Usp3;Xirp2,8,Arid2;Csmd2;Erbb2;Huwe1;Lrp1b;Pard3;Psme4;Ptch1,17.618153745619487,104.10727213320605,Distinct genes among all 30 final candidates with at least one configured nonsynonymous mutation observed in the mutation table,TES uniformly targets only 8/30 candidates; TES zero counts do not establish wild-type status across all 30 genes,TES and WES mutation burdens require gt_AF >= 0.01
TES,hairfollicle21-g4-w17,Hair follicle,g4,Week 17,DT,SCC,21,0.52493,1.049966,36.53,2522557,4,7,NA,NA,10,51,0,,TES::hairfollicle21-g4-w17,30,Aatk;Arid2;Bmper;Cep170b;Cldn18;Csmd2;Dennd1c;Erbb2;Ezh1;Folh1;Foxp4;Huwe1;Kndc1;Lrp1b;Ophn1;Otog;Pard3;Pkp4;Plce1;Ppp1r14d;Psme4;Ptch1;Rad51b;Rasd2;Spats2l;Srgap1;Tmprss9;Ube2d2a;Usp3;Xirp2,8,Arid2;Csmd2;Erbb2;Huwe1;Lrp1b;Pard3;Psme4;Ptch1,9.524117923818485,48.57300141147428,Distinct genes among all 30 final candidates with at least one configured nonsynonymous mutation observed in the mutation table,TES uniformly targets only 8/30 candidates; TES zero counts do not establish wild-type status across all 30 genes,TES and WES mutation burdens require gt_AF >= 0.01
TES,hairfollicle21-g4-w8,Hair follicle,g4,Week 8,DT,Visually normal,21,0.821384,2.359885,34.01,2199392,4,7,NA,NA,6,54,0,,TES::hairfollicle21-g4-w8,30,Aatk;Arid2;Bmper;Cep170b;Cldn18;Csmd2;Dennd1c;Erbb2;Ezh1;Folh1;Foxp4;Huwe1;Kndc1;Lrp1b;Ophn1;Otog;Pard3;Pkp4;Plce1;Ppp1r14d;Psme4;Ptch1;Rad51b;Rasd2;Spats2l;Srgap1;Tmprss9;Ube2d2a;Usp3;Xirp2,8,Arid2;Csmd2;Erbb2;Huwe1;Lrp1b;Pard3;Psme4;Ptch1,2.5424967742072178,22.88247096786496,Distinct genes among all 30 final candidates with at least one configured nonsynonymous mutation observed in the mutation table,TES uniformly targets only 8/30 candidates; TES zero counts do not establish wild-type status across all 30 genes,TES and WES mutation burdens require gt_AF >= 0.01
TES,hairfollicle21-g5-w17,Hair follicle,g5,Week 17,DT,Visually normal,21,1.346911,2.175575,59.22,3753142,5,7,NA,NA,11,65,0,,TES::hairfollicle21-g5-w17,30,Aatk;Arid2;Bmper;Cep170b;Cldn18;Csmd2;Dennd1c;Erbb2;Ezh1;Folh1;Foxp4;Huwe1;Kndc1;Lrp1b;Ophn1;Otog;Pard3;Pkp4;Plce1;Ppp1r14d;Psme4;Ptch1;Rad51b;Rasd2;Spats2l;Srgap1;Tmprss9;Ube2d2a;Usp3;Xirp2,8,Arid2;Csmd2;Erbb2;Huwe1;Lrp1b;Pard3;Psme4;Ptch1,5.056134585109684,29.87715891201177,Distinct genes among all 30 final candidates with at least one configured nonsynonymous mutation observed in the mutation table,TES uniformly targets only 8/30 candidates; TES zero counts do not establish wild-type status across all 30 genes,TES and WES mutation burdens require gt_AF >= 0.01
TES,hairfollicle21-g6-w17,Hair follicle,g6,Week 17,DT,Visually normal,21,0.191441,0.763519,13.18,2152999,6,7,NA,NA,3,22,0,,TES::hairfollicle21-g6-w17,30,Aatk;Arid2;Bmper;Cep170b;Cldn18;Csmd2;Dennd1c;Erbb2;Ezh1;Folh1;Foxp4;Huwe1;Kndc1;Lrp1b;Ophn1;Otog;Pard3;Pkp4;Plce1;Ppp1r14d;Psme4;Ptch1;Rad51b;Rasd2;Spats2l;Srgap1;Tmprss9;Ube2d2a;Usp3;Xirp2,8,Arid2;Csmd2;Erbb2;Huwe1;Lrp1b;Pard3;Psme4;Ptch1,3.929175305395151,28.81395223956444,Distinct genes among all 30 final candidates with at least one configured nonsynonymous mutation observed in the mutation table,TES uniformly targets only 8/30 candidates; TES zero counts do not establish wild-type status across all 30 genes,TES and WES mutation burdens require gt_AF >= 0.01
TES,hairfollicle21-g6-w19,Hair follicle,g6,Week 19,DT,SCC,21,1.266035,1.947039,25.48,2056643,6,7,NA,NA,16,128,0,,TES::hairfollicle21-g6-w19,30,Aatk;Arid2;Bmper;Cep170b;Cldn18;Csmd2;Dennd1c;Erbb2;Ezh1;Folh1;Foxp4;Huwe1;Kndc1;Lrp1b;Ophn1;Otog;Pard3;Pkp4;Plce1;Ppp1r14d;Psme4;Ptch1;Rad51b;Rasd2;Spats2l;Srgap1;Tmprss9;Ube2d2a;Usp3;Xirp2,8,Arid2;Csmd2;Erbb2;Huwe1;Lrp1b;Pard3;Psme4;Ptch1,8.217606324269827,65.74085059415862,Distinct genes among all 30 final candidates with at least one configured nonsynonymous mutation observed in the mutation table,TES uniformly targets only 8/30 candidates; TES zero counts do not establish wild-type status across all 30 genes,TES and WES mutation burdens require gt_AF >= 0.01
TES,hairfollicle21-g6-w8,Hair follicle,g6,Week 8,DT,Visually normal,21,0.098627,0.588555,11.87,1393180,6,7,NA,NA,3,9,0,,TES::hairfollicle21-g6-w8,30,Aatk;Arid2;Bmper;Cep170b;Cldn18;Csmd2;Dennd1c;Erbb2;Ezh1;Folh1;Foxp4;Huwe1;Kndc1;Lrp1b;Ophn1;Otog;Pard3;Pkp4;Plce1;Ppp1r14d;Psme4;Ptch1;Rad51b;Rasd2;Spats2l;Srgap1;Tmprss9;Ube2d2a;Usp3;Xirp2,8,Arid2;Csmd2;Erbb2;Huwe1;Lrp1b;Pard3;Psme4;Ptch1,5.097229655682137,15.29168896704641,Distinct genes among all 30 final candidates with at least one configured nonsynonymous mutation observed in the mutation table,TES uniformly targets only 8/30 candidates; TES zero counts do not establish wild-type status across all 30 genes,TES and WES mutation burdens require gt_AF >= 0.01
TES,hairfollicle21-g7-w14,Hair follicle,g7,Week 14,DT,Visually normal,21,0.098386,0.574904,9.92,2259628,7,7,NA,NA,1,11,0,,TES::hairfollicle21-g7-w14,30,Aatk;Arid2;Bmper;Cep170b;Cldn18;Csmd2;Dennd1c;Erbb2;Ezh1;Folh1;Foxp4;Huwe1;Kndc1;Lrp1b;Ophn1;Otog;Pard3;Pkp4;Plce1;Ppp1r14d;Psme4;Ptch1;Rad51b;Rasd2;Spats2l;Srgap1;Tmprss9;Ube2d2a;Usp3;Xirp2,8,Arid2;Csmd2;Erbb2;Huwe1;Lrp1b;Pard3;Psme4;Ptch1,1.7394208424363025,19.13362926679933,Distinct genes among all 30 final candidates with at least one configured nonsynonymous mutation observed in the mutation table,TES uniformly targets only 8/30 candidates; TES zero counts do not establish wild-type status across all 30 genes,TES and WES mutation burdens require gt_AF >= 0.01
TES,hairfollicle21-g7-w17,Hair follicle,g7,Week 17,DT,Visually normal,21,0.125967,0.742954,15.14,1302274,7,7,NA,NA,0,4,0,,TES::hairfollicle21-g7-w17,30,Aatk;Arid2;Bmper;Cep170b;Cldn18;Csmd2;Dennd1c;Erbb2;Ezh1;Folh1;Foxp4;Huwe1;Kndc1;Lrp1b;Ophn1;Otog;Pard3;Pkp4;Plce1;Ppp1r14d;Psme4;Ptch1;Rad51b;Rasd2;Spats2l;Srgap1;Tmprss9;Ube2d2a;Usp3;Xirp2,8,Arid2;Csmd2;Erbb2;Huwe1;Lrp1b;Pard3;Psme4;Ptch1,0,5.383913405136791,Distinct genes among all 30 final candidates with at least one configured nonsynonymous mutation observed in the mutation table,TES uniformly targets only 8/30 candidates; TES zero counts do not establish wild-type status across all 30 genes,TES and WES mutation burdens require gt_AF >= 0.01
TES,hairfollicle21-g7-w19,Hair follicle,g7,Week 19,DT,Visually normal,21,0.230352,0.705152,15.28,2401477,7,7,NA,NA,9,37,0,,TES::hairfollicle21-g7-w19,30,Aatk;Arid2;Bmper;Cep170b;Cldn18;Csmd2;Dennd1c;Erbb2;Ezh1;Folh1;Foxp4;Huwe1;Kndc1;Lrp1b;Ophn1;Otog;Pard3;Pkp4;Plce1;Ppp1r14d;Psme4;Ptch1;Rad51b;Rasd2;Spats2l;Srgap1;Tmprss9;Ube2d2a;Usp3;Xirp2,8,Arid2;Csmd2;Erbb2;Huwe1;Lrp1b;Pard3;Psme4;Ptch1,12.763205663459793,52.47095661644582,Distinct genes among all 30 final candidates with at least one configured nonsynonymous mutation observed in the mutation table,TES uniformly targets only 8/30 candidates; TES zero counts do not establish wild-type status across all 30 genes,TES and WES mutation burdens require gt_AF >= 0.01
TES,hairfollicle21-g7-w8,Hair follicle,g7,Week 8,DT,Visually normal,21,0.081459,0.442895,8.43,1160311,7,7,NA,NA,1,8,0,,TES::hairfollicle21-g7-w8,30,Aatk;Arid2;Bmper;Cep170b;Cldn18;Csmd2;Dennd1c;Erbb2;Ezh1;Folh1;Foxp4;Huwe1;Kndc1;Lrp1b;Ophn1;Otog;Pard3;Pkp4;Plce1;Ppp1r14d;Psme4;Ptch1;Rad51b;Rasd2;Spats2l;Srgap1;Tmprss9;Ube2d2a;Usp3;Xirp2,8,Arid2;Csmd2;Erbb2;Huwe1;Lrp1b;Pard3;Psme4;Ptch1,2.257871504532677,18.062972036261417,Distinct genes among all 30 final candidates with at least one configured nonsynonymous mutation observed in the mutation table,TES uniformly targets only 8/30 candidates; TES zero counts do not establish wild-type status across all 30 genes,TES and WES mutation burdens require gt_AF >= 0.01
TES,skin19-a3-w19,Skin,a3,Skin 19,Acetone,Acetone,19,1.896489,15.166911,2750.16,143928314,3,1,NA,NA,19,412,0,,TES::skin19-a3-w19,30,Aatk;Arid2;Bmper;Cep170b;Cldn18;Csmd2;Dennd1c;Erbb2;Ezh1;Folh1;Foxp4;Huwe1;Kndc1;Lrp1b;Ophn1;Otog;Pard3;Pkp4;Plce1;Ppp1r14d;Psme4;Ptch1;Rad51b;Rasd2;Spats2l;Srgap1;Tmprss9;Ube2d2a;Usp3;Xirp2,8,Arid2;Csmd2;Erbb2;Huwe1;Lrp1b;Pard3;Psme4;Ptch1,1.252727071451794,27.164397549375742,Distinct genes among all 30 final candidates with at least one configured nonsynonymous mutation observed in the mutation table,TES uniformly targets only 8/30 candidates; TES zero counts do not establish wild-type status across all 30 genes,TES and WES mutation burdens require gt_AF >= 0.01
TES,skin19-a4-w19,Skin,a4,Skin 19,Acetone,Acetone,19,1.897414,7.469212,3690.72,63142345,4,1,NA,NA,4,253,0,,TES::skin19-a4-w19,30,Aatk;Arid2;Bmper;Cep170b;Cldn18;Csmd2;Dennd1c;Erbb2;Ezh1;Folh1;Foxp4;Huwe1;Kndc1;Lrp1b;Ophn1;Otog;Pard3;Pkp4;Plce1;Ppp1r14d;Psme4;Ptch1;Rad51b;Rasd2;Spats2l;Srgap1;Tmprss9;Ube2d2a;Usp3;Xirp2,8,Arid2;Csmd2;Erbb2;Huwe1;Lrp1b;Pard3;Psme4;Ptch1,0.5355317267738552,33.87238171844634,Distinct genes among all 30 final candidates with at least one configured nonsynonymous mutation observed in the mutation table,TES uniformly targets only 8/30 candidates; TES zero counts do not establish wild-type status across all 30 genes,TES and WES mutation burdens require gt_AF >= 0.01
TES,skin19-b3-w19,Skin,b3,Skin 19,Acetone,Acetone,19,1.897504,8.198919,2302.81,95440693,3,2,NA,NA,8,273,0,,TES::skin19-b3-w19,30,Aatk;Arid2;Bmper;Cep170b;Cldn18;Csmd2;Dennd1c;Erbb2;Ezh1;Folh1;Foxp4;Huwe1;Kndc1;Lrp1b;Ophn1;Otog;Pard3;Pkp4;Plce1;Ppp1r14d;Psme4;Ptch1;Rad51b;Rasd2;Spats2l;Srgap1;Tmprss9;Ube2d2a;Usp3;Xirp2,8,Arid2;Csmd2;Erbb2;Huwe1;Lrp1b;Pard3;Psme4;Ptch1,0.975738386975161,33.29707245552737,Distinct genes among all 30 final candidates with at least one configured nonsynonymous mutation observed in the mutation table,TES uniformly targets only 8/30 candidates; TES zero counts do not establish wild-type status across all 30 genes,TES and WES mutation burdens require gt_AF >= 0.01
TES,skin19-b4-w19,Skin,b4,Skin 19,Acetone,Acetone,19,1.897529,6.682143,3357.66,55431549,4,2,NA,NA,3,167,0,,TES::skin19-b4-w19,30,Aatk;Arid2;Bmper;Cep170b;Cldn18;Csmd2;Dennd1c;Erbb2;Ezh1;Folh1;Foxp4;Huwe1;Kndc1;Lrp1b;Ophn1;Otog;Pard3;Pkp4;Plce1;Ppp1r14d;Psme4;Ptch1;Rad51b;Rasd2;Spats2l;Srgap1;Tmprss9;Ube2d2a;Usp3;Xirp2,8,Arid2;Csmd2;Erbb2;Huwe1;Lrp1b;Pard3;Psme4;Ptch1,0.44895776699181683,24.991982362544473,Distinct genes among all 30 final candidates with at least one configured nonsynonymous mutation observed in the mutation table,TES uniformly targets only 8/30 candidates; TES zero counts do not establish wild-type status across all 30 genes,TES and WES mutation burdens require gt_AF >= 0.01
TES,skin21-b5-w19,Skin,b5,Skin 19,DT,Visually normal,21,1.897493,13.828287,7496.5,135520574,5,2,NA,NA,10,178,0,,TES::skin21-b5-w19,30,Aatk;Arid2;Bmper;Cep170b;Cldn18;Csmd2;Dennd1c;Erbb2;Ezh1;Folh1;Foxp4;Huwe1;Kndc1;Lrp1b;Ophn1;Otog;Pard3;Pkp4;Plce1;Ppp1r14d;Psme4;Ptch1;Rad51b;Rasd2;Spats2l;Srgap1;Tmprss9;Ube2d2a;Usp3;Xirp2,8,Arid2;Csmd2;Erbb2;Huwe1;Lrp1b;Pard3;Psme4;Ptch1,0.7231553698588987,12.872165583488396,Distinct genes among all 30 final candidates with at least one configured nonsynonymous mutation observed in the mutation table,TES uniformly targets only 8/30 candidates; TES zero counts do not establish wild-type status across all 30 genes,TES and WES mutation burdens require gt_AF >= 0.01
TES,skin21-b6-w19,Skin,b6,Skin 19,DT,SCC,21,1.897524,14.991408,7024.02,139837819,6,2,NA,NA,9,173,0,,TES::skin21-b6-w19,30,Aatk;Arid2;Bmper;Cep170b;Cldn18;Csmd2;Dennd1c;Erbb2;Ezh1;Folh1;Foxp4;Huwe1;Kndc1;Lrp1b;Ophn1;Otog;Pard3;Pkp4;Plce1;Ppp1r14d;Psme4;Ptch1;Rad51b;Rasd2;Spats2l;Srgap1;Tmprss9;Ube2d2a;Usp3;Xirp2,8,Arid2;Csmd2;Erbb2;Huwe1;Lrp1b;Pard3;Psme4;Ptch1,0.60034387697273,11.539943412920254,Distinct genes among all 30 final candidates with at least one configured nonsynonymous mutation observed in the mutation table,TES uniformly targets only 8/30 candidates; TES zero counts do not establish wild-type status across all 30 genes,TES and WES mutation burdens require gt_AF >= 0.01
TES,skin21-b7-w19,Skin,b7,Skin 19,DT,SCC,21,1.897502,12.916857,5853.57,149294109,7,2,NA,NA,12,128,0,,TES::skin21-b7-w19,30,Aatk;Arid2;Bmper;Cep170b;Cldn18;Csmd2;Dennd1c;Erbb2;Ezh1;Folh1;Foxp4;Huwe1;Kndc1;Lrp1b;Ophn1;Otog;Pard3;Pkp4;Plce1;Ppp1r14d;Psme4;Ptch1;Rad51b;Rasd2;Spats2l;Srgap1;Tmprss9;Ube2d2a;Usp3;Xirp2,8,Arid2;Csmd2;Erbb2;Huwe1;Lrp1b;Pard3;Psme4;Ptch1,0.9290185685263838,9.90953139761476,Distinct genes among all 30 final candidates with at least one configured nonsynonymous mutation observed in the mutation table,TES uniformly targets only 8/30 candidates; TES zero counts do not establish wild-type status across all 30 genes,TES and WES mutation burdens require gt_AF >= 0.01
TES,skin21-c5-w19,Skin,c5,Skin 19,DT,Visually normal,21,1.897669,14.476041,6922.28,140118726,5,3,NA,NA,16,152,0,,TES::skin21-c5-w19,30,Aatk;Arid2;Bmper;Cep170b;Cldn18;Csmd2;Dennd1c;Erbb2;Ezh1;Folh1;Foxp4;Huwe1;Kndc1;Lrp1b;Ophn1;Otog;Pard3;Pkp4;Plce1;Ppp1r14d;Psme4;Ptch1;Rad51b;Rasd2;Spats2l;Srgap1;Tmprss9;Ube2d2a;Usp3;Xirp2,8,Arid2;Csmd2;Erbb2;Huwe1;Lrp1b;Pard3;Psme4;Ptch1,1.1052745705818323,10.500108420527408,Distinct genes among all 30 final candidates with at least one configured nonsynonymous mutation observed in the mutation table,TES uniformly targets only 8/30 candidates; TES zero counts do not establish wild-type status across all 30 genes,TES and WES mutation burdens require gt_AF >= 0.01
TES,skin21-c6-w19,Skin,c6,Skin 19,DT,Visually normal,21,1.897494,7.706756,3819.7,71888784,6,3,NA,NA,4,94,0,,TES::skin21-c6-w19,30,Aatk;Arid2;Bmper;Cep170b;Cldn18;Csmd2;Dennd1c;Erbb2;Ezh1;Folh1;Foxp4;Huwe1;Kndc1;Lrp1b;Ophn1;Otog;Pard3;Pkp4;Plce1;Ppp1r14d;Psme4;Ptch1;Rad51b;Rasd2;Spats2l;Srgap1;Tmprss9;Ube2d2a;Usp3;Xirp2,8,Arid2;Csmd2;Erbb2;Huwe1;Lrp1b;Pard3;Psme4;Ptch1,0.5190251254872997,12.197090448951542,Distinct genes among all 30 final candidates with at least one configured nonsynonymous mutation observed in the mutation table,TES uniformly targets only 8/30 candidates; TES zero counts do not establish wild-type status across all 30 genes,TES and WES mutation burdens require gt_AF >= 0.01
TES,skin21-c7-w19,Skin,c7,Skin 19,DT,SCC,21,1.897535,7.957113,3688.53,90259025,7,3,NA,NA,3,64,0,,TES::skin21-c7-w19,30,Aatk;Arid2;Bmper;Cep170b;Cldn18;Csmd2;Dennd1c;Erbb2;Ezh1;Folh1;Foxp4;Huwe1;Kndc1;Lrp1b;Ophn1;Otog;Pard3;Pkp4;Plce1;Ppp1r14d;Psme4;Ptch1;Rad51b;Rasd2;Spats2l;Srgap1;Tmprss9;Ube2d2a;Usp3;Xirp2,8,Arid2;Csmd2;Erbb2;Huwe1;Lrp1b;Pard3;Psme4;Ptch1,0.3770211633289612,8.043118151017838,Distinct genes among all 30 final candidates with at least one configured nonsynonymous mutation observed in the mutation table,TES uniformly targets only 8/30 candidates; TES zero counts do not establish wild-type status across all 30 genes,TES and WES mutation burdens require gt_AF >= 0.01
TES,skin21-d1-w19,Skin,d1,Skin 19,DT,Visually normal,21,1.897695,14.023003,6182.95,106504945,1,4,NA,NA,11,190,0,,TES::skin21-d1-w19,30,Aatk;Arid2;Bmper;Cep170b;Cldn18;Csmd2;Dennd1c;Erbb2;Ezh1;Folh1;Foxp4;Huwe1;Kndc1;Lrp1b;Ophn1;Otog;Pard3;Pkp4;Plce1;Ppp1r14d;Psme4;Ptch1;Rad51b;Rasd2;Spats2l;Srgap1;Tmprss9;Ube2d2a;Usp3;Xirp2,8,Arid2;Csmd2;Erbb2;Huwe1;Lrp1b;Pard3;Psme4;Ptch1,0.7844254187209402,13.549166323361694,Distinct genes among all 30 final candidates with at least one configured nonsynonymous mutation observed in the mutation table,TES uniformly targets only 8/30 candidates; TES zero counts do not establish wild-type status across all 30 genes,TES and WES mutation burdens require gt_AF >= 0.01
TES,skin21-d2-w19,Skin,d2,Skin 19,DT,Papilloma,21,1.8975630000000001,8.618273,3736.29,70792632,2,4,NA,NA,3,71,0,,TES::skin21-d2-w19,30,Aatk;Arid2;Bmper;Cep170b;Cldn18;Csmd2;Dennd1c;Erbb2;Ezh1;Folh1;Foxp4;Huwe1;Kndc1;Lrp1b;Ophn1;Otog;Pard3;Pkp4;Plce1;Ppp1r14d;Psme4;Ptch1;Rad51b;Rasd2;Spats2l;Srgap1;Tmprss9;Ube2d2a;Usp3;Xirp2,8,Arid2;Csmd2;Erbb2;Huwe1;Lrp1b;Pard3;Psme4;Ptch1,0.34809758289160714,8.238309461768036,Distinct genes among all 30 final candidates with at least one configured nonsynonymous mutation observed in the mutation table,TES uniformly targets only 8/30 candidates; TES zero counts do not establish wild-type status across all 30 genes,TES and WES mutation burdens require gt_AF >= 0.01
TES,skin21-d3-w19,Skin,d3,Skin 19,DT,Visually normal,21,1.897637,15.925932,6377.67,120082303,3,4,NA,NA,8,148,0,,TES::skin21-d3-w19,30,Aatk;Arid2;Bmper;Cep170b;Cldn18;Csmd2;Dennd1c;Erbb2;Ezh1;Folh1;Foxp4;Huwe1;Kndc1;Lrp1b;Ophn1;Otog;Pard3;Pkp4;Plce1;Ppp1r14d;Psme4;Ptch1;Rad51b;Rasd2;Spats2l;Srgap1;Tmprss9;Ube2d2a;Usp3;Xirp2,8,Arid2;Csmd2;Erbb2;Huwe1;Lrp1b;Pard3;Psme4;Ptch1,0.5023253898107816,9.29301971149946,Distinct genes among all 30 final candidates with at least one configured nonsynonymous mutation observed in the mutation table,TES uniformly targets only 8/30 candidates; TES zero counts do not establish wild-type status across all 30 genes,TES and WES mutation burdens require gt_AF >= 0.01
TES,skin21-d4-w19,Skin,d4,Skin 19,DT,Visually normal,21,1.897728,15.251175,6750.26,153115438,4,4,NA,NA,9,144,0,,TES::skin21-d4-w19,30,Aatk;Arid2;Bmper;Cep170b;Cldn18;Csmd2;Dennd1c;Erbb2;Ezh1;Folh1;Foxp4;Huwe1;Kndc1;Lrp1b;Ophn1;Otog;Pard3;Pkp4;Plce1;Ppp1r14d;Psme4;Ptch1;Rad51b;Rasd2;Spats2l;Srgap1;Tmprss9;Ube2d2a;Usp3;Xirp2,8,Arid2;Csmd2;Erbb2;Huwe1;Lrp1b;Pard3;Psme4;Ptch1,0.5901184662821062,9.441895460513699,Distinct genes among all 30 final candidates with at least one configured nonsynonymous mutation observed in the mutation table,TES uniformly targets only 8/30 candidates; TES zero counts do not establish wild-type status across all 30 genes,TES and WES mutation burdens require gt_AF >= 0.01
TES,skin21-e1-w19,Skin,e1,Skin 19,DT,Papilloma,21,1.897612,7.519725,3314.5,55001452,1,5,NA,NA,1,56,0,,TES::skin21-e1-w19,30,Aatk;Arid2;Bmper;Cep170b;Cldn18;Csmd2;Dennd1c;Erbb2;Ezh1;Folh1;Foxp4;Huwe1;Kndc1;Lrp1b;Ophn1;Otog;Pard3;Pkp4;Plce1;Ppp1r14d;Psme4;Ptch1;Rad51b;Rasd2;Spats2l;Srgap1;Tmprss9;Ube2d2a;Usp3;Xirp2,8,Arid2;Csmd2;Erbb2;Huwe1;Lrp1b;Pard3;Psme4;Ptch1,0.13298358650083614,7.447080844046823,Distinct genes among all 30 final candidates with at least one configured nonsynonymous mutation observed in the mutation table,TES uniformly targets only 8/30 candidates; TES zero counts do not establish wild-type status across all 30 genes,TES and WES mutation burdens require gt_AF >= 0.01
TES,skin21-e2-w19,Skin,e2,Skin 19,DT,Papilloma,21,1.89757,7.364843,3700.77,66333000,2,5,NA,NA,5,54,0,,TES::skin21-e2-w19,30,Aatk;Arid2;Bmper;Cep170b;Cldn18;Csmd2;Dennd1c;Erbb2;Ezh1;Folh1;Foxp4;Huwe1;Kndc1;Lrp1b;Ophn1;Otog;Pard3;Pkp4;Plce1;Ppp1r14d;Psme4;Ptch1;Rad51b;Rasd2;Spats2l;Srgap1;Tmprss9;Ube2d2a;Usp3;Xirp2,8,Arid2;Csmd2;Erbb2;Huwe1;Lrp1b;Pard3;Psme4;Ptch1,0.6789010980953701,7.332131859429998,Distinct genes among all 30 final candidates with at least one configured nonsynonymous mutation observed in the mutation table,TES uniformly targets only 8/30 candidates; TES zero counts do not establish wild-type status across all 30 genes,TES and WES mutation burdens require gt_AF >= 0.01
TES,skin21-e3-w19,Skin,e3,Skin 19,DT,Visually normal,21,1.897982,7.499677,3269.73,57613993,3,5,NA,NA,2,35,0,,TES::skin21-e3-w19,30,Aatk;Arid2;Bmper;Cep170b;Cldn18;Csmd2;Dennd1c;Erbb2;Ezh1;Folh1;Foxp4;Huwe1;Kndc1;Lrp1b;Ophn1;Otog;Pard3;Pkp4;Plce1;Ppp1r14d;Psme4;Ptch1;Rad51b;Rasd2;Spats2l;Srgap1;Tmprss9;Ube2d2a;Usp3;Xirp2,8,Arid2;Csmd2;Erbb2;Huwe1;Lrp1b;Pard3;Psme4;Ptch1,0.26667815160572916,4.66686765310026,Distinct genes among all 30 final candidates with at least one configured nonsynonymous mutation observed in the mutation table,TES uniformly targets only 8/30 candidates; TES zero counts do not establish wild-type status across all 30 genes,TES and WES mutation burdens require gt_AF >= 0.01
TES,skin21-e4-w19,Skin,e4,Skin 19,DT,SCC,21,1.897651,7.89452,3921.83,66705390,4,5,NA,NA,4,52,0,,TES::skin21-e4-w19,30,Aatk;Arid2;Bmper;Cep170b;Cldn18;Csmd2;Dennd1c;Erbb2;Ezh1;Folh1;Foxp4;Huwe1;Kndc1;Lrp1b;Ophn1;Otog;Pard3;Pkp4;Plce1;Ppp1r14d;Psme4;Ptch1;Rad51b;Rasd2;Spats2l;Srgap1;Tmprss9;Ube2d2a;Usp3;Xirp2,8,Arid2;Csmd2;Erbb2;Huwe1;Lrp1b;Pard3;Psme4;Ptch1,0.50668058349336,6.586847585413679,Distinct genes among all 30 final candidates with at least one configured nonsynonymous mutation observed in the mutation table,TES uniformly targets only 8/30 candidates; TES zero counts do not establish wild-type status across all 30 genes,TES and WES mutation burdens require gt_AF >= 0.01
TES,skin21-f1-w19,Skin,f1,Skin 19,DT,Papilloma,21,1.897673,13.946935,6060.79,130842615,1,6,NA,NA,8,160,0,,TES::skin21-f1-w19,30,Aatk;Arid2;Bmper;Cep170b;Cldn18;Csmd2;Dennd1c;Erbb2;Ezh1;Folh1;Foxp4;Huwe1;Kndc1;Lrp1b;Ophn1;Otog;Pard3;Pkp4;Plce1;Ppp1r14d;Psme4;Ptch1;Rad51b;Rasd2;Spats2l;Srgap1;Tmprss9;Ube2d2a;Usp3;Xirp2,8,Arid2;Csmd2;Erbb2;Huwe1;Lrp1b;Pard3;Psme4;Ptch1,0.5736027306357993,11.472054612715985,Distinct genes among all 30 final candidates with at least one configured nonsynonymous mutation observed in the mutation table,TES uniformly targets only 8/30 candidates; TES zero counts do not establish wild-type status across all 30 genes,TES and WES mutation burdens require gt_AF >= 0.01
TES,skin21-f2-w19,Skin,f2,Skin 19,DT,Visually normal,21,1.893276,3.761058,564.29,27230207,2,6,NA,NA,0,1,0,,TES::skin21-f2-w19,30,Aatk;Arid2;Bmper;Cep170b;Cldn18;Csmd2;Dennd1c;Erbb2;Ezh1;Folh1;Foxp4;Huwe1;Kndc1;Lrp1b;Ophn1;Otog;Pard3;Pkp4;Plce1;Ppp1r14d;Psme4;Ptch1;Rad51b;Rasd2;Spats2l;Srgap1;Tmprss9;Ube2d2a;Usp3;Xirp2,8,Arid2;Csmd2;Erbb2;Huwe1;Lrp1b;Pard3;Psme4;Ptch1,0,0.2658826319615385,Distinct genes among all 30 final candidates with at least one configured nonsynonymous mutation observed in the mutation table,TES uniformly targets only 8/30 candidates; TES zero counts do not establish wild-type status across all 30 genes,TES and WES mutation burdens require gt_AF >= 0.01
TES,skin21-f3-w19,Skin,f3,Skin 19,DT,Visually normal,21,1.897545,7.692878,3711.66,61301325,3,6,NA,NA,2,45,0,,TES::skin21-f3-w19,30,Aatk;Arid2;Bmper;Cep170b;Cldn18;Csmd2;Dennd1c;Erbb2;Ezh1;Folh1;Foxp4;Huwe1;Kndc1;Lrp1b;Ophn1;Otog;Pard3;Pkp4;Plce1;Ppp1r14d;Psme4;Ptch1;Rad51b;Rasd2;Spats2l;Srgap1;Tmprss9;Ube2d2a;Usp3;Xirp2,8,Arid2;Csmd2;Erbb2;Huwe1;Lrp1b;Pard3;Psme4;Ptch1,0.25998072502904634,5.8495663131535425,Distinct genes among all 30 final candidates with at least one configured nonsynonymous mutation observed in the mutation table,TES uniformly targets only 8/30 candidates; TES zero counts do not establish wild-type status across all 30 genes,TES and WES mutation burdens require gt_AF >= 0.01
TES,skin21-f4-w19,Skin,f4,Skin 19,DT,SCC,21,1.893847,3.920519,680.91,31202343,4,6,NA,NA,0,1,0,,TES::skin21-f4-w19,30,Aatk;Arid2;Bmper;Cep170b;Cldn18;Csmd2;Dennd1c;Erbb2;Ezh1;Folh1;Foxp4;Huwe1;Kndc1;Lrp1b;Ophn1;Otog;Pard3;Pkp4;Plce1;Ppp1r14d;Psme4;Ptch1;Rad51b;Rasd2;Spats2l;Srgap1;Tmprss9;Ube2d2a;Usp3;Xirp2,8,Arid2;Csmd2;Erbb2;Huwe1;Lrp1b;Pard3;Psme4;Ptch1,0,0.2550682702978866,Distinct genes among all 30 final candidates with at least one configured nonsynonymous mutation observed in the mutation table,TES uniformly targets only 8/30 candidates; TES zero counts do not establish wild-type status across all 30 genes,TES and WES mutation burdens require gt_AF >= 0.01
TES,skin21-f6-w19,Skin,f6,Skin 19,DT,Visually normal,21,1.89398,4.063662,754.95,36522866,6,6,NA,NA,0,1,0,,TES::skin21-f6-w19,30,Aatk;Arid2;Bmper;Cep170b;Cldn18;Csmd2;Dennd1c;Erbb2;Ezh1;Folh1;Foxp4;Huwe1;Kndc1;Lrp1b;Ophn1;Otog;Pard3;Pkp4;Plce1;Ppp1r14d;Psme4;Ptch1;Rad51b;Rasd2;Spats2l;Srgap1;Tmprss9;Ube2d2a;Usp3;Xirp2,8,Arid2;Csmd2;Erbb2;Huwe1;Lrp1b;Pard3;Psme4;Ptch1,0,0.24608345871285556,Distinct genes among all 30 final candidates with at least one configured nonsynonymous mutation observed in the mutation table,TES uniformly targets only 8/30 candidates; TES zero counts do not establish wild-type status across all 30 genes,TES and WES mutation burdens require gt_AF >= 0.01
TES,skin21-f7-w19,Skin,f7,Skin 19,DT,Visually normal,21,1.894308,4.200418,809.84,38733843,7,6,NA,NA,0,1,0,,TES::skin21-f7-w19,30,Aatk;Arid2;Bmper;Cep170b;Cldn18;Csmd2;Dennd1c;Erbb2;Ezh1;Folh1;Foxp4;Huwe1;Kndc1;Lrp1b;Ophn1;Otog;Pard3;Pkp4;Plce1;Ppp1r14d;Psme4;Ptch1;Rad51b;Rasd2;Spats2l;Srgap1;Tmprss9;Ube2d2a;Usp3;Xirp2,8,Arid2;Csmd2;Erbb2;Huwe1;Lrp1b;Pard3;Psme4;Ptch1,0,0.23807154430820932,Distinct genes among all 30 final candidates with at least one configured nonsynonymous mutation observed in the mutation table,TES uniformly targets only 8/30 candidates; TES zero counts do not establish wild-type status across all 30 genes,TES and WES mutation burdens require gt_AF >= 0.01
TES,skin21-g1-w19,Skin,g1,Skin 19,DT,Visually normal,21,1.897555,11.43858,6090.42,107147342,1,7,NA,NA,10,140,0,,TES::skin21-g1-w19,30,Aatk;Arid2;Bmper;Cep170b;Cldn18;Csmd2;Dennd1c;Erbb2;Ezh1;Folh1;Foxp4;Huwe1;Kndc1;Lrp1b;Ophn1;Otog;Pard3;Pkp4;Plce1;Ppp1r14d;Psme4;Ptch1;Rad51b;Rasd2;Spats2l;Srgap1;Tmprss9;Ube2d2a;Usp3;Xirp2,8,Arid2;Csmd2;Erbb2;Huwe1;Lrp1b;Pard3;Psme4;Ptch1,0.8742343892336286,12.239281449270802,Distinct genes among all 30 final candidates with at least one configured nonsynonymous mutation observed in the mutation table,TES uniformly targets only 8/30 candidates; TES zero counts do not establish wild-type status across all 30 genes,TES and WES mutation burdens require gt_AF >= 0.01
TES,skin21-g2-w19,Skin,g2,Skin 19,DT,Visually normal,21,1.894107,4.094881,674.93,40716809,2,7,NA,NA,0,2,0,,TES::skin21-g2-w19,30,Aatk;Arid2;Bmper;Cep170b;Cldn18;Csmd2;Dennd1c;Erbb2;Ezh1;Folh1;Foxp4;Huwe1;Kndc1;Lrp1b;Ophn1;Otog;Pard3;Pkp4;Plce1;Ppp1r14d;Psme4;Ptch1;Rad51b;Rasd2;Spats2l;Srgap1;Tmprss9;Ube2d2a;Usp3;Xirp2,8,Arid2;Csmd2;Erbb2;Huwe1;Lrp1b;Pard3;Psme4;Ptch1,0,0.4884146816476474,Distinct genes among all 30 final candidates with at least one configured nonsynonymous mutation observed in the mutation table,TES uniformly targets only 8/30 candidates; TES zero counts do not establish wild-type status across all 30 genes,TES and WES mutation burdens require gt_AF >= 0.01
TES,skin21-g3-w19,Skin,g3,Skin 19,DT,Visually normal,21,1.897446,14.270391,6722.06,134779214,3,7,NA,NA,7,186,0,,TES::skin21-g3-w19,30,Aatk;Arid2;Bmper;Cep170b;Cldn18;Csmd2;Dennd1c;Erbb2;Ezh1;Folh1;Foxp4;Huwe1;Kndc1;Lrp1b;Ophn1;Otog;Pard3;Pkp4;Plce1;Ppp1r14d;Psme4;Ptch1;Rad51b;Rasd2;Spats2l;Srgap1;Tmprss9;Ube2d2a;Usp3;Xirp2,8,Arid2;Csmd2;Erbb2;Huwe1;Lrp1b;Pard3;Psme4;Ptch1,0.49052615306756486,13.033980638652437,Distinct genes among all 30 final candidates with at least one configured nonsynonymous mutation observed in the mutation table,TES uniformly targets only 8/30 candidates; TES zero counts do not establish wild-type status across all 30 genes,TES and WES mutation burdens require gt_AF >= 0.01
TES,skin21-g4-w19,Skin,g4,Skin 19,DT,SCC,21,1.897623,13.57167,6537.05,137726856,4,7,NA,NA,12,162,0,,TES::skin21-g4-w19,30,Aatk;Arid2;Bmper;Cep170b;Cldn18;Csmd2;Dennd1c;Erbb2;Ezh1;Folh1;Foxp4;Huwe1;Kndc1;Lrp1b;Ophn1;Otog;Pard3;Pkp4;Plce1;Ppp1r14d;Psme4;Ptch1;Rad51b;Rasd2;Spats2l;Srgap1;Tmprss9;Ube2d2a;Usp3;Xirp2,8,Arid2;Csmd2;Erbb2;Huwe1;Lrp1b;Pard3;Psme4;Ptch1,0.8841947969557173,11.936629758902184,Distinct genes among all 30 final candidates with at least one configured nonsynonymous mutation observed in the mutation table,TES uniformly targets only 8/30 candidates; TES zero counts do not establish wild-type status across all 30 genes,TES and WES mutation burdens require gt_AF >= 0.01
TES,skin21-g6-w19,Skin,g6,Skin 19,DT,Visually normal,21,1.89356,3.969806,571.6,53785774,6,7,NA,NA,0,9,0,,TES::skin21-g6-w19,30,Aatk;Arid2;Bmper;Cep170b;Cldn18;Csmd2;Dennd1c;Erbb2;Ezh1;Folh1;Foxp4;Huwe1;Kndc1;Lrp1b;Ophn1;Otog;Pard3;Pkp4;Plce1;Ppp1r14d;Psme4;Ptch1;Rad51b;Rasd2;Spats2l;Srgap1;Tmprss9;Ube2d2a;Usp3;Xirp2,8,Arid2;Csmd2;Erbb2;Huwe1;Lrp1b;Pard3;Psme4;Ptch1,0,2.2671133047811405,Distinct genes among all 30 final candidates with at least one configured nonsynonymous mutation observed in the mutation table,TES uniformly targets only 8/30 candidates; TES zero counts do not establish wild-type status across all 30 genes,TES and WES mutation burdens require gt_AF >= 0.01
TES,skin21-g7-w19,Skin,g7,Skin 19,DT,Visually normal,21,1.894071,4.027308,688.61,37744346,7,7,NA,NA,0,7,0,,TES::skin21-g7-w19,30,Aatk;Arid2;Bmper;Cep170b;Cldn18;Csmd2;Dennd1c;Erbb2;Ezh1;Folh1;Foxp4;Huwe1;Kndc1;Lrp1b;Ophn1;Otog;Pard3;Pkp4;Plce1;Ppp1r14d;Psme4;Ptch1;Rad51b;Rasd2;Spats2l;Srgap1;Tmprss9;Ube2d2a;Usp3;Xirp2,8,Arid2;Csmd2;Erbb2;Huwe1;Lrp1b;Pard3;Psme4;Ptch1,0,1.7381337608149168,Distinct genes among all 30 final candidates with at least one configured nonsynonymous mutation observed in the mutation table,TES uniformly targets only 8/30 candidates; TES zero counts do not establish wild-type status across all 30 genes,TES and WES mutation burdens require gt_AF >= 0.01
TES,skin21-pp-bc-w19,Skin,b6c7,Skin 19,DT,SCC,21,1.897704,13.247087,6975.38,120241532,NA,NA,NA,NA,5,163,1,Huwe1,TES::skin21-pp-bc-w19,30,Aatk;Arid2;Bmper;Cep170b;Cldn18;Csmd2;Dennd1c;Erbb2;Ezh1;Folh1;Foxp4;Huwe1;Kndc1;Lrp1b;Ophn1;Otog;Pard3;Pkp4;Plce1;Ppp1r14d;Psme4;Ptch1;Rad51b;Rasd2;Spats2l;Srgap1;Tmprss9;Ube2d2a;Usp3;Xirp2,8,Arid2;Csmd2;Erbb2;Huwe1;Lrp1b;Pard3;Psme4;Ptch1,0.37744147071729806,12.304591945383917,Distinct genes among all 30 final candidates with at least one configured nonsynonymous mutation observed in the mutation table,TES uniformly targets only 8/30 candidates; TES zero counts do not establish wild-type status across all 30 genes,TES and WES mutation burdens require gt_AF >= 0.01
TES,skin21-pp-de-w19,Skin,de,Skin 19,DT,SCC,21,1.897284,12.383336,5450.79,99471310,NA,NA,NA,NA,8,185,0,,TES::skin21-pp-de-w19,30,Aatk;Arid2;Bmper;Cep170b;Cldn18;Csmd2;Dennd1c;Erbb2;Ezh1;Folh1;Foxp4;Huwe1;Kndc1;Lrp1b;Ophn1;Otog;Pard3;Pkp4;Plce1;Ppp1r14d;Psme4;Ptch1;Rad51b;Rasd2;Spats2l;Srgap1;Tmprss9;Ube2d2a;Usp3;Xirp2,8,Arid2;Csmd2;Erbb2;Huwe1;Lrp1b;Pard3;Psme4;Ptch1,0.6460294705723886,14.939431506986486,Distinct genes among all 30 final candidates with at least one configured nonsynonymous mutation observed in the mutation table,TES uniformly targets only 8/30 candidates; TES zero counts do not establish wild-type status across all 30 genes,TES and WES mutation burdens require gt_AF >= 0.01
WES,hairfollicle03-a3,Hair follicle,a3,NA,DT,Visually normal,3,NA,16.615241,7.29,11440965,3,1,t1,TRUE,39,106,0,,WES::hairfollicle03-a3,30,Aatk;Arid2;Bmper;Cep170b;Cldn18;Csmd2;Dennd1c;Erbb2;Ezh1;Folh1;Foxp4;Huwe1;Kndc1;Lrp1b;Ophn1;Otog;Pard3;Pkp4;Plce1;Ppp1r14d;Psme4;Ptch1;Rad51b;Rasd2;Spats2l;Srgap1;Tmprss9;Ube2d2a;Usp3;Xirp2,8,Arid2;Csmd2;Erbb2;Huwe1;Lrp1b;Pard3;Psme4;Ptch1,2.3472425106563306,6.379684772553103,Distinct genes among all 30 final candidates with at least one configured nonsynonymous mutation observed in the mutation table,TES uniformly targets only 8/30 candidates; TES zero counts do not establish wild-type status across all 30 genes,TES and WES mutation burdens require gt_AF >= 0.01
WES,hairfollicle03-c5,Hair follicle,c5,NA,DT,Visually normal,3,NA,0.216272,1.3,2339034,5,3,t1,TRUE,5,6,0,,WES::hairfollicle03-c5,30,Aatk;Arid2;Bmper;Cep170b;Cldn18;Csmd2;Dennd1c;Erbb2;Ezh1;Folh1;Foxp4;Huwe1;Kndc1;Lrp1b;Ophn1;Otog;Pard3;Pkp4;Plce1;Ppp1r14d;Psme4;Ptch1;Rad51b;Rasd2;Spats2l;Srgap1;Tmprss9;Ube2d2a;Usp3;Xirp2,8,Arid2;Csmd2;Erbb2;Huwe1;Lrp1b;Pard3;Psme4;Ptch1,23.119035288895464,27.74284234667456,Distinct genes among all 30 final candidates with at least one configured nonsynonymous mutation observed in the mutation table,TES uniformly targets only 8/30 candidates; TES zero counts do not establish wild-type status across all 30 genes,TES and WES mutation burdens require gt_AF >= 0.01
WES,hairfollicle03-e6,Hair follicle,e6,NA,DT,Visually normal,3,NA,1.261932,4.37,7158430,6,5,t1,TRUE,8,21,0,,WES::hairfollicle03-e6,30,Aatk;Arid2;Bmper;Cep170b;Cldn18;Csmd2;Dennd1c;Erbb2;Ezh1;Folh1;Foxp4;Huwe1;Kndc1;Lrp1b;Ophn1;Otog;Pard3;Pkp4;Plce1;Ppp1r14d;Psme4;Ptch1;Rad51b;Rasd2;Spats2l;Srgap1;Tmprss9;Ube2d2a;Usp3;Xirp2,8,Arid2;Csmd2;Erbb2;Huwe1;Lrp1b;Pard3;Psme4;Ptch1,6.339485804306412,16.641150236304334,Distinct genes among all 30 final candidates with at least one configured nonsynonymous mutation observed in the mutation table,TES uniformly targets only 8/30 candidates; TES zero counts do not establish wild-type status across all 30 genes,TES and WES mutation burdens require gt_AF >= 0.01
WES,hairfollicle03-e7,Hair follicle,e7,NA,DT,Visually normal,3,NA,0.144657,0.93,2300892,7,5,t1,TRUE,0,2,0,,WES::hairfollicle03-e7,30,Aatk;Arid2;Bmper;Cep170b;Cldn18;Csmd2;Dennd1c;Erbb2;Ezh1;Folh1;Foxp4;Huwe1;Kndc1;Lrp1b;Ophn1;Otog;Pard3;Pkp4;Plce1;Ppp1r14d;Psme4;Ptch1;Rad51b;Rasd2;Spats2l;Srgap1;Tmprss9;Ube2d2a;Usp3;Xirp2,8,Arid2;Csmd2;Erbb2;Huwe1;Lrp1b;Pard3;Psme4;Ptch1,0,13.825808636982655,Distinct genes among all 30 final candidates with at least one configured nonsynonymous mutation observed in the mutation table,TES uniformly targets only 8/30 candidates; TES zero counts do not establish wild-type status across all 30 genes,TES and WES mutation burdens require gt_AF >= 0.01
WES,hairfollicle03-f5,Hair follicle,f5,NA,DT,Visually normal,3,NA,0.107122,0.52,1467775,5,6,t1,TRUE,1,1,0,,WES::hairfollicle03-f5,30,Aatk;Arid2;Bmper;Cep170b;Cldn18;Csmd2;Dennd1c;Erbb2;Ezh1;Folh1;Foxp4;Huwe1;Kndc1;Lrp1b;Ophn1;Otog;Pard3;Pkp4;Plce1;Ppp1r14d;Psme4;Ptch1;Rad51b;Rasd2;Spats2l;Srgap1;Tmprss9;Ube2d2a;Usp3;Xirp2,8,Arid2;Csmd2;Erbb2;Huwe1;Lrp1b;Pard3;Psme4;Ptch1,9.33515057597879,9.33515057597879,Distinct genes among all 30 final candidates with at least one configured nonsynonymous mutation observed in the mutation table,TES uniformly targets only 8/30 candidates; TES zero counts do not establish wild-type status across all 30 genes,TES and WES mutation burdens require gt_AF >= 0.01
WES,hairfollicle03-f6-t2,Hair follicle,f6,NA,DT,Papilloma,3,NA,12.540747,8.07,12828627,6,6,t2,TRUE,12,32,0,,WES::hairfollicle03-f6-t2,30,Aatk;Arid2;Bmper;Cep170b;Cldn18;Csmd2;Dennd1c;Erbb2;Ezh1;Folh1;Foxp4;Huwe1;Kndc1;Lrp1b;Ophn1;Otog;Pard3;Pkp4;Plce1;Ppp1r14d;Psme4;Ptch1;Rad51b;Rasd2;Spats2l;Srgap1;Tmprss9;Ube2d2a;Usp3;Xirp2,8,Arid2;Csmd2;Erbb2;Huwe1;Lrp1b;Pard3;Psme4;Ptch1,0.9568807982490996,2.5516821286642655,Distinct genes among all 30 final candidates with at least one configured nonsynonymous mutation observed in the mutation table,TES uniformly targets only 8/30 candidates; TES zero counts do not establish wild-type status across all 30 genes,TES and WES mutation burdens require gt_AF >= 0.01
WES,hairfollicle03-f7-t2,Hair follicle,f7,NA,DT,Visually normal,3,NA,0.073316,0.57,1212453,7,6,t2,TRUE,0,0,0,,WES::hairfollicle03-f7-t2,30,Aatk;Arid2;Bmper;Cep170b;Cldn18;Csmd2;Dennd1c;Erbb2;Ezh1;Folh1;Foxp4;Huwe1;Kndc1;Lrp1b;Ophn1;Otog;Pard3;Pkp4;Plce1;Ppp1r14d;Psme4;Ptch1;Rad51b;Rasd2;Spats2l;Srgap1;Tmprss9;Ube2d2a;Usp3;Xirp2,8,Arid2;Csmd2;Erbb2;Huwe1;Lrp1b;Pard3;Psme4;Ptch1,0,0,Distinct genes among all 30 final candidates with at least one configured nonsynonymous mutation observed in the mutation table,TES uniformly targets only 8/30 candidates; TES zero counts do not establish wild-type status across all 30 genes,TES and WES mutation burdens require gt_AF >= 0.01
WES,hairfollicle03-g6-t2,Hair follicle,g6,NA,DT,Visually normal,3,NA,0.11354,1.2,2779691,6,7,t2,TRUE,0,1,0,,WES::hairfollicle03-g6-t2,30,Aatk;Arid2;Bmper;Cep170b;Cldn18;Csmd2;Dennd1c;Erbb2;Ezh1;Folh1;Foxp4;Huwe1;Kndc1;Lrp1b;Ophn1;Otog;Pard3;Pkp4;Plce1;Ppp1r14d;Psme4;Ptch1;Rad51b;Rasd2;Spats2l;Srgap1;Tmprss9;Ube2d2a;Usp3;Xirp2,8,Arid2;Csmd2;Erbb2;Huwe1;Lrp1b;Pard3;Psme4;Ptch1,0,8.807468733485996,Distinct genes among all 30 final candidates with at least one configured nonsynonymous mutation observed in the mutation table,TES uniformly targets only 8/30 candidates; TES zero counts do not establish wild-type status across all 30 genes,TES and WES mutation burdens require gt_AF >= 0.01
WES,hairfollicle04-b5-t2,Hair follicle,b5,NA,DT,Visually normal,4,NA,0.150859,1.31,2468428,5,2,t2,TRUE,0,0,0,,WES::hairfollicle04-b5-t2,30,Aatk;Arid2;Bmper;Cep170b;Cldn18;Csmd2;Dennd1c;Erbb2;Ezh1;Folh1;Foxp4;Huwe1;Kndc1;Lrp1b;Ophn1;Otog;Pard3;Pkp4;Plce1;Ppp1r14d;Psme4;Ptch1;Rad51b;Rasd2;Spats2l;Srgap1;Tmprss9;Ube2d2a;Usp3;Xirp2,8,Arid2;Csmd2;Erbb2;Huwe1;Lrp1b;Pard3;Psme4;Ptch1,0,0,Distinct genes among all 30 final candidates with at least one configured nonsynonymous mutation observed in the mutation table,TES uniformly targets only 8/30 candidates; TES zero counts do not establish wild-type status across all 30 genes,TES and WES mutation burdens require gt_AF >= 0.01
WES,hairfollicle04-b6-t2,Hair follicle,b6,NA,DT,Visually normal,4,NA,0.184553,1.47,2715023,6,2,t2,TRUE,0,0,0,,WES::hairfollicle04-b6-t2,30,Aatk;Arid2;Bmper;Cep170b;Cldn18;Csmd2;Dennd1c;Erbb2;Ezh1;Folh1;Foxp4;Huwe1;Kndc1;Lrp1b;Ophn1;Otog;Pard3;Pkp4;Plce1;Ppp1r14d;Psme4;Ptch1;Rad51b;Rasd2;Spats2l;Srgap1;Tmprss9;Ube2d2a;Usp3;Xirp2,8,Arid2;Csmd2;Erbb2;Huwe1;Lrp1b;Pard3;Psme4;Ptch1,0,0,Distinct genes among all 30 final candidates with at least one configured nonsynonymous mutation observed in the mutation table,TES uniformly targets only 8/30 candidates; TES zero counts do not establish wild-type status across all 30 genes,TES and WES mutation burdens require gt_AF >= 0.01
WES,hairfollicle04-c2-t3,Hair follicle,c2,NA,DT,Papilloma,4,NA,107.616319,243.05,109838814,2,3,t3,TRUE,413,1051,5,Cep170b;Cldn18;Dennd1c;Ezh1;Srgap1,WES::hairfollicle04-c2-t3,30,Aatk;Arid2;Bmper;Cep170b;Cldn18;Csmd2;Dennd1c;Erbb2;Ezh1;Folh1;Foxp4;Huwe1;Kndc1;Lrp1b;Ophn1;Otog;Pard3;Pkp4;Plce1;Ppp1r14d;Psme4;Ptch1;Rad51b;Rasd2;Spats2l;Srgap1;Tmprss9;Ube2d2a;Usp3;Xirp2,8,Arid2;Csmd2;Erbb2;Huwe1;Lrp1b;Pard3;Psme4;Ptch1,3.8377079223458663,9.766176819335364,Distinct genes among all 30 final candidates with at least one configured nonsynonymous mutation observed in the mutation table,TES uniformly targets only 8/30 candidates; TES zero counts do not establish wild-type status across all 30 genes,TES and WES mutation burdens require gt_AF >= 0.01
WES,hairfollicle04-c4-t3,Hair follicle,c4,NA,DT,Papilloma,4,NA,122.710663,129.71,117550498,4,3,t3,TRUE,358,904,6,Folh1;Kndc1;Otog;Plce1;Usp3;Xirp2,WES::hairfollicle04-c4-t3,30,Aatk;Arid2;Bmper;Cep170b;Cldn18;Csmd2;Dennd1c;Erbb2;Ezh1;Folh1;Foxp4;Huwe1;Kndc1;Lrp1b;Ophn1;Otog;Pard3;Pkp4;Plce1;Ppp1r14d;Psme4;Ptch1;Rad51b;Rasd2;Spats2l;Srgap1;Tmprss9;Ube2d2a;Usp3;Xirp2,8,Arid2;Csmd2;Erbb2;Huwe1;Lrp1b;Pard3;Psme4;Ptch1,2.917431877945277,7.36692295436461,Distinct genes among all 30 final candidates with at least one configured nonsynonymous mutation observed in the mutation table,TES uniformly targets only 8/30 candidates; TES zero counts do not establish wild-type status across all 30 genes,TES and WES mutation burdens require gt_AF >= 0.01
WES,hairfollicle04-c5-t3,Hair follicle,c5,NA,DT,Papilloma,4,NA,121.462999,247.02,116816005,5,3,t3,TRUE,524,1249,14,Aatk;Bmper;Cldn18;Dennd1c;Foxp4;Ophn1;Otog;Pkp4;Ppp1r14d;Rad51b;Rasd2;Spats2l;Tmprss9;Ube2d2a,WES::hairfollicle04-c5-t3,30,Aatk;Arid2;Bmper;Cep170b;Cldn18;Csmd2;Dennd1c;Erbb2;Ezh1;Folh1;Foxp4;Huwe1;Kndc1;Lrp1b;Ophn1;Otog;Pard3;Pkp4;Plce1;Ppp1r14d;Psme4;Ptch1;Rad51b;Rasd2;Spats2l;Srgap1;Tmprss9;Ube2d2a;Usp3;Xirp2,8,Arid2;Csmd2;Erbb2;Huwe1;Lrp1b;Pard3;Psme4;Ptch1,4.3140709871654,10.282966914064094,Distinct genes among all 30 final candidates with at least one configured nonsynonymous mutation observed in the mutation table,TES uniformly targets only 8/30 candidates; TES zero counts do not establish wild-type status across all 30 genes,TES and WES mutation burdens require gt_AF >= 0.01
WES,hairfollicle04-c6-t3,Hair follicle,c6,NA,DT,Visually normal,4,NA,108.851657,131.97,67800400,6,3,t3,TRUE,622,1532,1,Csmd2,WES::hairfollicle04-c6-t3,30,Aatk;Arid2;Bmper;Cep170b;Cldn18;Csmd2;Dennd1c;Erbb2;Ezh1;Folh1;Foxp4;Huwe1;Kndc1;Lrp1b;Ophn1;Otog;Pard3;Pkp4;Plce1;Ppp1r14d;Psme4;Ptch1;Rad51b;Rasd2;Spats2l;Srgap1;Tmprss9;Ube2d2a;Usp3;Xirp2,8,Arid2;Csmd2;Erbb2;Huwe1;Lrp1b;Pard3;Psme4;Ptch1,5.714198728274757,14.074200083146184,Distinct genes among all 30 final candidates with at least one configured nonsynonymous mutation observed in the mutation table,TES uniformly targets only 8/30 candidates; TES zero counts do not establish wild-type status across all 30 genes,TES and WES mutation burdens require gt_AF >= 0.01
WES,hairfollicle04-g2-t2,Hair follicle,g2,NA,DT,Visually normal,4,NA,0.895896,4.29,6862477,2,7,t2,TRUE,11,63,0,,WES::hairfollicle04-g2-t2,30,Aatk;Arid2;Bmper;Cep170b;Cldn18;Csmd2;Dennd1c;Erbb2;Ezh1;Folh1;Foxp4;Huwe1;Kndc1;Lrp1b;Ophn1;Otog;Pard3;Pkp4;Plce1;Ppp1r14d;Psme4;Ptch1;Rad51b;Rasd2;Spats2l;Srgap1;Tmprss9;Ube2d2a;Usp3;Xirp2,8,Arid2;Csmd2;Erbb2;Huwe1;Lrp1b;Pard3;Psme4;Ptch1,12.278210863760972,70.32066221972192,Distinct genes among all 30 final candidates with at least one configured nonsynonymous mutation observed in the mutation table,TES uniformly targets only 8/30 candidates; TES zero counts do not establish wild-type status across all 30 genes,TES and WES mutation burdens require gt_AF >= 0.01
WES,hairfollicle05-a6-t2,Hair follicle,a6,NA,DT,Visually normal,5,NA,0.408815,3.52,5593978,6,1,t2,TRUE,2,28,0,,WES::hairfollicle05-a6-t2,30,Aatk;Arid2;Bmper;Cep170b;Cldn18;Csmd2;Dennd1c;Erbb2;Ezh1;Folh1;Foxp4;Huwe1;Kndc1;Lrp1b;Ophn1;Otog;Pard3;Pkp4;Plce1;Ppp1r14d;Psme4;Ptch1;Rad51b;Rasd2;Spats2l;Srgap1;Tmprss9;Ube2d2a;Usp3;Xirp2,8,Arid2;Csmd2;Erbb2;Huwe1;Lrp1b;Pard3;Psme4;Ptch1,4.892188398175214,68.49063757445299,Distinct genes among all 30 final candidates with at least one configured nonsynonymous mutation observed in the mutation table,TES uniformly targets only 8/30 candidates; TES zero counts do not establish wild-type status across all 30 genes,TES and WES mutation burdens require gt_AF >= 0.01
WES,hairfollicle05-b1-t3,Hair follicle,b1,NA,DT,Visually normal,5,NA,61.643811,31.16,18251019,1,2,t3,TRUE,440,1281,0,,WES::hairfollicle05-b1-t3,30,Aatk;Arid2;Bmper;Cep170b;Cldn18;Csmd2;Dennd1c;Erbb2;Ezh1;Folh1;Foxp4;Huwe1;Kndc1;Lrp1b;Ophn1;Otog;Pard3;Pkp4;Plce1;Ppp1r14d;Psme4;Ptch1;Rad51b;Rasd2;Spats2l;Srgap1;Tmprss9;Ube2d2a;Usp3;Xirp2,8,Arid2;Csmd2;Erbb2;Huwe1;Lrp1b;Pard3;Psme4;Ptch1,7.137780628131509,20.78067496508287,Distinct genes among all 30 final candidates with at least one configured nonsynonymous mutation observed in the mutation table,TES uniformly targets only 8/30 candidates; TES zero counts do not establish wild-type status across all 30 genes,TES and WES mutation burdens require gt_AF >= 0.01
WES,hairfollicle05-b5-t3,Hair follicle,b5,NA,DT,Visually normal,5,NA,94.093879,66.05,33734013,5,2,t3,TRUE,502,1260,1,Csmd2,WES::hairfollicle05-b5-t3,30,Aatk;Arid2;Bmper;Cep170b;Cldn18;Csmd2;Dennd1c;Erbb2;Ezh1;Folh1;Foxp4;Huwe1;Kndc1;Lrp1b;Ophn1;Otog;Pard3;Pkp4;Plce1;Ppp1r14d;Psme4;Ptch1;Rad51b;Rasd2;Spats2l;Srgap1;Tmprss9;Ube2d2a;Usp3;Xirp2,8,Arid2;Csmd2;Erbb2;Huwe1;Lrp1b;Pard3;Psme4;Ptch1,5.335097302131629,13.390881674673015,Distinct genes among all 30 final candidates with at least one configured nonsynonymous mutation observed in the mutation table,TES uniformly targets only 8/30 candidates; TES zero counts do not establish wild-type status across all 30 genes,TES and WES mutation burdens require gt_AF >= 0.01
WES,hairfollicle05-b6-t2,Hair follicle,b6,NA,DT,Papilloma,5,NA,0.551659,3.87,7594810,6,2,t2,TRUE,4,20,0,,WES::hairfollicle05-b6-t2,30,Aatk;Arid2;Bmper;Cep170b;Cldn18;Csmd2;Dennd1c;Erbb2;Ezh1;Folh1;Foxp4;Huwe1;Kndc1;Lrp1b;Ophn1;Otog;Pard3;Pkp4;Plce1;Ppp1r14d;Psme4;Ptch1;Rad51b;Rasd2;Spats2l;Srgap1;Tmprss9;Ube2d2a;Usp3;Xirp2,8,Arid2;Csmd2;Erbb2;Huwe1;Lrp1b;Pard3;Psme4;Ptch1,7.250856054192898,36.25428027096449,Distinct genes among all 30 final candidates with at least one configured nonsynonymous mutation observed in the mutation table,TES uniformly targets only 8/30 candidates; TES zero counts do not establish wild-type status across all 30 genes,TES and WES mutation burdens require gt_AF >= 0.01
WES,hairfollicle05-b7-t2,Hair follicle,b7,NA,DT,Papilloma,5,NA,0.104284,0.66,1743246,7,2,t2,TRUE,0,7,0,,WES::hairfollicle05-b7-t2,30,Aatk;Arid2;Bmper;Cep170b;Cldn18;Csmd2;Dennd1c;Erbb2;Ezh1;Folh1;Foxp4;Huwe1;Kndc1;Lrp1b;Ophn1;Otog;Pard3;Pkp4;Plce1;Ppp1r14d;Psme4;Ptch1;Rad51b;Rasd2;Spats2l;Srgap1;Tmprss9;Ube2d2a;Usp3;Xirp2,8,Arid2;Csmd2;Erbb2;Huwe1;Lrp1b;Pard3;Psme4;Ptch1,0,67.12439108588086,Distinct genes among all 30 final candidates with at least one configured nonsynonymous mutation observed in the mutation table,TES uniformly targets only 8/30 candidates; TES zero counts do not establish wild-type status across all 30 genes,TES and WES mutation burdens require gt_AF >= 0.01
WES,hairfollicle05-c6,Hair follicle,c6,NA,DT,Visually normal,5,NA,15.291907,8.71,17929576,6,3,t1,TRUE,11,36,0,,WES::hairfollicle05-c6,30,Aatk;Arid2;Bmper;Cep170b;Cldn18;Csmd2;Dennd1c;Erbb2;Ezh1;Folh1;Foxp4;Huwe1;Kndc1;Lrp1b;Ophn1;Otog;Pard3;Pkp4;Plce1;Ppp1r14d;Psme4;Ptch1;Rad51b;Rasd2;Spats2l;Srgap1;Tmprss9;Ube2d2a;Usp3;Xirp2,8,Arid2;Csmd2;Erbb2;Huwe1;Lrp1b;Pard3;Psme4;Ptch1,0.7193347435346029,2.354186433385973,Distinct genes among all 30 final candidates with at least one configured nonsynonymous mutation observed in the mutation table,TES uniformly targets only 8/30 candidates; TES zero counts do not establish wild-type status across all 30 genes,TES and WES mutation burdens require gt_AF >= 0.01
WES,hairfollicle05-c7-t2,Hair follicle,c7,NA,DT,Visually normal,5,NA,75.628571,43.25,26753442,7,3,t2,TRUE,1011,2465,2,Lrp1b;Psme4,WES::hairfollicle05-c7-t2,30,Aatk;Arid2;Bmper;Cep170b;Cldn18;Csmd2;Dennd1c;Erbb2;Ezh1;Folh1;Foxp4;Huwe1;Kndc1;Lrp1b;Ophn1;Otog;Pard3;Pkp4;Plce1;Ppp1r14d;Psme4;Ptch1;Rad51b;Rasd2;Spats2l;Srgap1;Tmprss9;Ube2d2a;Usp3;Xirp2,8,Arid2;Csmd2;Erbb2;Huwe1;Lrp1b;Pard3;Psme4;Ptch1,13.36796380828087,32.593502262524574,Distinct genes among all 30 final candidates with at least one configured nonsynonymous mutation observed in the mutation table,TES uniformly targets only 8/30 candidates; TES zero counts do not establish wild-type status across all 30 genes,TES and WES mutation burdens require gt_AF >= 0.01
WES,hairfollicle05-e5-t3,Hair follicle,e5,NA,DT,Visually normal,5,NA,101.147138,184.75,102516314,5,5,t3,TRUE,1209,2703,2,Psme4;Ptch1,WES::hairfollicle05-e5-t3,30,Aatk;Arid2;Bmper;Cep170b;Cldn18;Csmd2;Dennd1c;Erbb2;Ezh1;Folh1;Foxp4;Huwe1;Kndc1;Lrp1b;Ophn1;Otog;Pard3;Pkp4;Plce1;Ppp1r14d;Psme4;Ptch1;Rad51b;Rasd2;Spats2l;Srgap1;Tmprss9;Ube2d2a;Usp3;Xirp2,8,Arid2;Csmd2;Erbb2;Huwe1;Lrp1b;Pard3;Psme4;Ptch1,11.952883926384551,26.72344520514263,Distinct genes among all 30 final candidates with at least one configured nonsynonymous mutation observed in the mutation table,TES uniformly targets only 8/30 candidates; TES zero counts do not establish wild-type status across all 30 genes,TES and WES mutation burdens require gt_AF >= 0.01
WES,hairfollicle09-b2-t2,Hair follicle,b2,NA,Acetone,Acetone,9,NA,0.257386,2.79,5841223,2,2,t2,TRUE,5,34,0,,WES::hairfollicle09-b2-t2,30,Aatk;Arid2;Bmper;Cep170b;Cldn18;Csmd2;Dennd1c;Erbb2;Ezh1;Folh1;Foxp4;Huwe1;Kndc1;Lrp1b;Ophn1;Otog;Pard3;Pkp4;Plce1;Ppp1r14d;Psme4;Ptch1;Rad51b;Rasd2;Spats2l;Srgap1;Tmprss9;Ube2d2a;Usp3;Xirp2,8,Arid2;Csmd2;Erbb2;Huwe1;Lrp1b;Pard3;Psme4;Ptch1,19.42607601035021,132.09731687038146,Distinct genes among all 30 final candidates with at least one configured nonsynonymous mutation observed in the mutation table,TES uniformly targets only 8/30 candidates; TES zero counts do not establish wild-type status across all 30 genes,TES and WES mutation burdens require gt_AF >= 0.01
WES,skin03-c5,Skin,c5,NA,DT,Visually normal,3,NA,34.428431,14.44,18507745,5,3,t1,TRUE,1,6,0,,WES::skin03-c5,30,Aatk;Arid2;Bmper;Cep170b;Cldn18;Csmd2;Dennd1c;Erbb2;Ezh1;Folh1;Foxp4;Huwe1;Kndc1;Lrp1b;Ophn1;Otog;Pard3;Pkp4;Plce1;Ppp1r14d;Psme4;Ptch1;Rad51b;Rasd2;Spats2l;Srgap1;Tmprss9;Ube2d2a;Usp3;Xirp2,8,Arid2;Csmd2;Erbb2;Huwe1;Lrp1b;Pard3;Psme4;Ptch1,0.02904576162648829,0.17427456975892974,Distinct genes among all 30 final candidates with at least one configured nonsynonymous mutation observed in the mutation table,TES uniformly targets only 8/30 candidates; TES zero counts do not establish wild-type status across all 30 genes,TES and WES mutation burdens require gt_AF >= 0.01
WES,skin03-e6,Skin,e6,NA,DT,Visually normal,3,NA,38.010089,15.94,20313872,6,5,t1,TRUE,1,13,0,,WES::skin03-e6,30,Aatk;Arid2;Bmper;Cep170b;Cldn18;Csmd2;Dennd1c;Erbb2;Ezh1;Folh1;Foxp4;Huwe1;Kndc1;Lrp1b;Ophn1;Otog;Pard3;Pkp4;Plce1;Ppp1r14d;Psme4;Ptch1;Rad51b;Rasd2;Spats2l;Srgap1;Tmprss9;Ube2d2a;Usp3;Xirp2,8,Arid2;Csmd2;Erbb2;Huwe1;Lrp1b;Pard3;Psme4;Ptch1,0.026308804486093153,0.34201445831921096,Distinct genes among all 30 final candidates with at least one configured nonsynonymous mutation observed in the mutation table,TES uniformly targets only 8/30 candidates; TES zero counts do not establish wild-type status across all 30 genes,TES and WES mutation burdens require gt_AF >= 0.01
WES,skin03-e7,Skin,e7,NA,DT,Visually normal,3,NA,43.79121,19.63,24692513,7,5,t1,TRUE,4,17,0,,WES::skin03-e7,30,Aatk;Arid2;Bmper;Cep170b;Cldn18;Csmd2;Dennd1c;Erbb2;Ezh1;Folh1;Foxp4;Huwe1;Kndc1;Lrp1b;Ophn1;Otog;Pard3;Pkp4;Plce1;Ppp1r14d;Psme4;Ptch1;Rad51b;Rasd2;Spats2l;Srgap1;Tmprss9;Ube2d2a;Usp3;Xirp2,8,Arid2;Csmd2;Erbb2;Huwe1;Lrp1b;Pard3;Psme4;Ptch1,0.09134253198301669,0.3882057609278209,Distinct genes among all 30 final candidates with at least one configured nonsynonymous mutation observed in the mutation table,TES uniformly targets only 8/30 candidates; TES zero counts do not establish wild-type status across all 30 genes,TES and WES mutation burdens require gt_AF >= 0.01
WES,skin03-f5,Skin,f5,NA,DT,Visually normal,3,NA,36.567554,15.21,19737118,5,6,t1,TRUE,2,9,0,,WES::skin03-f5,30,Aatk;Arid2;Bmper;Cep170b;Cldn18;Csmd2;Dennd1c;Erbb2;Ezh1;Folh1;Foxp4;Huwe1;Kndc1;Lrp1b;Ophn1;Otog;Pard3;Pkp4;Plce1;Ppp1r14d;Psme4;Ptch1;Rad51b;Rasd2;Spats2l;Srgap1;Tmprss9;Ube2d2a;Usp3;Xirp2,8,Arid2;Csmd2;Erbb2;Huwe1;Lrp1b;Pard3;Psme4;Ptch1,0.05469329449817726,0.24611982524179768,Distinct genes among all 30 final candidates with at least one configured nonsynonymous mutation observed in the mutation table,TES uniformly targets only 8/30 candidates; TES zero counts do not establish wild-type status across all 30 genes,TES and WES mutation burdens require gt_AF >= 0.01
WES,skin03-f6,Skin,f6,NA,DT,Papilloma,3,NA,36.848533,16.07,20029962,6,6,t1,TRUE,4,17,0,,WES::skin03-f6,30,Aatk;Arid2;Bmper;Cep170b;Cldn18;Csmd2;Dennd1c;Erbb2;Ezh1;Folh1;Foxp4;Huwe1;Kndc1;Lrp1b;Ophn1;Otog;Pard3;Pkp4;Plce1;Ppp1r14d;Psme4;Ptch1;Rad51b;Rasd2;Spats2l;Srgap1;Tmprss9;Ube2d2a;Usp3;Xirp2,8,Arid2;Csmd2;Erbb2;Huwe1;Lrp1b;Pard3;Psme4;Ptch1,0.10855248972869556,0.46134808134695615,Distinct genes among all 30 final candidates with at least one configured nonsynonymous mutation observed in the mutation table,TES uniformly targets only 8/30 candidates; TES zero counts do not establish wild-type status across all 30 genes,TES and WES mutation burdens require gt_AF >= 0.01
WES,skin03-f7,Skin,f7,NA,DT,Visually normal,3,NA,37.877162,15.88,20289049,7,6,t1,TRUE,0,5,0,,WES::skin03-f7,30,Aatk;Arid2;Bmper;Cep170b;Cldn18;Csmd2;Dennd1c;Erbb2;Ezh1;Folh1;Foxp4;Huwe1;Kndc1;Lrp1b;Ophn1;Otog;Pard3;Pkp4;Plce1;Ppp1r14d;Psme4;Ptch1;Rad51b;Rasd2;Spats2l;Srgap1;Tmprss9;Ube2d2a;Usp3;Xirp2,8,Arid2;Csmd2;Erbb2;Huwe1;Lrp1b;Pard3;Psme4;Ptch1,0,0.13200566610560738,Distinct genes among all 30 final candidates with at least one configured nonsynonymous mutation observed in the mutation table,TES uniformly targets only 8/30 candidates; TES zero counts do not establish wild-type status across all 30 genes,TES and WES mutation burdens require gt_AF >= 0.01
WES,skin03-g6,Skin,g6,NA,DT,Visually normal,3,NA,40.944261,17.24,21815246,6,7,t1,TRUE,2,7,0,,WES::skin03-g6,30,Aatk;Arid2;Bmper;Cep170b;Cldn18;Csmd2;Dennd1c;Erbb2;Ezh1;Folh1;Foxp4;Huwe1;Kndc1;Lrp1b;Ophn1;Otog;Pard3;Pkp4;Plce1;Ppp1r14d;Psme4;Ptch1;Rad51b;Rasd2;Spats2l;Srgap1;Tmprss9;Ube2d2a;Usp3;Xirp2,8,Arid2;Csmd2;Erbb2;Huwe1;Lrp1b;Pard3;Psme4;Ptch1,0.04884689456234172,0.17096413096819602,Distinct genes among all 30 final candidates with at least one configured nonsynonymous mutation observed in the mutation table,TES uniformly targets only 8/30 candidates; TES zero counts do not establish wild-type status across all 30 genes,TES and WES mutation burdens require gt_AF >= 0.01
WES,skin04-b5,Skin,b5,NA,DT,Visually normal,4,NA,38.569757,16.33,20648241,5,2,t1,TRUE,3,12,0,,WES::skin04-b5,30,Aatk;Arid2;Bmper;Cep170b;Cldn18;Csmd2;Dennd1c;Erbb2;Ezh1;Folh1;Foxp4;Huwe1;Kndc1;Lrp1b;Ophn1;Otog;Pard3;Pkp4;Plce1;Ppp1r14d;Psme4;Ptch1;Rad51b;Rasd2;Spats2l;Srgap1;Tmprss9;Ube2d2a;Usp3;Xirp2,8,Arid2;Csmd2;Erbb2;Huwe1;Lrp1b;Pard3;Psme4;Ptch1,0.07778114858229467,0.31112459432917866,Distinct genes among all 30 final candidates with at least one configured nonsynonymous mutation observed in the mutation table,TES uniformly targets only 8/30 candidates; TES zero counts do not establish wild-type status across all 30 genes,TES and WES mutation burdens require gt_AF >= 0.01
WES,skin04-b6,Skin,b6,NA,DT,Visually normal,4,NA,36.794032,16.16,20076434,6,2,t1,TRUE,0,2,0,,WES::skin04-b6,30,Aatk;Arid2;Bmper;Cep170b;Cldn18;Csmd2;Dennd1c;Erbb2;Ezh1;Folh1;Foxp4;Huwe1;Kndc1;Lrp1b;Ophn1;Otog;Pard3;Pkp4;Plce1;Ppp1r14d;Psme4;Ptch1;Rad51b;Rasd2;Spats2l;Srgap1;Tmprss9;Ube2d2a;Usp3;Xirp2,8,Arid2;Csmd2;Erbb2;Huwe1;Lrp1b;Pard3;Psme4;Ptch1,0,0.054356641316178664,Distinct genes among all 30 final candidates with at least one configured nonsynonymous mutation observed in the mutation table,TES uniformly targets only 8/30 candidates; TES zero counts do not establish wild-type status across all 30 genes,TES and WES mutation burdens require gt_AF >= 0.01
WES,skin04-c2-t2,Skin,c2,NA,DT,Papilloma,4,NA,98.473392,339.82,148153810,2,3,t2,TRUE,204,634,6,Cep170b;Ppp1r14d;Rasd2;Srgap1;Usp3;Xirp2,WES::skin04-c2-t2,30,Aatk;Arid2;Bmper;Cep170b;Cldn18;Csmd2;Dennd1c;Erbb2;Ezh1;Folh1;Foxp4;Huwe1;Kndc1;Lrp1b;Ophn1;Otog;Pard3;Pkp4;Plce1;Ppp1r14d;Psme4;Ptch1;Rad51b;Rasd2;Spats2l;Srgap1;Tmprss9;Ube2d2a;Usp3;Xirp2,8,Arid2;Csmd2;Erbb2;Huwe1;Lrp1b;Pard3;Psme4;Ptch1,2.0716256021728183,6.438287410674347,Distinct genes among all 30 final candidates with at least one configured nonsynonymous mutation observed in the mutation table,TES uniformly targets only 8/30 candidates; TES zero counts do not establish wild-type status across all 30 genes,TES and WES mutation burdens require gt_AF >= 0.01
WES,skin04-c4-t2,Skin,c4,NA,DT,Papilloma,4,NA,97.291475,268.71,114989509,4,3,t2,TRUE,232,671,7,Arid2;Dennd1c;Erbb2;Ezh1;Folh1;Ophn1;Psme4,WES::skin04-c4-t2,30,Aatk;Arid2;Bmper;Cep170b;Cldn18;Csmd2;Dennd1c;Erbb2;Ezh1;Folh1;Foxp4;Huwe1;Kndc1;Lrp1b;Ophn1;Otog;Pard3;Pkp4;Plce1;Ppp1r14d;Psme4;Ptch1;Rad51b;Rasd2;Spats2l;Srgap1;Tmprss9;Ube2d2a;Usp3;Xirp2,8,Arid2;Csmd2;Erbb2;Huwe1;Lrp1b;Pard3;Psme4;Ptch1,2.3845871388012156,6.8968015954121364,Distinct genes among all 30 final candidates with at least one configured nonsynonymous mutation observed in the mutation table,TES uniformly targets only 8/30 candidates; TES zero counts do not establish wild-type status across all 30 genes,TES and WES mutation burdens require gt_AF >= 0.01
WES,skin04-c5-t2,Skin,c5,NA,DT,Papilloma,4,NA,93.350124,265.26,116877564,5,3,t2,TRUE,653,1674,19,Aatk;Bmper;Cldn18;Csmd2;Folh1;Foxp4;Huwe1;Kndc1;Lrp1b;Ophn1;Otog;Pard3;Pkp4;Plce1;Psme4;Rad51b;Spats2l;Tmprss9;Ube2d2a,WES::skin04-c5-t2,30,Aatk;Arid2;Bmper;Cep170b;Cldn18;Csmd2;Dennd1c;Erbb2;Ezh1;Folh1;Foxp4;Huwe1;Kndc1;Lrp1b;Ophn1;Otog;Pard3;Pkp4;Plce1;Ppp1r14d;Psme4;Ptch1;Rad51b;Rasd2;Spats2l;Srgap1;Tmprss9;Ube2d2a;Usp3;Xirp2,8,Arid2;Csmd2;Erbb2;Huwe1;Lrp1b;Pard3;Psme4;Ptch1,6.995170140320329,17.932488231081514,Distinct genes among all 30 final candidates with at least one configured nonsynonymous mutation observed in the mutation table,TES uniformly targets only 8/30 candidates; TES zero counts do not establish wild-type status across all 30 genes,TES and WES mutation burdens require gt_AF >= 0.01
WES,skin04-c6-t2,Skin,c6,NA,DT,Visually normal,4,NA,94.343243,241.86,107547118,6,3,t2,TRUE,592,1550,1,Csmd2,WES::skin04-c6-t2,30,Aatk;Arid2;Bmper;Cep170b;Cldn18;Csmd2;Dennd1c;Erbb2;Ezh1;Folh1;Foxp4;Huwe1;Kndc1;Lrp1b;Ophn1;Otog;Pard3;Pkp4;Plce1;Ppp1r14d;Psme4;Ptch1;Rad51b;Rasd2;Spats2l;Srgap1;Tmprss9;Ube2d2a;Usp3;Xirp2,8,Arid2;Csmd2;Erbb2;Huwe1;Lrp1b;Pard3;Psme4;Ptch1,6.274959193420985,16.429369509801564,Distinct genes among all 30 final candidates with at least one configured nonsynonymous mutation observed in the mutation table,TES uniformly targets only 8/30 candidates; TES zero counts do not establish wild-type status across all 30 genes,TES and WES mutation burdens require gt_AF >= 0.01
WES,skin04-g2,Skin,g2,NA,DT,Visually normal,4,NA,42.733617,18.89,23353317,2,7,t1,TRUE,1,7,0,,WES::skin04-g2,30,Aatk;Arid2;Bmper;Cep170b;Cldn18;Csmd2;Dennd1c;Erbb2;Ezh1;Folh1;Foxp4;Huwe1;Kndc1;Lrp1b;Ophn1;Otog;Pard3;Pkp4;Plce1;Ppp1r14d;Psme4;Ptch1;Rad51b;Rasd2;Spats2l;Srgap1;Tmprss9;Ube2d2a;Usp3;Xirp2,8,Arid2;Csmd2;Erbb2;Huwe1;Lrp1b;Pard3;Psme4;Ptch1,0.02340078070152592,0.16380546491068143,Distinct genes among all 30 final candidates with at least one configured nonsynonymous mutation observed in the mutation table,TES uniformly targets only 8/30 candidates; TES zero counts do not establish wild-type status across all 30 genes,TES and WES mutation burdens require gt_AF >= 0.01
WES,skin05-a6,Skin,a6,NA,DT,Visually normal,5,NA,40.751345,18.2,22773848,6,1,t1,TRUE,5,12,0,,WES::skin05-a6,30,Aatk;Arid2;Bmper;Cep170b;Cldn18;Csmd2;Dennd1c;Erbb2;Ezh1;Folh1;Foxp4;Huwe1;Kndc1;Lrp1b;Ophn1;Otog;Pard3;Pkp4;Plce1;Ppp1r14d;Psme4;Ptch1;Rad51b;Rasd2;Spats2l;Srgap1;Tmprss9;Ube2d2a;Usp3;Xirp2,8,Arid2;Csmd2;Erbb2;Huwe1;Lrp1b;Pard3;Psme4;Ptch1,0.12269533680422082,0.29446880833012995,Distinct genes among all 30 final candidates with at least one configured nonsynonymous mutation observed in the mutation table,TES uniformly targets only 8/30 candidates; TES zero counts do not establish wild-type status across all 30 genes,TES and WES mutation burdens require gt_AF >= 0.01
WES,skin05-b1-t2,Skin,b1,NA,DT,Visually normal,5,NA,91.655366,296.21,128261512,1,2,t2,TRUE,127,407,1,Pard3,WES::skin05-b1-t2,30,Aatk;Arid2;Bmper;Cep170b;Cldn18;Csmd2;Dennd1c;Erbb2;Ezh1;Folh1;Foxp4;Huwe1;Kndc1;Lrp1b;Ophn1;Otog;Pard3;Pkp4;Plce1;Ppp1r14d;Psme4;Ptch1;Rad51b;Rasd2;Spats2l;Srgap1;Tmprss9;Ube2d2a;Usp3;Xirp2,8,Arid2;Csmd2;Erbb2;Huwe1;Lrp1b;Pard3;Psme4;Ptch1,1.3856253653495858,4.440547430687255,Distinct genes among all 30 final candidates with at least one configured nonsynonymous mutation observed in the mutation table,TES uniformly targets only 8/30 candidates; TES zero counts do not establish wild-type status across all 30 genes,TES and WES mutation burdens require gt_AF >= 0.01
WES,skin05-b5-t2,Skin,b5,NA,DT,Visually normal,5,NA,93.312696,310.82,135199683,5,2,t2,TRUE,152,458,0,,WES::skin05-b5-t2,30,Aatk;Arid2;Bmper;Cep170b;Cldn18;Csmd2;Dennd1c;Erbb2;Ezh1;Folh1;Foxp4;Huwe1;Kndc1;Lrp1b;Ophn1;Otog;Pard3;Pkp4;Plce1;Ppp1r14d;Psme4;Ptch1;Rad51b;Rasd2;Spats2l;Srgap1;Tmprss9;Ube2d2a;Usp3;Xirp2,8,Arid2;Csmd2;Erbb2;Huwe1;Lrp1b;Pard3;Psme4;Ptch1,1.628931608620546,4.908228136501382,Distinct genes among all 30 final candidates with at least one configured nonsynonymous mutation observed in the mutation table,TES uniformly targets only 8/30 candidates; TES zero counts do not establish wild-type status across all 30 genes,TES and WES mutation burdens require gt_AF >= 0.01
WES,skin05-b6,Skin,b6,NA,DT,Papilloma,5,NA,45.841328,20.81,25998379,6,2,t1,TRUE,2,10,1,Ptch1,WES::skin05-b6,30,Aatk;Arid2;Bmper;Cep170b;Cldn18;Csmd2;Dennd1c;Erbb2;Ezh1;Folh1;Foxp4;Huwe1;Kndc1;Lrp1b;Ophn1;Otog;Pard3;Pkp4;Plce1;Ppp1r14d;Psme4;Ptch1;Rad51b;Rasd2;Spats2l;Srgap1;Tmprss9;Ube2d2a;Usp3;Xirp2,8,Arid2;Csmd2;Erbb2;Huwe1;Lrp1b;Pard3;Psme4;Ptch1,0.043628753512550945,0.21814376756275475,Distinct genes among all 30 final candidates with at least one configured nonsynonymous mutation observed in the mutation table,TES uniformly targets only 8/30 candidates; TES zero counts do not establish wild-type status across all 30 genes,TES and WES mutation burdens require gt_AF >= 0.01
WES,skin05-b7,Skin,b7,NA,DT,Papilloma,5,NA,46.100036,20.76,26029164,7,2,t1,TRUE,5,12,0,,WES::skin05-b7,30,Aatk;Arid2;Bmper;Cep170b;Cldn18;Csmd2;Dennd1c;Erbb2;Ezh1;Folh1;Foxp4;Huwe1;Kndc1;Lrp1b;Ophn1;Otog;Pard3;Pkp4;Plce1;Ppp1r14d;Psme4;Ptch1;Rad51b;Rasd2;Spats2l;Srgap1;Tmprss9;Ube2d2a;Usp3;Xirp2,8,Arid2;Csmd2;Erbb2;Huwe1;Lrp1b;Pard3;Psme4;Ptch1,0.10845978515071007,0.2603034843617042,Distinct genes among all 30 final candidates with at least one configured nonsynonymous mutation observed in the mutation table,TES uniformly targets only 8/30 candidates; TES zero counts do not establish wild-type status across all 30 genes,TES and WES mutation burdens require gt_AF >= 0.01
WES,skin05-c6,Skin,c6,NA,DT,Visually normal,5,NA,48.326091,22.52,27769639,6,3,t1,TRUE,11,26,0,,WES::skin05-c6,30,Aatk;Arid2;Bmper;Cep170b;Cldn18;Csmd2;Dennd1c;Erbb2;Ezh1;Folh1;Foxp4;Huwe1;Kndc1;Lrp1b;Ophn1;Otog;Pard3;Pkp4;Plce1;Ppp1r14d;Psme4;Ptch1;Rad51b;Rasd2;Spats2l;Srgap1;Tmprss9;Ube2d2a;Usp3;Xirp2,8,Arid2;Csmd2;Erbb2;Huwe1;Lrp1b;Pard3;Psme4;Ptch1,0.22762031383833634,0.5380116508906131,Distinct genes among all 30 final candidates with at least one configured nonsynonymous mutation observed in the mutation table,TES uniformly targets only 8/30 candidates; TES zero counts do not establish wild-type status across all 30 genes,TES and WES mutation burdens require gt_AF >= 0.01
WES,skin05-c7-t2,Skin,c7,NA,DT,Visually normal,5,NA,102.788279,400.92,230521961,7,3,t2,TRUE,144,466,0,,WES::skin05-c7-t2,30,Aatk;Arid2;Bmper;Cep170b;Cldn18;Csmd2;Dennd1c;Erbb2;Ezh1;Folh1;Foxp4;Huwe1;Kndc1;Lrp1b;Ophn1;Otog;Pard3;Pkp4;Plce1;Ppp1r14d;Psme4;Ptch1;Rad51b;Rasd2;Spats2l;Srgap1;Tmprss9;Ube2d2a;Usp3;Xirp2,8,Arid2;Csmd2;Erbb2;Huwe1;Lrp1b;Pard3;Psme4;Ptch1,1.4009379415721124,4.533590838698641,Distinct genes among all 30 final candidates with at least one configured nonsynonymous mutation observed in the mutation table,TES uniformly targets only 8/30 candidates; TES zero counts do not establish wild-type status across all 30 genes,TES and WES mutation burdens require gt_AF >= 0.01
WES,skin05-e5-t2,Skin,e5,NA,DT,Visually normal,5,NA,95.679679,271.58,120108878,5,5,t2,TRUE,225,726,0,,WES::skin05-e5-t2,30,Aatk;Arid2;Bmper;Cep170b;Cldn18;Csmd2;Dennd1c;Erbb2;Ezh1;Folh1;Foxp4;Huwe1;Kndc1;Lrp1b;Ophn1;Otog;Pard3;Pkp4;Plce1;Ppp1r14d;Psme4;Ptch1;Rad51b;Rasd2;Spats2l;Srgap1;Tmprss9;Ube2d2a;Usp3;Xirp2,8,Arid2;Csmd2;Erbb2;Huwe1;Lrp1b;Pard3;Psme4;Ptch1,2.3515965182115632,7.587818098762644,Distinct genes among all 30 final candidates with at least one configured nonsynonymous mutation observed in the mutation table,TES uniformly targets only 8/30 candidates; TES zero counts do not establish wild-type status across all 30 genes,TES and WES mutation burdens require gt_AF >= 0.01
WES,skin09-a4,Skin,a4,NA,Acetone,Acetone,9,NA,53.306595,27,33456824,4,1,t1,TRUE,2,6,0,,WES::skin09-a4,30,Aatk;Arid2;Bmper;Cep170b;Cldn18;Csmd2;Dennd1c;Erbb2;Ezh1;Folh1;Foxp4;Huwe1;Kndc1;Lrp1b;Ophn1;Otog;Pard3;Pkp4;Plce1;Ppp1r14d;Psme4;Ptch1;Rad51b;Rasd2;Spats2l;Srgap1;Tmprss9;Ube2d2a;Usp3;Xirp2,8,Arid2;Csmd2;Erbb2;Huwe1;Lrp1b;Pard3;Psme4;Ptch1,0.0375188098208111,0.1125564294624333,Distinct genes among all 30 final candidates with at least one configured nonsynonymous mutation observed in the mutation table,TES uniformly targets only 8/30 candidates; TES zero counts do not establish wild-type status across all 30 genes,TES and WES mutation burdens require gt_AF >= 0.01
WES,skin09-b2,Skin,b2,NA,Acetone,Acetone,9,NA,48.775652,23.5,28628444,2,2,t1,TRUE,4,12,0,,WES::skin09-b2,30,Aatk;Arid2;Bmper;Cep170b;Cldn18;Csmd2;Dennd1c;Erbb2;Ezh1;Folh1;Foxp4;Huwe1;Kndc1;Lrp1b;Ophn1;Otog;Pard3;Pkp4;Plce1;Ppp1r14d;Psme4;Ptch1;Rad51b;Rasd2;Spats2l;Srgap1;Tmprss9;Ube2d2a;Usp3;Xirp2,8,Arid2;Csmd2;Erbb2;Huwe1;Lrp1b;Pard3;Psme4;Ptch1,0.082008129793939,0.24602438938181698,Distinct genes among all 30 final candidates with at least one configured nonsynonymous mutation observed in the mutation table,TES uniformly targets only 8/30 candidates; TES zero counts do not establish wild-type status across all 30 genes,TES and WES mutation burdens require gt_AF >= 0.01
