human_symbol,n_mutations,n_altered_samples,n_profiled_samples,incidence_pct,is_cancer_gene
TTN,1276,119,147,81,No
MUC16,676,91,147,61.9,No
CSMD3,384,95,147,64.6,No
LRP1B,315,107,176,60.8,Yes
RYR2,307,80,147,54.4,No
PCLO,305,71,147,48.3,Yes
SYNE1,264,91,176,51.7,No
FAT4,260,85,147,57.8,Yes
DNAH5,258,88,147,59.9,No
USH2A,247,86,147,58.5,No
CSMD1,238,70,147,47.6,No
COL11A1,236,81,147,55.1,No
ABCA13,233,74,147,50.3,No
APOB,218,83,147,56.5,No
PKHD1,217,91,176,51.7,No
PKHD1L1,216,70,147,47.6,No
ADGRV1,214,68,147,46.3,No
XIRP2,205,61,147,41.5,No
LRP2,202,88,176,50,No
TP53,202,139,176,79,Yes
RELN,201,80,147,54.4,Yes
SPTA1,201,83,147,56.5,No
KMT2D,199,83,176,47.2,Yes
CUBN,198,84,176,47.7,No
FLG,197,71,147,48.3,No
FAT3,194,66,147,44.9,No
MUC17,186,71,147,48.3,No
DNAH7,183,77,147,52.4,No
PCDH15,183,81,147,55.1,No
RYR1,182,72,147,49,No
NOTCH1,176,103,176,58.5,Yes
FMN2,175,73,147,49.7,No
RYR3,170,62,147,42.2,No
AHNAK2,169,51,147,34.7,No
HMCN1,168,80,147,54.4,No
MUC4,165,56,147,38.1,No
RP1,165,66,147,44.9,No
COL22A1,163,70,147,47.6,No
DNAH11,161,58,147,39.5,No
FSIP2,161,60,147,40.8,No
MUC5B,160,62,147,42.2,No
HYDIN,158,67,147,45.6,No
CSMD2,152,67,147,45.6,No
DNAH8,152,72,147,49,No
ZFHX4,148,62,147,42.2,No
COL6A5,147,62,147,42.2,No
COL19A1,145,57,147,38.8,No
ERICH3,145,66,147,44.9,No
DNAH6,143,59,147,40.1,No
ANK2,142,71,147,48.3,No
COL24A1,141,66,147,44.9,No
DSCAM,141,62,147,42.2,No
COL4A4,140,62,147,42.2,No
LRTM3,139,45,147,30.6,No
DNAH10,137,68,147,46.3,No
OBSCN,137,58,147,39.5,No
COL1A2,136,70,147,47.6,No
THSD7A,136,55,147,37.4,No
EYS,135,50,147,34,No
UNC79,134,62,147,42.2,No
PRUNE2,133,55,147,37.4,No
AHNAK,132,67,147,45.6,No
COL6A3,132,72,147,49,No
SI,131,54,147,36.7,No
FAM135B,130,64,147,43.5,No
UNC13C,130,53,147,36.1,No
PAPPA2,129,61,147,41.5,No
ZNF831,127,58,147,39.5,No
ZNF469,126,58,147,39.5,No
ROS1,125,72,176,40.9,Yes
VCAN,125,50,147,34,No
MYO15A,124,55,147,37.4,No
FBN2,123,58,147,39.5,No
MUC12,123,35,147,23.8,No
NOTCH2,123,75,176,42.6,Yes
DNAH9,121,65,147,44.2,No
MACF1,120,62,147,42.2,No
SVEP1,119,54,147,36.7,No
DMD,116,53,147,36.1,No
NEB,116,53,147,36.1,No
PTPRD,115,53,176,30.1,Yes
BSN,114,55,147,37.4,No
SPHKAP,114,60,147,40.8,No
UNC80,114,51,147,34.7,No
DNAH3,113,63,147,42.9,No
KALRN,113,61,147,41.5,No
MGAM,113,56,147,38.1,Yes
ADGRB3,112,64,147,43.5,No
COL4A1,112,56,147,38.1,No
DNAH14,112,53,147,36.1,No
FCGBP,112,52,147,35.4,No
COL6A6,111,49,147,33.3,No
WDR87,111,49,147,33.3,No
NBEA,110,50,147,34,No
WDFY4,110,47,147,32,No
FAT1,109,60,147,40.8,Yes
MROH2B,109,51,147,34.7,No
TNXB,107,44,147,29.9,No
ZNF804B,107,57,147,38.8,No
HSPG2,106,50,147,34,No
PEG3,106,59,147,40.1,No
PLCE1,106,58,147,39.5,No
KMT2C,105,67,176,38.1,Yes
MYH1,105,54,176,30.7,No
MYO18B,105,54,147,36.7,No
ZNF536,105,46,147,31.3,No
CACNA1E,103,52,147,35.4,No
CMYA5,103,50,147,34,No
FBN1,103,61,147,41.5,No
SCN9A,103,54,147,36.7,No
COL15A1,102,50,147,34,No
NAV3,102,50,147,34,No
SPATA31D1,101,43,147,29.3,No
VWF,101,64,147,43.5,No
CFH,100,57,147,38.8,No
COL5A1,100,51,147,34.7,Yes
EPHA7,100,59,176,33.5,Yes
FAT2,100,58,147,39.5,No
MDGA2,100,57,147,38.8,No
SALL1,100,56,147,38.1,No
SPATA31H1,100,45,147,30.6,No
FNDC1,99,50,147,34,No
FREM2,99,49,147,33.3,No
PLEC,99,50,147,34,No
TG,99,54,147,36.7,No
CNTNAP2,98,55,147,37.4,No
DOCK2,98,54,147,36.7,No
MYH7,98,50,147,34,No
PKD1L1,98,52,147,35.4,No
DCHS2,97,54,147,36.7,No
MAGI2,97,60,176,34.1,Yes
MDN1,97,58,147,39.5,No
ALMS1,96,52,147,35.4,No
COL12A1,96,50,147,34,No
DNAH2,96,53,147,36.1,No
LRRIQ1,95,49,147,33.3,No
ACAN,94,46,147,31.3,No
CNTNAP5,94,42,147,28.6,No
DNAH17,94,51,147,34.7,No
FBN3,93,53,147,36.1,No
SCN1A,93,60,147,40.8,No
SRCAP,93,45,147,30.6,No
ABCC9,92,56,147,38.1,No
COL3A1,92,53,147,36.1,No
DCC,92,53,147,36.1,No
PTPRQ,92,45,147,30.6,No
VWDE,92,44,147,29.9,No
ANKRD30B,91,42,147,28.6,No
COL4A3,91,56,147,38.1,No
DNAH12,91,43,147,29.3,No
KDR,91,58,176,33,Yes
LAMA2,91,61,147,41.5,No
NPAP1,91,50,147,34,No
SYNE2,91,54,147,36.7,No
ADAMTS12,90,50,147,34,No
CDH23,90,45,147,30.6,No
ERBB4,90,60,176,34.1,Yes
RIMS1,90,44,147,29.9,No
STAB2,90,50,147,34,No
BLTP1,89,61,147,41.5,No
COL14A1,89,53,147,36.1,No
GPR158,89,52,147,35.4,No
GRIN2A,89,50,147,34,Yes
LAMA1,89,49,147,33.3,No
LRRC7,89,57,147,38.8,No
ATP10A,88,48,147,32.7,No
C6,88,56,147,38.1,No
PPFIA2,88,45,147,30.6,No
FLG2,87,49,147,33.3,No
TMEM132D,87,53,147,36.1,No
ANKRD30A,86,51,147,34.7,No
COL4A2,86,47,147,32,No
CRACD,86,51,147,34.7,No
PPP1R3A,86,50,147,34,No
PTPRT,86,49,147,33.3,Yes
PXDNL,86,44,147,29.9,No
AFF3,85,52,176,29.5,Yes
CNTNAP4,85,41,147,27.9,No
GRIN2B,85,50,147,34,No
MYH4,85,49,147,33.3,No
OTOF,85,48,147,32.7,No
OTOGL,85,47,147,32,No
CNTN6,84,40,147,27.2,No
PIK3CG,84,54,176,30.7,Yes
RIMS2,84,46,147,31.3,No
SLIT2,84,55,147,37.4,Yes
SPAG17,84,58,147,39.5,No
ASXL3,83,40,147,27.2,Yes
CDKN2A,83,72,176,40.9,Yes
MYH8,83,53,147,36.1,No
NALCN,83,48,147,32.7,No
PCDH17,83,45,147,30.6,No
PLCH1,83,44,147,29.9,No
SHROOM3,83,44,147,29.9,No
TEX15,83,43,147,29.3,No
ANK3,82,51,147,34.7,No
DST,82,44,147,29.9,No
FRAS1,82,40,147,27.2,No
FRY,82,52,147,35.4,No
MAP1A,82,52,147,35.4,No
MYO3A,82,41,147,27.9,No
FSCB,81,51,176,29,No
SCN7A,81,40,147,27.2,No
SHANK2,81,45,147,30.6,No
ABCA4,80,52,147,35.4,No
CFAP54,80,35,147,23.8,No
COL11A2,80,42,147,28.6,No
HECTD4,80,45,147,30.6,No
HMCN2,80,24,147,16.3,No
SPEN,80,52,147,35.4,Yes
THSD7B,80,44,147,29.9,No
TMEM132B,80,43,147,29.3,No
CD163L1,79,47,147,32,No
CFAP47,79,39,147,26.5,No
SCN10A,79,47,147,32,No
TMEM132C,79,35,147,23.8,No
TRPM6,79,49,147,33.3,No
ADAMTS20,78,42,147,28.6,No
EPHA5,78,50,176,28.4,Yes
MYH2,78,47,147,32,No
NLRP5,78,43,147,29.3,No
UBR4,78,43,147,29.3,No
ZNF804A,78,49,147,33.3,No
CFAP46,77,40,147,27.2,No
DSCAML1,77,45,147,30.6,No
PLCB4,77,47,147,32,No
PREX2,77,53,176,30.1,Yes
SACS,77,46,147,31.3,No
SPATA31E1,77,42,147,28.6,No
STXBP5L,77,48,147,32.7,No
TRIOBP,77,42,147,28.6,No
TRPM3,77,45,147,30.6,No
VPS13B,77,47,147,32,No
CACNA1H,76,41,147,27.9,No
CDH10,76,46,147,31.3,No
CNTN3,76,47,147,32,No
COL2A1,76,44,147,29.9,Yes
COL9A1,76,44,147,29.9,No
FLNC,76,43,147,29.3,No
IGFN1,75,42,147,28.6,No
PCDH9,75,45,147,30.6,No
PRDM9,75,47,147,32,No
VPS13D,75,45,147,30.6,No
ZNF521,75,50,147,34,Yes
COL5A3,74,42,147,28.6,No
DYNC2H1,74,43,147,29.3,No
HECW1,74,48,147,32.7,No
MTUS2,74,43,176,24.4,No
PLXNA4,74,47,147,32,No
AKAP6,73,45,147,30.6,No
CPAMD8,73,43,147,29.3,No
CPS1,73,41,147,27.9,Yes
DGKI,73,46,147,31.3,No
DYNC1H1,73,52,147,35.4,No
ITGA8,73,41,147,27.9,No
KCNB2,73,45,147,30.6,No
MUC3A,73,27,147,18.4,No
NRXN3,73,42,147,28.6,No
SIGLEC1,73,43,147,29.3,No
SPEG,73,42,147,28.6,No
ST18,73,48,147,32.7,No
VPS13C,73,43,147,29.3,No
ZBBX,73,39,147,26.5,No
CTNNA2,72,45,147,30.6,No
DLC1,72,42,176,23.9,No
EP400,72,46,147,31.3,Yes
EPHA3,72,46,176,26.1,Yes
HIVEP3,72,42,147,28.6,No
MAGEL2,72,38,147,25.9,No
MAP2,72,39,147,26.5,No
MYH14,72,43,147,29.3,No
NDST4,72,41,147,27.9,No
NLRP13,72,46,147,31.3,No
TNRC18,72,38,147,25.9,No
ADAMTS9,71,40,147,27.2,No
CACNA1A,71,41,147,27.9,No
CACNA1C,71,43,147,29.3,No
CACNA1S,71,47,147,32,No
COL1A1,71,42,176,23.9,Yes
EPHA6,71,33,147,22.4,No
F5,71,49,147,33.3,No
FN1,71,46,147,31.3,No
LRRTM4,71,41,147,27.9,No
MYO16,71,53,147,36.1,No
NES,71,50,147,34,No
NRXN1,71,38,147,25.9,No
RNF213,71,52,176,29.5,Yes
SZT2,71,41,147,27.9,Yes
HERC1,70,42,147,28.6,No
MYLK,70,42,147,28.6,No
PCSK5,70,38,147,25.9,No
RP1L1,70,39,147,26.5,No
SHANK1,70,44,147,29.9,No
TPTE,70,36,147,24.5,No
ADGB,69,41,147,27.9,No
ASTN1,69,46,147,31.3,No
DIDO1,69,45,147,30.6,No
GRM3,69,41,147,27.9,Yes
GRM8,69,49,147,33.3,No
LRP1,69,41,147,27.9,No
LRRK2,69,50,147,34,Yes
MYO7B,69,35,147,23.8,No
NAV2,69,49,147,33.3,No
NLGN1,69,47,147,32,No
NOTCH3,69,47,176,26.7,Yes
TLR4,69,43,147,29.3,No
TTBK1,69,39,147,26.5,No
ADGRL3,68,44,176,25,No
APC,68,48,176,27.3,Yes
CADPS,68,40,147,27.2,No
GLI2,68,35,147,23.8,No
HERC2,68,46,147,31.3,No
KCNH8,68,44,147,29.9,No
KIAA1549,68,46,176,26.1,Yes
LPA,68,46,147,31.3,No
MMP16,68,42,147,28.6,No
PCDHA1,68,48,147,32.7,No
PLCB1,68,46,147,31.3,No
SORCS1,68,39,147,26.5,No
SORCS3,68,49,147,33.3,No
ADGRL2,67,44,176,25,No
ASTN2,67,47,147,32,No
DYSF,67,44,147,29.9,No
KIAA1755,67,37,147,25.2,No
NPC1L1,67,36,147,24.5,No
PCDHA13,67,39,147,26.5,No
TECTA,67,39,147,26.5,No
ADAMTSL1,66,39,147,26.5,No
AMPH,66,43,147,29.3,No
CHD5,66,42,147,28.6,No
FAM186A,66,34,147,23.1,No
MGAM2,66,17,147,11.6,No
NCOA6,66,40,147,27.2,No
PPP1R9A,66,46,147,31.3,No
SDK2,66,43,147,29.3,No
TRHDE,66,45,147,30.6,No
ADAMTS18,65,40,147,27.2,No
C3,65,40,147,27.2,No
CCDC141,65,42,147,28.6,No
CREBBP,65,45,176,25.6,Yes
DCDC1,65,40,147,27.2,No
EP300,65,51,176,29,Yes
MAGEC1,65,35,147,23.8,No
TPO,65,46,147,31.3,No
WNK2,65,38,147,25.9,No
ZFHX3,65,45,147,30.6,Yes
BRINP3,64,41,147,27.9,No
CRB1,64,43,147,29.3,No
FLNB,64,49,176,27.8,No
GREB1,64,36,147,24.5,No
LOXHD1,64,35,147,23.8,No
MUC5AC,64,23,147,15.6,No
PTPRC,64,39,147,26.5,Yes
RBMXL3,64,37,147,25.2,No
SCN11A,64,43,147,29.3,No
SCN5A,64,36,147,24.5,No
SLC8A1,64,40,176,22.7,No
SPTBN5,64,40,147,27.2,No
TAF1L,64,37,147,25.2,No
TRIO,64,44,147,29.9,No
COL5A2,63,46,147,31.3,No
CTTNBP2,63,41,147,27.9,No
DPP10,63,33,147,22.4,No
FAM47A,63,45,147,30.6,No
LAMA5,63,50,176,28.4,No
PALM2AKAP2,63,39,147,26.5,No
PTPRM,63,37,147,25.2,No
SLX4,63,43,147,29.3,Yes
SRRM2,63,44,147,29.9,No
STAB1,63,38,147,25.9,No
TRPA1,63,45,147,30.6,No
ZAN,63,31,147,21.1,No
ARID2,62,46,176,26.1,Yes
ATP13A4,62,38,147,25.9,No
CD163,62,39,147,26.5,No
CUX2,62,34,147,23.1,No
DMXL2,62,44,147,29.9,No
HCN1,62,38,147,25.9,No
LYST,62,40,147,27.2,No
PAPPA,62,43,147,29.3,No
PDE10A,62,44,147,29.9,No
PDE3A,62,40,147,27.2,No
PREX1,62,41,147,27.9,No
SCN3A,62,38,147,25.9,No
SPTB,62,42,147,28.6,No
TRPM1,62,40,147,27.2,No
ZNF229,62,40,147,27.2,No
ACACB,61,41,147,27.9,No
CFAP61,61,43,147,29.3,No
CNTN5,61,40,147,27.2,No
KCNT2,61,35,147,23.8,No
KIF1A,61,36,147,24.5,No
MYCBP2,61,43,147,29.3,No
MYH11,61,42,176,23.9,Yes
MYH6,61,46,147,31.3,No
PRKDC,61,51,176,29,Yes
SDK1,61,43,147,29.3,No
SLC4A4,61,39,147,26.5,No
SLCO1C1,61,42,147,28.6,No
SPEF2,61,42,147,28.6,No
TENM1,61,41,147,27.9,No
TET1,61,44,176,25,Yes
ANO5,60,43,147,29.3,No
ARID1A,60,39,176,22.2,Yes
CACNA1B,60,41,176,23.3,No
COL20A1,60,35,147,23.8,No
DCHS1,60,41,147,27.9,No
FGD5,60,38,147,25.9,No
NWD1,60,44,147,29.9,No
PAK5,60,50,176,28.4,Yes
SCN2A,60,40,147,27.2,No
TCF20,60,34,147,23.1,No
ANKRD11,59,41,147,27.9,Yes
ARFGEF3,59,37,147,25.2,No
CACNA1D,59,38,147,25.9,Yes
CHL1,59,37,147,25.2,No
FILIP1,59,39,147,26.5,No
GPR179,59,35,147,23.8,No
HFM1,59,42,147,28.6,No
KMT2A,59,39,176,22.2,Yes
MYH15,59,39,147,26.5,No
MYO7A,59,39,147,26.5,No
MYOCD,59,41,147,27.9,No
NCAM2,59,38,147,25.9,No
PDE4DIP,59,41,147,27.9,Yes
PIEZO2,59,34,147,23.1,No
TENM2,59,41,147,27.9,No
TNR,59,35,147,23.8,No
ABCA8,58,38,147,25.9,No
ABCC12,58,43,147,29.3,No
ABCC8,58,39,147,26.5,No
ALK,58,41,176,23.3,Yes
CELSR3,58,44,147,29.9,No
DMBT1,58,31,147,21.1,No
F8,58,36,147,24.5,No
FER1L6,58,40,147,27.2,No
GRM5,58,40,147,27.2,No
HELZ2,58,35,147,23.8,No
HRNR,58,36,147,24.5,No
MEGF8,58,34,147,23.1,No
MKI67,58,38,147,25.9,Yes
MYH13,58,35,147,23.8,No
NLRP8,58,35,147,23.8,No
NYAP2,58,35,147,23.8,No
PCDHA4,58,37,147,25.2,No
PDZD2,58,46,147,31.3,No
RFX6,58,39,147,26.5,No
SLITRK3,58,42,147,28.6,No
ADAMTSL3,57,35,176,19.9,No
ADCY8,57,39,147,26.5,No
CEP350,57,42,147,28.6,No
CFAP65,57,38,147,25.9,No
CFTR,57,37,147,25.2,No
CLSTN2,57,40,147,27.2,No
CR1,57,32,147,21.8,No
CTNND2,57,38,147,25.9,No
DGKB,57,37,147,25.2,No
DNAH1,57,36,147,24.5,No
GRIN3A,57,37,147,25.2,No
HUWE1,57,41,147,27.9,No
ITPR2,57,39,147,26.5,No
KIF26B,57,37,147,25.2,No
KLHL1,57,37,147,25.2,No
KMT2B,57,31,147,21.1,Yes
MGA,57,35,147,23.8,Yes
NF1,57,45,176,25.6,Yes
PXDN,57,36,147,24.5,No
TNN,57,39,147,26.5,No
VPS13A,57,41,147,27.9,No
ATR,56,42,176,23.9,Yes
BAHCC1,56,29,147,19.7,No
C7,56,34,147,23.1,No
GRID2,56,38,147,25.9,No
GRM1,56,37,147,25.2,No
KCNQ3,56,44,147,29.9,No
LAMA4,56,41,147,27.9,No
MYT1L,56,32,147,21.8,No
NLRP2,56,40,176,22.7,No
NLRP3,56,38,147,25.9,No
NLRP7,56,35,147,23.8,No
NRXN2,56,36,147,24.5,No
RGS7,56,36,147,24.5,No
TACC2,56,41,147,27.9,No
TNIK,56,32,147,21.8,No
TSHZ3,56,35,147,23.8,No
USP29,56,33,147,22.4,No
ADAMTS16,55,35,147,23.8,No
ADGRL4,55,40,147,27.2,No
AK9,55,38,147,25.9,No
ANKFN1,55,35,147,23.8,No
ANKS1B,55,40,147,27.2,No
BRINP1,55,37,147,25.2,No
DLG2,55,31,147,21.1,No
HIVEP2,55,38,147,25.9,No
JCAD,55,37,147,25.2,No
NLRP4,55,39,147,26.5,No
NRAP,55,37,147,25.2,No
PKD1,55,38,147,25.9,No
WDR17,55,37,147,25.2,No
COL7A1,54,40,147,27.2,No
DCLK1,54,40,147,27.2,No
GRID1,54,36,147,24.5,No
KNL1,54,39,176,22.2,Yes
MAP1B,54,35,147,23.8,No
NCKAP5,54,30,147,20.4,No
NLRP12,54,37,147,25.2,No
NLRP9,54,39,147,26.5,No
PTPRO,54,39,147,26.5,Yes
SAMD9L,54,37,147,25.2,Yes
SMARCA4,54,38,176,21.6,Yes
ZSCAN18,54,34,147,23.1,No
ADAMTS2,53,39,147,26.5,No
ALPK2,53,36,147,24.5,No
ASH1L,53,39,147,26.5,No
DENND2A,53,35,147,23.8,No
ENAM,53,37,147,25.2,No
FCRL3,53,39,147,26.5,No
HGF,53,36,176,20.5,Yes
HTT,53,41,147,27.9,No
KCNH5,53,34,147,23.1,No
LAMA3,53,33,147,22.4,No
LEPR,53,36,147,24.5,No
NPHS1,53,35,147,23.8,No
NTRK3,53,40,176,22.7,Yes
PLXNA2,53,36,147,24.5,No
POLQ,53,38,147,25.9,Yes
PPRC1,53,36,147,24.5,No
RUNX1T1,53,41,176,23.3,Yes
SCAND3,53,35,147,23.8,No
SLCO1B3,53,31,176,17.6,No
UNC5D,53,39,147,26.5,No
UTRN,53,41,147,27.9,No
VWA5B1,53,32,147,21.8,No
WDR49,53,28,147,19,No
ATP13A5,52,34,147,23.1,No
CELSR2,52,37,147,25.2,No
CFHR5,52,32,147,21.8,No
COL16A1,52,33,147,22.4,No
DOCK4,52,34,147,23.1,No
FCRL4,52,42,176,23.9,Yes
GRM7,52,37,147,25.2,No
IGSF10,52,33,147,22.4,No
ITPR1,52,36,147,24.5,No
NID2,52,38,147,25.9,No
OR4A15,52,36,147,24.5,No
PCDHA2,52,40,147,27.2,No
PDZRN3,52,35,147,23.8,No
POM121L12,52,31,147,21.1,No
SEMA5B,52,38,147,25.9,No
SIPA1L1,52,33,147,22.4,No
STARD9,52,31,147,21.1,No
TENM3,52,35,147,23.8,No
TEP1,52,40,147,27.2,No
TLN2,52,39,147,26.5,No
TOPAZ1,52,38,147,25.9,No
WDR72,52,40,147,27.2,No
ZNF541,52,28,147,19,No
ABCA9,51,35,147,23.8,No
ADAMTS10,51,34,147,23.1,No
ADAMTS7,51,35,147,23.8,No
ARHGEF17,51,34,147,23.1,No
ASPM,51,33,147,22.4,No
C2ORF78,51,31,147,21.1,No
CARD11,51,40,176,22.7,Yes
CASR,51,32,147,21.8,Yes
FCRL5,51,37,147,25.2,No
FIGN,51,35,147,23.8,No
GREB1L,51,29,147,19.7,No
HECW2,51,37,147,25.2,No
IMPG1,51,36,147,24.5,No
PCDHA8,51,34,147,23.1,No
PTPRN2,51,33,147,22.4,No
PZP,51,40,147,27.2,No
TMPRSS15,51,32,147,21.8,No
VCAM1,51,36,147,24.5,No
WDFY3,51,39,147,26.5,No
ZFHX2,51,31,147,21.1,No
ABCB1,50,36,176,20.5,Yes
ATRNL1,50,35,147,23.8,No
COL28A1,50,36,147,24.5,No
CTNNA3,50,29,147,19.7,No
DLGAP3,50,32,147,21.8,No
EPPK1,50,29,147,19.7,No
ITPRID1,50,36,147,24.5,No
LRRIQ3,50,37,147,25.2,No
MORC1,50,35,147,23.8,No
NCOR2,50,29,147,19.7,Yes
NFATC4,50,28,147,19,No
PARD3,50,36,147,24.5,No
PCDHGA12,50,34,147,23.1,No
RANBP2,50,33,176,18.8,Yes
SETD1A,50,35,147,23.8,Yes
ABI3BP,49,29,147,19.7,No
ADAM28,49,36,147,24.5,No
AFF2,49,33,147,22.4,No
AMER3,49,28,147,19,No
CACNA1I,49,27,147,18.4,No
GOLGB1,49,35,147,23.8,No
KCNU1,49,33,147,22.4,No
MYO9A,49,37,147,25.2,No
PCDHA6,49,31,147,21.1,No
PDE1C,49,31,147,21.1,No
PEX5L,49,37,147,25.2,No
RANBP17,49,31,147,21.1,No
ROBO2,49,29,176,16.5,No
SEMA3E,49,36,147,24.5,No
SLCO4C1,49,30,147,20.4,No
SORL1,49,35,147,23.8,No
TANC1,49,36,147,24.5,No
TDRD6,49,36,147,24.5,No
ABCA6,48,33,147,22.4,No
AGRN,48,33,147,22.4,No
ANK1,48,32,147,21.8,Yes
CACNA1G,48,29,147,19.7,No
CDH11,48,31,147,21.1,Yes
CR2,48,38,147,25.9,No
GABBR2,48,36,147,24.5,No
GTF3C1,48,38,147,25.9,No
KCNA4,48,40,147,27.2,No
KCNB1,48,31,147,21.1,No
KIF26A,48,32,147,21.8,No
LRRC4C,48,32,147,21.8,No
MBD5,48,33,147,22.4,No
MECOM,48,31,147,21.1,Yes
NID1,48,29,147,19.7,No
NUP210L,48,37,147,25.2,No
NWD2,48,30,147,20.4,No
PRKD1,48,29,147,19.7,Yes
RNF17,48,36,147,24.5,No
SEMA3A,48,37,147,25.2,No
SLC9C1,48,29,147,19.7,No
TENM4,48,33,147,22.4,No
TRRAP,48,35,147,23.8,Yes
TTC28,48,34,147,23.1,No
VWA3B,48,31,147,21.1,No
ABCA1,47,36,147,24.5,No
ATG2A,47,32,147,21.8,No
ATP10B,47,34,147,23.1,No
BCLAF1,47,29,147,19.7,No
BRCA2,47,36,176,20.5,Yes
CACNA2D1,47,31,147,21.1,No
CASZ1,47,33,147,22.4,No
CCNB3,47,33,147,22.4,Yes
CELSR1,47,33,147,22.4,No
CYLC1,47,28,147,19,No
DOCK3,47,31,147,21.1,No
DZIP3,47,34,147,23.1,No
ENPEP,47,35,147,23.8,No
KLHDC7A,47,32,147,21.8,No
KNDC1,47,33,147,22.4,No
LRFN5,47,32,147,21.8,No
MED12L,47,36,147,24.5,No
MS4A14,47,32,147,21.8,No
NOTCH4,47,32,176,18.2,Yes
OTOG,47,29,147,19.7,No
PCDHA12,47,31,147,21.1,No
PLXNB2,47,35,147,23.8,No
RAG1,47,37,147,25.2,No
SEMA3D,47,33,147,22.4,No
SETD1B,47,30,147,20.4,Yes
SIGLEC12,47,33,147,22.4,No
SLIT3,47,31,147,21.1,Yes
TNS3,47,30,147,20.4,No
TRPC4,47,36,147,24.5,No
UBR5,47,35,147,23.8,Yes
USP34,47,33,147,22.4,No
ZFYVE26,47,35,147,23.8,No
ZNF729,47,22,147,15,No
ZNF835,47,27,147,18.4,No
ZZEF1,47,35,147,23.8,No
ADAMTS19,46,34,147,23.1,No
AKAP12,46,39,147,26.5,No
ALPK3,46,35,147,23.8,No
BIRC6,46,33,147,22.4,No
C10ORF71,46,28,147,19,No
CCDC187,46,18,147,12.2,No
CDH7,46,35,147,23.8,No
CDH9,46,34,147,23.1,No
CHGB,46,31,147,21.1,No
COL18A1,46,29,147,19.7,No
DISP3,46,33,147,22.4,No
EGFLAM,46,25,147,17,No
FPGT-TNNI3K,46,27,147,18.4,No
GRIA2,46,36,147,24.5,No
INTS1,46,33,147,22.4,No
ITGAD,46,35,147,23.8,No
MMRN1,46,31,147,21.1,No
NFATC2,46,35,147,23.8,Yes
NUP214,46,33,147,22.4,Yes
PCDHB15,46,37,147,25.2,No
PCDHB5,46,32,147,21.8,No
PLCL2,46,30,147,20.4,No
RGPD4,46,26,147,17.7,No
SALL3,46,30,147,20.4,No
SGIP1,46,33,147,22.4,No
SIPA1L3,46,34,147,23.1,No
TDRD15,46,24,147,16.3,No
TSPOAP1,46,34,147,23.1,No
UNC13A,46,28,147,19,No
ZDBF2,46,32,147,21.8,No
ABCA2,45,31,147,21.1,No
BTBD8,45,31,147,21.1,No
CACNA2D4,45,32,147,21.8,No
COL21A1,45,26,147,17.7,No
COL27A1,45,34,147,23.1,No
GRIA4,45,35,147,23.8,No
GRIK2,45,33,147,22.4,No
IQGAP2,45,33,147,22.4,No
KCNH7,45,38,147,25.9,No
KIF2B,45,29,147,19.7,No
MAST4,45,26,147,17.7,No
MEFV,45,34,147,23.1,No
NBAS,45,33,147,22.4,No
NSD1,45,35,176,19.9,Yes
PCDH11X,45,30,147,20.4,No
PCDHB4,45,31,147,21.1,No
PRR12,45,29,147,19.7,No
PTCH1,45,35,176,19.9,Yes
SFMBT2,45,32,147,21.8,No
SHROOM4,45,31,147,21.1,No
SLC8A3,45,30,147,20.4,No
SPTBN4,45,37,147,25.2,No
STYXL2,45,33,147,22.4,No
TRIM42,45,30,147,20.4,No
UNC5C,45,33,147,22.4,No
XIRP1,45,31,147,21.1,No
ZNF462,45,31,147,21.1,No
ZNF99,45,30,147,20.4,No
A2M,44,30,147,20.4,No
ATP8A1,44,35,147,23.8,No
CAMTA1,44,28,147,19,Yes
CCDC180,44,35,147,23.8,No
CDH2,44,37,176,21,Yes
CENPF,44,35,147,23.8,No
CHD7,44,32,147,21.8,No
CYP2C19,44,31,176,17.6,No
ELAPOR2,44,32,147,21.8,No
FREM1,44,27,147,18.4,No
ITPR3,44,35,147,23.8,No
LILRA1,44,33,147,22.4,No
MAGI3,44,35,176,19.9,No
MICAL3,44,32,147,21.8,No
MYPN,44,31,147,21.1,No
OCA2,44,30,147,20.4,No
PLPPR4,44,35,147,23.8,No
RIMBP2,44,30,147,20.4,No
SLC12A1,44,32,147,21.8,No
SLC12A5,44,32,147,21.8,No
SLIT1,44,31,147,21.1,No
ST6GAL2,44,32,147,21.8,No
UGT2B7,44,33,147,22.4,No
VEPH1,44,32,147,21.8,No
ADAMTS3,43,30,147,20.4,No
ADCY10,43,33,147,22.4,No
ADGRF5,43,29,147,19.7,No
ADGRG4,43,34,147,23.1,Yes
ATP8B4,43,30,147,20.4,No
C14ORF39,43,27,147,18.4,No
CADPS2,43,27,147,18.4,No
CDH19,43,30,147,20.4,No
CNTN4,43,23,147,15.6,No
CNTRL,43,37,147,25.2,Yes
COL6A2,43,33,147,22.4,No
FAM171A1,43,34,147,23.1,No
FASN,43,35,147,23.8,No
FSHR,43,26,147,17.7,No
GABRG1,43,31,147,21.1,No
KCNJ3,43,32,147,21.8,No
KIAA1210,43,29,147,19.7,No
KIAA1549L,43,33,147,22.4,No
MED13L,43,32,147,21.8,No
MINAR1,43,26,147,17.7,No
MSR1,43,34,147,23.1,No
MTCL1,43,31,147,21.1,No
MYBPC1,43,31,147,21.1,No
MYH7B,43,30,147,20.4,No
MYO3B,43,28,147,19,No
NCKAP5L,43,26,147,17.7,No
NLRP14,43,33,147,22.4,No
NYNRIN,43,28,147,19,No
PCDHA7,43,27,147,18.4,No
PCDHGA1,43,29,147,19.7,No
PCDHGA2,43,24,147,16.3,No
PCNX1,43,34,147,23.1,No
PDGFRB,43,32,176,18.2,Yes
PRB2,43,34,147,23.1,No
PRRC2A,43,30,147,20.4,No
PTPRH,43,32,147,21.8,No
RASGRF2,43,30,147,20.4,No
RIPK4,43,34,176,19.3,No
SLC4A10,43,31,147,21.1,No
SPATA16,43,29,147,19.7,No
TTC6,43,30,147,20.4,No
USP6,43,37,147,25.2,Yes
VWA8,43,34,147,23.1,No
YLPM1,43,27,147,18.4,No
ZNF135,43,31,147,21.1,No
ZNF560,43,29,147,19.7,No
ABCA3,42,29,147,19.7,No
ABCB4,42,31,147,21.1,No
ADAM18,42,33,147,22.4,No
AGBL1,42,30,147,20.4,No
AOX1,42,31,147,21.1,No
ATM,42,35,176,19.9,Yes
BICRA,42,27,147,18.4,No
BRINP2,42,30,147,20.4,No
CDK5RAP2,42,35,147,23.8,No
CGNL1,42,32,147,21.8,No
CIROZ,42,35,147,23.8,No
CSPG4,42,28,147,19,No
EMILIN2,42,33,147,22.4,No
FHOD3,42,28,147,19,No
GAS2L2,42,31,147,21.1,No
GCN1,42,29,147,19.7,No
GLI1,42,33,147,22.4,Yes
GRIA1,42,29,147,19.7,No
ITGA7,42,31,147,21.1,No
LAMB2,42,31,147,21.1,No
LRP5,42,26,147,17.7,Yes
MEGF10,42,35,147,23.8,No
MTCL2,42,25,147,17,No
MYOM1,42,27,147,18.4,No
NOS1,42,28,147,19,No
NRCAM,42,31,147,21.1,No
PCDHB7,42,28,147,19,No
SAMD9,42,31,147,21.1,Yes
SORBS1,42,32,147,21.8,No
STK31,42,30,147,20.4,No
SVIL,42,33,147,22.4,No
TRPM2,42,30,147,20.4,No
ZNF423,42,32,147,21.8,No
ZNF479,42,28,147,19,No
ADAM29,41,31,147,21.1,No
ATP7B,41,31,147,21.1,No
BCL9L,41,29,147,19.7,Yes
CD5L,41,25,147,17,No
COL25A1,41,37,147,25.2,No
DCAF4L2,41,34,147,23.1,No
DOCK6,41,25,147,17,No
DOCK9,41,27,147,18.4,No
EML5,41,31,147,21.1,No
ENPP2,41,31,147,21.1,No
GPC5,41,31,147,21.1,No
HDAC9,41,19,147,12.9,No
HELZ,41,34,147,23.1,No
HHIP,41,33,147,22.4,No
HIVEP1,41,29,147,19.7,No
IGSF1,41,33,147,22.4,No
ITGB4,41,28,147,19,No
KIDINS220,41,33,147,22.4,No
LVRN,41,29,147,19.7,No
MASP1,41,33,147,22.4,No
MSH4,41,28,147,19,No
MTCL3,41,30,147,20.4,No
MUC2,41,34,176,19.3,No
NCAN,41,31,147,21.1,No
NPAS4,41,27,147,18.4,No
NUP210,41,29,147,19.7,No
NYAP1,41,26,147,17.7,No
PCDHA9,41,26,147,17.7,No
PIK3R5,41,29,147,19.7,No
PIKFYVE,41,33,147,22.4,No
PSD,41,27,147,18.4,No
PTPRB,41,29,147,19.7,Yes
PTPRU,41,31,147,21.1,No
PTPRZ1,41,28,147,19,No
RBP3,41,29,147,19.7,No
SELP,41,26,147,17.7,No
TBX18,41,31,147,21.1,No
TET3,41,32,176,18.2,Yes
TJP1,41,32,147,21.8,No
TRPC7,41,32,147,21.8,No
WNK1,41,27,147,18.4,No
ZNF208,41,28,147,19,No
ZNF568,41,28,147,19,No
ADAM2,40,29,147,19.7,No
AEBP1,40,26,147,17.7,No
AHDC1,40,27,147,18.4,No
AKAP11,40,29,147,19.7,No
ANO2,40,29,147,19.7,No
ANO4,40,31,147,21.1,No
CAD,40,26,147,17.7,Yes
CCDC80,40,25,147,17,No
CDC42BPA,40,24,147,16.3,No
CDH18,40,27,147,18.4,No
CIT,40,27,147,18.4,No
COL4A5,40,28,147,19,No
COLEC12,40,32,147,21.8,No
CUL9,40,31,147,21.1,No
CYP2C9,40,34,147,23.1,No
DDX60,40,31,147,21.1,No
DLGAP2,40,31,147,21.1,No
GALNT13,40,28,147,19,No
HEG1,40,26,147,17.7,No
IL1RAPL1,40,28,147,19,No
KAT6A,40,35,176,19.9,Yes
KCND2,40,32,147,21.8,No
KIAA0319,40,31,147,21.1,No
KIF4B,40,25,147,17,No
KSR2,40,29,147,19.7,Yes
MAP3K9,40,31,176,17.6,No
NAV1,40,26,147,17.7,No
NBEAL1,40,25,147,17,No
NEXMIF,40,31,147,21.1,No
NLRP11,40,25,147,17,No
PCDHA5,40,32,147,21.8,No
PCDHGA6,40,30,147,20.4,No
PCDHGA7,40,29,147,19.7,No
PLIN4,40,30,147,20.4,No
PROX1,40,31,147,21.1,No
SCAF1,40,34,147,23.1,No
SCN8A,40,33,147,22.4,No
SEMA5A,40,28,147,19,No
SLC4A5,40,30,147,20.4,No
TDRD1,40,32,147,21.8,No
TDRD5,40,30,147,20.4,No
TIAM2,40,32,147,21.8,No
TMC2,40,31,147,21.1,No
TNC,40,25,147,17,No
TRDN,40,32,147,21.8,No
ZEB1,40,29,147,19.7,No
ACSS3,39,28,147,19,No
ADD2,39,29,147,19.7,No
AOC1,39,31,147,21.1,No
ARHGAP31,39,28,147,19,No
BAZ2B,39,30,147,20.4,No
CACNA1F,39,28,147,19,No
CCDC88B,39,28,147,19,No
CDH4,39,27,147,18.4,Yes
CFAP43,39,31,147,21.1,No
CFAP91,39,30,147,20.4,No
CFHR4,39,28,147,19,No
CHD9,39,33,147,22.4,No
CILP2,39,26,147,17.7,No
CRISPLD1,39,31,147,21.1,No
CYP2C8,39,31,176,17.6,No
DDR2,39,29,176,16.5,Yes
DNAJC13,39,29,147,19.7,No
DSP,39,33,147,22.4,No
EPB41L3,39,24,147,16.3,No
F13A1,39,29,147,19.7,No
FLT4,39,32,176,18.2,Yes
GLI3,39,27,147,18.4,No
GON4L,39,27,147,18.4,No
GPRC6A,39,27,147,18.4,No
IQUB,39,34,147,23.1,No
KIF13B,39,26,147,17.7,No
LRBA,39,30,147,20.4,No
MAP3K19,39,30,147,20.4,No
MDC1,39,30,147,20.4,Yes
MKRN3,39,24,147,16.3,No
MTOR,39,30,147,20.4,Yes
MUC6,39,29,147,19.7,No
MYBPC2,39,27,147,18.4,No
MYOM2,39,30,147,20.4,No
OTOL1,39,24,147,16.3,No
PCDHB3,39,27,147,18.4,No
PLEKHA6,39,32,147,21.8,No
PRKG1,39,30,147,20.4,No
PTPRF,39,35,147,23.8,No
REV3L,39,28,147,19,Yes
RREB1,39,24,147,16.3,No
ZEB2,39,30,147,20.4,No
ZNF285,39,27,147,18.4,No
ZNF334,39,29,147,19.7,No
ABCA12,38,33,147,22.4,No
ADAMTS6,38,25,147,17,No
ADGRB2,38,27,147,18.4,No
AGTR1,38,27,176,15.3,No
APBA2,38,31,147,21.1,No
ARHGAP20,38,31,147,21.1,No
ARHGEF15,38,29,147,19.7,No
ATXN1,38,30,147,20.4,No
C2CD3,38,31,147,21.1,No
C9,38,34,147,23.1,No
CASP8,38,35,147,23.8,Yes
CCDC39,38,24,147,16.3,No
CDH16,38,30,147,20.4,No
CEMIP,38,26,147,17.7,No
CIC,38,29,176,16.5,Yes
CNTN1,38,27,147,18.4,No
DAPK1,38,32,147,21.8,No
DNAJC6,38,28,147,19,No
DNHD1,38,31,147,21.1,No
ENPP3,38,24,147,16.3,No
EPHB1,38,24,176,13.6,Yes
FLT1,38,32,176,18.2,Yes
GALNT17,38,27,147,18.4,No
HECTD1,38,29,147,19.7,No
IGSF11,38,26,147,17.7,No
ITGAX,38,22,147,15,No
KIAA1217,38,30,147,20.4,No
KRT14,38,29,147,19.7,No
LAMC3,38,30,147,20.4,No
LCOR,38,27,147,18.4,No
LTBP2,38,28,147,19,No
MYH9,38,32,176,18.2,Yes
MYRF,38,29,147,19.7,No
NELL1,38,30,147,20.4,No
NME8,38,24,147,16.3,No
NOS2,38,25,147,17,No
PER1,38,24,176,13.6,Yes
POM121L2,38,31,147,21.1,No
PRAG1,38,30,147,20.4,No
PRDM16,38,24,147,16.3,Yes
PRKCG,38,29,147,19.7,No
PRR14L,38,29,147,19.7,No
PRRC2B,38,28,147,19,No
RERE,38,25,147,17,No
ROBO1,38,28,176,15.9,Yes
SEC16A,38,27,147,18.4,No
SLC39A12,38,26,147,17.7,No
SLC44A5,38,31,147,21.1,No
SNTG1,38,30,147,20.4,No
SYNPO2,38,30,147,20.4,No
SYT16,38,28,147,19,No
TIE1,38,29,147,19.7,No
TSHR,38,25,176,14.2,Yes
TULP4,38,26,147,17.7,No
ZNF407,38,28,147,19,No
ABCB11,37,24,147,16.3,No
ACSM2A,37,25,147,17,No
ADPRHL1,37,21,147,14.3,No
AHCTF1,37,30,147,20.4,No
AKAP13,37,33,147,22.4,No
AXDND1,37,30,147,20.4,No
CCDC60,37,29,147,19.7,No
CCDC88C,37,26,147,17.7,No
CD22,37,26,147,17.7,Yes
CEP170B,37,24,147,16.3,No
CEP85L,37,30,147,20.4,No
CHD3,37,27,147,18.4,No
DAB1,37,27,147,18.4,No
DIP2C,37,29,147,19.7,No
EFCAB5,37,24,147,16.3,No
FGA,37,26,147,17.7,No
FLT3,37,28,176,15.9,Yes
FREM3,37,22,147,15,No
FRMPD1,37,30,147,20.4,No
GRIK5,37,29,147,19.7,No
HNF4G,37,27,147,18.4,No
IGF2R,37,32,147,21.8,No
INSRR,37,31,147,21.1,No
IQGAP3,37,28,147,19,No
ITGBL1,37,29,147,19.7,No
ITK,37,32,176,18.2,Yes
ITSN2,37,32,147,21.8,No
KANK4,37,27,147,18.4,No
KAT6B,37,31,147,21.1,Yes
KCNH4,37,24,147,16.3,No
KHDRBS2,37,28,147,19,No
KIF21B,37,29,147,19.7,No
LIFR,37,29,176,16.5,Yes
LTBP1,37,27,147,18.4,No
MGAT4C,37,28,147,19,No
MYO9B,37,27,147,18.4,No
NACAD,37,27,147,18.4,No
NIPBL,37,29,147,19.7,No
NOS3,37,28,147,19,No
NRG3,37,28,147,19,No
PCARE,37,26,147,17.7,No
PCDH10,37,27,147,18.4,No
PCDHB1,37,30,147,20.4,No
PDGFRA,37,27,176,15.3,Yes
PLCL1,37,30,147,20.4,No
PLEKHG1,37,28,147,19,No
PLEKHG2,37,28,147,19,No
PLEKHH2,37,29,147,19.7,No
PRRC2C,37,29,147,19.7,No
PSD2,37,30,147,20.4,No
RBM20,37,27,147,18.4,No
RTN1,37,23,147,15.6,No
SATB2,37,28,147,19,No
SEZ6L,37,31,147,21.1,No
SLCO6A1,37,28,147,19,No
SLITRK2,37,26,147,17.7,No
TRANK1,37,26,147,17.7,No
TTBK2,37,26,147,17.7,No
TTC3,37,31,147,21.1,No
USP24,37,29,147,19.7,No
VWA5B2,37,24,147,16.3,No
ABCC11,36,28,147,19,No
ABL1,36,30,176,17,Yes
ALDH1L1,36,28,147,19,No
ATG2B,36,27,147,18.4,No
ATP1A3,36,33,147,22.4,No
CCDC73,36,28,147,19,No
COBL,36,29,147,19.7,No
COL8A1,36,25,147,17,No
CP,36,28,147,19,No
CRB2,36,21,147,14.3,No
DISP2,36,28,147,19,No
DMXL1,36,32,147,21.8,No
DNMT1,36,29,176,16.5,Yes
EYA1,36,29,147,19.7,No
F13B,36,28,147,19,No
FAM47B,36,25,147,17,No
FAM47C,36,27,147,18.4,No
FAP,36,30,147,20.4,No
FMN1,36,26,147,17.7,No
FRMPD4,36,28,147,19,No
FRYL,36,28,147,19,No
GARIN5B,36,26,147,17.7,No
GUCY1A2,36,27,176,15.3,No
IGSF9B,36,26,147,17.7,No
IQCN,36,29,147,19.7,No
MAP4K1,36,23,147,15.6,No
MAP9,36,27,147,18.4,No
MAPT,36,26,147,17.7,No
MNDA,36,28,147,19,No
MROH7,36,24,147,16.3,No
MROH9,36,25,147,17,No
MYO5B,36,23,147,15.6,No
NFASC,36,31,147,21.1,No
NR3C2,36,28,147,19,No
PCDHA11,36,25,147,17,No
PCDHB12,36,32,147,21.8,No
PCDHB8,36,22,147,15,No
PCDHGA5,36,26,147,17.7,No
PCNX3,36,23,147,15.6,No
PDCD11,36,29,147,19.7,Yes
PIGR,36,30,147,20.4,No
PLEKHG4B,36,27,147,18.4,No
PLXNC1,36,25,147,17,No
PNLIP,36,28,147,19,No
PTPRS,36,25,147,17,Yes
RB1,36,29,176,16.5,Yes
SETX,36,30,147,20.4,No
SEZ6L2,36,24,147,16.3,No
SLC4A8,36,28,147,19,No
SORBS2,36,26,147,17.7,No
SPAM1,36,28,147,19,No
SSC5D,36,28,147,19,No
SULF1,36,29,147,19.7,No
TET2,36,29,176,16.5,Yes
TEX13C,36,13,147,8.8,No
TRPC3,36,26,147,17.7,No
TSC2,36,29,176,16.5,Yes
ZFP28,36,25,147,17,No
ZNF318,36,26,147,17.7,No
ZNF609,36,28,147,19,No
ZNF667,36,28,147,19,No
A1CF,35,31,147,21.1,Yes
ACSM2B,35,24,147,16.3,No
AKAP9,35,29,147,19.7,No
APC2,35,22,147,15,No
ARHGEF11,35,28,147,19,No
ARMC3,35,26,147,17.7,No
ATN1,35,26,147,17.7,No
BLTP2,35,28,147,19,No
BRSK1,35,22,147,15,Yes
CABIN1,35,27,147,18.4,No
CCDC158,35,23,147,15.6,No
CDH6,35,28,147,19,No
CFAP221,35,23,147,15.6,No
CHD6,35,30,147,20.4,No
CHRM2,35,27,147,18.4,No
COL13A1,35,25,147,17,No
CROCC,35,24,147,16.3,No
DGKG,35,26,147,17.7,No
DNMBP,35,29,147,19.7,No
DSPP,35,27,147,18.4,No
EIF4G1,35,26,147,17.7,No
ELMO1,35,29,147,19.7,No
FBLN2,35,23,147,15.6,No
FSTL5,35,28,147,19,No
GRIK4,35,28,147,19,No
GRXCR1,35,26,147,17.7,No
GUCY1A1,35,26,147,17.7,No
HHIPL2,35,30,147,20.4,No
KDM3B,35,29,147,19.7,No
KIAA1614,35,25,147,17,No
KL,35,26,147,17.7,No
LATS2,35,25,147,17,Yes
LCT,35,27,147,18.4,No
LMO7,35,25,147,17,No
LMTK2,35,28,147,19,No
LMTK3,35,26,147,17.7,No
MAPKBP1,35,28,147,19,No
MME,35,22,147,15,No
MUC22,35,15,147,10.2,No
MYO1F,35,27,147,18.4,No
N4BP2,35,27,147,18.4,No
NIN,35,31,147,21.1,Yes
NLRP10,35,28,147,19,No
NOVA1,35,29,147,19.7,No
NRK,35,26,147,17.7,No
PCDH1,35,33,147,22.4,No
PCDHB13,35,25,147,17,No
PCDHB6,35,26,147,17.7,No
PLG,35,30,147,20.4,No
POU6F2,35,26,147,17.7,No
RBM46,35,26,147,17.7,No
ROBO4,35,26,147,17.7,No
RPRD2,35,28,147,19,No
SEL1L2,35,25,147,17,No
SIGLEC6,35,24,147,16.3,No
SLC4A3,35,27,147,18.4,No
SLCO1B1,35,27,147,18.4,No
SMC1B,35,26,147,17.7,No
SP140,35,26,147,17.7,Yes
SPTAN1,35,31,176,17.6,No
SPTBN1,35,30,147,20.4,No
TECPR1,35,25,147,17,No
TMEM108,35,25,147,17,No
TPR,35,26,147,17.7,Yes
UGT2B11,35,22,147,15,No
ZIM2,35,28,147,19,No
ABCC2,34,26,176,14.8,No
ACAD10,34,26,147,17.7,No
ADAMTS5,34,21,147,14.3,No
ADGRA1,34,25,147,17,No
ANKRD17,34,25,147,17,No
APBA1,34,23,147,15.6,No
AUTS2,34,27,147,18.4,No
BOD1L1,34,28,147,19,No
BRWD1,34,25,147,17,No
C1ORF94,34,27,147,18.4,No
C3ORF20,34,28,147,19,No
CCSER1,34,26,147,17.7,No
CCT8L2,34,30,147,20.4,No
CDHR2,34,29,147,19.7,No
CFAP57,34,23,147,15.6,No
CHST9,34,28,147,19,No
CLCN1,34,27,147,18.4,No
COL4A6,34,24,147,16.3,No
CUX1,34,25,147,17,Yes
DAAM2,34,27,147,18.4,No
DENND3,34,29,147,19.7,No
DENND4A,34,22,147,15,No
DNAI3,34,26,147,17.7,No
DPYD,34,29,176,16.5,Yes
EPX,34,27,147,18.4,No
ERBB3,34,25,176,14.2,Yes
ERN2,34,30,147,20.4,No
ESPL1,34,22,147,15,No
FARP1,34,26,147,17.7,No
FBXO40,34,26,147,17.7,No
FCRL2,34,26,147,17.7,No
GABRB3,34,25,147,17,No
GNAS,34,30,176,17,Yes
IL16,34,26,147,17.7,No
INPP5D,34,25,147,17,Yes
ITGA9,34,29,147,19.7,No
ITGAL,34,26,147,17.7,No
KCNMA1,34,26,147,17.7,No
L1CAM,34,23,147,15.6,No
L1TD1,34,23,147,15.6,Yes
LRRC53,34,21,147,14.3,No
MED13,34,29,147,19.7,No
MUCL3,34,22,147,15,No
MYBPC3,34,26,147,17.7,No
NEFH,34,24,147,16.3,No
NPAS3,34,24,147,16.3,No
ODAD2,34,24,147,16.3,No
OLFM3,34,30,147,20.4,No
PAPLN,34,26,147,17.7,No
PCDH18,34,23,147,15.6,No
PCDHGA4,34,27,147,18.4,No
PDZRN4,34,25,147,17,No
PRB1,34,24,147,16.3,No
PTPRG,34,28,147,19,No
PTPRN,34,26,147,17.7,No
RADIL,34,27,147,18.4,No
RASEF,34,28,147,19,No
RTL9,34,28,147,19,No
SLC7A14,34,27,147,18.4,No
SLCO5A1,34,25,147,17,No
SNRNP200,34,28,147,19,No
STAG3,34,28,147,19,No
SYCP2,34,28,147,19,No
TASOR2,34,29,147,19.7,No
TCHHL1,34,26,147,17.7,No
TEX14,34,26,147,17.7,No
TMEM94,34,24,147,16.3,No
TNS1,34,28,147,19,No
UROC1,34,25,147,17,No
WDR33,34,27,147,18.4,No
WDR64,34,27,147,18.4,No
WDR90,34,26,147,17.7,Yes
ZNF335,34,30,147,20.4,No
ZNF347,34,22,147,15,No
ZNF418,34,25,147,17,No
ZNF676,34,21,147,14.3,No
A2ML1,33,27,147,18.4,No
ABCA10,33,28,147,19,No
ABCB5,33,23,147,15.6,No
ABCC6,33,25,147,17,No
ADAM22,33,27,147,18.4,No
ADAM7,33,29,147,19.7,No
ADCY1,33,26,147,17.7,No
ADCY4,33,24,147,16.3,No
AFDN,33,28,176,15.9,Yes
ARPP21,33,29,147,19.7,No
ATP1A4,33,31,147,21.1,No
BCAS1,33,28,147,19,No
BCL9,33,27,147,18.4,Yes
BCORL1,33,24,147,16.3,Yes
BDP1,33,25,147,17,No
C8A,33,25,147,17,No
CAMSAP3,33,24,147,16.3,No
CAPN9,33,25,147,17,No
CCDC40,33,25,147,17,No
CD1E,33,24,147,16.3,No
CHRM3,33,24,147,16.3,No
CIITA,33,25,147,17,Yes
CPLANE1,33,27,147,18.4,No
CYFIP2,33,23,147,15.6,No
DAGLA,33,23,147,15.6,No
DLGAP1,33,22,147,15,No
EPHA8,33,25,176,14.2,No
FCRL1,33,24,147,16.3,No
GRIK3,33,26,147,17.7,No
HEATR1,33,25,147,17,No
ITGA2B,33,26,147,17.7,No
ITIH2,33,29,147,19.7,No
KCNA6,33,22,147,15,No
KCNQ2,33,23,147,15.6,No
KDM6B,33,24,147,16.3,No
KIF21A,33,28,147,19,No
KIF5A,33,24,147,16.3,No
KIF7,33,23,147,15.6,No
LAMB4,33,28,147,19,No
LILRA2,33,28,147,19,No
LILRB1,33,21,147,14.3,No
LRRK1,33,29,147,19.7,No
MCF2,33,23,147,15.6,No
MEGF6,33,28,147,19,No
MYO5C,33,26,147,17.7,No
MYT1,33,22,147,15,No
NOL4,33,30,147,20.4,No
OR4K1,33,21,147,14.3,No
OVCH1,33,25,147,17,No
PARD3B,33,26,147,17.7,No
PCDHA10,33,25,147,17,No
PCDHB2,33,24,147,16.3,No
PHF20L1,33,27,147,18.4,No
PLCB3,33,26,147,17.7,No
PLD5,33,27,147,18.4,No
PRB4,33,27,147,18.4,No
PRDM1,33,26,176,14.8,Yes
RAB11FIP1,33,22,147,15,No
RALYL,33,25,147,17,No
REDIC1,33,26,147,17.7,No
RGSL1,33,26,147,17.7,No
RIF1,33,26,147,17.7,No
RLF,33,26,147,17.7,No
ROR1,33,28,147,19,No
SEMA6C,33,26,147,17.7,No
SEZ6,33,26,147,17.7,No
SHOC1,33,25,147,17,No
SIDT1,33,26,147,17.7,No
SIGLEC8,33,29,147,19.7,No
SIPA1L2,33,26,147,17.7,No
SLC26A9,33,24,147,16.3,No
SLC9C2,33,27,147,18.4,No
SLITRK5,33,25,147,17,No
SON,33,26,147,17.7,No
SYT3,33,24,147,16.3,No
SYTL2,33,25,147,17,No
UMODL1,33,21,147,14.3,No
UTP20,33,24,147,16.3,No
VIRMA,33,23,147,15.6,No
ZFYVE28,33,29,147,19.7,No
ZNF534,33,22,147,15,No
ZNF585B,33,25,147,17,No
ABCA7,32,24,147,16.3,No
ACTN2,32,25,147,17,No
ADAMTSL4,32,24,147,16.3,No
ADGRB1,32,22,147,15,No
ADGRE1,32,23,147,15.6,No
ASCC3,32,30,147,20.4,No
BRCA1,32,25,176,14.2,Yes
BRD4,32,26,147,17.7,Yes
C6ORF118,32,26,147,17.7,No
CAMSAP1,32,22,147,15,No
CCDC102B,32,26,147,17.7,No
CENPE,32,27,147,18.4,No
COL23A1,32,28,147,19,No
COL6A1,32,24,147,16.3,No
COL9A3,32,25,147,17,No
CORIN,32,25,147,17,No
CSF2RB,32,25,147,17,No
CYLC2,32,29,147,19.7,No
DACH2,32,25,147,17,No
DLEC1,32,23,147,15.6,No
DLG5,32,25,147,17,No
DYNC1I1,32,25,147,17,No
EPB41L2,32,25,147,17,No
EPHB3,32,27,147,18.4,No
FHAD1,32,22,147,15,No
FRMPD2,32,28,147,19,No
FUT9,32,27,147,18.4,No
GUCY2D,32,22,147,15,No
HEATR4,32,28,147,19,No
HEPH,32,25,147,17,No
ISM2,32,24,147,16.3,No
KIF1B,32,25,147,17,No
KLHL4,32,26,147,17.7,No
KRT5,32,29,147,19.7,No
KRT76,32,25,147,17,No
LMOD2,32,24,147,16.3,No
MAP3K1,32,27,176,15.3,Yes
MOV10L1,32,23,147,15.6,No
MYH10,32,30,147,20.4,No
MYO5A,32,27,147,18.4,Yes
NAALAD2,32,20,147,13.6,No
NCOA1,32,27,147,18.4,Yes
OC90,32,27,147,18.4,No
OGDHL,32,23,147,15.6,No
OR2G6,32,24,147,16.3,No
OR4M1,32,24,147,16.3,No
PADI2,32,26,147,17.7,No
PGM5,32,24,147,16.3,No
PHF3,32,29,147,19.7,No
PHLDB1,32,25,147,17,No
PHRF1,32,22,147,15,No
PI4KA,32,25,147,17,No
PIK3AP1,32,27,147,18.4,No
PLXND1,32,25,147,17,No
PPARGC1A,32,23,147,15.6,No
QRICH2,32,20,147,13.6,No
REG3G,32,23,147,15.6,No
RGS22,32,25,147,17,No
RPTOR,32,26,176,14.8,Yes
SARDH,32,26,147,17.7,No
SBF2,32,27,147,18.4,No
SCRIB,32,25,147,17,No
SETD2,32,26,176,14.8,Yes
SH3TC1,32,22,147,15,No
SLC12A3,32,24,147,16.3,No
SLC4A1,32,25,147,17,No
SNAP91,32,27,147,18.4,No
SPOCK3,32,25,147,17,No
STK11IP,32,25,147,17,No
TLN1,32,28,147,19,No
TTLL2,32,27,147,18.4,No
VPS8,32,27,147,18.4,No
VWCE,32,27,147,18.4,No
WDR81,32,26,147,17.7,No
WDR97,32,13,147,8.8,No
ZC3H13,32,26,147,17.7,No
ZGRF1,32,26,147,17.7,No
ABCD2,31,28,147,19,No
AMBRA1,31,24,147,16.3,No
ANKRD24,31,22,147,15,No
ARAP2,31,28,147,19,No
ATP8A2,31,22,147,15,No
CARMIL2,31,21,147,14.3,No
CATSPER1,31,23,147,15.6,No
CCDC33,31,24,147,16.3,No
CCDC88A,31,25,147,17,No
CEP164,31,26,147,17.7,No
CRYBG3,31,21,147,14.3,No
DAB2,31,28,147,19,No
DACT1,31,25,147,17,No
DDI1,31,24,147,16.3,No
DISP1,31,26,147,17.7,No
DOP1B,31,27,147,18.4,No
ESPNL,31,25,147,17,No
EXPH5,31,24,147,16.3,No
FYB1,31,25,147,17,No
GDF5,31,23,147,15.6,No
HEATR6,31,27,147,18.4,No
HIPK2,31,24,147,16.3,No
IGF1R,31,28,176,15.9,Yes
KIF6,31,28,147,19,No
LAMC1,31,25,147,17,No
LATS1,31,26,147,17.7,Yes
LRRC9,31,16,147,10.9,No
LRRIQ4,31,26,147,17.7,No
NEO1,31,27,147,18.4,No
NLRC3,31,22,147,15,No
NUP98,31,28,147,19,Yes
PCDHB16,31,28,147,19,No
PCDHGB2,31,23,147,15.6,No
PIK3C2B,31,23,147,15.6,Yes
PIWIL1,31,25,147,17,No
RALGAPA1,31,24,147,16.3,No
RORB,31,19,147,12.9,No
SALL4,31,20,147,13.6,Yes
SH3TC2,31,21,147,14.3,No
SIGLEC11,31,24,147,16.3,No
SLC22A6,31,23,147,15.6,No
SLC24A5,31,24,147,16.3,No
SNAPC4,31,23,147,15.6,No
SNTG2,31,21,147,14.3,No
SYNJ2,31,27,147,18.4,No
TBC1D9,31,24,147,16.3,No
TMPRSS6,31,24,147,16.3,No
TNKS1BP1,31,22,147,15,No
TP63,31,22,176,12.5,Yes
UBR3,31,29,147,19.7,No
UGGT2,31,24,147,16.3,No
USP54,31,24,147,16.3,No
WIZ,31,18,147,12.2,No
XKR4,31,25,147,17,No
ZBTB46,31,23,147,15.6,No
ZC3H4,31,25,147,17,No
ZFAT,31,27,147,18.4,No
ZNF292,31,21,147,14.3,Yes
ZNF366,31,22,147,15,No
ZNF585A,31,20,147,13.6,No
ZSCAN1,31,23,147,15.6,No
ACSL6,30,24,176,13.6,Yes
AKNA,30,25,147,17,No
ANKRD31,30,21,147,14.3,No
ARHGAP29,30,25,147,17,No
ARHGAP33,30,17,147,11.6,No
ARMC5,30,22,147,15,No
ASXL1,30,24,176,13.6,Yes
BANK1,30,25,147,17,No
BICD1,30,26,147,17.7,No
BTAF1,30,20,147,13.6,No
C16ORF96,30,23,147,15.6,No
C4ORF54,30,13,147,8.8,No
C8B,30,26,147,17.7,No
CARMIL3,30,23,147,15.6,No
CDH22,30,23,147,15.6,No
CDH8,30,25,147,17,No
CEP192,30,24,147,16.3,No
CEP250,30,23,147,15.6,No
CFAP44,30,26,147,17.7,No
CHUK,30,24,176,13.6,Yes
CILP,30,21,147,14.3,No
CLMN,30,22,147,15,No
CSF1R,30,23,176,13.1,Yes
CTAGE1,30,23,147,15.6,No
DHX37,30,21,147,14.3,No
DNM3,30,22,147,15,No
DROSHA,30,26,147,17.7,Yes
ECPAS,30,22,147,15,No
EPB41L4B,30,25,147,17,No
FLNA,30,22,147,15,No
FRG2C,30,19,147,12.9,No
GOLGA6L2,30,18,147,12.2,No
GRAMD1B,30,26,147,17.7,No
GYS2,30,26,147,17.7,No
HID1,30,20,147,13.6,No
ICE1,30,20,147,13.6,No
IGSF22,30,27,147,18.4,No
ITGA1,30,27,147,18.4,No
JAK3,30,26,176,14.8,Yes
JHY,30,23,147,15.6,No
KCNC2,30,22,147,15,No
KIAA0408,30,24,147,16.3,No
KIF19,30,22,147,15,No
KIRREL2,30,22,147,15,No
KIT,30,23,176,13.1,Yes
LHCGR,30,23,147,15.6,No
LPIN3,30,19,147,12.9,No
LRP6,30,25,147,17,Yes
MARCO,30,22,147,15,No
MCHR2,30,25,147,17,No
MGAT5B,30,22,147,15,No
MICU3,30,21,147,14.3,No
MIDEAS,30,25,147,17,Yes
MPEG1,30,25,147,17,Yes
MRC1,30,16,147,10.9,No
MYO1A,30,24,147,16.3,No
MYOM3,30,20,147,13.6,No
NCOR1,30,23,147,15.6,Yes
NPR1,30,23,147,15.6,No
OLFML2B,30,25,147,17,No
OR10AG1,30,25,147,17,No
OR2T12,30,26,147,17.7,No
OR4C15,30,27,147,18.4,No
PACS2,30,21,147,14.3,No
PCDHB11,30,26,147,17.7,No
PCDHGA11,30,26,147,17.7,No
PCDHGA3,30,23,147,15.6,No
PEAK1,30,28,147,19,No
PELP1,30,25,147,17,No
PKN1,30,23,147,15.6,No
PLA2R1,30,21,147,14.3,No
PPP1R26,30,24,147,16.3,No
PRB3,30,22,147,15,No
PRTG,30,24,147,16.3,No
PTPRR,30,27,147,18.4,No
RALGAPA2,30,23,147,15.6,No
RAPGEF6,30,25,147,17,No
RET,30,23,176,13.1,Yes
RGPD3,30,24,147,16.3,No
RGS12,30,25,147,17,No
RPTN,30,24,147,16.3,No
SCG2,30,24,147,16.3,No
SETBP1,30,25,147,17,Yes
SMG1,30,19,147,12.9,Yes
SOX5,30,25,147,17,No
TAS1R2,30,20,147,13.6,No
TGM6,30,25,147,17,No
TMEM119,30,25,147,17,No
TNRC6C,30,21,147,14.3,No
TOGARAM2,30,21,147,14.3,No
TP53BP2,30,23,147,15.6,No
TRAPPC9,30,27,147,18.4,No
TRIM36,30,23,147,15.6,No
TRO,30,23,147,15.6,No
TRPV5,30,25,147,17,No
WDR62,30,22,147,15,No
ZC3H3,30,23,147,15.6,No
ZFP82,30,21,147,14.3,No
ZNF106,30,21,147,14.3,No
ZNF112,30,21,147,14.3,No
ZNF646,30,24,147,16.3,No
ZSCAN20,30,25,147,17,No
ZSCAN4,30,21,147,14.3,No
ABCC4,29,23,176,13.1,No
ACE,29,22,147,15,No
ACSBG2,29,23,147,15.6,No
ADAM19,29,26,147,17.7,No
ADCY5,29,26,147,17.7,No
AIFM3,29,23,147,15.6,No
ARAP1,29,23,147,15.6,No
ARFGEF2,29,24,147,16.3,No
ATP1A2,29,24,147,16.3,No
BCAN,29,22,147,15,No
BMP5,29,25,147,17,No
BMPER,29,21,147,14.3,No
BPTF,29,24,147,16.3,No
C8ORF34,29,24,147,16.3,No
CATSPERB,29,24,147,16.3,No
CCER1,29,24,147,16.3,No
CD93,29,23,147,15.6,No
CEACAM5,29,23,147,15.6,No
CECR2,29,23,147,15.6,No
CLTC,29,21,176,11.9,Yes
CNKSR2,29,19,147,12.9,No
CNTN2,29,20,147,13.6,No
CPNE4,29,22,147,15,No
CYP2B6,29,23,147,15.6,No
DACH1,29,21,147,14.3,No
DCAF12L1,29,25,147,17,No
DLGAP4,29,20,147,13.6,No
DOCK10,29,23,147,15.6,No
DRC5,29,21,147,14.3,No
EBF2,29,26,147,17.7,No
ENPP5,29,23,147,15.6,No
EPG5,29,24,147,16.3,No
ERICH6,29,26,147,17.7,No
EXD3,29,20,147,13.6,No
FAM83H,29,21,147,14.3,No
FHDC1,29,25,147,17,No
GALNTL6,29,23,147,15.6,No
GARIN3,29,25,147,17,No
GCNT1,29,26,147,17.7,No
GK2,29,20,147,13.6,No
HEATR5B,29,20,147,13.6,No
HEPACAM2,29,25,147,17,No
INPP4B,29,20,176,11.4,Yes
IQSEC3,29,23,147,15.6,No
IRAG1,29,20,147,13.6,No
ITGA10,29,24,147,16.3,No
ITIH1,29,24,147,16.3,No
JAKMIP2,29,23,147,15.6,No
KATNIP,29,25,147,17,No
KDM5A,29,26,147,17.7,Yes
KIAA1671,29,19,147,12.9,No
LGR6,29,22,147,15,No
LRRC15,29,20,147,13.6,No
LRRN1,29,25,147,17,No
LTN1,29,22,147,15,No
MAP1S,29,20,147,13.6,No
MAST3,29,22,147,15,No
MICAL2,29,22,147,15,No
MLXIPL,29,25,147,17,No
MX2,29,23,147,15.6,No
MXRA5,29,21,147,14.3,No
MYEF2,29,22,147,15,No
MYLK3,29,23,147,15.6,No
MYO15B,29,13,147,8.8,No
NEDD9,29,25,147,17,No
NINL,29,26,147,17.7,No
NPAS2,29,22,147,15,No
NUP160,29,25,147,17,No
NUTM1,29,22,147,15,Yes
OR4K5,29,23,147,15.6,No
OR4L1,29,22,147,15,No
PCDHB10,29,23,147,15.6,No
PCDHGA8,29,23,147,15.6,No
PCDHGB4,29,20,147,13.6,No
PCNT,29,25,147,17,No
PDE11A,29,20,147,13.6,No
PDE2A,29,22,147,15,No
PER2,29,24,147,16.3,No
PLEKHA4,29,20,147,13.6,No
PLXNB1,29,22,147,15,No
POSTN,29,22,147,15,No
PRX,29,22,147,15,No
PTCHD4,29,21,147,14.3,No
RIN3,29,23,147,15.6,No
RIPOR3,29,20,147,13.6,No
RTL1,29,22,147,15,No
RTTN,29,20,147,13.6,No
RXFP2,29,22,147,15,No
SAMD7,29,22,147,15,No
SEC31A,29,26,176,14.8,Yes
SENP7,29,21,147,14.3,No
SERPINI2,29,19,147,12.9,No
SFRP4,29,27,147,18.4,Yes
SGSM1,29,22,147,15,No
SIK3,29,23,147,15.6,No
SLC6A19,29,25,147,17,No
SPTBN2,29,22,147,15,No
SRGAP3,29,20,176,11.4,No
SV2A,29,23,147,15.6,No
TBX20,29,24,147,16.3,No
TCOF1,29,23,147,15.6,No
TFAP2D,29,16,147,10.9,No
TMPRSS7,29,21,147,14.3,No
TNS4,29,22,147,15,No
TOX2,29,25,147,17,No
TP53BP1,29,24,147,16.3,Yes
TPTE2,29,19,147,12.9,No
TTLL4,29,22,147,15,No
TYR,29,26,147,17.7,No
UBQLN3,29,25,147,17,No
USF3,29,21,147,14.3,No
USP28,29,22,147,15,No
VWA3A,29,25,147,17,No
WDHD1,29,24,147,16.3,No
XDH,29,28,147,19,No
ZC3H6,29,22,147,15,No
ZFR2,29,16,147,10.9,No
ZNF215,29,24,147,16.3,No
ZNF43,29,21,147,14.3,No
ACACA,28,24,147,16.3,Yes
ADAM12,28,22,147,15,No
ADAMTS15,28,19,147,12.9,No
AGL,28,24,147,16.3,No
ANKHD1,28,23,147,15.6,No
ANO3,28,25,147,17,No
ARAP3,28,21,147,14.3,No
ARHGAP22,28,24,147,16.3,No
ARHGAP30,28,23,147,15.6,No
ARHGAP32,28,24,147,16.3,No
ASAP1,28,19,147,12.9,No
ATP2B2,28,21,147,14.3,No
ATXN2,28,25,147,17,Yes
CAMTA2,28,23,147,15.6,No
CASS4,28,22,147,15,No
CCDC178,28,21,147,14.3,No
CD33,28,20,147,13.6,No
CDH5,28,24,147,16.3,No
CDK12,28,22,176,12.5,Yes
CDON,28,25,147,17,No
CEMIP2,28,23,147,15.6,No
CEP152,28,23,147,15.6,No
CFAP58,28,19,147,12.9,No
CFAP74,28,11,147,7.5,No
CNGB1,28,21,147,14.3,No
COL17A1,28,22,147,15,No
COLGALT2,28,23,147,15.6,No
CYP2A13,28,23,147,15.6,No
CYP4F2,28,24,147,16.3,No
DHX57,28,22,147,15,No
DOCK7,28,25,147,17,No
DOT1L,28,20,176,11.4,Yes
DPP6,28,21,147,14.3,No
DUOX2,28,20,147,13.6,No
ECE2,28,25,147,17,No
EFCAB6,28,22,147,15,No
EPHA10,28,24,147,16.3,No
EPHA2,28,21,147,14.3,No
ETV5,28,24,176,13.6,Yes
EVC2,28,24,147,16.3,No
F11,28,21,147,14.3,No
FOLH1,28,23,147,15.6,Yes
GABRG2,28,23,147,15.6,No
GAK,28,24,147,16.3,No
HAO1,28,22,147,15,No
HDC,28,21,147,14.3,No
HHLA1,28,20,147,13.6,No
HK3,28,24,147,16.3,No
IGDCC4,28,25,147,17,No
IKZF1,28,26,176,14.8,Yes
IMPG2,28,24,147,16.3,No
INO80,28,20,147,13.6,No
ITGA4,28,23,147,15.6,No
KCNG4,28,20,147,13.6,No
KCNT1,28,24,147,16.3,No
KCTD19,28,24,147,16.3,No
KDM4B,28,21,147,14.3,No
KHDRBS3,28,25,147,17,No
KIF13A,28,22,147,15,No
MALRD1,28,21,147,14.3,No
MAP3K21,28,19,147,12.9,Yes
MAST1,28,20,147,13.6,No
MBD6,28,23,147,15.6,Yes
MCTP2,28,24,147,16.3,No
MEP1A,28,24,147,16.3,No
MIA2,28,19,147,12.9,No
MMP24,28,24,176,13.6,No
MTTP,28,22,147,15,No
MYO18A,28,22,147,15,Yes
MYOF,28,21,147,14.3,No
NCKAP1L,28,22,147,15,No
NEK5,28,20,147,13.6,No
NELL2,28,21,147,14.3,No
NUP205,28,23,147,15.6,No
OBSL1,28,24,147,16.3,No
OR10K1,28,24,147,16.3,No
OR2A12,28,20,147,13.6,No
OR2M5,28,21,147,14.3,No
OR4A5,28,23,147,15.6,No
OR5D13,28,22,147,15,No
OR5H14,28,22,147,15,No
PAH,28,23,147,15.6,No
PCDHA3,28,20,147,13.6,No
PCK1,28,22,147,15,No
PDHA2,28,24,147,16.3,No
PLCB2,28,24,147,16.3,No
PLEKHA7,28,25,147,17,No
PPARGC1B,28,23,147,15.6,No
PTPN22,28,21,147,14.3,No
RAI1,28,24,147,16.3,No
RASA3,28,24,147,16.3,No
RGS3,28,22,147,15,No
RPAP1,28,25,147,17,No
RPGRIP1,28,18,147,12.2,No
SCN4A,28,23,147,15.6,No
SH2B1,28,19,147,12.9,No
SLC13A1,28,22,147,15,No
SLC5A4,28,22,147,15,No
SLCO1A2,28,24,147,16.3,No
ST6GALNAC3,28,26,147,17.7,No
STK36,28,21,147,14.3,No
SYNJ1,28,23,147,15.6,No
TLL2,28,22,147,15,Yes
TMC5,28,20,147,13.6,No
TMPRSS2,28,23,147,15.6,Yes
TONSL,28,23,147,15.6,Yes
TTLL5,28,26,147,17.7,No
TUBGCP6,28,25,147,17,No
TUT4,28,20,147,13.6,No
UGT2B4,28,22,147,15,No
WIPF1,28,22,147,15,No
ZC3H18,28,24,147,16.3,No
ZNF470,28,20,147,13.6,No
ZNF471,28,19,147,12.9,No
ZNF546,28,21,147,14.3,No
ZNF665,28,21,147,14.3,No
ZNF750,28,24,147,16.3,Yes
ZNF90,28,22,147,15,No
ZP4,28,21,147,14.3,No
ZSWIM8,28,25,147,17,No
ADGRD1,27,21,147,14.3,No
AGMO,27,20,147,13.6,No
AKT3,27,22,176,12.5,Yes
ANKRD35,27,21,147,14.3,No
AOC3,27,24,147,16.3,No
APLP1,27,25,147,17,No
ARHGEF10L,27,23,147,15.6,No
ARHGEF40,27,22,147,15,No
ATP13A3,27,23,147,15.6,No
ATP2B3,27,23,147,15.6,Yes
ATP9A,27,22,147,15,No
BAZ2A,27,22,147,15,No
BBS9,27,24,147,16.3,No
C12ORF42,27,18,147,12.2,No
CABS1,27,21,147,14.3,No
CATSPERE,27,21,147,14.3,No
CCDC110,27,24,147,16.3,No
CDH17,27,22,147,15,No
CDH20,27,21,147,14.3,No
CDHR3,27,20,147,13.6,No
CLTCL1,27,20,176,11.4,Yes
CNGB3,27,24,147,16.3,No
COL10A1,27,23,147,15.6,No
CPED1,27,18,147,12.2,No
CSF3R,27,23,147,15.6,Yes
DENND5B,27,23,147,15.6,No
DMGDH,27,23,147,15.6,No
DNAAF9,27,24,147,16.3,No
DOCK8,27,19,147,12.9,No
EDIL3,27,22,147,15,No
ELAPOR1,27,23,147,15.6,No
ELFN1,27,18,147,12.2,No
ELN,27,20,147,13.6,Yes
EMID1,27,20,147,13.6,No
EMILIN1,27,20,147,13.6,No
EVPL,27,21,147,14.3,No
FAM124A,27,24,147,16.3,No
FAM131C,27,17,147,11.6,No
FER1L5,27,15,147,10.2,No
GAB4,27,23,147,15.6,No
GLB1L3,27,20,147,13.6,No
GP2,27,26,147,17.7,No
GPLD1,27,25,147,17,No
GPR141,27,23,147,15.6,No
IFT122,27,20,147,13.6,No
IGSF21,27,22,147,15,No
KCNQ5,27,21,147,14.3,No
LGR5,27,24,147,16.3,Yes
LIMCH1,27,23,147,15.6,No
LRRC4B,27,24,147,16.3,No
MADD,27,23,147,15.6,No
MAML2,27,21,176,11.9,Yes
MARF1,27,19,147,12.9,No
MCF2L2,27,22,147,15,No
MCTP1,27,23,147,15.6,No
MYBL2,27,22,147,15,No
MYO10,27,22,147,15,No
NBEAL2,27,19,147,12.9,No
NLRC4,27,23,147,15.6,No
NPFFR2,27,23,147,15.6,No
NUMA1,27,24,147,16.3,Yes
OR4C46,27,21,147,14.3,No
OR8H2,27,20,147,13.6,No
PATJ,27,27,147,18.4,No
PDE4C,27,20,147,13.6,No
PDE6B,27,22,147,15,No
PGLYRP2,27,23,147,15.6,No
PHF20,27,19,147,12.9,No
PIK3CA,27,24,176,13.6,Yes
PITPNM2,27,20,147,13.6,No
PKDREJ,27,24,147,16.3,No
PLCXD3,27,23,147,15.6,No
PNPLA7,27,19,147,12.9,No
PPFIA4,27,22,147,15,No
PRDM2,27,23,147,15.6,No
PRPF8,27,25,147,17,Yes
PRR23B,27,22,147,15,No
PTCH2,27,22,147,15,No
PTCHD1,27,22,147,15,No
PTPN14,27,20,147,13.6,Yes
RAPGEF2,27,22,147,15,No
RBBP6,27,20,147,13.6,No
REG3A,27,21,147,14.3,No
RESF1,27,21,147,14.3,No
RGL3,27,22,147,15,No
RIPOR2,27,24,147,16.3,No
RRP12,27,20,147,13.6,No
SHPRH,27,24,147,16.3,No
SIGLEC10,27,22,147,15,No
SIM1,27,26,147,17.7,No
SKOR2,27,16,147,10.9,No
SLC26A8,27,24,147,16.3,No
SLC27A6,27,21,147,14.3,No
SLC2A10,27,23,147,15.6,No
SLC35F1,27,23,147,15.6,No
SLC9A4,27,22,147,15,No
SLFN11,27,20,147,13.6,Yes
SMG7,27,21,147,14.3,No
SRCIN1,27,18,147,12.2,No
STON1,27,22,147,15,No
SUGP2,27,21,147,14.3,No
SYNE3,27,20,147,13.6,No
TCHH,27,19,147,12.9,No
TMEM131,27,20,147,13.6,No
TRIM58,27,24,147,16.3,No
UBAP2L,27,21,147,14.3,No
UGT2B15,27,19,147,12.9,No
UGT8,27,20,147,13.6,No
UNC13B,27,24,147,16.3,No
USP13,27,21,147,14.3,No
USP19,27,18,147,12.2,No
USP36,27,23,147,15.6,No
ZBTB40,27,19,147,12.9,No
ZNF382,27,18,147,12.2,No
ADAMTS17,26,21,147,14.3,No
ADCY2,26,21,147,14.3,No
ADCYAP1R1,26,22,147,15,No
AK5,26,22,147,15,No
ALPK1,26,21,147,14.3,No
AMHR2,26,22,147,15,No
ANKRD12,26,21,147,14.3,No
AQR,26,23,147,15.6,No
ARHGAP17,26,24,147,16.3,No
ARHGAP35,26,18,147,12.2,Yes
ARHGAP39,26,21,147,14.3,No
BAHD1,26,21,147,14.3,No
BEST3,26,18,147,12.2,No
C1ORF87,26,20,147,13.6,No
CAMSAP2,26,24,147,16.3,No
CCDC27,26,21,147,14.3,No
CCDC70,26,22,147,15,No
CDC42BPG,26,21,147,14.3,No
CEP112,26,22,147,15,No
CEP126,26,22,147,15,No
CEP290,26,26,147,17.7,No
CGN,26,20,147,13.6,No
CHD4,26,21,147,14.3,Yes
CLGN,26,22,147,15,No
CNBD1,26,22,147,15,No
CPT1C,26,19,147,12.9,No
CPXM2,26,20,147,13.6,No
CRACDL,26,21,147,14.3,No
CRAMP1,26,21,147,14.3,No
CYTIP,26,22,147,15,No
DENND2B,26,21,147,14.3,No
DICER1,26,23,176,13.1,Yes
DNMT3A,26,20,176,11.4,Yes
DOP1A,26,22,147,15,No
DPY19L2,26,22,147,15,No
DSEL,26,19,147,12.9,No
DTNA,26,20,147,13.6,No
EBF3,26,19,147,12.9,No
EGF,26,20,147,13.6,No
EGFR,26,21,176,11.9,Yes
EPB41L1,26,22,147,15,No
EPHB6,26,23,176,13.1,No
EPS8L3,26,20,147,13.6,No
ERCC6,26,21,176,11.9,Yes
ETV1,26,18,176,10.2,Yes
EYA4,26,21,147,14.3,No
EZH1,26,24,147,16.3,Yes
FBXO46,26,20,147,13.6,No
FGD2,26,20,147,13.6,No
FKBP10,26,24,147,16.3,No
GPC6,26,19,147,12.9,No
GPRIN1,26,22,147,15,No
GTF2IRD1,26,21,147,14.3,No
HCN4,26,19,147,12.9,No
HIF3A,26,23,147,15.6,No
IFT80,26,24,147,16.3,No
IGSF3,26,21,147,14.3,No
IL1RAPL2,26,18,147,12.2,No
ITGAM,26,21,147,14.3,No
JAK1,26,23,176,13.1,Yes
L3MBTL1,26,20,147,13.6,No
L3MBTL3,26,23,147,15.6,No
LINGO2,26,21,147,14.3,No
LOXL2,26,22,147,15,No
LRRC43,26,23,147,15.6,No
MACROD2,26,25,147,17,No
MCM3AP,26,21,147,14.3,No
MISP,26,19,147,12.9,No
NETO1,26,20,147,13.6,No
NHS,26,16,147,10.9,No
NLGN4X,26,20,147,13.6,No
NTRK1,26,20,176,11.4,Yes
NUGGC,26,16,147,10.9,No
OR11L1,26,20,147,13.6,No
OR13C2,26,18,147,12.2,No
OR2G3,26,17,147,11.6,No
OR2M7,26,18,147,12.2,No
OR4A16,26,24,147,16.3,No
OR4D5,26,23,147,15.6,No
OR5V1,26,23,147,15.6,No
OR8H1,26,25,147,17,No
OTOA,26,21,147,14.3,No
PBRM1,26,23,176,13.1,Yes
PCDHB14,26,19,147,12.9,No
PCSK2,26,24,147,16.3,No
PDE6C,26,19,147,12.9,No
PER3,26,22,147,15,No
PGBD1,26,25,147,17,No
PIK3C2G,26,19,147,12.9,Yes
PLB1,26,19,147,12.9,No
PLEKHG3,26,22,147,15,No
PLEKHH1,26,22,147,15,No
PLXNA3,26,19,147,12.9,No
PMFBP1,26,22,147,15,No
POLE,26,22,147,15,Yes
PRG4,26,20,147,13.6,No
PRP4K,26,22,147,15,No
PRRT4,26,17,147,11.6,No
RABL6,26,20,147,13.6,No
RBM12B,26,22,147,15,No
RBMXL2,26,22,147,15,No
RNF180,26,24,147,16.3,No
SBF1,26,18,147,12.2,No
SIN3A,26,21,147,14.3,No
SLAMF6,26,23,147,15.6,No
SLC17A6,26,20,147,13.6,No
SLC17A8,26,20,147,13.6,No
SLC22A10,26,21,147,14.3,No
SLC22A24,26,20,147,13.6,No
SLC4A7,26,21,147,14.3,No
SPAG16,26,21,147,14.3,No
SPG11,26,23,147,15.6,No
SPOCD1,26,21,147,14.3,No
SREBF2,26,21,147,14.3,No
STAC,26,23,147,15.6,No
TBX22,26,25,176,14.2,No
TBX5,26,22,147,15,No
THADA,26,20,147,13.6,No
TIAM1,26,21,176,11.9,No
TICRR,26,21,147,14.3,No
TLR9,26,22,147,15,No
TMC3,26,22,147,15,No
TRIM51,26,20,147,13.6,No
TRPM4,26,17,147,11.6,No
TRPM8,26,23,147,15.6,No
TSC1,26,22,176,12.5,Yes
UGT2B28,26,22,147,15,No
ULK1,26,15,147,10.2,No
VIL1,26,23,147,15.6,No
VRTN,26,23,147,15.6,No
ZBTB16,26,18,176,10.2,Yes
ZIM3,26,21,147,14.3,No
ZMYND15,26,23,147,15.6,No
ZNF280A,26,22,147,15,No
ZNF425,26,20,147,13.6,No
ZNF716,26,18,147,12.2,No
ZNF727,26,18,147,12.2,No
ZNF808,26,18,147,12.2,No
ABCC3,25,18,147,12.2,Yes
ACAP1,25,22,147,15,No
ACLY,25,21,147,14.3,No
ACSM5,25,23,147,15.6,No
ADAMTS8,25,18,147,12.2,No
AP3D1,25,21,147,14.3,No
AR,25,18,176,10.2,Yes
ARHGEF28,25,22,147,15,Yes
ARMH4,25,21,147,14.3,No
ASIC5,25,21,147,14.3,No
ATP12A,25,21,147,14.3,No
AXIN2,25,21,176,11.9,Yes
AXL,25,24,176,13.6,Yes
BLM,25,18,176,10.2,Yes
BPIFB4,25,21,147,14.3,No
C5,25,20,147,13.6,No
CADM2,25,22,147,15,No
CASKIN1,25,19,147,12.9,No
CC2D1A,25,19,147,12.9,No
CCDC63,25,22,147,15,No
CD109,25,20,147,13.6,No
CDC42BPB,25,21,147,14.3,No
CHAF1A,25,20,147,13.6,No
CKAP5,25,22,147,15,No
CLVS1,25,21,147,14.3,No
CLVS2,25,22,147,15,No
CNGA3,25,24,147,16.3,No
CNOT1,25,20,147,13.6,No
CPSF1,25,19,147,12.9,No
CRTAC1,25,19,147,12.9,No
CYP2A7,25,19,147,12.9,No
DDB1,25,17,147,11.6,No
DENND4B,25,22,147,15,No
DEPDC5,25,21,147,14.3,No
DHX34,25,20,147,13.6,No
DNTT,25,23,147,15.6,No
DRC1,25,19,147,12.9,No
DSG4,25,19,147,12.9,No
EBF1,25,23,147,15.6,Yes
EDC4,25,19,147,12.9,No
ERC2,25,19,147,12.9,No
FANCA,25,24,176,13.6,Yes
FBXL7,25,19,147,12.9,No
FNDC3B,25,19,147,12.9,No
FTMT,25,23,147,15.6,No
GABRA4,25,21,147,14.3,No
GP6,25,18,147,12.2,No
GRIK1,25,23,147,15.6,No
HNF1A,25,21,176,11.9,Yes
IFT140,25,22,147,15,No
IGDCC3,25,21,147,14.3,No
IGHMBP2,25,21,147,14.3,No
IL21R,25,23,176,13.1,Yes
ILDR2,25,19,147,12.9,No
ITGA11,25,17,147,11.6,No
ITIH4,25,21,147,14.3,No
ITIH6,25,17,147,11.6,No
JAKMIP1,25,20,147,13.6,No
KCNH6,25,19,147,12.9,No
KCNK10,25,19,147,12.9,No
KCTD16,25,18,147,12.2,No
KIF14,25,21,147,14.3,No
KNSTRN,25,22,147,15,Yes
LRP12,25,23,147,15.6,No
LRRC37A3,25,22,147,15,No
LRRC8C,25,22,147,15,No
LTBP3,25,22,147,15,No
MAGI1,25,22,176,12.5,No
MAP3K10,25,16,147,10.9,No
MAP4,25,20,147,13.6,No
MAPK8IP3,25,22,147,15,No
MEPE,25,21,147,14.3,No
MFSD6L,25,21,147,14.3,No
MMP8,25,20,176,11.4,No
MPDZ,25,18,147,12.2,No
MRC2,25,20,147,13.6,No
MROH8,25,22,147,15,No
MS4A1,25,19,147,12.9,Yes
MYO1H,25,22,147,15,No
NCAPD2,25,17,147,11.6,No
NDNF,25,19,147,12.9,No
NPAT,25,19,147,12.9,No
NRP2,25,19,176,10.8,No
NRSN1,25,20,147,13.6,No
OPCML,25,24,147,16.3,No
OR11H6,25,20,147,13.6,No
OR14C36,25,22,147,15,No
OR2M3,25,19,147,12.9,No
OR52E2,25,23,147,15.6,No
OR5D16,25,18,147,12.2,No
OR5M9,25,23,147,15.6,No
PABPC3,25,19,147,12.9,No
PARP4,25,22,147,15,No
PCDH19,25,20,147,13.6,No
PCDHGA10,25,19,147,12.9,No
PDE1A,25,20,147,13.6,No
PGK2,25,19,147,12.9,No
PI4KB,25,24,147,16.3,No
POLN,25,21,147,14.3,No
PROSER1,25,20,147,13.6,No
PRR23A,25,22,147,15,No
R3HDM2,25,21,147,14.3,No
REXO1,25,21,147,14.3,No
RUBCN,25,19,147,12.9,No
SCARF1,25,17,147,11.6,No
SCNN1A,25,23,147,15.6,No
SEC14L5,25,21,147,14.3,No
SEC24A,25,19,147,12.9,No
SEC31B,25,21,147,14.3,No
SEMA6A,25,20,147,13.6,No
SEMA6D,25,18,147,12.2,No
SGO2,25,21,147,14.3,No
SHROOM2,25,21,147,14.3,No
SLC26A7,25,21,147,14.3,No
SLC6A18,25,21,147,14.3,No
SLC8A2,25,22,147,15,No
SMARCC1,25,22,147,15,No
SMCHD1,25,22,147,15,No
SNED1,25,20,147,13.6,No
SOX13,25,20,147,13.6,No
SPATA31G1,25,19,147,12.9,No
SPECC1,25,18,176,10.2,No
STARD13,25,20,147,13.6,No
STRA6,25,23,147,15.6,No
SYCP2L,25,23,147,15.6,No
SYMPK,25,19,147,12.9,No
SYT14,25,19,147,12.9,No
TECPR2,25,23,147,15.6,No
TEK,25,18,147,12.2,Yes
TLL1,25,21,147,14.3,No
TMC1,25,18,147,12.2,No
TMEM131L,25,19,147,12.9,No
TRABD2A,25,17,147,11.6,No
TRIP12,25,21,147,14.3,No
TROAP,25,21,147,14.3,No
TRPC6,25,21,147,14.3,No
TRPV2,25,22,147,15,No
TTC34,25,15,147,10.2,No
UBASH3A,25,21,147,14.3,No
UBE2O,25,20,147,13.6,No
UGGT1,25,22,147,15,No
USP9X,25,20,147,13.6,No
WDR93,25,18,147,12.2,No
WNK4,25,19,147,12.9,No
ZBTB20,25,21,147,14.3,Yes
ZMIZ1,25,20,147,13.6,No
ZNF214,25,20,147,13.6,No
ZNF257,25,20,147,13.6,No
ZNF415,25,20,147,13.6,No
ZNF438,25,22,147,15,No
ZNF556,25,19,147,12.9,No
ZNF582,25,20,147,13.6,No
ZNF80,25,21,147,14.3,No
ZNF93,25,17,147,11.6,No
AATK,24,17,147,11.6,No
ABCG8,24,21,147,14.3,No
ACSBG1,24,19,147,12.9,No
ADAM21,24,22,147,15,No
ADAMTS13,24,20,147,13.6,No
ADGRA2,24,20,147,13.6,Yes
ADGRE2,24,21,147,14.3,No
ADGRE3,24,20,147,13.6,No
ADGRG3,24,20,147,13.6,No
AKAP3,24,23,147,15.6,No
ALDH1L2,24,18,147,12.2,Yes
ALPL,24,21,147,14.3,No
ANKRD55,24,18,147,12.2,No
APBB1IP,24,20,147,13.6,No
ARHGAP21,24,22,147,15,No
ARHGEF1,24,20,147,13.6,No
ARID1B,24,18,147,12.2,Yes
ARID5B,24,20,176,11.4,Yes
ATP2A1,24,19,147,12.9,No
ATP2C2,24,22,147,15,No
ATXN2L,24,18,147,12.2,No
BAIAP3,24,20,147,13.6,No
BBX,24,18,147,12.2,No
BEND4,24,17,147,11.6,No
BICC1,24,18,147,12.2,No
BRPF3,24,21,147,14.3,No
CCDC144A,24,21,147,14.3,No
CD1C,24,21,147,14.3,No
CDK14,24,21,147,14.3,No
CHD2,24,22,147,15,Yes
COBLL1,24,21,147,14.3,No
COL9A2,24,17,147,11.6,No
CRACR2A,24,21,147,14.3,No
CRYBG1,24,23,147,15.6,No
CSNK2A2IP,24,11,147,7.5,No
CTCFL,24,18,147,12.2,No
CYP2A6,24,16,147,10.9,No
DCSTAMP,24,20,147,13.6,No
DENND1A,24,16,147,10.9,No
DNAI4,24,20,147,13.6,No
DRC7,24,18,147,12.2,No
DTX4,24,16,147,10.9,No
EML1,24,21,147,14.3,No
ERBB2,24,21,176,11.9,Yes
EXTL1,24,20,147,13.6,No
FAM90A1,24,19,147,12.9,No
FCAMR,24,18,147,12.2,No
GABRA6,24,20,147,13.6,Yes
GABRB1,24,20,147,13.6,No
GALNT5,24,19,147,12.9,No
GAREM1,24,20,147,13.6,No
GPATCH8,24,21,147,14.3,No
GRB10,24,17,147,11.6,No
GUCY1B1,24,19,147,12.9,No
HAS2,24,20,147,13.6,No
HDLBP,24,20,147,13.6,No
HNRNPCL1,24,19,147,12.9,No
HR,24,16,147,10.9,No
HRAS,24,24,176,13.6,Yes
HRG,24,13,147,8.8,No
IGSF5,24,21,147,14.3,No
IGSF9,24,18,147,12.2,No
INSYN2B,24,17,147,11.6,No
IPO9,24,21,147,14.3,No
ITGAE,24,21,147,14.3,No
ITSN1,24,21,147,14.3,No
JARID2,24,17,147,11.6,Yes
KCNH1,24,20,147,13.6,No
KCNH2,24,22,147,15,No
KCNV1,24,22,147,15,No
KIAA0825,24,23,147,15.6,No
KLB,24,22,147,15,No
KRT79,24,19,147,12.9,No
KRT84,24,17,147,11.6,No
LAMB3,24,19,147,12.9,No
LCA5,24,24,147,16.3,No
LCK,24,21,176,11.9,Yes
LILRB4,24,17,147,11.6,No
LRRC66,24,22,147,15,No
MAP3K5,24,22,176,12.5,No
MASP2,24,17,147,11.6,No
MEOX2,24,18,147,12.2,No
MIA3,24,22,147,15,No
MUC20,24,15,147,10.2,No
MUC7,24,19,147,12.9,No
MYH3,24,19,147,12.9,No
MYRIP,24,18,147,12.2,No
NEUROD4,24,20,147,13.6,No
NOBOX,24,16,147,10.9,No
NOX4,24,20,147,13.6,No
NSD2,24,22,147,15,Yes
NTRK2,24,19,176,10.8,Yes
NUP188,24,18,147,12.2,No
OR13C3,24,22,147,15,No
OR2T4,24,18,147,12.2,No
OR4N2,24,19,147,12.9,No
OR4Q3,24,20,147,13.6,No
OR51B5,24,22,147,15,No
OR5A1,24,19,147,12.9,No
OR5AS1,24,20,147,13.6,No
OR5L2,24,21,147,14.3,No
OR6C4,24,18,147,12.2,No
P3H2,24,18,147,12.2,No
PADI4,24,17,147,11.6,No
PCDH20,24,19,147,12.9,No
PCNX2,24,20,147,13.6,No
PDE3B,24,21,147,14.3,No
PIK3R6,24,21,147,14.3,No
PIWIL3,24,20,147,13.6,No
PKP4,24,22,147,15,No
PLA1A,24,17,147,11.6,No
PLEKHG4,24,19,147,12.9,No
PNMA2,24,18,147,12.2,No
PNPLA1,24,20,147,13.6,No
PRDM15,24,19,147,12.9,No
PROS1,24,22,147,15,No
PRSS35,24,21,147,14.3,No
PTGIS,24,21,147,14.3,No
PTPN21,24,21,147,14.3,No
RNF133,24,17,147,11.6,No
ROBO3,24,17,147,11.6,No
RPS6KC1,24,23,147,15.6,No
SAGE1,24,20,147,13.6,No
SELE,24,20,147,13.6,No
SEMG1,24,17,147,11.6,No
SH2D3C,24,19,147,12.9,No
SIGLEC7,24,17,147,11.6,No
SLC34A2,24,21,147,14.3,Yes
SLC45A1,24,19,147,12.9,No
SLFN14,24,19,147,12.9,No
SORT1,24,18,147,12.2,No
SPATA13,24,19,147,12.9,No
SV2B,24,21,147,14.3,No
TANC2,24,20,147,13.6,No
TBXT,24,20,147,13.6,No
TDRD9,24,18,147,12.2,No
TERT,24,22,176,12.5,Yes
TESPA1,24,19,147,12.9,No
TEX55,24,20,147,13.6,No
TJP3,24,18,147,12.2,No
TNFAIP3,24,20,176,11.4,Yes
TOGARAM1,24,20,147,13.6,No
TRAT1,24,18,147,12.2,No
TRIM77,24,19,147,12.9,No
TRPV4,24,19,147,12.9,No
UBR1,24,19,147,12.9,No
USP42,24,22,147,15,No
VWA7,24,17,147,11.6,No
WSCD1,24,19,147,12.9,No
ZBP1,24,21,147,14.3,No
ZC3H7B,24,20,147,13.6,No
ZIK1,24,21,147,14.3,No
ZNF236,24,20,147,13.6,No
ZNF420,24,19,147,12.9,No
ZNF578,24,17,147,11.6,No
ZNF628,24,18,147,12.2,No
ZNF69,24,16,147,10.9,No
ZNF721,24,20,147,13.6,No
ABCC5,23,20,147,13.6,No
ABL2,23,19,176,10.8,Yes
ACTRT2,23,20,147,13.6,No
ADAMTS14,23,19,147,12.9,No
ADGRA3,23,22,147,15,No
AGBL4,23,18,147,12.2,No
AMBN,23,20,147,13.6,No
AMPD1,23,18,147,12.2,No
ARHGEF10,23,19,147,12.9,No
ASAP2,23,17,147,11.6,No
ASTL,23,19,147,12.9,No
ASXL2,23,22,147,15,Yes
AXIN1,23,17,176,9.7,Yes
BAAT,23,15,147,10.2,No
BAZ1A,23,19,147,12.9,No
BCAS3,23,20,147,13.6,No
BRD10,23,19,147,12.9,No
C1ORF167,23,14,147,9.5,No
C4ORF50,23,16,147,10.9,No
CABP4,23,15,147,10.2,No
CACNA2D3,23,18,147,12.2,No
CAPN6,23,16,147,10.9,No
CBL,23,21,176,11.9,Yes
CCNA1,23,18,147,12.2,No
CD19,23,21,147,14.3,Yes
CEACAM18,23,17,147,11.6,No
CEP128,23,22,147,15,No
CFAP100,23,23,147,15.6,No
CHAT,23,19,147,12.9,No
CLASP1,23,16,147,10.9,No
CLCA1,23,20,147,13.6,No
CLCN7,23,18,147,12.2,No
CLEC14A,23,19,147,12.9,No
CLIP1,23,20,147,13.6,Yes
CPB1,23,21,147,14.3,No
DAB2IP,23,18,147,12.2,No
DCT,23,17,147,11.6,No
DHX8,23,20,147,13.6,No
DOCK5,23,19,147,12.9,No
DPYSL3,23,20,147,13.6,No
DRC11,23,18,147,12.2,No
EIF3A,23,21,147,14.3,No
ELFN2,23,19,147,12.9,No
EML3,23,18,147,12.2,No
ENPP1,23,19,147,12.9,No
FAM135A,23,20,147,13.6,No
FANCD2,23,23,176,13.1,Yes
FBRS,23,17,147,11.6,No
FCSK,23,16,147,10.9,No
FGFR4,23,19,176,10.8,Yes
FHIP1B,23,20,147,13.6,No
GABRA1,23,18,147,12.2,No
GABRA2,23,20,147,13.6,No
GABRB2,23,18,147,12.2,No
GAS2L3,23,20,147,13.6,No
GCKR,23,20,147,13.6,No
GGT7,23,19,147,12.9,No
GJA8,23,19,147,12.9,No
GMIP,23,18,147,12.2,No
GRIN2C,23,19,147,12.9,No
HCK,23,21,147,14.3,No
HIP1,23,21,176,11.9,Yes
HNF1B,23,22,176,12.5,Yes
HPSE2,23,22,147,15,No
IGF2BP3,23,20,147,13.6,No
INPP5J,23,19,147,12.9,No
INVS,23,21,147,14.3,No
ITGB2,23,20,147,13.6,No
ITIH5,23,19,147,12.9,No
JAG2,23,18,147,12.2,No
KDM2B,23,17,147,11.6,Yes
KIRREL3,23,17,147,11.6,No
KLKB1,23,20,147,13.6,No
KNTC1,23,19,147,12.9,No
KRT73,23,17,147,11.6,No
LGI1,23,19,147,12.9,No
LNX1,23,20,147,13.6,No
LPIN1,23,16,147,10.9,No
LRFN2,23,19,147,12.9,No
LRP4,23,15,147,10.2,No
LRRC63,23,19,147,12.9,No
LTK,23,22,147,15,Yes
LY9,23,21,147,14.3,No
MAG,23,20,147,13.6,No
MANBA,23,17,147,11.6,No
MAP7D1,23,18,147,12.2,No
MAST2,23,16,147,10.9,No
MERTK,23,20,147,13.6,Yes
MPO,23,20,147,13.6,No
MPPED2,23,23,147,15.6,No
MUC19,23,16,147,10.9,No
NDST3,23,18,147,12.2,No
NECTIN3,23,20,147,13.6,No
NHSL1,23,21,147,14.3,No
NISCH,23,20,147,13.6,No
NLRC5,23,21,147,14.3,No
NPHP4,23,18,147,12.2,No
NXPE2,23,20,147,13.6,No
OR10T2,23,19,147,12.9,No
OR10Z1,23,16,147,10.9,No
OR2F2,23,17,147,11.6,No
OR2L13,23,19,147,12.9,No
OR2M2,23,21,147,14.3,No
OR4C6,23,20,147,13.6,No
OR5AC2,23,19,147,12.9,No
OR8H3,23,19,147,12.9,No
PCDH11Y,23,14,147,9.5,No
PCDHAC1,23,17,147,11.6,No
PCDHGB1,23,19,147,12.9,No
PCDHGB3,23,17,147,11.6,No
PDE8B,23,19,147,12.9,No
PHF21B,23,18,147,12.2,No
PHLDB2,23,18,147,12.2,No
PIDD1,23,16,147,10.9,No
PIP5K1B,23,17,147,11.6,No
PLCH2,23,21,147,14.3,No
PLD1,23,21,147,14.3,No
POLR3A,23,22,147,15,No
PPP1R16B,23,20,147,13.6,No
PRKAA2,23,20,147,13.6,No
PRKG2,23,19,147,12.9,No
PSD3,23,19,147,12.9,No
RALGAPB,23,20,147,13.6,No
RASA2,23,17,147,11.6,No
RECK,23,21,147,14.3,No
RFC1,23,18,147,12.2,No
RHBDF2,23,17,147,11.6,No
RICTOR,23,18,176,10.2,Yes
SCAP,23,18,147,12.2,No
SCAPER,23,21,147,14.3,No
SCML4,23,21,147,14.3,No
SERPINA5,23,22,147,15,No
SH3PXD2A,23,19,147,12.9,No
SHCBP1L,23,18,147,12.2,No
SIGLEC5,23,18,147,12.2,No
SLC15A1,23,22,147,15,No
SLC22A9,23,21,147,14.3,No
SLC26A3,23,20,147,13.6,No
SLC26A5,23,21,147,14.3,No
SLC2A14,23,16,147,10.9,No
SLC5A11,23,17,147,11.6,No
SLC5A7,23,22,147,15,No
SLC5A8,23,19,147,12.9,No
SLC6A13,23,17,147,11.6,No
SLCO1B7,23,18,147,12.2,No
SNCAIP,23,18,147,12.2,Yes
SOS1,23,23,147,15.6,Yes
SPATA21,23,18,147,12.2,No
STON1-GTF2A1L,23,19,147,12.9,No
SUN1,23,20,147,13.6,No
SUPT5H,23,17,147,11.6,No
SYNPO2L,23,19,147,12.9,No
SYT4,23,19,147,12.9,No
TCF4,23,20,176,11.4,No
TDO2,23,20,147,13.6,No
TGM3,23,19,147,12.9,No
TGM7,23,20,147,13.6,No
THRAP3,23,21,147,14.3,No
TIMD4,23,18,147,12.2,No
TIMELESS,23,21,147,14.3,No
TJP2,23,17,147,11.6,No
TMPRSS9,23,20,147,13.6,No
TNFRSF8,23,16,147,10.9,No
TNK2,23,18,147,12.2,No
TRIM24,23,19,176,10.8,Yes
TRPC1,23,19,147,12.9,No
TSGA10,23,19,147,12.9,No
TSHZ2,23,18,147,12.2,No
TTLL7,23,17,176,9.7,No
TXNDC2,23,21,147,14.3,No
UPF1,23,18,147,12.2,Yes
URB1,23,21,147,14.3,No
USP7,23,19,147,12.9,No
VAT1L,23,18,147,12.2,No
XRN1,23,20,147,13.6,No
YEATS2,23,18,147,12.2,No
ZFPM2,23,16,147,10.9,No
ZFYVE9,23,19,147,12.9,No
ZHX3,23,22,147,15,No
ZNF211,23,17,147,11.6,No
ZNF221,23,17,147,11.6,No
ZNF239,23,21,147,14.3,No
ZNF317,23,20,147,13.6,No
ZNF429,23,16,147,10.9,No
ZNF493,23,17,147,11.6,No
ZNF638,23,17,147,11.6,No
ZNF648,23,18,147,12.2,No
ZNF728,23,16,147,10.9,No
ZSCAN10,23,19,147,12.9,No
ZSWIM5,23,19,147,12.9,No
ACOT11,22,17,147,11.6,No
ACOXL,22,17,147,11.6,No
ACSM4,22,19,147,12.9,No
ACTN4,22,21,147,14.3,No
ADAM11,22,18,147,12.2,No
ADAMTSL2,22,20,147,13.6,No
AFF1,22,19,176,10.8,Yes
AGTPBP1,22,17,147,11.6,No
ANAPC1,22,18,147,12.2,No
ANKRD33,22,20,147,13.6,No
ANO7,22,17,147,11.6,No
APCS,22,19,147,12.9,No
ARHGEF6,22,16,147,10.9,No
ATF7IP,22,21,147,14.3,No
ATP4A,22,18,147,12.2,No
ATP8B2,22,20,147,13.6,No
ATP8B3,22,18,147,12.2,No
BACH2,22,20,147,13.6,Yes
BLTP3A,22,17,147,11.6,No
BMP3,22,19,147,12.9,No
BRDT,22,18,147,12.2,No
BRIP1,22,18,176,10.2,Yes
C6ORF132,22,17,147,11.6,No
CACNA2D2,22,19,147,12.9,No
CALCR,22,20,147,13.6,No
CAND2,22,20,147,13.6,No
CBLB,22,17,176,9.7,Yes
CCDC116,22,18,147,12.2,No
CCDC171,22,19,147,12.9,No
CCDC30,22,22,147,15,No
CDH1,22,19,176,10.8,Yes
CFAP20DC,22,20,147,13.6,No
CLASRP,22,16,147,10.9,No
CLCNKA,22,18,147,12.2,No
CNDP1,22,17,147,11.6,No
CRYBG2,22,16,147,10.9,No
CYP4A11,22,20,147,13.6,No
DACT2,22,16,147,10.9,No
DBH,22,19,147,12.9,No
DBN1,22,21,176,11.9,No
DCTN1,22,19,147,12.9,Yes
DGKK,22,10,147,6.8,No
DPYS,22,19,147,12.9,No
DPYSL5,22,17,147,11.6,No
DUOX1,22,21,147,14.3,No
ELOA2,22,15,147,10.2,No
EML6,22,19,147,12.9,No
ENPP4,22,21,147,14.3,No
ENTHD1,22,19,147,12.9,No
EPS8,22,19,147,12.9,No
ERCC6L2,22,19,147,12.9,No
FAM184A,22,17,147,11.6,No
FAM193A,22,17,147,11.6,No
FBXO24,22,18,147,12.2,No
FCRL6,22,17,147,11.6,No
FLI1,22,19,147,12.9,Yes
FPR2,22,15,147,10.2,No
FYB2,22,19,147,12.9,No
GABRA5,22,17,147,11.6,No
GDF3,22,17,147,11.6,No
GIGYF1,22,19,147,12.9,No
GLDN,22,19,147,12.9,No
GLRB,22,20,147,13.6,No
GRIP1,22,20,147,13.6,No
HEPHL1,22,18,147,12.2,No
HMGCS2,22,20,147,13.6,No
IBTK,22,19,147,12.9,No
IFT172,22,20,147,13.6,No
IKZF3,22,20,147,13.6,Yes
IL1RL1,22,19,147,12.9,No
IL27RA,22,19,147,12.9,No
IL7R,22,20,176,11.4,Yes
ILDR1,22,19,147,12.9,No
INPPL1,22,18,147,12.2,Yes
IQGAP1,22,19,147,12.9,Yes
ITGB3,22,17,147,11.6,No
JMJD1C,22,21,147,14.3,No
KCNA5,22,19,147,12.9,No
KCNK9,22,18,147,12.2,No
KCNN3,22,21,147,14.3,No
KEL,22,19,147,12.9,Yes
KIAA0586,22,16,147,10.9,No
KIF3C,22,16,147,10.9,No
KIR3DL2,22,19,147,12.9,No
KLHL38,22,19,147,12.9,No
KRABD3,22,17,147,11.6,No
KRT9,22,18,147,12.2,No
LILRB5,22,21,147,14.3,No
LIN7A,22,18,147,12.2,No
LIPE,22,19,147,12.9,No
LLGL2,22,21,147,14.3,No
LRIT1,22,19,147,12.9,No
LRIT3,22,19,147,12.9,No
LRP8,22,18,147,12.2,No
LRRC3B,22,18,147,12.2,No
MAN2A1,22,17,147,11.6,No
MAN2A2,22,19,147,12.9,No
MET,22,22,176,12.5,Yes
MRTFB,22,20,147,13.6,No
MYCBPAP,22,18,147,12.2,No
MYCN,22,18,176,10.2,Yes
MYLK2,22,20,147,13.6,No
NCAPG2,22,20,147,13.6,No
NCOA3,22,18,147,12.2,Yes
NDN,22,17,147,11.6,No
NF2,22,18,176,10.2,Yes
NIBAN3,22,19,147,12.9,No
NOD2,22,19,147,12.9,No
NR4A1,22,16,147,10.9,No
NR5A2,22,19,147,12.9,No
NUP155,22,20,147,13.6,No
OCSTAMP,22,19,147,12.9,No
OGDH,22,19,147,12.9,No
OPLAH,22,19,147,12.9,No
OR1N1,22,19,147,12.9,No
OR2A5,22,21,147,14.3,No
OR4C16,22,18,147,12.2,No
OR4K17,22,21,147,14.3,No
OR4N5,22,17,147,11.6,No
OR51I1,22,18,147,12.2,No
OR5T1,22,20,147,13.6,No
OR9K2,22,17,147,11.6,No
PACS1,22,19,147,12.9,No
PALD1,22,20,147,13.6,No
PALM3,22,20,147,13.6,No
PARP14,22,19,147,12.9,No
PAX1,22,18,147,12.2,No
PDE5A,22,18,147,12.2,No
PEAR1,22,16,147,10.9,No
PFAS,22,17,176,9.7,No
PIEZO1,22,18,147,12.2,No
PIK3C2A,22,20,147,13.6,No
PKD2L1,22,17,147,11.6,No
PKP2,22,15,147,10.2,No
PLAG1,22,20,147,13.6,Yes
PLPPR1,22,17,147,11.6,No
PPP2R3A,22,20,147,13.6,No
PSME4,22,17,147,11.6,No
PTPN4,22,17,147,11.6,No
PTPRJ,22,17,147,11.6,No
PTPRK,22,16,147,10.9,Yes
RAP1GAP2,22,20,147,13.6,No
RAPGEF1,22,18,147,12.2,No
RAPGEF3,22,17,147,11.6,No
RASAL2,22,21,147,14.3,No
RASGRP3,22,16,147,10.9,No
RBM15,22,19,147,12.9,Yes
RC3H1,22,20,147,13.6,No
RECQL4,22,16,147,10.9,Yes
RECQL5,22,18,147,12.2,No
RGS9,22,16,147,10.9,No
RNF216,22,18,147,12.2,No
ROR2,22,17,147,11.6,No
RSF1,22,19,147,12.9,No
RUBCNL,22,17,147,11.6,No
SEC16B,22,16,147,10.9,No
SF3B2,22,17,147,11.6,Yes
SFSWAP,22,18,147,12.2,No
SH3BP2,22,17,147,11.6,No
SIN3B,22,20,147,13.6,No
SLC17A4,22,18,147,12.2,No
SLC22A16,22,19,147,12.9,No
SLC24A4,22,16,147,10.9,No
SLC28A2,22,17,147,11.6,No
SLC2A2,22,20,147,13.6,No
SLC38A10,22,17,147,11.6,No
SLC5A1,22,20,147,13.6,No
SORCS2,22,17,147,11.6,No
SP7,22,15,147,10.2,No
SPATA31F1,22,18,147,12.2,No
SPG7,22,18,147,12.2,No
SRRM4,22,16,147,10.9,No
SSH1,22,21,147,14.3,No
SV2C,22,19,147,12.9,No
SYT9,22,21,147,14.3,No
TBC1D32,22,20,147,13.6,No
TDRD12,22,13,147,8.8,No
TENT5D,22,18,147,12.2,No
THBS1,22,19,147,12.9,No
THEMIS,22,19,147,12.9,No
TNNI3K,22,16,147,10.9,No
TNRC6A,22,20,147,13.6,No
TNS2,22,17,147,11.6,No
TRERF1,22,18,147,12.2,No
TRIM66,22,18,147,12.2,No
TRPM5,22,20,147,13.6,No
TRPS1,22,20,147,13.6,No
UGT2A3,22,16,147,10.9,No
UNC5A,22,16,147,10.9,No
USH1C,22,19,147,12.9,No
VSIG10L,22,18,147,12.2,No
WNK3,22,14,147,9.5,No
YTHDC2,22,19,147,12.9,No
ZMAT1,22,17,147,11.6,No
ZMIZ2,22,21,147,14.3,No
ZMYM4,22,18,147,12.2,No
ZNF281,22,16,147,10.9,No
ZNF341,22,19,147,12.9,No
ZNF385D,22,19,147,12.9,No
ZNF442,22,17,147,11.6,No
ZNF454,22,19,147,12.9,No
ZNF528,22,14,147,9.5,No
ZNF644,22,19,147,12.9,No
ZNF699,22,17,147,11.6,No
ZNF91,22,17,147,11.6,No
ZNF98,22,15,147,10.2,No
AASS,21,13,147,8.8,No
ABCC1,21,16,147,10.9,No
ABCC10,21,20,147,13.6,No
ACVR1C,21,18,147,12.2,No
ADAD1,21,19,147,12.9,No
ADAMTS1,21,16,147,10.9,No
ADARB1,21,17,147,11.6,No
ADARB2,21,20,147,13.6,Yes
ADGRG7,21,17,147,11.6,No
ADGRL1,21,16,147,10.9,No
AIRE,21,17,147,11.6,No
AKAP4,21,20,147,13.6,No
AMPD2,21,18,147,12.2,No
ANPEP,21,17,147,11.6,No
AOAH,21,19,147,12.9,No
APAF1,21,20,147,13.6,No
ARHGAP15,21,14,147,9.5,No
ARHGAP24,21,19,147,12.9,No
ARID4A,21,19,147,12.9,Yes
ATP13A2,21,18,147,12.2,No
ATP6V0A2,21,21,147,14.3,No
ATP8B1,21,20,176,11.4,No
ATRX,21,19,176,10.8,Yes
BICRAL,21,16,147,10.9,No
BNIP5,21,16,147,10.9,No
BRD8,21,17,147,11.6,No
CCDC170,21,14,147,9.5,No
CCDC7,21,19,147,12.9,No
CD300LG,21,18,147,12.2,No
CD96,21,15,147,10.2,No
CDAN1,21,18,147,12.2,No
CDH12,21,18,147,12.2,No
CERCAM,21,16,147,10.9,No
CFAP206,21,18,147,12.2,No
CFHR2,21,14,147,9.5,No
CHD1,21,19,147,12.9,No
CHIA,21,17,147,11.6,No
CHRD,21,18,147,12.2,No
CHSY3,21,17,147,11.6,No
CIZ1,21,17,147,11.6,No
CNKSR1,21,20,147,13.6,No
CNTLN,21,21,147,14.3,No
CPA3,21,18,147,12.2,No
CYP11B1,21,19,147,12.9,No
DCAF5,21,19,147,12.9,No
DCLRE1A,21,21,147,14.3,No
DCX,21,17,147,11.6,No
DDC,21,18,147,12.2,No
DDX4,21,19,147,12.9,Yes
DISC1,21,18,147,12.2,No
DNAI7,21,13,147,8.8,No
DNER,21,19,147,12.9,No
DOCK1,21,17,147,11.6,No
EDNRB,21,18,147,12.2,No
EHMT1,21,16,147,10.9,No
EPDR1,21,17,147,11.6,No
ESRRB,21,19,147,12.9,No
ESYT2,21,17,147,11.6,No
ETNPPL,21,18,147,12.2,No
EYA2,21,18,147,12.2,No
FAM149A,21,18,147,12.2,No
FAM184B,21,18,147,12.2,No
FANCM,21,19,176,10.8,Yes
FNDC7,21,17,147,11.6,No
GABRG3,21,16,147,10.9,No
GLP2R,21,18,147,12.2,No
GPHN,21,18,147,12.2,Yes
GRIA3,21,15,147,10.2,No
GRID2IP,21,16,147,10.9,No
GRM4,21,20,147,13.6,No
GRM6,21,19,147,12.9,No
HERC5,21,18,147,12.2,No
HHIPL1,21,18,147,12.2,No
HK2,21,19,147,12.9,No
HRC,21,17,147,11.6,No
HTR4,21,17,147,11.6,No
IDO1,21,17,147,11.6,No
INF2,21,13,147,8.8,No
IRS4,21,18,147,12.2,Yes
KASH5,21,20,147,13.6,No
KCNA10,21,18,147,12.2,No
KCNQ4,21,20,147,13.6,No
KIF17,21,18,147,12.2,No
KMT5B,21,19,147,12.9,No
KRT28,21,18,147,12.2,No
LCA5L,21,20,147,13.6,No
LCP2,21,16,147,10.9,No
LILRB2,21,17,147,11.6,No
LINGO4,21,17,147,11.6,No
LIPC,21,15,147,10.2,No
LIPI,21,18,147,12.2,No
LONRF2,21,15,147,10.2,No
LPP,21,19,147,12.9,Yes
LRCH4,21,16,147,10.9,No
LRIF1,21,17,147,11.6,No
LRRTM1,21,17,147,11.6,No
LTBP4,21,16,147,10.9,No
MACC1,21,15,147,10.2,No
MAGEB18,21,19,147,12.9,No
MCOLN3,21,19,147,12.9,No
MED25,21,16,147,10.9,No
MLIP,21,18,147,12.2,No
MMP13,21,17,147,11.6,No
MN1,21,17,147,11.6,Yes
MOV10,21,18,147,12.2,No
MRTFA,21,14,147,9.5,Yes
MSLN,21,18,147,12.2,No
MYO1G,21,18,147,12.2,No
MYO6,21,17,147,11.6,No
NAALADL2,21,18,147,12.2,No
NCAM1,21,19,147,12.9,No
NEK11,21,20,147,13.6,No
NEURL4,21,18,147,12.2,No
NFATC1,21,18,147,12.2,No
NLRX1,21,19,147,12.9,No
NMUR2,21,19,147,12.9,No
NOX3,21,20,147,13.6,No
NPY2R,21,19,147,12.9,No
OPRM1,21,14,147,9.5,No
OR1A1,21,19,147,12.9,No
OR4C13,21,16,147,10.9,No
OR52B4,21,19,147,12.9,No
OR5F1,21,16,147,10.9,No
OR5H1,21,15,147,10.2,No
OR5L1,21,17,147,11.6,No
OR6F1,21,18,147,12.2,No
OR6K6,21,16,147,10.9,No
OR6T1,21,17,147,11.6,No
OR8I2,21,17,147,11.6,No
OR8K1,21,15,147,10.2,No
OR8K3,21,17,147,11.6,No
OR9A2,21,18,147,12.2,No
OSBPL5,21,18,147,12.2,No
PALM,21,14,147,9.5,No
PATL2,21,18,147,12.2,No
PCDHAC2,21,15,147,10.2,No
PCED1B,21,16,147,10.9,No
PDE4D,21,15,147,10.2,No
PDK4,21,19,147,12.9,No
PHACTR1,21,18,147,12.2,No
PKN2,21,17,147,11.6,No
PLA2G4D,21,18,147,12.2,No
PLXNA1,21,18,147,12.2,No
PNPLA6,21,17,147,11.6,No
POLD1,21,17,147,11.6,Yes
POTEC,21,17,147,11.6,No
PPP1R13L,21,20,147,13.6,No
PRAMEF11,21,13,147,8.8,No
PRR16,21,19,147,12.9,No
PRR19,21,18,147,12.2,No
PRR30,21,16,147,10.9,No
PSG8,21,19,147,12.9,No
PTH2R,21,19,147,12.9,No
PYGM,21,19,147,12.9,No
PYHIN1,21,18,147,12.2,No
RAG2,21,18,147,12.2,No
RASGRF1,21,15,147,10.2,No
RBM12,21,16,147,10.9,No
RNF111,21,20,147,13.6,No
RNF43,21,16,147,10.9,Yes
ROCK2,21,19,147,12.9,No
RPH3A,21,20,147,13.6,No
RXFP1,21,16,147,10.9,No
SCIN,21,17,147,11.6,No
SEC24C,21,17,147,11.6,No
SEL1L3,21,19,147,12.9,No
SEMA4F,21,17,147,11.6,No
SH3D19,21,16,147,10.9,No
SLC19A3,21,18,147,12.2,No
SLC30A3,21,17,147,11.6,No
SLC34A1,21,16,147,10.9,No
SLC3A1,21,19,147,12.9,No
SLC45A4,21,16,147,10.9,No
SLC5A5,21,18,147,12.2,No
SLC5A6,21,17,147,11.6,No
SLC6A16,21,16,147,10.9,No
SLC9A2,21,15,147,10.2,No
SLF2,21,16,147,10.9,No
SLFN13,21,20,147,13.6,No
SLTM,21,19,147,12.9,No
SMG6,21,17,147,11.6,No
SPATA2,21,21,147,14.3,No
SPOCK1,21,16,147,10.9,No
SRRM1,21,17,147,11.6,No
SUSD5,21,20,147,13.6,No
TBX21,21,18,147,12.2,No
TEX47,21,18,147,12.2,No
THSD4,21,16,147,10.9,No
TICAM1,21,17,147,11.6,No
TKTL2,21,17,147,11.6,No
TMEM74,21,19,147,12.9,No
TNKS,21,17,147,11.6,No
TNRC6B,21,17,147,11.6,No
TOX3,21,17,147,11.6,No
TPRN,21,16,147,10.9,No
TTLL6,21,17,147,11.6,No
TULP1,21,16,147,10.9,No
UBR2,21,18,147,12.2,No
UMOD,21,18,147,12.2,No
VAV1,21,19,147,12.9,Yes
VIT,21,18,147,12.2,No
WHRN,21,15,147,10.2,No
ZBTB38,21,19,147,12.9,No
ZFC3H1,21,18,147,12.2,No
ZNF532,21,19,147,12.9,No
ZNF592,21,19,147,12.9,No
ZNF607,21,18,147,12.2,No
ZNF677,21,16,147,10.9,No
ZNF746,21,19,147,12.9,No
ZNF845,21,14,147,9.5,No
ZNFX1,21,20,147,13.6,No
ABLIM1,20,17,147,11.6,No
ACSL5,20,18,147,12.2,No
ACTL9,20,16,147,10.9,No
ADGRF3,20,16,147,10.9,No
AGAP1,20,19,147,12.9,No
AGBL2,20,14,147,9.5,No
ALB,20,18,147,12.2,Yes
ALDH16A1,20,15,147,10.2,No
AMER1,20,17,176,9.7,Yes
ANKRD34C,20,20,147,13.6,No
ANKRD36C,20,11,147,7.5,No
ANO6,20,18,147,12.2,No
AP3B2,20,14,147,9.5,No
AREL1,20,17,147,11.6,No
ARNT2,20,18,147,12.2,No
ATAD5,20,18,147,12.2,No
ATP9B,20,18,147,12.2,No
B4GALNT1,20,16,147,10.9,No
BAZ1B,20,16,147,10.9,No
BCR,20,16,176,9.1,Yes
BPIFC,20,15,147,10.2,No
BTN1A1,20,16,147,10.9,No
CA8,20,17,147,11.6,No
CAND1,20,16,147,10.9,No
CATSPERG,20,16,147,10.9,No
CCAR1,20,15,147,10.2,Yes
CDH15,20,14,147,9.5,No
CDHR5,20,18,147,12.2,No
CES1,20,17,147,11.6,No
CFHR1,20,18,147,12.2,No
CHRM4,20,17,147,11.6,No
CLCNKB,20,17,147,11.6,No
CLIC5,20,19,147,12.9,No
CLIP2,20,17,147,11.6,No
CLSPN,20,18,147,12.2,No
CNTNAP1,20,16,147,10.9,No
CPN1,20,17,147,11.6,No
CPNE6,20,19,147,12.9,No
CREB3L3,20,16,147,10.9,No
CRNN,20,18,147,12.2,No
CROCC2,20,11,147,7.5,No
CRTC1,20,14,176,8,Yes
CYP2C18,20,19,147,12.9,No
CYP4F11,20,18,147,12.2,No
CYP4F3,20,16,147,10.9,No
CYSLTR2,20,18,147,12.2,Yes
DDX60L,20,19,147,12.9,No
DIAPH1,20,15,147,10.2,No
DNM1,20,15,147,10.2,No
EHBP1,20,18,147,12.2,No
EHBP1L1,20,18,147,12.2,No
EHMT2,20,17,147,11.6,No
EPHA4,20,16,176,9.1,No
EPHB2,20,17,147,11.6,No
EPHB4,20,17,176,9.7,Yes
F9,20,18,147,12.2,No
FAM13A,20,15,147,10.2,No
FAM178B,20,19,147,12.9,No
FGFR3,20,16,176,9.1,Yes
FOCAD,20,18,147,12.2,No
FRMD3,20,15,147,10.2,No
GAD2,20,18,147,12.2,No
GC,20,19,147,12.9,No
GCM2,20,20,147,13.6,No
GLIS3,20,16,147,10.9,No
GLP1R,20,17,147,11.6,No
GLRA2,20,19,147,12.9,No
GOLGA3,20,18,147,12.2,No
GPRIN3,20,18,147,12.2,No
GRK3,20,18,147,12.2,No
HABP2,20,18,147,12.2,No
HAS1,20,15,147,10.2,No
HTR1E,20,20,147,13.6,No
HTR3A,20,16,147,10.9,No
IL18RAP,20,16,147,10.9,No
IQSEC1,20,15,147,10.2,No
IQSEC2,20,16,147,10.9,No
ITPRID2,20,16,147,10.9,No
JAKMIP3,20,17,147,11.6,No
KCNAB1,20,19,147,12.9,No
KCNJ6,20,16,147,10.9,No
KCNJ8,20,17,147,11.6,No
KCTD3,20,19,147,12.9,No
KDM5B,20,18,147,12.2,No
KIF18B,20,16,147,10.9,No
KLHL32,20,16,147,10.9,No
KLHL6,20,19,147,12.9,Yes
KTN1,20,17,147,11.6,Yes
LDB3,20,15,147,10.2,No
LIG1,20,16,147,10.9,No
LRGUK,20,19,147,12.9,No
LRRTM3,20,17,147,11.6,No
LTF,20,15,147,10.2,No
LZTS2,20,19,147,12.9,No
MAEL,20,18,147,12.2,No
MAGEB2,20,18,147,12.2,No
MAMDC2,20,15,147,10.2,No
MAP3K15,20,16,147,10.9,No
MAP3K4,20,19,147,12.9,No
MAP4K2,20,16,147,10.9,No
MARK4,20,17,147,11.6,No
MBL2,20,16,147,10.9,No
MBTPS1,20,18,147,12.2,No
MEF2C,20,14,147,9.5,Yes
MEI1,20,18,147,12.2,No
MLH3,20,18,147,12.2,Yes
NFAT5,20,20,147,13.6,No
NFRKB,20,15,147,10.2,No
NIM1K,20,19,147,12.9,No
NLGN2,20,18,147,12.2,No
NPR2,20,17,147,11.6,No
NTNG1,20,17,147,11.6,No
NXF1,20,19,147,12.9,No
OPN5,20,18,147,12.2,No
OR10C1,20,15,147,10.2,No
OR10X1,20,16,147,10.9,No
OR2H1,20,15,147,10.2,No
OR2L5,20,18,147,12.2,No
OR2T1,20,18,147,12.2,No
OR2T6,20,18,147,12.2,No
OR51S1,20,16,147,10.9,No
OR52L1,20,17,147,11.6,No
OR5H2,20,14,147,9.5,No
OR6Y1,20,15,147,10.2,No
OR8D4,20,18,147,12.2,No
OR8J1,20,17,147,11.6,No
PADI1,20,13,147,8.8,No
PARP1,20,17,147,11.6,Yes
PARP15,20,17,147,11.6,No
PAX2,20,16,147,10.9,No
PCDH12,20,17,147,11.6,No
PCDH8,20,16,147,10.9,No
PEX1,20,20,147,13.6,No
PLCG2,20,16,147,10.9,Yes
PLEKHM2,20,17,147,11.6,No
PMS1,20,17,176,9.7,Yes
PODN,20,18,147,12.2,No
PON3,20,18,147,12.2,No
PPFIA3,20,17,147,11.6,No
PPP1R13B,20,16,147,10.9,No
PPP2R2B,20,18,147,12.2,No
PPP4R4,20,19,147,12.9,No
PRAME,20,19,147,12.9,No
PRDM14,20,16,147,10.9,Yes
PRKCI,20,17,176,9.7,Yes
PRKCQ,20,16,147,10.9,No
PRR27,20,17,147,11.6,No
PRR35,20,15,147,10.2,No
PSEN2,20,18,147,12.2,No
PTBP1,20,17,147,11.6,No
RAB44,20,19,147,12.9,No
RBBP8NL,20,14,147,9.5,No
RBL2,20,19,147,12.9,No
RBM6,20,18,147,12.2,No
REST,20,18,147,12.2,Yes
RHOBTB1,20,19,147,12.9,No
RPS6KA4,20,17,147,11.6,Yes
RUSC2,20,18,147,12.2,No
SBNO2,20,17,147,11.6,No
SCAF4,20,18,147,12.2,No
SCUBE1,20,13,147,8.8,No
SEMA3C,20,12,147,8.2,No
SEPTIN4,20,19,147,12.9,No
SETD5,20,17,147,11.6,Yes
SFTPD,20,17,147,11.6,No
SHANK3,20,17,147,11.6,No
SLC17A3,20,16,147,10.9,No
SLC22A8,20,16,147,10.9,No
SLC5A12,20,18,147,12.2,No
SLC6A2,20,18,147,12.2,No
SLCO2B1,20,13,147,8.8,No
SMC5,20,18,147,12.2,No
SMOX,20,17,147,11.6,No
SNRPN,20,18,147,12.2,No
SNTB1,20,16,147,10.9,No
SNX19,20,16,147,10.9,No
SOS2,20,16,147,10.9,No
SOX11,20,15,147,10.2,No
SPATC1,20,16,147,10.9,No
SPEM2,20,16,147,10.9,No
SPEM3,20,10,147,6.8,No
SRGAP1,20,18,147,12.2,No
SRGAP2,20,15,147,10.2,No
SRL,20,17,147,11.6,No
STARD8,20,17,147,11.6,No
SULF2,20,20,147,13.6,No
SYCE1,20,19,147,12.9,No
TAGAP,20,20,147,13.6,No
TAOK2,20,16,147,10.9,No
TBX15,20,17,147,11.6,No
TBX3,20,17,147,11.6,Yes
TMEM26,20,18,147,12.2,No
TOP2A,20,20,147,13.6,Yes
TOP3A,20,18,147,12.2,No
TRIM48,20,17,147,11.6,No
TRIML2,20,17,147,11.6,No
TTC14,20,15,147,10.2,No
UBN2,20,16,147,10.9,No
UGT2B10,20,18,147,12.2,No
VN1R4,20,17,147,11.6,No
VWA5A,20,18,147,12.2,No
WFIKKN2,20,16,147,10.9,No
WWC1,20,19,147,12.9,No
WWP2,20,16,147,10.9,No
ZAR1L,20,16,147,10.9,No
ZKSCAN2,20,16,147,10.9,No
ZNF160,20,17,147,11.6,No
ZNF467,20,18,147,12.2,No
ZNF569,20,16,147,10.9,No
ZNF579,20,14,147,9.5,No
ZNF679,20,17,147,11.6,No
ZNF71,20,15,147,10.2,No
ZNF777,20,19,147,12.9,No
ZNF827,20,17,147,11.6,No
ZNF878,20,13,147,8.8,No
ZSCAN12,20,14,147,9.5,No
ZSWIM2,20,15,147,10.2,No
ZXDC,20,18,147,12.2,No
ABCA5,19,18,147,12.2,No
ABCG1,19,18,147,12.2,No
ABCG5,19,16,147,10.9,No
ACMSD,19,17,147,11.6,No
ACVRL1,19,12,147,8.2,No
ADAM30,19,14,147,9.5,No
ADAMDEC1,19,18,147,12.2,No
ADCY7,19,16,147,10.9,No
ADCY9,19,19,147,12.9,No
AFAP1,19,16,176,9.1,No
ALOX5,19,17,147,11.6,Yes
ALPI,19,14,147,9.5,No
AMOTL2,19,19,147,12.9,No
ARHGAP23,19,17,147,11.6,No
ARHGEF12,19,17,147,11.6,Yes
ARHGEF2,19,17,147,11.6,No
ASB10,19,17,147,11.6,No
ATAD2,19,17,147,11.6,No
ATP6V0A4,19,16,147,10.9,No
B3GALT1,19,17,147,11.6,No
BAG6,19,15,147,10.2,No
BCOR,19,13,147,8.8,Yes
BMPR1B,19,18,147,12.2,No
BMS1,19,15,147,10.2,No
BNC2,19,19,176,10.8,No
BPIFB6,19,16,147,10.9,No
BRAF,19,18,176,10.2,Yes
BRAT1,19,16,147,10.9,No
BUB1B,19,16,176,9.1,Yes
C16ORF78,19,17,147,11.6,No
C4BPA,19,17,147,11.6,No
C9ORF43,19,16,147,10.9,No
CA10,19,15,147,10.2,No
CALD1,19,16,147,10.9,No
CAMKV,19,15,147,10.2,No
CATSPERD,19,16,147,10.9,No
CAVIN2,19,16,147,10.9,No
CCDC181,19,18,147,12.2,No
CDC14A,19,16,147,10.9,No
CDC20B,19,16,147,10.9,No
CFAP251,19,14,147,9.5,No
CHEK2,19,17,176,9.7,Yes
CHST1,19,14,147,9.5,No
CNR1,19,18,147,12.2,No
COL8A2,19,15,147,10.2,No
COQ8B,19,18,147,12.2,No
CORO7,19,18,147,12.2,No
CPD,19,18,147,12.2,No
CPN2,19,16,147,10.9,No
CPZ,19,18,147,12.2,No
CSPP1,19,16,147,10.9,No
DAG1,19,19,147,12.9,No
DCAF8L2,19,15,147,10.2,No
DDX53,19,15,147,10.2,No
DENND4C,19,11,147,7.5,No
DGKD,19,17,147,11.6,No
DIP2A,19,14,147,9.5,No
DMRT3,19,17,147,11.6,No
DPPA4,19,16,147,10.9,No
DRD5,19,16,147,10.9,No
EDRF1,19,18,147,12.2,No
EFCAB3,19,17,147,11.6,No
EFHB,19,14,147,9.5,No
EFR3A,19,14,147,9.5,No
ELAVL4,19,16,147,10.9,No
EMSY,19,18,147,12.2,Yes
ENAH,19,16,147,10.9,No
ERICH6B,19,13,147,8.8,No
ERN1,19,16,147,10.9,No
FAM124B,19,17,147,11.6,No
FBXW10,19,16,147,10.9,No
FCRLA,19,14,147,9.5,No
FGB,19,16,147,10.9,No
FMNL3,19,17,147,11.6,No
FOXG1,19,13,147,8.8,No
FOXP2,19,17,147,11.6,No
FOXR2,19,11,147,7.5,No
FRMPD3,19,11,147,7.5,No
GALNT15,19,16,147,10.9,No
GALNT8,19,17,147,11.6,No
GARIN4,19,14,147,9.5,No
GARNL3,19,16,147,10.9,No
GASK1A,19,14,147,9.5,No
GBP4,19,14,147,9.5,No
GBP7,19,18,147,12.2,No
GDF2,19,16,147,10.9,No
GLIS1,19,16,147,10.9,No
GMNC,19,16,147,10.9,No
GPR153,19,15,147,10.2,No
GPR63,19,17,147,11.6,No
GRM2,19,16,147,10.9,No
GUCY2F,19,16,147,10.9,No
HDAC4,19,16,147,10.9,Yes
HIP1R,19,18,147,12.2,No
HS3ST4,19,14,147,9.5,No
HTR3B,19,14,147,9.5,No
HYAL4,19,17,147,11.6,No
IGF2BP1,19,17,147,11.6,No
INSR,19,16,147,10.9,Yes
INTS8,19,15,147,10.2,No
IRGC,19,13,147,8.8,No
JPH1,19,17,147,11.6,No
JPH2,19,14,147,9.5,No
KANK2,19,14,147,9.5,No
KIAA0753,19,16,147,10.9,No
KLHL22,19,14,147,9.5,No
KMT2E,19,18,147,12.2,No
KNG1,19,17,147,11.6,No
KRT20,19,16,147,10.9,No
KRT39,19,16,147,10.9,No
KRT77,19,16,147,10.9,No
KSR1,19,16,147,10.9,No
LAMC2,19,16,147,10.9,No
LCP1,19,15,147,10.2,Yes
LHX8,19,16,147,10.9,No
LILRA4,19,13,147,8.8,No
LILRA6,19,15,147,10.2,No
LIMK1,19,16,147,10.9,No
LMAN1L,19,16,147,10.9,No
LMLN,19,17,147,11.6,No
LMNTD1,19,15,147,10.2,No
LPO,19,15,147,10.2,No
LRIG3,19,16,147,10.9,Yes
MAGEB6,19,17,147,11.6,No
MAGEC3,19,19,147,12.9,No
MCF2L,19,17,147,11.6,No
MELTF,19,14,147,9.5,No
MGAT5,19,16,147,10.9,No
MTHFD1L,19,18,147,12.2,No
NAALADL1,19,12,147,8.2,No
NPHP1,19,17,147,11.6,No
NR1H4,19,16,147,10.9,No
NRIP1,19,18,147,12.2,No
NTM,19,18,147,12.2,No
NTN5,19,18,147,12.2,No
NUP153,19,15,147,10.2,No
NVL,19,16,147,10.9,No
OPRPN,19,18,147,12.2,No
OR11G2,19,17,147,11.6,No
OR13C4,19,14,147,9.5,No
OR13C8,19,15,147,10.2,No
OR2AK2,19,16,147,10.9,No
OR2L2,19,18,147,12.2,No
OR2T33,19,16,147,10.9,No
OR2W3,19,15,147,10.2,No
OR4K2,19,17,147,11.6,No
OR4X1,19,18,147,12.2,No
OR6C65,19,17,147,11.6,No
OR6C70,19,18,147,12.2,No
OR6C74,19,15,147,10.2,No
OR6C76,19,17,147,11.6,No
OR7D2,19,16,147,10.9,No
OR8U1,19,19,147,12.9,No
PABPC5,19,16,147,10.9,No
PALLD,19,15,147,10.2,No
PAM,19,17,147,11.6,No
PAPOLB,19,18,147,12.2,No
PCDHGB7,19,16,147,10.9,No
PCF11,19,19,147,12.9,No
PCM1,19,18,147,12.2,Yes
PDS5B,19,16,147,10.9,Yes
PEG10,19,17,147,11.6,No
PGR,19,15,147,10.2,Yes
PHLPP2,19,16,147,10.9,Yes
PIK3CB,19,17,147,11.6,Yes
PIPOX,19,17,147,11.6,No
PKDCC,19,16,176,9.1,No
PLA2G4C,19,15,147,10.2,No
PLEKHD1,19,15,147,10.2,No
POLR3B,19,17,147,11.6,No
PPEF2,19,19,147,12.9,No
PPFIA1,19,16,147,10.9,No
PPL,19,18,147,12.2,No
PRAM1,19,16,147,10.9,No
PRDM5,19,16,147,10.9,No
PROM1,19,17,147,11.6,No
PSD4,19,15,147,10.2,No
PSKH2,19,18,147,12.2,No
PTGIR,19,13,147,8.8,No
PTK2B,19,19,176,10.8,No
PTN,19,16,147,10.9,No
QRFPR,19,15,147,10.2,No
QRICH1,19,16,147,10.9,No
RABGAP1L,19,16,147,10.9,No
RAD51B,19,18,176,10.2,Yes
RAI14,19,16,147,10.9,No
RAP1GAP,19,15,147,10.2,No
RBL1,19,16,147,10.9,No
RBM25,19,17,147,11.6,No
RBM26,19,16,147,10.9,No
RGL1,19,16,147,10.9,No
RNF112,19,15,147,10.2,No
RNF113B,19,16,147,10.9,No
RPL10L,19,17,147,11.6,No
RTP5,19,16,147,10.9,No
SAMD4A,19,18,147,12.2,No
SCG3,19,17,147,11.6,No
SCNN1B,19,13,147,8.8,No
SF3B1,19,18,176,10.2,Yes
SGCZ,19,14,147,9.5,No
SH3PXD2B,19,18,147,12.2,No
SIGLEC14,19,18,147,12.2,No
SIRPG,19,15,147,10.2,No
SLC14A2,19,16,147,10.9,No
SLC26A4,19,17,147,11.6,No
SLC9A3,19,17,147,11.6,No
SLITRK1,19,16,147,10.9,No
SMARCA2,19,17,147,11.6,Yes
SMCR8,19,16,147,10.9,No
SMPD3,19,17,147,11.6,No
SMYD1,19,16,147,10.9,No
SNX25,19,16,147,10.9,No
SOBP,19,18,147,12.2,No
SOWAHB,19,16,147,10.9,No
ST8SIA3,19,15,147,10.2,No
STK32A,19,15,147,10.2,No
STPG2,19,17,147,11.6,No
SULT1C3,19,16,147,10.9,No
SUPT6H,19,18,147,12.2,No
SUSD1,19,15,147,10.2,No
SYNM,19,16,147,10.9,No
SYNRG,19,17,147,11.6,No
SYT10,19,15,147,10.2,No
TAF3,19,18,147,12.2,No
TAS1R1,19,15,147,10.2,No
TBC1D1,19,14,147,9.5,No
TBC1D21,19,15,147,10.2,No
TCERG1,19,16,147,10.9,No
TFAP2B,19,15,147,10.2,No
TLE4,19,15,147,10.2,Yes
TRIM10,19,17,147,11.6,No
TRIM50,19,17,147,11.6,No
TRIM54,19,17,147,11.6,No
TRIM9,19,16,147,10.9,No
TRPC5,19,17,147,11.6,No
TRPM7,19,16,147,10.9,No
TSKS,19,18,147,12.2,No
TTLL11,19,19,147,12.9,No
TULP2,19,16,147,10.9,No
TYK2,19,19,147,12.9,Yes
UBA6,19,19,147,12.9,No
UBE4B,19,17,147,11.6,No
UGT3A1,19,16,147,10.9,No
USP20,19,16,147,10.9,No
UST,19,18,147,12.2,No
VARS2,19,14,147,9.5,No
VPS54,19,16,147,10.9,No
WDR19,19,18,147,12.2,No
XKR7,19,15,147,10.2,No
XRN2,19,15,147,10.2,No
ZBTB4,19,16,147,10.9,No
ZCCHC14,19,16,147,10.9,No
ZFP42,19,16,147,10.9,No
ZFP90,19,17,147,11.6,No
ZHX2,19,15,147,10.2,No
ZMAT4,19,16,147,10.9,No
ZNF14,19,15,147,10.2,No
ZNF217,19,16,147,10.9,Yes
ZNF280B,19,17,147,11.6,No
ZNF404,19,16,147,10.9,No
ZNF440,19,15,147,10.2,No
ZNF441,19,19,147,12.9,No
ZNF516,19,15,147,10.2,No
ZNF518B,19,18,147,12.2,No
ZNF599,19,13,147,8.8,No
ZNF608,19,16,147,10.9,No
ZNF626,19,15,147,10.2,No
ZNF668,19,17,176,9.7,No
ZNF790,19,12,147,8.2,No
ZNF813,19,13,147,8.8,No
ABRA,18,14,147,9.5,No
ACKR1,18,16,147,10.9,No
ACSM1,18,16,147,10.9,No
ACSM3,18,16,147,10.9,No
ADAM23,18,16,147,10.9,No
ADAMTS4,18,17,147,11.6,No
ADNP,18,16,147,10.9,No
AFF4,18,12,176,6.8,Yes
ANGPT1,18,16,147,10.9,No
ANKFY1,18,16,147,10.9,No
ANKRD44,18,18,147,12.2,No
ANO1,18,15,147,10.2,No
ANO8,18,17,147,11.6,No
APBB1,18,17,147,11.6,No
APBB2,18,15,147,10.2,No
APOBR,18,14,147,9.5,No
ARFGEF1,18,17,147,11.6,No
ARID4B,18,15,147,10.2,Yes
ARVCF,18,17,147,11.6,No
ASIC1,18,17,147,11.6,No
ATP10D,18,17,147,11.6,No
ATP6V1B1,18,17,147,11.6,No
ATRN,18,16,147,10.9,No
AURKC,18,15,176,8.5,Yes
BMX,18,16,176,9.1,No
BPI,18,15,147,10.2,No
BRD1,18,16,147,10.9,No
BRWD3,18,17,147,11.6,No
BUB1,18,16,176,9.1,No
C15ORF39,18,18,147,12.2,No
CAMK1D,18,18,176,10.2,No
CAP2,18,15,147,10.2,No
CAPN11,18,15,147,10.2,No
CAPN2,18,14,147,9.5,No
CARMIL1,18,17,147,11.6,No
CD244,18,14,147,9.5,No
CDCP1,18,15,147,10.2,No
CDH26,18,17,147,11.6,No
CEP131,18,17,147,11.6,No
CEP85,18,14,147,9.5,No
CES5A,18,15,147,10.2,No
CHEK1,18,17,176,9.7,Yes
CHFR,18,16,147,10.9,No
CHIT1,18,16,147,10.9,No
CLEC16A,18,17,147,11.6,No
CMKLR1,18,15,147,10.2,No
CNTNAP3B,18,15,147,10.2,No
COPA,18,16,147,10.9,No
CPEB1,18,14,147,9.5,No
CPNE9,18,16,147,10.9,No
CPXM1,18,16,147,10.9,No
CRHR2,18,16,147,10.9,No
CSRNP3,18,18,147,12.2,No
CTC1,18,15,147,10.2,Yes
CTIF,18,17,147,11.6,No
CYP3A43,18,14,147,9.5,No
CYP4X1,18,16,147,10.9,No
CYP7B1,18,17,147,11.6,No
DBF4B,18,16,147,10.9,No
DENND2C,18,16,147,10.9,No
DIP2B,18,15,147,10.2,No
DIPK1C,18,14,147,9.5,No
DMRTC2,18,16,147,10.9,No
DPP3,18,16,147,10.9,No
DPPA2,18,16,147,10.9,No
DRD1,18,15,147,10.2,No
DVL3,18,15,147,10.2,No
DYRK4,18,13,147,8.8,No
E2F7,18,15,147,10.2,No
EDAR,18,13,147,8.8,No
EFCAB13,18,16,147,10.9,No
EFL1,18,14,147,9.5,No
EHHADH,18,13,147,8.8,No
EIF2AK3,18,16,147,10.9,No
EPHA1,18,16,176,9.1,No
ERBIN,18,17,176,9.7,No
ESF1,18,16,147,10.9,No
ESRRG,18,15,147,10.2,No
EXT2,18,15,176,8.5,Yes
F10,18,15,147,10.2,No
FAF1,18,14,147,9.5,Yes
FAM110B,18,16,147,10.9,No
FAM13C,18,16,147,10.9,No
FAM170A,18,13,147,8.8,No
FAM221B,18,14,147,9.5,No
FANCI,18,16,176,9.1,Yes
FARSB,18,14,147,9.5,No
FBF1,18,16,147,10.9,No
FBRSL1,18,14,147,9.5,No
FBXO34,18,16,147,10.9,No
FCN1,18,14,147,9.5,No
FFAR4,18,15,147,10.2,No
FHL5,18,16,147,10.9,No
FIG4,18,15,147,10.2,No
FMNL1,18,18,147,12.2,No
FOXA3,18,14,147,9.5,No
FOXK1,18,17,147,11.6,No
FOXN4,18,15,147,10.2,Yes
FPR1,18,15,147,10.2,No
FSD2,18,15,147,10.2,No
GAB1,18,17,147,11.6,Yes
GAD1,18,16,147,10.9,No
GAPVD1,18,16,147,10.9,No
GARRE1,18,18,147,12.2,No
GATA6,18,13,176,7.4,Yes
GBF1,18,16,147,10.9,No
GFRAL,18,16,147,10.9,No
GIGYF2,18,15,147,10.2,No
GJA5,18,16,147,10.9,No
GOLGA4,18,16,147,10.9,No
GPATCH1,18,14,147,9.5,No
GRHL3,18,17,147,11.6,No
HAPLN1,18,16,147,10.9,No
HCFC1,18,13,147,8.8,No
HDX,18,15,147,10.2,No
HGFAC,18,14,147,9.5,No
HLTF,18,17,147,11.6,No
HMGXB3,18,15,147,10.2,No
HOXB3,18,18,147,12.2,No
HSF5,18,14,147,9.5,No
HTR1A,18,16,147,10.9,No
IKBKB,18,17,147,11.6,Yes
IQCH,18,15,147,10.2,No
IREB2,18,16,147,10.9,No
ITCH,18,16,147,10.9,No
ITIH3,18,14,147,9.5,No
JPH3,18,17,147,11.6,No
KDM4C,18,16,147,10.9,Yes
KIF1C,18,16,147,10.9,No
KIF5C,18,14,147,9.5,No
KLHDC4,18,17,147,11.6,No
KRT35,18,13,147,8.8,No
KRT38,18,16,147,10.9,No
KRT4,18,16,147,10.9,No
LARP1B,18,17,147,11.6,No
LBR,18,17,147,11.6,No
LDLR,18,15,147,10.2,No
LIPF,18,16,147,10.9,No
LRRC30,18,17,147,11.6,No
LRRN2,18,16,147,10.9,No
LSP1,18,17,147,11.6,No
LZTR1,18,16,147,10.9,Yes
MAN2B1,18,16,147,10.9,No
MAN2B2,18,14,147,9.5,No
MARCHF4,18,16,147,10.9,No
MCC,18,16,147,10.9,No
MEGF11,18,14,147,9.5,No
MEP1B,18,14,147,9.5,No
MINK1,18,17,147,11.6,No
MLPH,18,15,147,10.2,No
MMEL1,18,16,147,10.9,No
MMP17,18,17,147,11.6,No
MMP21,18,15,147,10.2,No
MPL,18,17,176,9.7,Yes
MROH1,18,12,147,8.2,No
MROH2A,18,15,147,10.2,No
MTBP,18,15,147,10.2,No
MTMR4,18,15,147,10.2,No
MUC13,18,17,147,11.6,No
MUSK,18,15,147,10.2,No
NCR1,18,18,147,12.2,No
NEK1,18,16,147,10.9,No
NFATC3,18,18,147,12.2,No
NLGN3,18,16,147,10.9,No
NLRP1,18,14,147,9.5,No
NOVA2,18,15,147,10.2,No
NPC1,18,14,147,9.5,No
NUTM2F,18,16,147,10.9,No
NXF3,18,13,147,8.8,No
NXPH1,18,17,147,11.6,No
OR10A7,18,16,147,10.9,No
OR10G9,18,15,147,10.2,No
OR13A1,18,15,147,10.2,No
OR2G2,18,17,147,11.6,No
OR2L3,18,16,147,10.9,No
OR2M4,18,15,147,10.2,No
OR4S2,18,15,147,10.2,No
OR51B6,18,16,147,10.9,No
OR51Q1,18,15,147,10.2,No
OR52E8,18,17,147,11.6,No
OR5T2,18,15,147,10.2,No
OR6C1,18,15,147,10.2,No
OR7D4,18,18,147,12.2,No
PAN3,18,17,147,11.6,No
PC,18,14,147,9.5,Yes
PCDHGA9,18,15,147,10.2,No
PCSK1,18,15,147,10.2,No
PCSK4,18,14,147,9.5,No
PDZD8,18,16,147,10.9,No
PELI2,18,16,147,10.9,No
PHIP,18,13,147,8.8,No
PHKA1,18,15,147,10.2,No
PIGO,18,18,147,12.2,No
PIK3R1,18,16,176,9.1,Yes
PIWIL2,18,17,147,11.6,No
PKD2,18,16,147,10.9,No
PNLDC1,18,17,147,11.6,No
PNPT1,18,15,147,10.2,No
POGZ,18,16,147,10.9,No
POLA1,18,8,147,5.4,No
POLG,18,16,147,10.9,Yes
POLR1A,18,17,147,11.6,No
POM121,18,16,147,10.9,No
PPFIBP1,18,15,147,10.2,Yes
PPIP5K2,18,17,147,11.6,No
PRAMEF12,18,16,147,10.9,No
PRF1,18,16,176,9.1,Yes
PRKCA,18,14,147,9.5,No
PRR36,18,13,147,8.8,No
PTPN13,18,17,147,11.6,Yes
PUM1,18,15,147,10.2,Yes
QSER1,18,16,147,10.9,No
RAB3GAP1,18,17,147,11.6,No
RAB3GAP2,18,15,147,10.2,No
RAD51AP2,18,15,147,10.2,No
RBFOX1,18,15,147,10.2,No
REG1B,18,16,147,10.9,No
RFX2,18,14,147,9.5,No
RNASEL,18,12,147,8.2,No
RPS6KA2,18,14,147,9.5,No
RSPO2,18,16,147,10.9,Yes
RUNDC3B,18,15,147,10.2,No
SAFB,18,16,147,10.9,No
SAMD11,18,17,147,11.6,No
SBNO1,18,14,147,9.5,No
SEMA7A,18,16,147,10.9,No
SEMG2,18,15,147,10.2,No
SERPINA1,18,17,147,11.6,No
SERPINA3,18,15,147,10.2,No
SFTPA1,18,14,147,9.5,No
SIM2,18,16,147,10.9,No
SKIC3,18,16,147,10.9,No
SLC17A2,18,16,147,10.9,No
SLC22A14,18,15,147,10.2,No
SLC28A1,18,16,147,10.9,No
SLC2A3,18,17,147,11.6,No
SLC4A2,18,15,147,10.2,No
SLC6A12,18,15,147,10.2,No
SLC6A4,18,17,147,11.6,No
SMARCC2,18,17,147,11.6,No
SMG5,18,17,147,11.6,No
SNX13,18,16,147,10.9,No
SOHLH2,18,15,147,10.2,No
SOX30,18,16,147,10.9,No
SP110,18,16,147,10.9,No
SPAG1,18,15,147,10.2,No
SPATA17,18,12,147,8.2,No
SPINK5,18,12,147,8.2,No
SPIRE1,18,15,147,10.2,No
SRBD1,18,16,147,10.9,No
SSTR3,18,14,147,9.5,No
ST8SIA6,18,17,147,11.6,No
STAC2,18,15,147,10.2,No
STAG1,18,15,147,10.2,Yes
STARD3,18,14,147,9.5,No
STK33,18,17,147,11.6,No
STOX1,18,14,147,9.5,No
STX11,18,17,147,11.6,No
STXBP5,18,16,147,10.9,No
SYK,18,18,176,10.2,Yes
SYT11,18,15,147,10.2,No
TAF1,18,14,147,9.5,Yes
TAF1C,18,15,147,10.2,No
TASOR,18,17,147,11.6,No
TBC1D30,18,16,147,10.9,No
TBX19,18,15,147,10.2,No
TGM2,18,18,147,12.2,No
TMEM200A,18,13,147,8.8,No
TOPBP1,18,14,147,9.5,No
TRIM46,18,14,147,9.5,No
TRIM71,18,13,147,8.8,No
TRIML1,18,16,147,10.9,No
TRIP11,18,17,147,11.6,Yes
TTC13,18,14,147,9.5,No
TTC16,18,15,147,10.2,No
TTC24,18,16,147,10.9,No
TTLL9,18,18,147,12.2,No
UACA,18,17,147,11.6,No
UGT3A2,18,16,147,10.9,No
ULK4,18,17,147,11.6,No
UPF2,18,18,147,12.2,No
URGCP,18,15,147,10.2,No
USP26,18,17,147,11.6,No
USP32,18,16,147,10.9,No
USP35,18,17,147,11.6,No
VN1R2,18,17,147,11.6,No
WASHC5,18,16,147,10.9,No
WDR35,18,14,147,9.5,No
WIF1,18,16,147,10.9,Yes
XKR6,18,17,147,11.6,No
ZFP37,18,15,147,10.2,No
ZFR,18,16,147,10.9,No
ZNF350,18,12,147,8.2,No
ZNF354C,18,15,147,10.2,No
ZNF426,18,16,147,10.9,No
ZNF439,18,16,147,10.9,No
ZNF445,18,16,147,10.9,No
ZNF483,18,17,147,11.6,No
ZNF512B,18,15,147,10.2,No
ZNF606,18,12,147,8.2,No
ZNF610,18,15,147,10.2,No
ZNF844,18,14,147,9.5,No
ZNF862,18,12,147,8.2,No
ZP2,18,13,147,8.8,No
ZPBP,18,15,147,10.2,No
ZZZ3,18,16,147,10.9,No
AARS2,17,16,147,10.9,No
ABCG4,17,17,147,11.6,No
ABHD16B,17,14,147,9.5,No
ABTB3,17,14,147,9.5,No
ACSL3,17,16,176,9.1,Yes
ACTC1,17,17,147,11.6,No
ADAM32,17,17,147,11.6,No
ADAM33,17,15,147,10.2,No
ADAR,17,13,147,8.8,Yes
ADCY3,17,15,147,10.2,No
AGPS,17,15,147,10.2,No
AJAP1,17,15,147,10.2,No
ALCAM,17,15,147,10.2,No
ALDH18A1,17,16,147,10.9,No
ALDH1A2,17,15,147,10.2,No
ALOX15B,17,14,147,9.5,Yes
ALPP,17,15,147,10.2,No
ALS2,17,16,147,10.9,No
AMOT,17,14,147,9.5,No
ANKIB1,17,15,147,10.2,No
ANKRD26,17,16,147,10.9,Yes
ANKRD36,17,10,147,6.8,No
ANKS6,17,17,147,11.6,No
ANKUB1,17,15,147,10.2,No
ANXA13,17,15,147,10.2,No
AP4E1,17,11,147,7.5,No
ARHGAP40,17,14,147,9.5,No
ARHGAP42,17,17,147,11.6,No
ARHGAP9,17,15,147,10.2,No
ARHGEF18,17,14,147,9.5,No
ARHGEF7,17,15,147,10.2,No
ASAP3,17,13,147,8.8,No
ASMT,17,13,147,8.8,No
ATAD2B,17,16,147,10.9,No
ATCAY,17,15,147,10.2,No
ATP1A1,17,16,147,10.9,Yes
ATP2B4,17,14,147,9.5,No
ATP7A,17,15,147,10.2,No
B3GAT1,17,16,147,10.9,No
BCAM,17,16,147,10.9,No
BEGAIN,17,15,147,10.2,No
BEND3,17,13,147,8.8,No
BEND5,17,15,147,10.2,No
BMP10,17,16,147,10.9,No
BPIFB1,17,14,147,9.5,No
BPIFB2,17,16,147,10.9,No
BPIFB3,17,15,147,10.2,No
C10ORF90,17,15,147,10.2,No
C12ORF50,17,14,147,9.5,No
C1QC,17,14,147,9.5,No
C22ORF42,17,13,147,8.8,No
CARD10,17,15,147,10.2,No
CARD14,17,14,147,9.5,No
CASD1,17,14,147,9.5,No
CATSPERT,17,15,147,10.2,No
CC2D2A,17,16,147,10.9,No
CCDC186,17,15,147,10.2,No
CD1A,17,16,147,10.9,No
CD200R1L,17,13,147,8.8,No
CDCA2,17,15,147,10.2,No
CDK13,17,15,147,10.2,No
CDKL5,17,14,147,9.5,No
CEP97,17,15,147,10.2,No
CFAP69,17,17,147,11.6,No
CFAP92,17,13,147,8.8,No
CFHR3,17,12,147,8.2,No
CHAMP1,17,16,147,10.9,No
CHD8,17,13,147,8.8,No
CHERP,17,14,147,9.5,No
CHRNA1,17,15,147,10.2,No
CLIP3,17,16,147,10.9,No
CNGA1,17,13,147,8.8,No
COG5,17,15,147,10.2,No
CPSF2,17,15,147,10.2,No
CPSF6,17,14,147,9.5,No
CR1L,17,14,147,9.5,No
CREB3L2,17,13,147,8.8,Yes
CRIM1,17,16,147,10.9,No
CTSG,17,14,147,9.5,No
CWH43,17,14,147,9.5,No
CYP11A1,17,12,147,8.2,No
CYP4F22,17,15,147,10.2,No
DDX3X,17,11,147,7.5,Yes
DDX43,17,16,147,10.9,No
DENND1C,17,14,147,9.5,No
DHX30,17,13,147,8.8,No
DIAPH3,17,15,147,10.2,No
DIS3L2,17,14,147,9.5,Yes
DMP1,17,17,147,11.6,No
DMTN,17,16,147,10.9,No
DNAJA3,17,15,147,10.2,No
DNM2,17,16,147,10.9,Yes
DOCK11,17,13,147,8.8,No
DPP8,17,14,147,9.5,No
DRD3,17,12,147,8.2,No
DYNC2I1,17,14,147,9.5,No
DZANK1,17,16,147,10.9,No
ECEL1,17,15,147,10.2,No
EDN3,17,16,147,10.9,No
EEF1A2,17,15,147,10.2,No
EEFSEC,17,13,147,8.8,No
EIF2AK4,17,16,147,10.9,No
EIF3B,17,13,147,8.8,No
EPN2,17,17,147,11.6,No
EPRS1,17,14,147,9.5,No
ESYT1,17,15,147,10.2,No
EXOC3L2,17,12,147,8.2,No
EZH2,17,16,176,9.1,Yes
FAM117A,17,15,147,10.2,No
FAM78A,17,14,147,9.5,No
FASTKD5,17,16,147,10.9,No
FBXW10B,17,14,147,9.5,No
FGD3,17,12,147,8.2,No
FGF23,17,15,147,10.2,Yes
FOXN1,17,15,147,10.2,No
FRMD1,17,14,147,9.5,No
FSD1,17,16,147,10.9,No
FUT8,17,13,147,8.8,No
FYN,17,17,176,9.7,Yes
GAL3ST3,17,14,147,9.5,No
GAS2,17,15,147,10.2,No
GHR,17,13,147,8.8,No
GLRA1,17,16,147,10.9,No
GLRA3,17,15,147,10.2,No
GPC3,17,16,176,9.1,Yes
GPM6A,17,14,147,9.5,No
GPR139,17,14,147,9.5,No
GPRIN2,17,11,147,7.5,No
GRAMD1A,17,17,147,11.6,No
GSDMA,17,14,147,9.5,No
GYS1,17,14,147,9.5,No
H1-8,17,15,147,10.2,No
HAVCR2,17,15,147,10.2,No
HCLS1,17,15,147,10.2,No
HEXD,17,15,147,10.2,No
HIC2,17,15,147,10.2,No
HROB,17,16,147,10.9,No
HS6ST3,17,15,147,10.2,No
HTR3D,17,17,147,11.6,No
HTR3E,17,14,147,9.5,No
HTR5A,17,17,147,11.6,No
HTRA3,17,16,147,10.9,No
IARS1,17,16,147,10.9,No
IL31RA,17,17,147,11.6,No
INSYN2A,17,14,147,9.5,No
IPO7,17,15,147,10.2,No
IRF2BP1,17,13,147,8.8,No
IRF4,17,17,147,11.6,Yes
IRS1,17,14,147,9.5,Yes
ITGA2,17,12,147,8.2,No
ITGA5,17,14,147,9.5,No
ITPKB,17,14,147,9.5,Yes
KAT14,17,16,147,10.9,No
KCNA3,17,16,147,10.9,No
KCNJ18,17,10,147,6.8,No
KCNK2,17,15,147,10.2,No
KDM3A,17,15,147,10.2,No
KDM4D,17,16,147,10.9,No
KLF17,17,14,147,9.5,No
KLF18,17,11,147,7.5,No
KLHL25,17,14,147,9.5,No
KMO,17,17,147,11.6,No
KRT2,17,15,147,10.2,No
KRT3,17,13,147,8.8,No
KRTAP13-2,17,16,147,10.9,No
LAMB1,17,15,147,10.2,No
LBP,17,15,147,10.2,No
LCORL,17,15,147,10.2,No
LNPEP,17,16,147,10.9,No
LPAR1,17,13,147,8.8,No
LRFN1,17,14,147,9.5,No
LRP10,17,16,147,10.9,No
LRRC32,17,14,147,9.5,No
LRRC37B,17,15,147,10.2,No
LRRC74A,17,14,147,9.5,No
LRRN3,17,13,147,8.8,No
LUZP1,17,17,147,11.6,No
LY75,17,12,147,8.2,No
M1AP,17,16,147,10.9,No
MAK,17,14,147,9.5,No
MAML1,17,14,147,9.5,No
MAP3K13,17,17,147,11.6,Yes
MAPK7,17,16,147,10.9,No
MDGA1,17,17,147,11.6,No
MEI4,17,13,147,8.8,No
MEIOC,17,14,147,9.5,No
MGAT3,17,15,147,10.2,No
MKLN1,17,11,147,7.5,No
MMP3,17,16,147,10.9,No
MMP9,17,17,147,11.6,No
MOGAT1,17,15,147,10.2,No
MPHOSPH9,17,14,147,9.5,No
MS4A8,17,13,147,8.8,No
MUC1,17,15,147,10.2,Yes
MUC15,17,16,147,10.9,No
MVP,17,16,147,10.9,No
MYBBP1A,17,17,147,11.6,No
MYOC,17,14,147,9.5,No
NALF1,17,14,147,9.5,No
NBR1,17,16,147,10.9,No
NCAPD3,17,13,147,8.8,No
NCF2,17,15,147,10.2,No
NEK10,17,15,147,10.2,No
NHSL2,17,13,147,8.8,No
NIBAN1,17,14,147,9.5,No
NKTR,17,14,147,9.5,No
NOX1,17,16,147,10.9,No
NR4A2,17,15,147,10.2,No
NT5C1A,17,17,147,11.6,No
NTN4,17,13,147,8.8,No
NUAK2,17,14,147,9.5,No
NUP133,17,15,147,10.2,No
NXPE1,17,12,147,8.2,No
OBI1,17,16,147,10.9,No
OR13F1,17,12,147,8.2,No
OR1C1,17,14,147,9.5,No
OR1L6,17,14,147,9.5,No
OR2J3,17,13,147,8.8,No
OR2L8,17,16,147,10.9,No
OR2T3,17,15,147,10.2,No
OR4D10,17,14,147,9.5,No
OR4M2,17,11,147,7.5,No
OR51A7,17,15,147,10.2,No
OR51M1,17,15,147,10.2,No
OR51T1,17,15,147,10.2,No
OR52N4,17,16,147,10.9,No
OR5AN1,17,15,147,10.2,No
OR5D14,17,14,147,9.5,No
OR5I1,17,16,147,10.9,No
OR5M10,17,15,147,10.2,No
OR5T3,17,14,147,9.5,No
OR5W2,17,14,147,9.5,No
OR6C75,17,15,147,10.2,No
OR6K3,17,17,147,11.6,No
OR6N2,17,16,147,10.9,No
OTOP2,17,15,147,10.2,No
OTOP3,17,15,147,10.2,No
OVGP1,17,16,147,10.9,No
PAK2,17,15,147,10.2,No
PAX4,17,14,147,9.5,No
PCDHB9,17,7,147,4.8,No
PCSK6,17,12,147,8.2,No
PDCD1,17,15,147,10.2,Yes
PDE6A,17,13,147,8.8,No
PDXDC1,17,16,147,10.9,No
PGAP6,17,14,147,9.5,No
PGGHG,17,16,147,10.9,No
PGM2,17,13,147,8.8,No
PHACTR3,17,16,147,10.9,No
PI15,17,14,147,9.5,No
PIF1,17,15,147,10.2,No
PITPNM3,17,13,147,8.8,No
PIWIL4,17,14,147,9.5,No
PKD1L2,17,12,147,8.2,No
PKN3,17,15,147,10.2,No
PLA2G3,17,15,147,10.2,No
PLA2G4A,17,15,147,10.2,No
PLCG1,17,13,147,8.8,Yes
PLD2,17,17,147,11.6,No
PLVAP,17,15,147,10.2,No
PPP1R12B,17,13,147,8.8,No
PRAMEF1,17,16,147,10.9,No
PRAMEF2,17,16,147,10.9,No
PREP,17,14,147,9.5,No
PRKAG2,17,15,147,10.2,No
PRLR,17,17,147,11.6,No
PRSS12,17,13,147,8.8,No
PRSS36,17,15,147,10.2,No
PTCHD3,17,13,147,8.8,No
PTGFR,17,15,147,10.2,No
PTX4,17,14,147,9.5,No
RABGAP1,17,16,147,10.9,No
RAD21L1,17,14,147,9.5,No
RANBP3L,17,14,147,9.5,No
RB1CC1,17,15,147,10.2,No
RGS18,17,13,147,8.8,No
RIPOR1,17,14,147,9.5,No
RPE65,17,16,147,10.9,No
RPGRIP1L,17,16,147,10.9,No
RPS6KA5,17,14,147,9.5,No
RTEL1,17,17,147,11.6,Yes
RUFY4,17,14,147,9.5,No
RXRG,17,16,147,10.9,No
SAMD3,17,16,147,10.9,No
SAMD4B,17,17,147,11.6,No
SCAF11,17,16,147,10.9,No
SCAF8,17,16,147,10.9,No
SCARA5,17,16,147,10.9,No
SCARB1,17,13,147,8.8,No
SCNN1D,17,16,147,10.9,No
SEC14L3,17,13,147,8.8,No
SEMA3F,17,12,147,8.2,No
SEMA6B,17,16,147,10.9,No
SENP5,17,13,147,8.8,No
SERPINI1,17,14,147,9.5,No
SF3B3,17,17,147,11.6,No
SGK2,17,13,147,8.8,No
SH3RF1,17,14,147,9.5,No
SHROOM1,17,14,147,9.5,No
SKIC2,17,11,147,7.5,No
SLC12A7,17,17,147,11.6,No
SLC13A3,17,15,147,10.2,No
SLC18A2,17,15,147,10.2,No
SLC1A6,17,16,147,10.9,No
SLC22A25,17,16,147,10.9,No
SLC24A1,17,15,147,10.2,No
SLC30A10,17,16,147,10.9,No
SLC44A4,17,15,147,10.2,No
SLC5A9,17,13,147,8.8,No
SLC6A17,17,17,147,11.6,No
SLC6A3,17,12,147,8.2,No
SLC6A5,17,13,147,8.8,No
SLC7A7,17,17,147,11.6,No
SMC6,17,15,147,10.2,No
SMR3B,17,15,147,10.2,No
SORBS3,17,14,147,9.5,No
SPMIP7,17,14,147,9.5,No
SPNS3,17,14,147,9.5,No
STAT2,17,14,147,9.5,Yes
STIL,17,13,176,7.4,Yes
STOX2,17,16,147,10.9,No
SULT1C2,17,16,147,10.9,No
SUN5,17,16,147,10.9,No
SVOP,17,15,147,10.2,No
SWT1,17,15,147,10.2,No
SYNDIG1L,17,14,147,9.5,No
SYNPO,17,16,147,10.9,No
TBC1D16,17,14,147,9.5,No
TBC1D2B,17,17,147,11.6,No
TBX4,17,13,147,8.8,No
TEPSIN,17,13,147,8.8,No
TEX13D,17,10,147,6.8,No
TEX2,17,16,147,10.9,No
TF,17,13,147,8.8,No
TGFBR2,17,17,176,9.7,Yes
TGM1,17,16,147,10.9,No
TLR3,17,16,147,10.9,No
TLR5,17,14,147,9.5,No
TLR8,17,14,147,9.5,No
TM9SF4,17,15,147,10.2,No
TMEM222,17,16,147,10.9,No
TMEM232,17,15,147,10.2,No
TMEM63C,17,13,147,8.8,No
TNFRSF21,17,15,147,10.2,No
TPH2,17,15,147,10.2,No
TRAPPC12,17,16,147,10.9,No
TUBA3C,17,14,147,9.5,No
TUT7,17,16,147,10.9,No
U2SURP,17,15,147,10.2,No
UBAP1L,17,14,147,9.5,No
UBE3C,17,14,147,9.5,No
UBQLNL,17,15,147,10.2,No
UNC5B,17,14,147,9.5,No
UNC93A,17,16,147,10.9,No
URB2,17,15,147,10.2,No
VARS1,17,14,147,9.5,No
VAV2,17,14,147,9.5,Yes
WDR11,17,16,147,10.9,No
WDR44,17,15,147,10.2,No
WDR59,17,17,147,11.6,No
WEE2,17,16,147,10.9,No
WSCD2,17,13,147,8.8,No
XPO4,17,14,147,9.5,No
ZFP36L2,17,17,147,11.6,Yes
ZFP64,17,15,147,10.2,No
ZHX1,17,14,147,9.5,No
ZMYM2,17,15,176,8.5,Yes
ZNF219,17,11,147,7.5,No
ZNF235,17,14,147,9.5,No
ZNF274,17,14,147,9.5,No
ZNF345,17,15,147,10.2,No
ZNF468,17,15,147,10.2,No
ZNF491,17,14,147,9.5,No
ZNF530,17,16,147,10.9,No
ZNF549,17,16,147,10.9,No
ZNF564,17,14,147,9.5,No
ZNF574,17,15,147,10.2,No
ZNF613,17,13,147,8.8,No
ZNF618,17,14,147,9.5,No
ZNF671,17,17,147,11.6,No
ZNF732,17,13,147,8.8,No
ZNF782,17,16,147,10.9,No
ZSCAN23,17,13,147,8.8,No
ZSCAN5C,17,13,147,8.8,No
AAK1,16,14,147,9.5,No
ABLIM3,16,12,147,8.2,No
ACIN1,16,14,147,9.5,No
ACTG2,16,13,147,8.8,No
ADAM15,16,14,147,9.5,No
ADGRF1,16,14,147,9.5,No
AFAP1L1,16,13,147,8.8,No
AFM,16,15,147,10.2,No
AGO3,16,13,147,8.8,No
AJUBA,16,15,147,10.2,Yes
AK7,16,14,147,9.5,No
AKNAD1,16,13,147,8.8,No
ALDH1A1,16,15,147,10.2,No
ALOX15,16,15,147,10.2,No
ALPG,16,11,147,7.5,No
AMOTL1,16,15,147,10.2,No
ANGEL1,16,14,147,9.5,No
ANGPT4,16,15,147,10.2,No
ANKLE2,16,15,147,10.2,No
ANKMY1,16,13,147,8.8,No
ANKS1A,16,16,147,10.9,No
AOC2,16,13,147,8.8,No
AP2A1,16,12,147,8.2,No
APCDD1L,16,12,147,8.2,No
APOA4,16,16,147,10.9,No
APOH,16,13,147,8.8,No
ATG9B,16,12,147,8.2,No
ATP2A3,16,12,147,8.2,No
ATXN7L2,16,15,147,10.2,No
B4GALNT4,16,14,147,9.5,No
BCL11A,16,15,147,10.2,Yes
BEND2,16,13,147,8.8,No
BOC,16,15,147,10.2,No
BTBD7,16,15,147,10.2,No
BTLA,16,14,147,9.5,Yes
C1QB,16,13,147,8.8,No
CACHD1,16,15,147,10.2,No
CADM3,16,13,147,8.8,No
CALN1,16,11,147,7.5,No
CALR3,16,13,147,8.8,No
CAMK2A,16,14,147,9.5,No
CAMK2B,16,16,147,10.9,No
CARM1,16,15,147,10.2,Yes
CARS1,16,15,176,8.5,Yes
CASKIN2,16,14,147,9.5,No
CBX6,16,15,147,10.2,No
CCDC28A,16,16,147,10.9,No
CCDC57,16,13,147,8.8,No
CCDC87,16,15,147,10.2,No
CCIN,16,15,147,10.2,No
CD1B,16,14,147,9.5,No
CD1D,16,13,147,8.8,No
CDC27,16,12,147,8.2,No
CDH3,16,14,147,9.5,No
CEACAM21,16,12,147,8.2,No
CEL,16,15,147,10.2,No
CELF2,16,16,147,10.9,No
CEP170,16,13,147,8.8,No
CEP295,16,14,147,9.5,No
CEP63,16,14,147,9.5,No
CFAP52,16,14,147,9.5,No
CHRNA9,16,13,147,8.8,No
CHST13,16,13,147,8.8,No
CHST8,16,12,147,8.2,No
CLCN3,16,15,147,10.2,No
CLCN4,16,14,147,9.5,No
CLCN6,16,13,147,8.8,No
CLEC4F,16,14,147,9.5,No
CNNM2,16,14,147,9.5,No
COPB1,16,15,147,10.2,No
CPNE3,16,14,147,9.5,No
CREB3L1,16,13,147,8.8,Yes
CRX,16,13,147,8.8,No
CSF1,16,15,147,10.2,Yes
CSN2,16,12,147,8.2,No
CTAGE9,16,13,147,8.8,No
CTSH,16,12,147,8.2,No
CUL7,16,16,147,10.9,No
CXORF66,16,11,147,7.5,No
CYP3A7,16,13,147,8.8,No
CYP4Z1,16,15,147,10.2,No
CYP7A1,16,15,147,10.2,No
DCLK2,16,16,147,10.9,No
DCLRE1B,16,13,147,8.8,No
DDX25,16,13,147,8.8,No
DDX31,16,14,147,9.5,No
DHX38,16,16,147,10.9,No
DLG4,16,15,147,10.2,No
DLL4,16,12,147,8.2,No
DMKN,16,14,147,9.5,No
DNAAF11,16,14,147,9.5,No
DNAAF5,16,12,147,8.2,No
DNAI1,16,15,147,10.2,No
DOK1,16,13,147,8.8,No
DPEP2,16,15,147,10.2,No
DQX1,16,16,147,10.9,No
DZIP1,16,15,147,10.2,No
EFCC1,16,15,147,10.2,No
EFTUD2,16,13,147,8.8,No
ELP1,16,16,147,10.9,No
EPB41,16,15,147,10.2,No
ERF,16,14,147,9.5,Yes
ESPN,16,16,147,10.9,No
EXOC3L4,16,15,147,10.2,No
EXOC4,16,15,147,10.2,No
FAM120C,16,10,147,6.8,No
FAM83B,16,14,147,9.5,No
FAM83C,16,13,147,8.8,No
FBXL18,16,13,147,8.8,No
FCHO1,16,15,147,10.2,No
FGG,16,16,147,10.9,No
FILIP1L,16,15,147,10.2,No
FMOD,16,14,147,9.5,No
FOXI1,16,14,147,9.5,No
FYCO1,16,16,147,10.9,No
FZD4,16,13,147,8.8,No
GABRD,16,15,147,10.2,No
GABRP,16,13,147,8.8,No
GART,16,14,147,9.5,No
GCC2,16,16,147,10.9,No
GCK,16,15,147,10.2,No
GEMIN5,16,12,147,8.2,No
GHDC,16,15,147,10.2,No
GIMAP7,16,11,147,7.5,No
GJA10,16,15,147,10.2,No
GLCCI1,16,14,147,9.5,No
GOLGA2,16,14,147,9.5,No
GOLGA5,16,14,147,9.5,Yes
GPR37,16,12,147,8.2,No
GPSM1,16,16,147,10.9,No
GRB14,16,13,147,8.8,No
GRIN3B,16,12,147,8.2,No
GSAP,16,12,147,8.2,No
GSE1,16,14,147,9.5,No
GZMA,16,16,147,10.9,No
HAO2,16,15,147,10.2,No
HCRTR2,16,15,147,10.2,No
HDAC6,16,15,147,10.2,No
HELB,16,15,147,10.2,No
HEMGN,16,15,147,10.2,No
HEPACAM,16,12,147,8.2,No
HKDC1,16,14,147,9.5,No
HLA-B,16,10,147,6.8,Yes
HNRNPUL1,16,14,147,9.5,No
HPS4,16,13,147,8.8,No
HTR3C,16,12,147,8.2,No
ICAM1,16,16,147,10.9,No
ICAM5,16,10,147,6.8,No
IL12RB2,16,15,147,10.2,No
IL2RB,16,12,147,8.2,No
IL6ST,16,15,176,8.5,Yes
INTS5,16,13,147,8.8,No
IP6K3,16,14,147,9.5,No
IPO13,16,12,147,8.2,No
IPO4,16,14,147,9.5,No
IPO8,16,12,147,8.2,No
IQCE,16,14,147,9.5,No
ITLN1,16,14,147,9.5,No
KANSL1,16,16,147,10.9,No
KCNJ4,16,15,147,10.2,No
KCNK5,16,15,147,10.2,No
KCNN2,16,16,147,10.9,No
KCNQ1,16,16,147,10.9,No
KDM2A,16,13,147,8.8,No
KDM4A,16,15,147,10.2,No
KDM5C,16,14,176,8,Yes
KDM6A,16,14,176,8,Yes
KIAA0232,16,13,147,8.8,No
KIF12,16,15,147,10.2,No
KIF15,16,15,147,10.2,No
KIF16B,16,15,147,10.2,No
KIF27,16,14,147,9.5,No
KIR3DL3,16,16,147,10.9,No
KLHL26,16,15,147,10.2,No
KLHL29,16,14,147,9.5,No
KRT15,16,14,147,9.5,No
KRT23,16,15,147,10.2,No
KRT25,16,16,147,10.9,No
KRT72,16,14,147,9.5,No
KY,16,14,147,9.5,No
LAG3,16,15,147,10.2,No
LCTL,16,12,147,8.2,No
LGALS12,16,14,147,9.5,No
LMF1,16,13,147,8.8,No
LMOD1,16,14,147,9.5,No
LPIN2,16,11,147,7.5,No
LPL,16,14,147,9.5,No
LRRC31,16,15,147,10.2,No
LRRC36,16,14,147,9.5,No
MAD1L1,16,12,147,8.2,No
MAGEB1,16,13,147,8.8,No
MAGEC2,16,12,147,8.2,No
MAMDC4,16,14,147,9.5,No
MAP3K12,16,14,147,9.5,No
MAP3K7,16,14,176,8,Yes
MAP4K3,16,15,147,10.2,No
MAP6,16,12,147,8.2,No
MAP7,16,13,147,8.8,No
MAPK8IP2,16,12,147,8.2,No
MAS1L,16,15,147,10.2,No
MC2R,16,13,147,8.8,No
MCCC1,16,15,147,10.2,No
MCM5,16,14,147,9.5,No
MED12,16,14,176,8,Yes
MED24,16,13,147,8.8,No
MGAT4A,16,15,147,10.2,No
MICALL2,16,10,147,6.8,No
MIS18BP1,16,12,147,8.2,No
MITF,16,14,176,8,Yes
MLXIP,16,15,147,10.2,No
MMP11,16,15,176,8.5,No
MMP20,16,14,147,9.5,No
MMP27,16,16,176,9.1,No
MMRN2,16,13,147,8.8,No
MPHOSPH8,16,15,147,10.2,No
MPP2,16,14,147,9.5,No
MPRIP,16,13,147,8.8,No
MS4A5,16,14,147,9.5,No
MSH6,16,15,176,8.5,Yes
MTR,16,14,147,9.5,No
MYO1B,16,15,147,10.2,No
NCAPH,16,14,147,9.5,No
NCOA2,16,14,147,9.5,Yes
NEBL,16,15,147,10.2,No
NECTIN1,16,15,147,10.2,No
NECTIN4,16,15,147,10.2,No
NFXL1,16,14,147,9.5,No
NHLRC2,16,11,147,7.5,No
NKAIN3,16,15,147,10.2,No
NNT,16,15,147,10.2,No
NPHP3,16,15,147,10.2,No
NRG1,16,15,147,10.2,Yes
NSUN7,16,15,147,10.2,No
NUP93,16,14,147,9.5,Yes
NXPE4,16,14,147,9.5,No
OASL,16,11,147,7.5,No
OGA,16,15,147,10.2,Yes
OR10A5,16,15,147,10.2,No
OR10G4,16,15,147,10.2,No
OR10G8,16,14,147,9.5,No
OR11A1,16,15,147,10.2,No
OR2W1,16,14,147,9.5,No
OR4A47,16,15,147,10.2,No
OR4C12,16,15,147,10.2,No
OR4D2,16,14,147,9.5,No
OR4K13,16,15,147,10.2,No
OR51A4,16,16,147,10.9,No
OR52D1,16,15,147,10.2,No
OR5H15,16,11,147,7.5,No
OS9,16,14,147,9.5,No
OSBPL3,16,14,147,9.5,No
OSBPL6,16,15,147,10.2,No
OTUD7B,16,16,147,10.9,No
P3H1,16,14,147,9.5,No
PAK3,16,14,147,9.5,Yes
PAK6,16,12,147,8.2,No
PARP10,16,14,147,9.5,No
PAX7,16,14,147,9.5,Yes
PDE4A,16,12,147,8.2,No
PDILT,16,14,147,9.5,No
PENK,16,14,147,9.5,No
PHF12,16,13,147,8.8,No
PHF2,16,15,147,10.2,No
PHKB,16,13,147,8.8,No
PIGG,16,14,147,9.5,No
PIK3R4,16,15,147,10.2,No
PITPNM1,16,15,147,10.2,No
PKD2L2,16,16,147,10.9,No
PLA2G6,16,13,147,8.8,No
PLEKHH3,16,13,147,8.8,No
PLOD2,16,13,147,8.8,No
PLXNB3,16,14,147,9.5,No
POFUT2,16,16,147,10.9,No
PON1,16,14,147,9.5,No
POT1,16,14,147,9.5,Yes
POU6F1,16,13,147,8.8,No
PPFIBP2,16,16,147,10.9,No
PPIL2,16,15,147,10.2,No
PPP1R10,16,12,147,8.2,No
PPP1R12C,16,14,147,9.5,No
PPP4R1,16,14,147,9.5,No
PREPL,16,14,147,9.5,No
PRICKLE1,16,13,147,8.8,No
PRICKLE2,16,15,147,10.2,No
PRKN,16,14,176,8,Yes
PROSER3,16,15,147,10.2,No
PRPF40B,16,15,147,10.2,No
PRSS1,16,13,147,8.8,Yes
PSG1,16,13,147,8.8,No
PTK2,16,16,147,10.9,No
PTPN3,16,13,147,8.8,No
PWWP3B,16,15,147,10.2,No
PYROXD2,16,14,147,9.5,No
RAD50,16,15,147,10.2,Yes
RAD54L2,16,14,147,9.5,No
RASAL1,16,15,147,10.2,No
RASGEF1C,16,15,147,10.2,No
RASGRP2,16,13,147,8.8,No
RBM27,16,15,147,10.2,No
RBM33,16,15,147,10.2,No
RBMS3,16,15,147,10.2,No
RELA,16,14,147,9.5,Yes
RELCH,16,14,147,9.5,No
RERGL,16,14,147,9.5,No
RHAG,16,14,147,9.5,No
RHBDF1,16,13,147,8.8,No
RNF123,16,13,147,8.8,No
RNF157,16,13,147,8.8,No
RNF40,16,13,147,8.8,No
RRP1B,16,14,147,9.5,No
S1PR4,16,14,147,9.5,No
SAP130,16,11,147,7.5,No
SATB1,16,12,147,8.2,No
SCEL,16,16,147,10.9,No
SEMA4A,16,13,147,8.8,No
SEMA4B,16,14,147,9.5,No
SEPTIN14,16,13,147,8.8,No
SERPINA10,16,13,147,8.8,No
SETDB1,16,15,147,10.2,Yes
SFI1,16,14,147,9.5,No
SGCD,16,9,147,6.1,No
SH3RF2,16,16,147,10.9,No
SHBG,16,12,147,8.2,No
SIGLEC9,16,14,147,9.5,No
SIPA1,16,13,147,8.8,No
SLC12A2,16,12,147,8.2,No
SLC13A2,16,15,147,10.2,No
SLC15A2,16,14,147,9.5,No
SLC18A1,16,14,147,9.5,No
SLC22A11,16,13,147,8.8,No
SLC22A12,16,13,147,8.8,No
SLC25A48,16,14,147,9.5,No
SLC27A5,16,15,147,10.2,No
SLC35F4,16,14,147,9.5,No
SLC38A2,16,16,147,10.9,No
SLC45A2,16,16,147,10.9,No
SLC6A15,16,14,147,9.5,No
SLC6A20,16,11,147,7.5,No
SLC7A2,16,16,147,10.9,No
SLC9A1,16,15,147,10.2,No
SLITRK4,16,12,147,8.2,No
SMAD9,16,15,147,10.2,No
SMCO2,16,13,147,8.8,No
SNPH,16,12,147,8.2,No
SOHLH1,16,12,147,8.2,No
SP140L,16,12,147,8.2,No
SPTLC2,16,15,147,10.2,No
SSH2,16,16,147,10.9,No
STK32B,16,14,147,9.5,No
STON2,16,12,147,8.2,No
SUZ12,16,12,147,8.2,Yes
SYCP1,16,15,147,10.2,No
SYN3,16,15,147,10.2,No
SYNDIG1,16,14,147,9.5,No
SYTL3,16,15,147,10.2,No
TAAR2,16,14,147,9.5,No
TACR1,16,14,147,9.5,No
TANGO6,16,12,147,8.2,No
TBC1D23,16,15,147,10.2,No
TBKBP1,16,12,147,8.2,No
TDRD7,16,15,147,10.2,No
TECTB,16,14,147,9.5,No
TELO2,16,15,147,10.2,No
TEX101,16,14,147,9.5,No
THBS4,16,16,147,10.9,No
TIGIT,16,14,147,9.5,No
TINAG,16,15,147,10.2,No
TLE1,16,13,147,8.8,Yes
TLE3,16,15,147,10.2,Yes
TLE6,16,15,147,10.2,No
TMEM130,16,12,147,8.2,No
TMEM132A,16,14,147,9.5,No
TMEM151A,16,13,147,8.8,No
TMEM255B,16,13,147,8.8,No
TMEM67,16,15,147,10.2,No
TMPRSS11B,16,16,147,10.9,No
TMPRSS11F,16,14,147,9.5,No
TNFRSF11A,16,13,176,7.4,Yes
TPP2,16,14,147,9.5,No
TPST1,16,16,147,10.9,No
TRHR,16,15,147,10.2,No
TRIM3,16,14,147,9.5,No
TRIM55,16,15,147,10.2,No
TRIM60,16,13,147,8.8,No
TRPV3,16,14,147,9.5,No
TSHZ1,16,13,147,8.8,No
TTC17,16,12,147,8.2,No
TTC7B,16,13,147,8.8,No
TTF1,16,14,147,9.5,No
TTI1,16,14,147,9.5,No
TUBB4A,16,14,147,9.5,No
TUBGCP2,16,15,147,10.2,No
TXNDC11,16,16,147,10.9,No
UBE3B,16,13,147,8.8,No
UBN1,16,16,147,10.9,No
UBQLN4,16,14,147,9.5,No
ULK2,16,15,147,10.2,No
UNC45A,16,14,147,9.5,No
USHBP1,16,14,147,9.5,No
USP21,16,14,147,9.5,No
USP47,16,16,147,10.9,No
USP6NL,16,13,147,8.8,No
VIM,16,14,147,9.5,No
VNN1,16,13,147,8.8,No
VNN2,16,16,147,10.9,No
VPS41,16,16,147,10.9,No
WDPCP,16,14,147,9.5,No
WDTC1,16,14,147,9.5,No
WT1,16,12,176,6.8,Yes
WWC2,16,12,147,8.2,No
YBX2,16,13,147,8.8,No
ZBTB34,16,14,147,9.5,No
ZC3HAV1,16,14,147,9.5,No
ZIC4,16,15,176,8.5,No
ZNF10,16,12,147,8.2,No
ZNF136,16,13,147,8.8,No
ZNF184,16,14,147,9.5,No
ZNF250,16,10,147,6.8,No
ZNF264,16,12,147,8.2,No
ZNF385B,16,15,147,10.2,No
ZNF473,16,12,147,8.2,No
ZNF496,16,13,147,8.8,No
ZNF527,16,11,147,7.5,No
ZNF544,16,11,147,7.5,No
ZNF627,16,12,147,8.2,No
ZNF709,16,14,147,9.5,No
ZNF799,16,11,147,7.5,No
ZNF816,16,11,147,7.5,No
ZNF841,16,15,147,10.2,No
ZNRF4,16,14,147,9.5,No
ZP1,16,16,147,10.9,No
ZSCAN5A,16,14,147,9.5,No
ZSWIM3,16,16,147,10.9,No
AACS,15,15,147,10.2,No
AADACL3,15,13,147,8.8,No
ABAT,15,11,147,7.5,No
ABCB8,15,13,147,8.8,No
ABTB2,15,13,147,8.8,No
ACD,15,12,147,8.2,No
ACTN1,15,15,147,10.2,No
ADAM20,15,12,147,8.2,No
ADCY6,15,13,147,8.8,No
ADGRE5,15,14,147,9.5,No
AGAP2,15,11,147,7.5,No
AGBL3,15,13,147,8.8,No
AGXT,15,12,147,8.2,No
AKAP1,15,14,147,9.5,No
AKR1D1,15,13,147,8.8,No
ALLC,15,14,147,9.5,No
ALOX12B,15,14,176,8,Yes
AMER2,15,12,147,8.2,No
ANKAR,15,15,147,10.2,No
ANKRD50,15,14,147,9.5,No
ANLN,15,13,147,8.8,No
ANTXR1,15,14,147,9.5,No
ARHGAP36,15,12,147,8.2,No
ARHGAP5,15,15,147,10.2,No
ARHGEF26,15,12,147,8.2,No
ARID3B,15,14,147,9.5,Yes
ARMCX2,15,12,147,8.2,No
ARNT,15,12,176,6.8,Yes
ATF6B,15,13,147,8.8,No
ATG7,15,13,147,8.8,No
ATOSB,15,14,147,9.5,No
ATP6V0D2,15,15,147,10.2,No
ATXN7L1,15,12,147,8.2,No
AVPR1A,15,15,147,10.2,No
B4GALNT3,15,13,147,8.8,No
BCL6,15,13,176,7.4,Yes
BIVM-ERCC5,15,15,147,10.2,No
BMPR2,15,14,147,9.5,No
BSND,15,14,147,9.5,No
BTBD18,15,11,147,7.5,No
BTBD9,15,12,147,8.2,No
BTNL3,15,12,147,8.2,No
BUD13,15,13,147,8.8,No
C10ORF120,15,15,147,10.2,No
C12ORF56,15,11,147,7.5,No
C2CD5,15,13,147,8.8,No
C6ORF15,15,13,147,8.8,No
CACNB2,15,13,147,8.8,No
CBLIF,15,14,147,9.5,No
CCDC14,15,12,147,8.2,No
CCDC146,15,14,147,9.5,No
CCDC148,15,14,147,9.5,No
CCDC18,15,15,147,10.2,No
CCDC191,15,14,147,9.5,No
CCDC81,15,15,147,10.2,No
CCP110,15,14,147,9.5,No
CCR6,15,15,147,10.2,No
CD101,15,13,147,8.8,No
CDH13,15,13,147,8.8,No
CEACAM4,15,14,147,9.5,No
CEACAM7,15,12,147,8.2,No
CEBPZ,15,13,147,8.8,No
CEP162,15,13,147,8.8,No
CEP83,15,12,147,8.2,No
CERKL,15,13,147,8.8,No
CHD1L,15,15,147,10.2,No
CHRDL1,15,15,147,10.2,No
CIP2A,15,12,147,8.2,No
CLCA4,15,14,147,9.5,No
CMTR1,15,15,147,10.2,No
CNR2,15,14,147,9.5,No
CPA4,15,13,147,8.8,No
CPAP,15,15,147,10.2,No
CPXCR1,15,12,147,8.2,No
CREB5,15,14,147,9.5,No
CRMP1,15,15,147,10.2,No
CSNK1A1L,15,11,147,7.5,No
CT47B1,15,15,147,10.2,No
CTDP1,15,13,147,8.8,No
CTR9,15,14,147,9.5,Yes
CYP2J2,15,14,147,9.5,No
CYP3A4,15,14,176,8,No
CYP46A1,15,14,147,9.5,No
DACT3,15,12,147,8.2,No
DAO,15,14,147,9.5,No
DCLK3,15,14,147,9.5,No
DDR1,15,14,176,8,Yes
DDX54,15,13,147,8.8,No
DGKA,15,14,147,9.5,No
DGKH,15,15,147,10.2,No
DGKZ,15,13,147,8.8,No
DGLUCY,15,14,147,9.5,No
DHX58,15,12,147,8.2,No
DHX9,15,12,147,8.2,No
DIRAS2,15,15,147,10.2,No
DIS3,15,15,176,8.5,Yes
DMRT2,15,13,147,8.8,No
DNMT3B,15,13,147,8.8,Yes
DPEP3,15,14,147,9.5,No
DPPA3,15,14,147,9.5,No
DRD2,15,12,147,8.2,No
DSG1,15,14,147,9.5,No
DSG3,15,15,147,10.2,No
DUSP10,15,15,147,10.2,No
ECM1,15,13,147,8.8,No
ECT2,15,15,147,10.2,No
ECT2L,15,14,147,9.5,Yes
EFCAB12,15,11,147,7.5,No
EFCAB8,15,12,147,8.2,No
EFS,15,14,147,9.5,No
EIF4ENIF1,15,13,147,8.8,No
ELL2,15,14,147,9.5,Yes
ENPP6,15,14,147,9.5,No
ENPP7,15,13,147,8.8,No
ENTPD8,15,10,147,6.8,No
EPAS1,15,13,147,8.8,Yes
EPN1,15,14,147,9.5,No
EPS15L1,15,14,147,9.5,No
ERCC4,15,11,176,6.3,Yes
EXOSC10,15,14,147,9.5,No
FAM120A,15,15,147,10.2,No
FAM120B,15,14,147,9.5,No
FAM227B,15,13,147,8.8,No
FCER1A,15,12,147,8.2,No
FEZ1,15,14,147,9.5,No
FGF14,15,13,147,8.8,Yes
FGF21,15,13,147,8.8,No
FGFR1,15,13,176,7.4,Yes
FLRT2,15,14,147,9.5,No
FMO2,15,13,147,8.8,No
FNDC3A,15,13,147,8.8,No
FNIP2,15,15,147,10.2,No
FOXO1,15,13,176,7.4,Yes
FRMD5,15,14,147,9.5,No
FSIP1,15,13,147,8.8,No
FTCD,15,14,147,9.5,No
GAL3ST1,15,14,147,9.5,No
GALNT10,15,13,147,8.8,No
GATA2,15,14,176,8,Yes
GCNT3,15,11,147,7.5,No
GDPD4,15,11,147,7.5,No
GGN,15,12,147,8.2,No
GIMAP8,15,12,147,8.2,No
GPAT2,15,12,147,8.2,No
GPR152,15,13,147,8.8,No
GPR31,15,13,147,8.8,No
GPR32,15,15,147,10.2,No
GPR45,15,15,147,10.2,No
GPR85,15,13,147,8.8,No
GREM2,15,12,147,8.2,No
GRHL1,15,13,147,8.8,No
HACE1,15,14,147,9.5,No
HAL,15,14,147,9.5,No
HHAT,15,13,147,8.8,No
HJURP,15,15,147,10.2,No
HNF4A,15,12,147,8.2,No
HS3ST2,15,15,147,10.2,No
HSPH1,15,15,147,10.2,No
HTR2A,15,12,147,8.2,No
HUNK,15,15,147,10.2,No
HYOU1,15,15,147,10.2,No
IARS2,15,14,147,9.5,No
ICA1,15,13,147,8.8,No
ICE2,15,12,147,8.2,No
IGF2BP2,15,15,147,10.2,No
IL17RA,15,13,147,8.8,No
INCENP,15,15,147,10.2,No
INO80D,15,13,147,8.8,No
INSC,15,13,147,8.8,No
IPCEF1,15,12,147,8.2,No
IRF2BPL,15,11,147,7.5,No
IRS2,15,12,147,8.2,Yes
JADE2,15,13,147,8.8,No
KCNA2,15,15,147,10.2,No
KCND3,15,14,147,9.5,No
KCNG1,15,14,147,9.5,No
KCNK18,15,14,147,9.5,No
KCNN1,15,13,147,8.8,No
KCNS3,15,13,147,8.8,No
KIFAP3,15,15,147,10.2,No
KIR2DL4,15,11,147,7.5,No
KLHDC7B,15,12,147,8.2,No
KLHL5,15,13,147,8.8,No
KRT6B,15,14,147,9.5,No
KRT85,15,11,147,7.5,No
LARGE1,15,14,147,9.5,No
LARP1,15,13,147,8.8,No
LARP4,15,12,147,8.2,No
LDB2,15,15,147,10.2,No
LEMD3,15,13,147,8.8,No
LGSN,15,12,147,8.2,No
LHFPL5,15,14,147,9.5,No
LIG3,15,14,147,9.5,No
LIG4,15,14,147,9.5,No
LMNTD2,15,14,147,9.5,No
LPCAT2,15,14,147,9.5,No
LRPPRC,15,14,147,9.5,No
LYN,15,15,176,8.5,Yes
MAGEB6B,15,7,147,4.8,No
MAN1C1,15,13,147,8.8,No
MAP4K4,15,13,147,8.8,Yes
MARK2,15,13,147,8.8,No
MATN4,15,14,147,9.5,No
MCM10,15,14,147,9.5,No
MED1,15,15,147,10.2,No
MED15,15,13,147,8.8,No
MED23,15,14,147,9.5,No
MGAT1,15,13,147,8.8,No
MOCS1,15,14,147,9.5,No
MON2,15,15,147,10.2,No
MOXD1,15,11,147,7.5,No
MS4A12,15,11,147,7.5,No
MSH3,15,13,147,8.8,Yes
MX1,15,12,147,8.2,No
MYF6,15,13,147,8.8,No
NAT10,15,12,147,8.2,No
NBN,15,13,176,7.4,Yes
NBPF1,15,9,147,6.1,No
NCAPG,15,15,147,10.2,No
NCAPH2,15,12,147,8.2,No
NCL,15,15,147,10.2,No
NECAB1,15,13,147,8.8,No
NPR3,15,13,147,8.8,No
NRDE2,15,13,147,8.8,No
NRP1,15,12,147,8.2,No
NSD3,15,12,147,8.2,Yes
NSMAF,15,15,147,10.2,No
OAS2,15,13,147,8.8,No
ODF2,15,15,147,10.2,No
OLAH,15,14,147,9.5,No
OLFM1,15,14,147,9.5,No
OR13C5,15,14,147,9.5,No
OR13G1,15,15,147,10.2,No
OR1A2,15,14,147,9.5,No
OR1G1,15,13,147,8.8,No
OR2A2,15,12,147,8.2,No
OR2A25,15,13,147,8.8,No
OR2F1,15,12,147,8.2,No
OR4K14,15,12,147,8.2,No
OR51G1,15,14,147,9.5,No
OR52K1,15,15,147,10.2,No
OR5AR1,15,14,147,9.5,No
OR5B12,15,11,147,7.5,No
OR5D18,15,14,147,9.5,No
OR5H6,15,12,147,8.2,No
OR5M3,15,13,147,8.8,No
OR6B1,15,14,147,9.5,No
OR6K2,15,13,147,8.8,No
OR7G2,15,14,147,9.5,No
OR8A1,15,15,147,10.2,No
OR8B2,15,15,147,10.2,No
OR8B8,15,15,147,10.2,No
OR8D2,15,13,147,8.8,No
OR8K5,15,13,147,8.8,No
OR9Q2,15,13,147,8.8,No
OSBPL7,15,13,147,8.8,No
OTOP1,15,13,147,8.8,No
PCDHGB6,15,12,147,8.2,No
PDE4B,15,15,147,10.2,No
PGAP1,15,11,147,7.5,No
PHOX2B,15,13,176,7.4,Yes
PIAS3,15,14,147,9.5,No
PKD1L3,15,12,147,8.2,No
PLEKHG5,15,14,147,9.5,No
PLEKHM1,15,13,147,8.8,No
PLEKHO2,15,12,147,8.2,No
PLEKHS1,15,14,147,9.5,No
PLXDC1,15,13,147,8.8,No
PODXL2,15,13,147,8.8,No
POLR1B,15,13,147,8.8,No
POLR2A,15,14,147,9.5,No
POU2F2,15,12,147,8.2,Yes
PPIG,15,15,147,10.2,No
PPP1R12A,15,14,147,9.5,No
PPP3R2,15,14,147,9.5,No
PPP4R3C,15,9,147,6.1,No
PRDM10,15,15,147,10.2,No
PRDM11,15,15,147,10.2,No
PRKCE,15,12,147,8.2,No
PRKD2,15,12,147,8.2,No
PRMT8,15,13,147,8.8,No
PROX2,15,10,147,6.8,No
PRPF40A,15,14,147,9.5,No
PRR23C,15,13,147,8.8,No
PRR32,15,14,147,9.5,No
PTPN5,15,13,147,8.8,No
R3HDM1,15,13,147,8.8,No
RAD54B,15,13,147,8.8,No
RALGPS1,15,14,147,9.5,No
RARA,15,13,176,7.4,Yes
RASGRP4,15,13,147,8.8,No
RBM47,15,13,147,8.8,No
RBM5,15,13,147,8.8,No
RC3H2,15,12,147,8.2,No
RETSAT,15,13,147,8.8,No
RFPL4B,15,14,147,9.5,No
RFX5,15,13,147,8.8,No
RHBDL3,15,14,147,9.5,No
RIMS4,15,14,147,9.5,No
RPS6KA1,15,11,147,7.5,No
RSPH6A,15,12,147,8.2,No
RTL3,15,12,147,8.2,No
RUFY2,15,14,147,9.5,No
RUNX3,15,13,176,7.4,No
SALL2,15,13,147,8.8,No
SAMSN1,15,15,147,10.2,No
SASH1,15,13,147,8.8,No
SBK2,15,12,147,8.2,No
SCMH1,15,14,147,9.5,No
SEMA4G,15,14,147,9.5,No
SERPINA4,15,14,147,9.5,No
SERPINA7,15,15,147,10.2,No
SETD3,15,14,147,9.5,Yes
SHKBP1,15,10,147,6.8,No
SLC12A6,15,13,147,8.8,No
SLC14A1,15,13,147,8.8,No
SLC15A5,15,11,147,7.5,No
SLC16A7,15,14,147,9.5,No
SLC17A7,15,13,147,8.8,No
SLC22A2,15,15,176,8.5,No
SLC2A7,15,11,147,7.5,No
SLC36A2,15,13,147,8.8,No
SLC39A5,15,13,147,8.8,No
SLC44A3,15,14,147,9.5,No
SLC6A14,15,13,147,8.8,No
SLC7A3,15,12,147,8.2,No
SLC9B1,15,12,147,8.2,No
SMAP2,15,15,147,10.2,No
SMC2,15,13,147,8.8,No
SMC4,15,15,147,10.2,No
SMTNL2,15,12,147,8.2,No
SMYD3,15,12,147,8.2,Yes
SPATA20,15,14,147,9.5,No
SPECC1L,15,15,147,10.2,No
SPO11,15,12,147,8.2,No
SPON1,15,11,147,7.5,No
SPPL2C,15,13,147,8.8,No
ST8SIA4,15,13,147,8.8,No
STK10,15,13,147,8.8,No
SVOPL,15,13,147,8.8,No
SYT6,15,15,147,10.2,No
SYTL5,15,11,147,7.5,No
TACR3,15,13,147,8.8,No
TAF2,15,14,147,9.5,No
TAT,15,14,147,9.5,No
TBC1D10C,15,12,147,8.2,No
TCF3,15,13,147,8.8,Yes
TCF7L2,15,12,176,6.8,Yes
TGFBR3,15,13,147,8.8,No
TGFBRAP1,15,14,147,9.5,No
THBS2,15,14,147,9.5,No
THSD1,15,14,147,9.5,No
TINAGL1,15,14,147,9.5,No
TLK1,15,12,147,8.2,No
TLR10,15,15,147,10.2,No
TLR2,15,13,147,8.8,No
TMCO4,15,13,147,8.8,No
TMCO5A,15,10,147,6.8,No
TMEM132E,15,13,147,8.8,No
TMEM201,15,14,147,9.5,No
TMEM63B,15,15,147,10.2,No
TMEM72,15,14,147,9.5,No
TNIP3,15,14,147,9.5,No
TOR1AIP2,15,12,147,8.2,No
TOX,15,13,147,8.8,Yes
TPRX1,15,13,147,8.8,No
TRAF3IP3,15,14,147,9.5,No
TRAK2,15,15,147,10.2,No
TRH,15,14,147,9.5,No
TRIM67,15,14,147,9.5,No
TSPYL6,15,11,147,7.5,No
TSTD2,15,12,147,8.2,No
TTF2,15,13,147,8.8,No
TXLNB,15,15,147,10.2,No
TXNRD2,15,13,147,8.8,No
TYRP1,15,14,147,9.5,No
UNC13D,15,12,147,8.2,No
UNC45B,15,14,147,9.5,No
USH1G,15,15,147,10.2,No
USP31,15,13,147,8.8,No
USP33,15,14,147,9.5,No
USP43,15,13,147,8.8,No
USP8,15,13,147,8.8,Yes
VCPIP1,15,14,147,9.5,No
VEGFC,15,14,147,9.5,No
VPS11,15,13,147,8.8,No
VPS35L,15,14,147,9.5,No
WAPL,15,14,147,9.5,No
WASF2,15,13,147,8.8,No
WDR31,15,15,147,10.2,No
WIPF2,15,13,147,8.8,No
XYLT1,15,15,147,10.2,No
ZAP70,15,13,147,8.8,No
ZCCHC2,15,12,147,8.2,No
ZCWPW1,15,13,147,8.8,No
ZNF142,15,13,147,8.8,No
ZNF148,15,14,147,9.5,No
ZNF180,15,12,147,8.2,No
ZNF233,15,13,147,8.8,No
ZNF28,15,11,147,7.5,No
ZNF316,15,9,147,6.1,No
ZNF333,15,13,147,8.8,No
ZNF354A,15,13,147,8.8,No
ZNF419,15,11,147,7.5,No
ZNF547,15,13,147,8.8,No
ZNF572,15,14,147,9.5,No
ZNF616,15,12,147,8.2,No
ZNF624,15,11,147,7.5,No
ZNF682,15,12,147,8.2,No
ZNF700,15,12,147,8.2,No
ZNF730,15,10,147,6.8,No
ZNF763,15,13,147,8.8,No
ABCF3,14,12,147,8.2,No
ACR,14,14,147,9.5,No
ACTG1,14,13,147,8.8,Yes
ACTL6B,14,13,147,8.8,No
ADGRF4,14,13,147,8.8,No
ADH1B,14,14,147,9.5,No
ADRA1A,14,13,147,8.8,No
AGGF1,14,12,147,8.2,Yes
AHRR,14,13,147,8.8,No
ANAPC2,14,12,147,8.2,No
ANKRD33B,14,9,147,6.1,No
APLNR,14,13,147,8.8,Yes
APPL2,14,14,147,9.5,No
ARHGAP6,14,13,147,8.8,No
ARHGEF16,14,12,147,8.2,No
ARHGEF33,14,11,147,7.5,No
ARMC9,14,12,147,8.2,No
ARSF,14,12,147,8.2,No
ARSG,14,13,147,8.8,No
ASB17,14,13,147,8.8,No
ASB5,14,11,147,7.5,No
ASPSCR1,14,13,147,8.8,Yes
ATP13A1,14,12,147,8.2,No
ATP2C1,14,12,147,8.2,No
BABAM2,14,9,147,6.1,Yes
BASP1,14,11,147,7.5,No
BEST2,14,12,147,8.2,No
BMP1,14,13,147,8.8,No
BNC1,14,14,147,9.5,No
BRD3,14,12,147,8.2,Yes
BRSK2,14,13,147,8.8,No
C1ORF116,14,13,147,8.8,No
C1QTNF2,14,11,147,7.5,No
C2CD4C,14,12,147,8.2,No
CA5A,14,14,147,9.5,No
CA6,14,10,147,6.8,No
CACNG7,14,13,147,8.8,No
CAPN12,14,12,147,8.2,No
CAPN13,14,13,147,8.8,No
CAPN3,14,11,147,7.5,No
CAPN8,14,13,147,8.8,No
CAPZA3,14,13,147,8.8,No
CASC3,14,12,147,8.2,No
CATSPER4,14,11,147,7.5,No
CBLL1,14,14,147,9.5,No
CBY2,14,13,147,8.8,No
CCDC166,14,11,147,7.5,No
CCKAR,14,14,147,9.5,No
CD180,14,14,147,9.5,No
CD200,14,14,147,9.5,No
CD2AP,14,12,147,8.2,No
CD6,14,14,147,9.5,No
CDC25C,14,14,147,9.5,No
CDYL2,14,11,147,7.5,No
CENPC,14,14,147,9.5,No
CFI,14,14,147,9.5,No
CHGA,14,12,147,8.2,No
CHI3L1,14,13,147,8.8,No
CHI3L2,14,12,147,8.2,No
CHRNA2,14,14,147,9.5,No
CHRNA3,14,12,147,8.2,No
CHRNA4,14,13,147,8.8,No
CILK1,14,13,147,8.8,Yes
CLASP2,14,12,147,8.2,No
CLCN2,14,12,147,8.2,No
CLEC4M,14,12,147,8.2,No
CLNK,14,13,147,8.8,No
CLPTM1,14,11,147,7.5,No
CLSTN3,14,13,147,8.8,No
CLYBL,14,13,147,8.8,No
CNKSR3,14,11,147,7.5,No
CNNM1,14,12,147,8.2,No
CNNM4,14,12,147,8.2,No
COLQ,14,14,147,9.5,No
COMP,14,11,147,7.5,No
CPEB2,14,13,147,8.8,No
CPSF3,14,13,147,8.8,No
CPVL,14,12,147,8.2,No
CRNKL1,14,13,147,8.8,No
CROT,14,12,147,8.2,No
CRP,14,13,147,8.8,No
CTSE,14,14,147,9.5,No
CYP19A1,14,13,147,8.8,Yes
CYP4F12,14,12,147,8.2,No
DAW1,14,13,147,8.8,No
DCAF12L2,14,12,147,8.2,No
DCAF8L1,14,11,147,7.5,No
DDX11,14,13,147,8.8,No
DDX42,14,13,147,8.8,No
DDX5,14,13,176,7.4,Yes
DHX15,14,13,147,8.8,Yes
DHX16,14,12,147,8.2,No
DKK2,14,13,147,8.8,Yes
DMRTB1,14,12,147,8.2,No
DNAI2,14,13,147,8.8,No
DOC2A,14,13,147,8.8,No
DPP9,14,12,147,8.2,No
DPY19L3,14,14,147,9.5,No
DSE,14,13,147,8.8,No
DSG2,14,14,147,9.5,No
DSTYK,14,11,147,7.5,No
DTX3,14,9,147,6.1,No
DYRK1B,14,13,147,8.8,No
DZIP1L,14,12,147,8.2,No
EEF2,14,13,147,8.8,No
EFHC1,14,14,147,9.5,No
EIF4G3,14,12,147,8.2,No
ELMO3,14,12,147,8.2,No
ENTREP1,14,10,147,6.8,No
EPB42,14,13,147,8.8,No
EPHX1,14,12,147,8.2,No
ERAP2,14,12,147,8.2,No
ERC1,14,14,176,8,Yes
ESS2,14,14,147,9.5,No
ESYT3,14,10,147,6.8,No
EVI5,14,13,147,8.8,No
EWSR1,14,12,176,6.8,Yes
EXOC6,14,12,147,8.2,No
F2,14,12,147,8.2,No
FAAP100,14,12,147,8.2,No
FAM169A,14,12,147,8.2,No
FAM171B,14,13,147,8.8,No
FAM186B,14,13,147,8.8,No
FAM234B,14,13,147,8.8,No
FAM83D,14,12,147,8.2,No
FBLN5,14,13,147,8.8,No
FBP1,14,12,147,8.2,No
FBXO38,14,13,147,8.8,No
FBXO43,14,13,147,8.8,No
FBXO47,14,11,147,7.5,No
FERD3L,14,11,147,7.5,No
FES,14,12,176,6.8,Yes
FETUB,14,13,147,8.8,No
FGD6,14,12,147,8.2,No
FGFRL1,14,11,147,7.5,No
FHIP1A,14,13,147,8.8,No
FHOD1,14,13,147,8.8,No
FLAD1,14,11,147,7.5,No
FNBP4,14,13,147,8.8,No
FOXP4,14,13,147,8.8,No
FOXR1,14,11,147,7.5,No
GALC,14,14,147,9.5,No
GALNT9,14,12,147,8.2,No
GAP43,14,12,147,8.2,No
GBP6,14,13,147,8.8,No
GCSAML,14,12,147,8.2,No
GDPD5,14,13,147,8.8,No
GGCX,14,13,147,8.8,No
GGT1,14,13,147,8.8,No
GIT1,14,12,147,8.2,No
GLDC,14,12,147,8.2,No
GLUD2,14,11,147,7.5,No
GMPPA,14,14,147,9.5,No
GOLGA8S,14,11,147,7.5,No
GPC2,14,11,147,7.5,No
GPR148,14,13,147,8.8,No
GPR149,14,13,147,8.8,No
GPR156,14,12,147,8.2,No
GPR17,14,12,147,8.2,No
GPR50,14,13,147,8.8,No
GPRC5B,14,12,147,8.2,No
GRINA,14,11,147,7.5,No
GSPT2,14,11,147,7.5,No
GTF3C5,14,13,147,8.8,No
GTPBP1,14,13,147,8.8,No
GUCY2C,14,14,147,9.5,No
HCN3,14,11,147,7.5,No
HDAC5,14,13,147,8.8,No
HDAC7,14,13,147,8.8,Yes
HIF1A,14,12,176,6.8,Yes
HIRA,14,14,147,9.5,Yes
HK1,14,14,147,9.5,No
HPN,14,10,147,6.8,No
HSD17B3,14,13,147,8.8,No
HSD3B2,14,12,147,8.2,No
HSP90AA1,14,13,176,7.4,Yes
IL12RB1,14,12,147,8.2,No
IL17RD,14,11,147,7.5,No
IL2RA,14,13,147,8.8,Yes
IL4R,14,13,147,8.8,No
ILF3,14,13,147,8.8,No
INHA,14,13,147,8.8,Yes
INTS2,14,10,147,6.8,No
INTS4,14,13,147,8.8,No
INTU,14,14,147,9.5,No
IQCM,14,9,147,6.1,No
IRAG2,14,11,147,7.5,No
IRX1,14,13,147,8.8,No
ITGB5,14,12,147,8.2,No
JPH4,14,12,147,8.2,No
KANSL3,14,12,147,8.2,No
KAZN,14,12,147,8.2,No
KCNC3,14,14,147,9.5,No
KCNH3,14,12,147,8.2,No
KCNK13,14,13,147,8.8,No
KCNS2,14,12,147,8.2,No
KERA,14,12,147,8.2,No
KIF20B,14,12,147,8.2,No
KIF3A,14,13,147,8.8,No
KIF9,14,12,147,8.2,No
KIR3DL1,14,11,147,7.5,No
KIRREL1,14,12,147,8.2,No
KLHL14,14,13,147,8.8,No
KLHL33,14,11,147,7.5,No
KRT13,14,14,147,9.5,No
KRT74,14,13,147,8.8,No
KRT78,14,12,147,8.2,No
LAD1,14,13,147,8.8,No
LAMP3,14,13,147,8.8,No
LEF1,14,11,147,7.5,Yes
LGI2,14,11,147,7.5,No
LILRA5,14,13,147,8.8,No
LIMA1,14,12,147,8.2,No
LMX1A,14,12,147,8.2,No
LOXL4,14,13,147,8.8,No
LRCH2,14,11,147,7.5,No
LRIT2,14,13,147,8.8,No
LRRCC1,14,12,147,8.2,No
LSAMP,14,12,147,8.2,No
LZTS3,14,12,147,8.2,No
MAB21L2,14,12,147,8.2,No
MAGEB3,14,12,147,8.2,No
MAGEE2,14,12,147,8.2,No
MAN1A2,14,14,147,9.5,No
MAP3K11,14,11,147,7.5,No
MAP3K20,14,14,147,9.5,No
MAP3K3,14,11,147,7.5,No
MAPK4,14,10,147,6.8,No
MARK1,14,11,147,7.5,No
MARK3,14,14,147,9.5,No
MARVELD2,14,13,147,8.8,No
MASTL,14,13,147,8.8,Yes
MAT1A,14,13,147,8.8,No
MAVS,14,14,147,9.5,No
MDM1,14,12,147,8.2,No
MEF2D,14,12,147,8.2,Yes
MEIS2,14,12,147,8.2,No
MIOS,14,12,147,8.2,No
MLLT6,14,12,147,8.2,Yes
MMP15,14,12,147,8.2,No
MMS19,14,12,147,8.2,No
MOCOS,14,13,147,8.8,No
MS4A4A,14,11,147,7.5,No
MS4A7,14,14,147,9.5,No
MTHFR,14,11,176,6.3,Yes
MTMR3,14,13,147,8.8,No
MTNR1B,14,13,147,8.8,No
MTREX,14,12,147,8.2,No
MTSS2,14,12,147,8.2,No
MYB,14,12,147,8.2,Yes
MYF5,14,9,147,6.1,No
MYO1E,14,13,147,8.8,No
NCOA7,14,12,147,8.2,No
NEK9,14,13,147,8.8,No
NFKB1,14,12,176,6.8,No
NFKBIZ,14,12,147,8.2,No
NHSL3,14,12,147,8.2,No
NKAPL,14,13,147,8.8,No
NOL6,14,11,147,7.5,No
NPNT,14,13,147,8.8,No
OAS3,14,12,147,8.2,No
OLFM4,14,13,147,8.8,No
OLFML3,14,13,147,8.8,No
OPN4,14,13,147,8.8,No
OPRD1,14,14,147,9.5,No
OR10A4,14,13,147,8.8,No
OR10G2,14,13,147,8.8,No
OR10G7,14,11,147,7.5,No
OR10K2,14,11,147,7.5,No
OR10P1,14,14,147,9.5,No
OR10R2,14,14,147,9.5,No
OR10W1,14,12,147,8.2,No
OR13D1,14,13,147,8.8,No
OR14J1,14,14,147,9.5,No
OR1F1,14,13,147,8.8,No
OR1J2,14,12,147,8.2,No
OR2AG2,14,12,147,8.2,No
OR2C1,14,11,147,7.5,No
OR2J2,14,14,147,9.5,No
OR2T10,14,11,147,7.5,No
OR52E4,14,12,147,8.2,No
OR56B1,14,13,147,8.8,No
OR5AP2,14,12,147,8.2,No
OR5M11,14,11,147,7.5,No
OR6A2,14,11,147,7.5,No
OR6C3,14,12,147,8.2,No
OR7E24,14,10,147,6.8,No
OR8D1,14,13,147,8.8,No
ORC3,14,13,147,8.8,No
OSBPL2,14,14,147,9.5,No
OTUD4,14,12,147,8.2,No
OTX2,14,13,147,8.8,No
P2RX1,14,13,147,8.8,No
P4HA3,14,14,147,9.5,No
PABPC4,14,14,147,9.5,No
PADI3,14,12,147,8.2,No
PALB2,14,12,176,6.8,Yes
PANX2,14,11,147,7.5,No
PARP6,14,14,147,9.5,No
PBXIP1,14,11,147,7.5,No
PCDHGC4,14,13,147,8.8,No
PDE1B,14,13,147,8.8,No
PDE7B,14,12,147,8.2,No
PGM2L1,14,12,147,8.2,No
PHACTR2,14,12,147,8.2,No
PHEX,14,12,147,8.2,No
PIGU,14,13,147,8.8,No
PIK3C3,14,11,147,7.5,Yes
PJVK,14,12,147,8.2,No
PLCZ1,14,12,147,8.2,No
PLEKHG6,14,14,147,9.5,No
PLEKHG7,14,13,147,8.8,No
PLEKHN1,14,12,147,8.2,No
PLPP7,14,11,147,7.5,No
PLS1,14,14,147,9.5,No
PLXDC2,14,13,147,8.8,No
PML,14,10,176,5.7,Yes
PODXL,14,13,147,8.8,No
POLDIP2,14,11,147,7.5,No
POMGNT1,14,14,147,9.5,No
POMGNT2,14,14,147,9.5,No
POPDC2,14,12,147,8.2,No
PPM1E,14,13,147,8.8,No
PPP2R1A,14,14,176,8,Yes
PPP4R3A,14,11,147,7.5,No
PPP6R2,14,13,147,8.8,No
PRAMEF4,14,11,147,7.5,No
PRKACG,14,13,147,8.8,No
PRL,14,12,147,8.2,No
PRODH2,14,12,147,8.2,No
PROKR1,14,13,147,8.8,No
PSG6,14,11,147,7.5,No
PTPN12,14,12,147,8.2,No
PTPRA,14,13,147,8.8,No
PWWP2B,14,11,147,7.5,No
QSOX2,14,13,147,8.8,No
QTGAL,14,13,147,8.8,No
RAPH1,14,14,147,9.5,No
RETREG2,14,11,147,7.5,No
RFPL1,14,13,147,8.8,No
RHO,14,13,147,8.8,No
RHOBTB2,14,12,147,8.2,No
RHOT1,14,11,147,7.5,No
RHPN2,14,11,147,7.5,No
RIC1,14,13,147,8.8,No
RINL,14,14,147,9.5,No
RIPK3,14,12,176,6.8,No
RNF31,14,10,147,6.8,No
RORC,14,13,147,8.8,No
RSPH4A,14,12,147,8.2,No
RTL10,14,13,147,8.8,No
RTP2,14,14,147,9.5,No
RUNX2,14,12,147,8.2,Yes
SAFB2,14,14,147,9.5,No
SAMHD1,14,11,147,7.5,Yes
SCUBE3,14,12,147,8.2,No
SCYL2,14,12,147,8.2,No
SEC23IP,14,13,147,8.8,No
SEPTIN3,14,12,147,8.2,No
SERPINA12,14,9,147,6.1,No
SERTAD4,14,13,147,8.8,No
SETDB2,14,13,147,8.8,Yes
SF1,14,12,147,8.2,No
SF3A1,14,9,147,6.1,No
SFMBT1,14,12,147,8.2,No
SFTPA2,14,14,147,9.5,No
SFTPB,14,12,147,8.2,No
SGCA,14,13,147,8.8,No
SGCE,14,13,147,8.8,No
SGK3,14,11,176,6.3,No
SH2D4A,14,13,147,8.8,No
SH3BP4,14,12,147,8.2,No
SH3KBP1,14,14,147,9.5,No
SH3RF3,14,11,147,7.5,No
SHE,14,13,147,8.8,No
SIX4,14,14,176,8,No
SLC17A1,14,12,147,8.2,No
SLC1A2,14,11,147,7.5,Yes
SLC1A7,14,12,147,8.2,No
SLC20A1,14,14,147,9.5,No
SLC22A1,14,11,147,7.5,No
SLC22A7,14,12,147,8.2,No
SLC25A21,14,11,147,7.5,No
SLC27A2,14,11,147,7.5,No
SLC28A3,14,13,147,8.8,No
SLC30A2,14,13,147,8.8,No
SLC36A1,14,13,147,8.8,No
SLC39A10,14,12,147,8.2,No
SLC41A3,14,13,147,8.8,No
SLC43A3,14,13,147,8.8,No
SLC4A11,14,11,147,7.5,No
SLC4A9,14,13,147,8.8,No
SLC6A1,14,11,147,7.5,No
SLC6A9,14,11,147,7.5,No
SLC7A9,14,11,147,7.5,No
SMARCA1,14,12,147,8.2,Yes
SMARCAL1,14,12,147,8.2,No
SMR3A,14,12,147,8.2,No
SOAT2,14,12,147,8.2,No
SOX9,14,14,147,9.5,Yes
SP100,14,12,147,8.2,No
SPART,14,12,147,8.2,No
SPATA31A6,14,10,147,6.8,No
SPIRE2,14,13,147,8.8,No
SPZ1,14,12,147,8.2,No
SSTR5,14,13,147,8.8,No
STRC,14,14,147,9.5,No
STRN,14,14,147,9.5,Yes
SUGP1,14,13,147,8.8,No
SULT1A1,14,12,176,6.8,No
SUPT20H,14,12,147,8.2,No
SYT1,14,13,147,8.8,No
SYT13,14,12,147,8.2,No
SYT17,14,13,147,8.8,No
TAAR8,14,13,147,8.8,No
TAB3,14,12,147,8.2,No
TACC3,14,13,147,8.8,No
TAF4,14,13,147,8.8,No
TAOK1,14,12,147,8.2,No
TAS2R1,14,12,147,8.2,No
TATDN2,14,11,147,7.5,No
TBC1D4,14,14,147,9.5,No
TBC1D8,14,12,147,8.2,No
TBC1D8B,14,12,147,8.2,No
TBXA2R,14,12,147,8.2,No
TBXAS1,14,12,147,8.2,No
TCERG1L,14,12,147,8.2,No
TCF12,14,13,147,8.8,Yes
TCN2,14,14,147,9.5,No
TEAD2,14,14,147,9.5,No
TECRL,14,13,147,8.8,No
TEKT5,14,14,147,9.5,No
TFDP3,14,13,147,8.8,No
THBS3,14,12,147,8.2,No
TIMM44,14,10,147,6.8,No
TIMM50,14,12,147,8.2,No
TLE2,14,12,147,8.2,Yes
TMC6,14,9,147,6.1,No
TMEFF2,14,14,147,9.5,No
TMEM209,14,10,147,6.8,No
TMEM71,14,11,147,7.5,No
TMPRSS3,14,13,147,8.8,No
TNFRSF1B,14,14,147,9.5,No
TNIP1,14,14,147,9.5,No
TNPO3,14,12,147,8.2,No
TPCN1,14,13,147,8.8,No
TPK1,14,11,147,7.5,No
TPSG1,14,13,147,8.8,No
TRABD2B,14,12,147,8.2,No
TRAF3IP1,14,12,147,8.2,No
TRDMT1,14,11,147,7.5,No
TREH,14,12,147,8.2,No
TRIM22,14,13,147,8.8,No
TRIM49,14,13,147,8.8,No
TRIM51G,14,10,147,6.8,No
TSNARE1,14,14,147,9.5,No
TSPEAR,14,13,147,8.8,No
TTC21B,14,13,147,8.8,No
TTC27,14,12,147,8.2,No
TTC31,14,12,147,8.2,No
TTLL12,14,13,147,8.8,No
TTLL8,14,10,147,6.8,No
TTPA,14,13,147,8.8,No
TWNK,14,14,147,9.5,No
UBE4A,14,13,147,8.8,No
UGT2A1,14,13,147,8.8,No
UGT2B17,14,12,147,8.2,No
USP17L2,14,12,147,8.2,No
USP2,14,14,147,9.5,No
USP4,14,14,147,9.5,No
USP9Y,14,11,147,7.5,No
UTP18,14,13,147,8.8,No
UVRAG,14,13,147,8.8,No
VANGL2,14,13,147,8.8,No
VASP,14,12,147,8.2,No
VAV3,14,12,147,8.2,No
WASF3,14,11,147,7.5,No
WASHC4,14,13,147,8.8,No
WDR36,14,12,147,8.2,No
WDR70,14,14,147,9.5,No
WRN,14,13,176,7.4,Yes
XAB2,14,13,147,8.8,No
XPO5,14,14,147,9.5,No
XRCC1,14,13,147,8.8,Yes
ZBED4,14,10,176,5.7,No
ZBTB21,14,11,147,7.5,No
ZBTB41,14,11,147,7.5,No
ZBTB7A,14,13,147,8.8,Yes
ZBTB7B,14,12,147,8.2,No
ZFAND4,14,13,147,8.8,No
ZFP14,14,10,147,6.8,No
ZFP62,14,13,147,8.8,No
ZNF107,14,12,147,8.2,No
ZNF117,14,13,147,8.8,No
ZNF132,14,13,147,8.8,No
ZNF154,14,13,147,8.8,No
ZNF169,14,12,147,8.2,No
ZNF202,14,12,147,8.2,No
ZNF234,14,13,147,8.8,No
ZNF251,14,13,147,8.8,No
ZNF287,14,13,147,8.8,No
ZNF320,14,12,147,8.2,No
ZNF331,14,13,147,8.8,Yes
ZNF337,14,13,147,8.8,No
ZNF365,14,11,147,7.5,No
ZNF431,14,13,147,8.8,No
ZNF583,14,11,147,7.5,No
ZNF605,14,12,147,8.2,No
ZNF623,14,11,147,7.5,No
ZNF662,14,13,147,8.8,No
ZNF675,14,9,147,6.1,No
ZNF678,14,13,147,8.8,No
ZNF683,14,10,147,6.8,No
ZNF689,14,12,147,8.2,No
ZNF70,14,13,147,8.8,No
ZNF704,14,9,147,6.1,No
ZNF723,14,9,147,6.1,No
ZNF774,14,13,147,8.8,No
ZNF780B,14,12,147,8.2,No
ZNF792,14,13,147,8.8,No
ZNF814,14,11,147,7.5,No
ZSCAN31,14,13,147,8.8,No
AAAS,13,10,147,6.8,No
AARS1,13,13,147,8.8,No
ACTL7B,13,13,147,8.8,No
ACTL8,13,12,147,8.2,No
ADAM9,13,12,147,8.2,No
ADAP2,13,12,147,8.2,No
ADGRF2P,13,13,147,8.8,No
ADGRG1,13,10,147,6.8,No
ADORA2A,13,12,147,8.2,No
AGFG1,13,13,147,8.8,No
AGFG2,13,11,147,7.5,No
AGXT2,13,12,147,8.2,No
AIPL1,13,11,147,7.5,No
AKAP17A,13,11,147,7.5,No
AMY2B,13,11,147,7.5,No
ANKK1,13,13,147,8.8,No
ANKLE1,13,13,147,8.8,No
ANKRD52,13,9,147,6.1,No
AP2A2,13,11,147,7.5,No
AP3B1,13,13,147,8.8,No
ARHGAP11A,13,11,147,7.5,No
ARHGAP25,13,10,147,6.8,No
ARHGAP28,13,11,147,7.5,No
ARHGAP45,13,9,147,6.1,No
ARHGEF19,13,11,147,7.5,No
ARHGEF25,13,11,147,7.5,No
ARHGEF37,13,13,147,8.8,No
ARMC2,13,11,147,7.5,No
ARSI,13,12,147,8.2,No
ASB15,13,13,147,8.8,No
ASB4,13,13,147,8.8,No
ASIC2,13,13,147,8.8,No
ASPH,13,12,147,8.2,No
ATP11B,13,12,147,8.2,No
ATP11C,13,12,147,8.2,No
ATP6V0A1,13,12,147,8.2,No
B3GALT5,13,13,147,8.8,No
BBS7,13,13,147,8.8,No
BCL11B,13,11,147,7.5,Yes
BIRC3,13,12,176,6.8,Yes
BPIFA3,13,13,147,8.8,No
BTN2A2,13,12,147,8.2,No
C16ORF46,13,13,147,8.8,No
C2CD2L,13,12,147,8.2,No
C2ORF42,13,12,147,8.2,No
C6ORF89,13,13,147,8.8,No
CACNG4,13,12,147,8.2,No
CAGE1,13,11,147,7.5,No
CALB2,13,13,147,8.8,No
CAPRIN2,13,12,147,8.2,No
CARF,13,12,147,8.2,No
CBLL2,13,12,147,8.2,No
CCBE1,13,11,147,7.5,No
CCDC136,13,11,147,7.5,No
CCDC175,13,11,147,7.5,No
CCDC61,13,12,147,8.2,No
CCDC83,13,13,147,8.8,No
CCKBR,13,12,147,8.2,No
CDC14C,13,9,147,6.1,No
CDC42EP3,13,12,147,8.2,No
CDC45,13,12,147,8.2,No
CDC5L,13,12,147,8.2,No
CELF5,13,13,147,8.8,No
CFAP45,13,13,147,8.8,No
CFAP77,13,12,147,8.2,No
CHDH,13,12,147,8.2,No
CHML,13,11,147,7.5,No
CHN2,13,12,147,8.2,No
CHRNA6,13,10,147,6.8,No
CIB4,13,9,147,6.1,No
CLIC6,13,10,147,6.8,No
COG7,13,11,147,7.5,No
CORO2B,13,12,147,8.2,No
CPA2,13,12,147,8.2,No
CPT1A,13,12,147,8.2,No
CTNNB1,13,13,176,7.4,Yes
CTNND1,13,12,147,8.2,No
CUEDC1,13,13,147,8.8,No
CYLD,13,12,176,6.8,Yes
CYP17A1,13,12,147,8.2,Yes
CYP1A2,13,11,147,7.5,No
CYP8B1,13,13,147,8.8,No
DAAM1,13,12,147,8.2,No
DAXX,13,13,176,7.4,Yes
DCAF15,13,13,147,8.8,No
DCAF6,13,12,147,8.2,No
DCP1B,13,10,147,6.8,No
DCST1,13,12,147,8.2,No
DDO,13,13,147,8.8,No
DELE1,13,13,147,8.8,No
DEUP1,13,13,147,8.8,No
DHTKD1,13,13,147,8.8,No
DHX36,13,13,147,8.8,No
DIAPH2,13,12,147,8.2,No
DNAAF1,13,11,147,7.5,No
DNAAF8,13,12,147,8.2,No
DOK5,13,13,147,8.8,No
DOK6,13,10,147,6.8,No
DPP4,13,11,147,7.5,No
DSC1,13,13,147,8.8,No
DTX2,13,11,147,7.5,No
DYTN,13,12,147,8.2,No
ECE1,13,12,147,8.2,No
ECM2,13,11,147,7.5,No
EDEM2,13,10,147,6.8,No
EEF2K,13,13,147,8.8,No
ENDOD1,13,12,147,8.2,No
ENOX1,13,10,147,6.8,No
EPB41L5,13,13,147,8.8,No
ERCC3,13,13,176,7.4,Yes
ERP27,13,13,147,8.8,No
ERVV-1,13,9,147,6.1,No
ESRP1,13,11,176,6.3,No
ETV7,13,11,147,7.5,No
EXO5,13,13,147,8.8,No
EXTL3,13,12,147,8.2,No
FAH,13,13,147,8.8,No
FAM227A,13,12,147,8.2,No
FAN1,13,13,147,8.8,No
FANCB,13,9,176,5.1,Yes
FASLG,13,12,147,8.2,No
FBH1,13,11,147,7.5,No
FCAR,13,12,147,8.2,No
FERMT2,13,11,147,7.5,No
FEZF1,13,12,147,8.2,No
FFAR1,13,9,147,6.1,No
FGF13,13,12,147,8.2,No
FGGY,13,11,147,7.5,No
FGR,13,12,147,8.2,No
FKBP15,13,11,147,7.5,No
FLRT1,13,11,147,7.5,No
FMNL2,13,11,147,7.5,No
FNBP1,13,11,147,7.5,Yes
FOXO3,13,10,176,5.7,Yes
FPR3,13,12,147,8.2,No
FRS3,13,13,147,8.8,No
FURIN,13,12,147,8.2,Yes
FUT5,13,10,147,6.8,No
FZD3,13,10,147,6.8,No
FZR1,13,12,147,8.2,Yes
GABBR1,13,10,147,6.8,No
GALNT14,13,13,147,8.8,No
GALNT16,13,11,147,7.5,No
GAREM2,13,11,147,7.5,No
GARIN1B,13,12,147,8.2,No
GARIN2,13,12,147,8.2,No
GATAD2A,13,9,147,6.1,No
GBA3,13,9,147,6.1,No
GCNT2,13,12,147,8.2,No
GDAP1,13,12,147,8.2,No
GFPT2,13,11,147,7.5,No
GFY,13,7,147,4.8,No
GNAL,13,11,147,7.5,No
GNAT3,13,11,147,7.5,No
GP5,13,9,147,6.1,No
GPR142,13,10,147,6.8,No
GPR61,13,12,147,8.2,No
GRAMD1C,13,12,147,8.2,No
GRPR,13,9,147,6.1,No
GSTCD,13,12,147,8.2,No
GTF3C2,13,11,147,7.5,No
GYG2,13,13,147,8.8,No
HAP1,13,12,147,8.2,No
HCFC2,13,12,147,8.2,No
HDGFL2,13,10,147,6.8,No
HMGCLL1,13,12,147,8.2,No
HMGXB4,13,12,147,8.2,No
HNRNPA1L3,13,5,147,3.4,No
HNRNPU,13,12,147,8.2,No
HPS3,13,11,147,7.5,No
HS3ST5,13,13,147,8.8,No
HSD11B1,13,10,147,6.8,No
IFFO1,13,10,147,6.8,No
IFIT1B,13,13,147,8.8,No
IL17F,13,12,147,8.2,No
IL18R1,13,11,147,7.5,No
IL23R,13,12,147,8.2,No
IL37,13,12,147,8.2,No
IRAK2,13,12,147,8.2,No
IRX4,13,10,147,6.8,No
ITGB8,13,11,147,7.5,No
IVL,13,10,147,6.8,No
IWS1,13,11,147,7.5,No
IZUMO3,13,12,147,8.2,No
JADE3,13,11,147,7.5,No
JUP,13,12,147,8.2,No
KBTBD12,13,11,147,7.5,No
KCNJ12,13,11,147,7.5,No
KCNMB1,13,13,147,8.8,No
KCNV2,13,12,147,8.2,No
KIF3B,13,11,147,7.5,No
KLF12,13,10,147,6.8,No
KLHDC8A,13,10,147,6.8,No
KLHL40,13,11,147,7.5,No
KRT10,13,13,147,8.8,No
KRT18,13,11,147,7.5,No
KRT33A,13,12,147,8.2,No
KRT33B,13,11,147,7.5,No
KRT36,13,12,147,8.2,No
KRT75,13,11,147,7.5,No
KRT82,13,9,147,6.1,No
KRT83,13,11,147,7.5,No
KRTAP5-1,13,11,147,7.5,No
KRTAP5-4,13,12,147,8.2,No
LAIR2,13,11,147,7.5,No
LGALS4,13,13,147,8.8,No
LILRB3,13,12,147,8.2,No
LIPH,13,12,147,8.2,No
LIPM,13,9,147,6.1,No
LRP3,13,12,147,8.2,No
LRRC49,13,12,147,8.2,No
MAML3,13,10,147,6.8,No
MAP3K6,13,12,147,8.2,Yes
MAPK1IP1L,13,13,147,8.8,No
MARS1,13,13,147,8.8,No
MATK,13,13,147,8.8,No
MATN2,13,13,147,8.8,No
MCCC2,13,13,147,8.8,No
ME3,13,13,147,8.8,No
MEIS3,13,11,147,7.5,No
MFAP3L,13,12,147,8.2,No
MICALL1,13,11,147,7.5,No
MICB,13,10,147,6.8,No
MIPEP,13,11,147,7.5,No
MKS1,13,13,147,8.8,No
MMP2,13,12,176,6.8,No
MMP25,13,12,147,8.2,No
MRE11,13,12,176,6.8,Yes
MRGPRX3,13,13,147,8.8,No
MS4A3,13,13,147,8.8,No
MSH5,13,12,147,8.2,No
MSTO1,13,10,147,6.8,No
MTHFD1,13,12,147,8.2,No
MTMR10,13,10,147,6.8,No
MTRR,13,12,147,8.2,No
MTUS1,13,12,147,8.2,No
MYL1,13,12,147,8.2,No
MYO1D,13,13,147,8.8,No
MYOG,13,11,147,7.5,No
NAA25,13,12,147,8.2,No
NACC2,13,11,147,7.5,No
NADSYN1,13,13,147,8.8,No
NEDD4L,13,11,147,7.5,No
NEFM,13,13,147,8.8,No
NEUROD6,13,10,147,6.8,No
NFIX,13,10,147,6.8,No
NIBAN2,13,12,147,8.2,No
NKD2,13,13,147,8.8,No
NOL9,13,13,147,8.8,No
NOP9,13,12,147,8.2,No
NPY1R,13,13,147,8.8,No
NRDC,13,10,147,6.8,No
NRG2,13,11,147,7.5,No
NRROS,13,12,147,8.2,No
NTMT2,13,12,147,8.2,No
NTNG2,13,12,147,8.2,No
NUMBL,13,12,147,8.2,No
NYX,13,7,147,4.8,No
ODAM,13,12,147,8.2,No
ODF1,13,12,147,8.2,No
OIT3,13,10,147,6.8,No
OPTC,13,12,147,8.2,No
OR10S1,13,13,147,8.8,No
OR12D2,13,11,147,7.5,No
OR13C9,13,9,147,6.1,No
OR14I1,13,11,147,7.5,No
OR1J4,13,12,147,8.2,No
OR1L4,13,13,147,8.8,No
OR1M1,13,13,147,8.8,No
OR2AG1,13,13,147,8.8,No
OR2D2,13,11,147,7.5,No
OR4D1,13,13,147,8.8,No
OR51B2,13,10,147,6.8,No
OR51D1,13,13,147,8.8,No
OR51G2,13,13,147,8.8,No
OR52N2,13,11,147,7.5,No
OR56A3,13,12,147,8.2,No
OR5AK2,13,10,147,6.8,No
OR5J2,13,13,147,8.8,No
OR5K1,13,12,147,8.2,No
OR5K4,13,8,147,5.4,No
OR6C2,13,11,147,7.5,No
OR6N1,13,12,147,8.2,No
OR8B3,13,11,147,7.5,No
OR9A4,13,12,147,8.2,No
OR9Q1,13,11,147,7.5,No
OSBPL8,13,12,147,8.2,No
OXR1,13,13,147,8.8,No
PABPC1L,13,12,147,8.2,No
PAFAH2,13,12,147,8.2,No
PANK4,13,12,147,8.2,No
PANX3,13,12,147,8.2,No
PARP8,13,11,147,7.5,No
PAX3,13,11,147,7.5,Yes
PCBP3,13,11,147,7.5,No
PDE8A,13,11,147,7.5,No
PDGFD,13,12,147,8.2,No
PDIA5,13,13,147,8.8,No
PGS1,13,12,147,8.2,No
PHC1,13,11,147,7.5,No
PHF14,13,12,147,8.2,No
PHKA2,13,11,147,7.5,No
PHLPP1,13,10,147,6.8,Yes
PLA2G7,13,13,147,8.8,No
PLEKHO1,13,12,147,8.2,No
PLOD3,13,11,147,7.5,No
PLPPR5,13,12,147,8.2,No
PM20D1,13,10,147,6.8,No
PMS2,13,13,176,7.4,Yes
POLRMT,13,11,147,7.5,No
POTEE,13,11,147,7.5,No
PPARG,13,13,176,7.4,Yes
PPEF1,13,12,147,8.2,No
PPM1D,13,13,147,8.8,Yes
PPP1R15A,13,11,147,7.5,No
PPP1R15B,13,9,147,6.1,No
PPP1R3F,13,11,147,7.5,No
PPP4R3B,13,11,147,7.5,No
PRCC,13,12,147,8.2,Yes
PRDM13,13,12,147,8.2,No
PRELP,13,11,147,7.5,No
PRKAR1B,13,12,147,8.2,No
PRKCB,13,10,147,6.8,Yes
PRKCZ,13,13,147,8.8,No
PROKR2,13,13,147,8.8,No
PRPF6,13,13,147,8.8,No
PRRT2,13,10,147,6.8,No
PSMB11,13,12,147,8.2,No
PTGS2,13,12,147,8.2,No
PTPN7,13,12,147,8.2,No
PWWP3A,13,11,147,7.5,No
PXYLP1,13,11,147,7.5,No
PYGL,13,11,147,7.5,No
RAD54L,13,12,147,8.2,Yes
RALGPS2,13,12,147,8.2,No
RAMP3,13,11,147,7.5,No
RAPGEF4,13,12,147,8.2,No
RASA1,13,11,147,7.5,Yes
RASAL3,13,11,147,7.5,No
RASSF2,13,13,147,8.8,No
RBAK,13,9,147,6.1,No
RBM44,13,13,147,8.8,No
RBPJL,13,12,147,8.2,No
REM1,13,10,147,6.8,No
RFPL2,13,12,147,8.2,No
RFX4,13,8,147,5.4,No
RGS6,13,11,147,7.5,No
RHOT2,13,12,147,8.2,No
RIMKLA,13,12,147,8.2,No
RNF10,13,12,147,8.2,No
RNF207,13,12,147,8.2,No
ROCK1,13,12,147,8.2,No
RPL3L,13,11,147,7.5,No
RPS6KA6,13,13,147,8.8,No
RRBP1,13,12,147,8.2,No
RSPH1,13,11,147,7.5,No
RTN4,13,11,147,7.5,No
SAG,13,13,147,8.8,No
SAXO4,13,13,147,8.8,No
SBSN,13,11,147,7.5,No
SCART1,13,8,147,5.4,No
SCLT1,13,12,147,8.2,No
SCNN1G,13,13,147,8.8,No
SEC24D,13,11,147,7.5,No
SEC62,13,12,147,8.2,No
SECISBP2,13,11,147,7.5,No
SECISBP2L,13,11,147,7.5,No
SEMA4C,13,12,147,8.2,No
SEMA4D,13,13,147,8.8,No
SESN2,13,10,147,6.8,Yes
SESTD1,13,12,147,8.2,No
SH2B3,13,12,176,6.8,Yes
SH2D4B,13,11,147,7.5,No
SHC2,13,12,147,8.2,No
SKI,13,13,147,8.8,No
SLA,13,11,147,7.5,No
SLAMF1,13,11,147,7.5,No
SLC10A2,13,12,147,8.2,No
SLC12A8,13,13,147,8.8,No
SLC13A4,13,10,147,6.8,No
SLC13A5,13,13,147,8.8,No
SLC1A3,13,11,147,7.5,No
SLC24A3,13,13,147,8.8,No
SLC26A1,13,13,147,8.8,No
SLC2A4,13,12,147,8.2,No
SLC34A3,13,12,147,8.2,No
SLC4A1AP,13,13,147,8.8,No
SLC52A3,13,13,147,8.8,No
SLC9A9,13,13,147,8.8,No
SMOC1,13,13,147,8.8,No
SMURF2,13,13,147,8.8,No
SNX9,13,12,147,8.2,No
SPAG6,13,13,147,8.8,No
SPAG9,13,13,147,8.8,No
SPATA6,13,11,147,7.5,No
SPDYC,13,13,147,8.8,No
SPIDR,13,11,147,7.5,No
SQOR,13,13,147,8.8,No
ST6GALNAC1,13,13,147,8.8,No
STAT1,13,10,147,6.8,Yes
STAT4,13,12,147,8.2,Yes
STEAP1,13,11,147,7.5,No
STX4,13,12,147,8.2,No
SULT1B1,13,13,147,8.8,No
SUSD2,13,12,147,8.2,No
SUSD4,13,9,147,6.1,No
SYDE1,13,12,147,8.2,No
TAAR6,13,12,147,8.2,No
TACC1,13,12,147,8.2,No
TAF6,13,13,147,8.8,No
TAS2R16,13,12,147,8.2,No
TAX1BP1,13,13,147,8.8,No
TBC1D12,13,13,147,8.8,No
TBCD,13,10,147,6.8,No
TC2N,13,11,147,7.5,No
TCTN3,13,10,147,6.8,No
TDRKH,13,11,147,7.5,No
TEKTL1,13,12,147,8.2,No
TGFBI,13,11,147,7.5,No
TGM4,13,12,147,8.2,No
TGM5,13,13,147,8.8,No
TKTL1,13,11,147,7.5,No
TM9SF2,13,10,147,6.8,No
TMEM174,13,9,147,6.1,No
TMEM176B,13,11,147,7.5,No
TMEM260,13,12,147,8.2,No
TMEM270,13,12,147,8.2,No
TMOD1,13,13,147,8.8,No
TMPRSS13,13,11,147,7.5,No
TNFRSF13B,13,12,147,8.2,No
TOP1,13,12,176,6.8,Yes
TOP3B,13,13,147,8.8,No
TOPORS,13,9,147,6.1,No
TRIM6-TRIM34,13,11,147,7.5,No
TRIM63,13,12,147,8.2,No
TRIM69,13,11,147,7.5,No
TRMT44,13,11,147,7.5,No
TSPYL5,13,11,147,7.5,No
TTC21A,13,12,147,8.2,No
TTYH2,13,13,147,8.8,No
TUB,13,12,147,8.2,No
TUT1,13,12,147,8.2,No
TYW1B,13,11,147,7.5,No
UCP3,13,11,147,7.5,No
USO1,13,12,147,8.2,No
USP38,13,10,147,6.8,No
VIPR2,13,11,147,7.5,No
VPS16,13,12,147,8.2,No
VPS39,13,10,147,6.8,No
VSIG2,13,13,147,8.8,No
VWA2,13,12,147,8.2,No
WASHC2A,13,9,147,6.1,No
WBP2NL,13,11,147,7.5,No
WDR24,13,11,147,7.5,No
WNT2,13,12,147,8.2,No
WWC3,13,11,147,7.5,No
XKR9,13,11,147,7.5,No
XPNPEP2,13,11,147,7.5,No
ZBTB37,13,12,147,8.2,No
ZC3H11A,13,11,147,7.5,No
ZC3H12C,13,10,147,6.8,No
ZDHHC19,13,9,147,6.1,No
ZFYVE16,13,13,147,8.8,No
ZMYM1,13,13,147,8.8,No
ZNF114,13,11,147,7.5,No
ZNF16,13,13,147,8.8,No
ZNF200,13,12,147,8.2,No
ZNF326,13,11,147,7.5,No
ZNF354B,13,13,147,8.8,No
ZNF384,13,12,147,8.2,Yes
ZNF408,13,9,147,6.1,No
ZNF44,13,12,147,8.2,No
ZNF513,13,9,147,6.1,No
ZNF567,13,11,147,7.5,No
ZNF573,13,11,147,7.5,No
ZNF596,13,11,147,7.5,No
ZNF597,13,12,147,8.2,No
ZNF598,13,10,147,6.8,No
ZNF611,13,9,147,6.1,No
ZNF615,13,11,147,7.5,No
ZNF708,13,10,147,6.8,No
ZNF74,13,12,147,8.2,No
ZNF786,13,11,147,7.5,No
ZNF837,13,13,147,8.8,No
ZNF85,13,12,147,8.2,No
ZNF865,13,10,147,6.8,No
ZNF880,13,9,147,6.1,No
ZPLD1,13,12,147,8.2,No
AADAT,12,12,147,8.2,No
AASDH,12,11,147,7.5,No
ABHD16A,12,12,147,8.2,No
ACCSL,12,10,147,6.8,No
ACKR3,12,12,176,6.8,Yes
ACOD1,12,11,147,7.5,No
ACOX3,12,11,147,7.5,No
ACP4,12,11,147,7.5,No
ACTL7A,12,11,147,7.5,No
ACVR1,12,10,147,6.8,Yes
ADA2,12,11,147,7.5,No
ADAD2,12,11,147,7.5,No
ADGRG6,12,9,147,6.1,No
ADH7,12,11,147,7.5,No
ADIPOQ,12,10,147,6.8,No
ADNP2,12,9,147,6.1,No
ADRA1D,12,11,147,7.5,No
ADSS1,12,12,147,8.2,No
AGO1,12,12,147,8.2,Yes
AHCYL2,12,10,147,6.8,No
AHI1,12,10,147,6.8,No
ALDH8A1,12,11,147,7.5,No
AMY2A,12,11,147,7.5,No
ANGPTL1,12,10,147,6.8,No
ANGPTL7,12,11,147,7.5,No
ANKRD13B,12,11,147,7.5,No
ANKRD13C,12,8,147,5.4,No
ANKRD18B,12,11,147,7.5,No
ANKRD7,12,10,147,6.8,No
ANTXR2,12,11,147,7.5,No
ANXA11,12,11,147,7.5,No
AP2B1,12,11,147,7.5,No
APCDD1,12,12,147,8.2,Yes
APLF,12,11,147,7.5,No
ARHGAP4,12,11,147,7.5,No
ARID3C,12,12,147,8.2,Yes
ARMCX3,12,11,147,7.5,No
ATOSA,12,9,147,6.1,No
ATXN1L,12,12,147,8.2,No
B3GLCT,12,10,147,6.8,No
B4GALNT2,12,11,147,7.5,No
BACH1,12,9,147,6.1,Yes
BARHL1,12,11,147,7.5,No
BCO1,12,12,147,8.2,No
BICD2,12,11,147,7.5,No
BIN2,12,12,147,8.2,No
BLNK,12,11,147,7.5,No
BMP15,12,12,147,8.2,No
BOD1L2,12,9,147,6.1,No
BPIFA1,12,11,147,7.5,No
C11ORF24,12,11,147,7.5,No
C18ORF63,12,9,147,6.1,No
C1QTNF9B,12,12,147,8.2,No
C4BPB,12,11,147,7.5,No
C7ORF33,12,11,147,7.5,No
CA7,12,11,147,7.5,No
CACNG2,12,12,147,8.2,No
CACNG8,12,9,147,6.1,No
CALHM3,12,11,147,7.5,No
CAMK4,12,11,147,7.5,No
CANX,12,6,147,4.1,No
CAPN10,12,12,147,8.2,No
CAPN15,12,10,147,6.8,No
CAPN5,12,11,147,7.5,No
CAPSL,12,12,147,8.2,No
CASP9,12,12,147,8.2,No
CBFA2T2,12,9,147,6.1,No
CBX4,12,12,147,8.2,No
CCDC150,12,11,147,7.5,No
CCDC157,12,11,147,7.5,No
CCDC17,12,10,147,6.8,No
CCDC172,12,12,147,8.2,No
CCDC85A,12,11,147,7.5,No
CCDC91,12,9,147,6.1,No
CCN4,12,11,147,7.5,No
CCNF,12,12,147,8.2,No
CCR4,12,11,147,7.5,No
CCR7,12,10,147,6.8,No
CDC14B,12,11,147,7.5,No
CDCP2,12,10,147,6.8,No
CDHR4,12,11,147,7.5,No
CDK15,12,10,147,6.8,No
CDK18,12,12,147,8.2,No
CDKL2,12,12,147,8.2,No
CEACAM16,12,9,147,6.1,No
CELA3B,12,12,147,8.2,No
CEP120,12,11,147,7.5,No
CEP89,12,11,147,7.5,No
CFAP107,12,12,147,8.2,No
CFAP53,12,12,147,8.2,No
CFAP70,12,12,147,8.2,No
CFAP97,12,12,147,8.2,No
CHPF,12,11,147,7.5,No
CHRNB2,12,11,147,7.5,No
CHRNB3,12,11,147,7.5,No
CHRND,12,11,147,7.5,No
CHST4,12,11,147,7.5,No
CLCN5,12,12,147,8.2,No
CLRN1,12,11,147,7.5,No
CLUH,12,10,147,6.8,No
CNBD2,12,10,147,6.8,No
COLEC10,12,10,147,6.8,No
COQ3,12,12,147,8.2,No
CORO2A,12,10,147,6.8,No
CPB2,12,9,147,6.1,No
CPNE5,12,12,147,8.2,No
CPNE7,12,11,147,7.5,No
CPPED1,12,12,147,8.2,No
CRHBP,12,12,147,8.2,No
CRY1,12,11,147,7.5,No
CRYBB2,12,12,147,8.2,No
CTCF,12,11,147,7.5,Yes
CTRC,12,11,147,7.5,No
CTTN,12,10,147,6.8,No
CWF19L2,12,12,147,8.2,No
CYP2S1,12,11,147,7.5,No
CYP4A22,12,12,147,8.2,No
CYP4F8,12,11,147,7.5,No
DAGLB,12,11,147,7.5,No
DCAF1,12,11,147,7.5,No
DCAF4L1,12,12,147,8.2,No
DCBLD1,12,12,147,8.2,No
DCDC2,12,12,147,8.2,No
DDX46,12,12,147,8.2,No
DDX52,12,11,147,7.5,No
DEF6,12,11,147,7.5,No
DENND1B,12,10,147,6.8,No
DHRS2,12,11,147,7.5,No
DLG1,12,12,147,8.2,No
DLG3,12,11,147,7.5,No
DMBX1,12,10,147,6.8,No
DNAJB2,12,11,147,7.5,No
DNAJB8,12,10,147,6.8,No
DNAJC1,12,11,147,7.5,No
DPH1,12,11,147,7.5,No
DRC11L,12,9,147,6.1,No
DRGX,12,10,147,6.8,No
DTHD1,12,11,147,7.5,No
DTX1,12,11,147,7.5,Yes
DUXA,12,10,147,6.8,No
DVL1,12,9,147,6.1,No
DYM,12,11,147,7.5,No
DYRK3,12,12,147,8.2,No
E4F1,12,11,147,7.5,No
EFR3B,12,11,147,7.5,No
EHD4,12,9,147,6.1,No
EIPR1,12,11,147,7.5,No
ELOA,12,10,147,6.8,No
EMILIN3,12,11,147,7.5,No
ENTREP3,12,10,147,6.8,No
EPS15,12,9,147,6.1,Yes
ERG,12,12,176,6.8,Yes
ERMN,12,11,147,7.5,No
ERV3-1,12,7,147,4.8,No
ESCO2,12,11,147,7.5,Yes
ESR2,12,9,176,5.1,No
ETS1,12,12,147,8.2,Yes
ETS2,12,11,147,7.5,No
ETV6,12,12,176,6.8,Yes
EVI5L,12,11,147,7.5,No
EXD1,12,11,147,7.5,No
EXOC7,12,12,147,8.2,No
FAM118A,12,10,147,6.8,No
FAM13B,12,12,147,8.2,No
FAM151A,12,12,147,8.2,No
FAM187B,12,8,147,5.4,No
FAM20C,12,10,147,6.8,No
FAM234A,12,12,147,8.2,No
FAM53A,12,9,147,6.1,No
FAM83A,12,9,147,6.1,No
FANCC,12,11,176,6.3,Yes
FAR2,12,12,147,8.2,No
FARP2,12,11,147,7.5,No
FBXO10,12,9,147,6.1,No
FCER2,12,11,147,7.5,No
FCGR2B,12,9,147,6.1,Yes
FCHO2,12,11,147,7.5,No
FERMT1,12,11,147,7.5,No
FGF10,12,11,147,7.5,Yes
FKTN,12,11,147,7.5,No
FLRT3,12,11,147,7.5,No
FMO1,12,11,147,7.5,No
FMO3,12,12,147,8.2,No
FMO5,12,11,147,7.5,No
FOLR3,12,10,147,6.8,No
FOXRED2,12,9,147,6.1,No
FSCN3,12,10,147,6.8,No
FSTL4,12,12,147,8.2,No
GAA,12,10,147,6.8,No
GABRR1,12,12,147,8.2,No
GADL1,12,11,147,7.5,No
GALNT12,12,11,147,7.5,No
GALNT6,12,11,147,7.5,No
GAS7,12,9,147,6.1,Yes
GDA,12,12,147,8.2,No
GEN1,12,10,147,6.8,Yes
GFAP,12,9,147,6.1,No
GIMAP4,12,12,147,8.2,No
GJA4,12,11,147,7.5,No
GKN1,12,12,147,8.2,No
GLB1L,12,10,147,6.8,No
GLB1L2,12,12,147,8.2,No
GLT6D1,12,12,147,8.2,No
GMEB2,12,10,147,6.8,No
GNPTAB,12,12,147,8.2,No
GPBP1L1,12,10,147,6.8,No
GPR107,12,10,147,6.8,No
GPR155,12,10,147,6.8,No
GPR176,12,11,147,7.5,No
H3-5,12,11,147,7.5,Yes
HDGFL1,12,12,147,8.2,No
HEATR5A,12,11,147,7.5,No
HELQ,12,12,147,8.2,No
HERC3,12,12,147,8.2,No
HERPUD2,12,12,147,8.2,No
HHLA2,12,11,147,7.5,No
HIPK1,12,11,147,7.5,No
HJV,12,11,147,7.5,No
HLA-A,12,7,176,4,Yes
HPS5,12,10,147,6.8,No
HPX,12,12,147,8.2,No
HSPA12A,12,12,147,8.2,No
HTR1F,12,10,147,6.8,No
IFIH1,12,11,147,7.5,No
IFNL2,12,11,147,7.5,No
IFNL3,12,12,147,8.2,No
IFNLR1,12,10,147,6.8,No
IL1B,12,11,147,7.5,No
IL22RA1,12,10,147,6.8,No
IL5RA,12,11,147,7.5,No
INPP4A,12,12,147,8.2,Yes
INSYN1,12,12,147,8.2,No
IRX6,12,12,147,8.2,No
ISLR2,12,9,147,6.1,No
ITGA6,12,10,147,6.8,No
ITGAV,12,12,147,8.2,No
ITGB6,12,12,147,8.2,No
ITPRIPL1,12,12,147,8.2,No
KANK1,12,9,147,6.1,No
KAT2B,12,11,147,7.5,No
KCNA1,12,12,147,8.2,No
KCNC1,12,11,147,7.5,No
KCNE4,12,11,147,7.5,No
KCNF1,12,12,147,8.2,No
KCNK17,12,12,147,8.2,No
KCP,12,10,147,6.8,No
KEAP1,12,12,176,6.8,Yes
KIAA1958,12,12,147,8.2,No
KIF23,12,12,147,8.2,No
KIF25,12,12,147,8.2,No
KIFBP,12,11,147,7.5,No
KLHL3,12,11,147,7.5,No
KLK12,12,11,147,7.5,No
KLRC1,12,10,147,6.8,No
KPNA5,12,12,147,8.2,No
KPRP,12,10,147,6.8,No
KRI1,12,12,147,8.2,No
KRIT1,12,10,147,6.8,No
KRT24,12,10,147,6.8,No
KRT71,12,7,147,4.8,No
KRT81,12,9,147,6.1,No
KRTAP13-4,12,12,147,8.2,No
KRTAP26-1,12,10,147,6.8,No
KYNU,12,12,147,8.2,No
LDHAL6B,12,10,147,6.8,No
LDLRAD4,12,11,147,7.5,No
LETM1,12,12,147,8.2,No
LHFPL3,12,11,147,7.5,No
LHX9,12,12,147,8.2,No
LIPK,12,10,147,6.8,No
LPCAT1,12,11,147,7.5,No
LRRC1,12,12,147,8.2,No
LRRC8D,12,11,147,7.5,No
LRRN4,12,11,147,7.5,No
LRTM2,12,10,147,6.8,No
LSG1,12,12,147,8.2,No
MAB21L1,12,10,147,6.8,No
MAGEA10,12,12,147,8.2,No
MAGEB4,12,12,147,8.2,No
MAOB,12,10,147,6.8,No
MARCHF10,12,11,147,7.5,No
MARCHF6,12,10,147,6.8,No
MAS1,12,12,147,8.2,No
MCM8,12,9,147,6.1,No
ME1,12,12,147,8.2,No
MECP2,12,11,147,7.5,No
MEPCE,12,9,147,6.1,No
MFSD6,12,12,147,8.2,No
MIER2,12,10,147,6.8,No
MINDY4,12,11,147,7.5,No
MKX,12,12,147,8.2,No
MLH1,12,11,176,6.3,Yes
MMD2,12,11,147,7.5,No
MMP1,12,12,147,8.2,No
MNT,12,10,147,6.8,No
MOGAT3,12,12,147,8.2,No
MORC2,12,12,147,8.2,No
MRGPRX1,12,8,147,5.4,No
MRGPRX4,12,12,147,8.2,No
MRO,12,9,147,6.1,No
MS4A2,12,11,147,7.5,No
MTF1,12,11,147,7.5,No
MYCT1,12,9,147,6.1,No
MYL7,12,12,147,8.2,No
MYLK4,12,10,147,6.8,No
MYO19,12,12,147,8.2,No
MYO1C,12,10,147,6.8,No
NACC1,12,11,147,7.5,No
NBPF12,12,7,147,4.8,No
NCKAP1,12,11,147,7.5,No
NDC80,12,11,147,7.5,No
NDST1,12,11,147,7.5,No
NDST2,12,9,147,6.1,No
NEGR1,12,10,147,6.8,Yes
NEK8,12,12,147,8.2,No
NELFB,12,11,147,7.5,No
NEMF,12,11,147,7.5,No
NEU2,12,12,147,8.2,No
NEUROD1,12,11,147,7.5,No
NEXN,12,12,147,8.2,No
NKD1,12,12,147,8.2,No
NMRK2,12,11,147,7.5,No
NNMT,12,11,147,7.5,No
NOD1,12,12,147,8.2,Yes
NOL10,12,11,147,7.5,No
NOS1AP,12,10,147,6.8,No
NOX5,12,11,147,7.5,No
NPSR1,12,11,147,7.5,No
NPY5R,12,11,147,7.5,No
NR1H2,12,9,147,6.1,No
NT5E,12,12,147,8.2,Yes
NUP107,12,12,147,8.2,No
OPA1,12,11,147,7.5,No
OR10H3,12,12,147,8.2,No
OR14A2,12,12,147,8.2,No
OR1I1,12,11,147,7.5,No
OR1S1,12,11,147,7.5,No
OR2A14,12,12,147,8.2,No
OR2B3,12,9,147,6.1,No
OR2C3,12,11,147,7.5,No
OR2K2,12,12,147,8.2,No
OR2T2,12,11,147,7.5,No
OR4S1,12,11,147,7.5,No
OR51B4,12,12,147,8.2,No
OR52A1,12,9,147,6.1,No
OR52A5,12,10,147,6.8,No
OR52J3,12,10,147,6.8,No
OR52K2,12,11,147,7.5,No
OR56A1,12,12,147,8.2,No
OR6P1,12,8,147,5.4,No
OR6V1,12,8,147,5.4,No
ORC1,12,11,147,7.5,No
OTULINL,12,11,147,7.5,No
P2RY10,12,12,147,8.2,No
PABPC4L,12,10,147,6.8,No
PADI6,12,9,147,6.1,No
PAK4,12,10,147,6.8,No
PAPSS2,12,12,147,8.2,No
PARP12,12,11,147,7.5,No
PASK,12,12,147,8.2,Yes
PATZ1,12,12,176,6.8,Yes
PAX5,12,11,176,6.3,Yes
PCDH7,12,11,147,7.5,No
PDE9A,12,10,147,6.8,No
PDPR,12,11,147,7.5,No
PECAM1,12,11,147,7.5,No
PEX5,12,12,147,8.2,No
PEX6,12,11,147,7.5,No
PFKL,12,11,147,7.5,No
PFKP,12,12,147,8.2,No
PGBD4,12,12,147,8.2,No
PGC,12,9,147,6.1,No
PGLYRP3,12,12,147,8.2,No
PHACTR4,12,10,147,6.8,No
PHC3,12,10,147,6.8,No
PI16,12,11,147,7.5,No
PIBF1,12,11,147,7.5,No
PIGN,12,11,147,7.5,No
PIK3CD,12,11,147,7.5,Yes
PIP5K1C,12,11,147,7.5,No
PITRM1,12,11,147,7.5,No
PLEKHA5,12,12,147,8.2,No
PNLIPRP3,12,11,147,7.5,No
PNMA8A,12,10,147,6.8,No
POFUT1,12,8,147,5.4,No
POGLUT2,12,11,147,7.5,No
POLR2B,12,11,147,7.5,No
POMT2,12,12,147,8.2,No
POP1,12,11,147,7.5,No
POPDC1,12,11,147,7.5,No
POTEH,12,11,147,7.5,No
POTEJ,12,11,147,7.5,No
PPP2R5C,12,11,147,7.5,No
PPP6R1,12,12,147,8.2,No
PRAMEF19,12,12,147,8.2,No
PRDM4,12,12,147,8.2,No
PRKD3,12,12,147,8.2,No
PRR14,12,12,147,8.2,No
PRSS23,12,10,147,6.8,No
PSG5,12,11,147,7.5,No
PSG9,12,11,147,7.5,No
PTEN,12,10,176,5.7,Yes
PTGER3,12,12,147,8.2,No
PTH1R,12,10,147,6.8,No
PTX3,12,12,147,8.2,No
PUM2,12,11,147,7.5,No
PVRIG,12,11,147,7.5,No
PWP2,12,10,147,6.8,No
QRSL1,12,11,147,7.5,No
R3HCC1L,12,12,147,8.2,No
RALGDS,12,12,147,8.2,Yes
RAPGEFL1,12,11,147,7.5,No
RASGRP1,12,10,147,6.8,No
RBM15B,12,11,147,7.5,No
REPS1,12,11,147,7.5,No
REV1,12,12,147,8.2,No
RFTN1,12,11,147,7.5,No
RHCG,12,11,147,7.5,No
RIN1,12,11,147,7.5,No
RNF150,12,12,147,8.2,No
RNF6,12,10,147,6.8,No
RNFT2,12,9,147,6.1,No
ROPN1L,12,11,147,7.5,No
RPAP3,12,12,147,8.2,No
RSBN1L,12,11,147,7.5,No
RSL1D1,12,9,147,6.1,No
RSPO1,12,11,147,7.5,No
RSPO3,12,12,147,8.2,Yes
SAMD14,12,10,147,6.8,No
SBK3,12,10,147,6.8,No
SCD,12,10,147,6.8,No
SDE2,12,11,147,7.5,No
SEC14L4,12,12,147,8.2,No
SEL1L,12,12,147,8.2,No
SERPINA11,12,10,147,6.8,No
SERPINE2,12,11,147,7.5,No
SGSM2,12,10,147,6.8,No
SHC4,12,10,147,6.8,No
SHISA6,12,12,147,8.2,No
SHISA9,12,10,147,6.8,No
SIRPA,12,12,147,8.2,No
SLAIN1,12,11,147,7.5,No
SLC23A3,12,9,147,6.1,No
SLC24A2,12,12,147,8.2,No
SLC25A12,12,10,147,6.8,No
SLC2A5,12,9,147,6.1,No
SLC30A6,12,8,147,5.4,No
SLC36A3,12,10,147,6.8,No
SLC38A8,12,11,147,7.5,No
SLC41A1,12,11,147,7.5,No
SLC5A10,12,11,147,7.5,No
SLC67A2,12,11,147,7.5,No
SLC68A1,12,11,147,7.5,No
SLC6A7,12,12,147,8.2,No
SLC7A10,12,10,147,6.8,No
SLC7A4,12,10,147,6.8,No
SLC9A5,12,9,147,6.1,No
SLCO2A1,12,11,147,7.5,No
SLFN12,12,11,147,7.5,No
SLFN12L,12,12,147,8.2,No
SLK,12,11,147,7.5,No
SMARCA5,12,12,147,8.2,No
SMOC2,12,11,147,7.5,No
SMTN,12,11,147,7.5,No
SMTNL1,12,9,147,6.1,No
SNAI1,12,11,147,7.5,No
SNX8,12,12,147,8.2,No
SOCS7,12,11,147,7.5,No
SOX8,12,11,147,7.5,No
SPATA18,12,12,147,8.2,No
SPATA31A1,12,9,147,6.1,No
SPMIP4,12,11,147,7.5,No
SPN,12,11,147,7.5,No
SPRED2,12,12,147,8.2,No
SREBF1,12,11,147,7.5,No
SRRM5,12,9,147,6.1,No
SSC4D,12,11,147,7.5,No
SSH3,12,10,147,6.8,No
ST3GAL1,12,11,147,7.5,No
ST3GAL3,12,12,147,8.2,No
ST6GAL1,12,11,147,7.5,No
STAT5B,12,11,147,7.5,Yes
STS,12,12,147,8.2,No
SUCO,12,12,147,8.2,No
SUN3,12,12,147,8.2,No
SYBU,12,11,147,7.5,No
SYNGAP1,12,10,147,6.8,No
SYT7,12,9,147,6.1,No
TAAR5,12,12,147,8.2,No
TAF7L,12,10,147,6.8,No
TAF8,12,10,147,6.8,No
TAL1,12,10,147,6.8,Yes
TAS2R38,12,11,147,7.5,No
TASL,12,9,147,6.1,No
TBC1D14,12,11,147,7.5,No
TBC1D2,12,9,147,6.1,No
TBC1D31,12,11,147,7.5,No
TBRG4,12,12,147,8.2,No
TEKT3,12,10,147,6.8,No
TESC,12,11,147,7.5,No
TEX35,12,10,147,6.8,No
TFEB,12,11,147,7.5,Yes
TFR2,12,12,147,8.2,No
TFRC,12,12,176,6.8,Yes
TMEM168,12,10,147,6.8,No
TMEM169,12,11,147,7.5,No
TMEM175,12,11,147,7.5,No
TMEM225,12,9,147,6.1,No
TMEM252,12,11,147,7.5,No
TMEM39A,12,10,147,6.8,No
TMEM44,12,9,147,6.1,No
TMEM62,12,12,147,8.2,No
TMF1,12,9,147,6.1,No
TMPO,12,11,147,7.5,No
TMTC2,12,11,147,7.5,No
TMTC3,12,12,147,8.2,No
TNPO1,12,11,147,7.5,No
TPX2,12,10,147,6.8,No
TRARG1,12,9,147,6.1,No
TRIM37,12,11,147,7.5,No
TRPV6,12,11,147,7.5,No
TTC29,12,9,147,6.1,No
TTLL10,12,11,147,7.5,No
TTLL13,12,11,147,7.5,No
TUBB3,12,11,147,7.5,No
TUBB8,12,12,147,8.2,No
TUBB8B,12,9,147,6.1,No
TXNDC16,12,11,147,7.5,No
TYRO3,12,10,147,6.8,Yes
TYW1,12,11,147,7.5,No
UFL1,12,12,147,8.2,No
UPP2,12,12,147,8.2,No
USP37,12,11,147,7.5,No
USP44,12,11,147,7.5,No
USP48,12,11,147,7.5,No
USP5,12,11,147,7.5,No
USPL1,12,11,147,7.5,No
UTP14A,12,12,147,8.2,No
VCL,12,11,147,7.5,No
VCP,12,12,147,8.2,No
VPS18,12,9,147,6.1,No
VPS35,12,12,147,8.2,No
VPS50,12,11,176,6.3,No
VSTM1,12,11,147,7.5,No
WDR27,12,11,147,7.5,No
WIPF3,12,9,147,6.1,No
WNT8A,12,11,147,7.5,No
XPO1,12,12,176,6.8,Yes
XPO6,12,9,147,6.1,No
ZBTB39,12,9,147,6.1,No
ZC3H12A,12,11,147,7.5,No
ZC3H14,12,10,147,6.8,No
ZCWPW2,12,10,147,6.8,No
ZDHHC11,12,12,147,8.2,No
ZER1,12,12,147,8.2,No
ZNF177,12,8,147,5.4,No
ZNF195,12,12,147,8.2,No
ZNF205,12,11,147,7.5,No
ZNF225,12,9,147,6.1,No
ZNF230,12,10,147,6.8,No
ZNF253,12,10,147,6.8,No
ZNF267,12,10,147,6.8,No
ZNF300,12,10,147,6.8,No
ZNF34,12,11,147,7.5,No
ZNF484,12,11,147,7.5,No
ZNF518A,12,10,147,6.8,No
ZNF554,12,10,147,6.8,No
ZNF570,12,8,147,5.4,No
ZNF577,12,12,147,8.2,No
ZNF850,12,10,147,6.8,No
ZSCAN32,12,11,147,7.5,No
ZYG11A,12,12,147,8.2,No
ACAP3,11,11,147,7.5,No
ACHE,11,9,147,6.1,No
ACKR2,11,8,147,5.4,No
ACOT12,11,9,147,6.1,No
ACP7,11,11,147,7.5,No
ACTR8,11,9,147,6.1,No
ADAM8,11,11,147,7.5,No
ADAP1,11,9,147,6.1,No
ADGRG2,11,8,147,5.4,No
ADH1A,11,11,147,7.5,No
ADORA3,11,11,147,7.5,No
ADPRH,11,10,147,6.8,No
AGMAT,11,11,147,7.5,No
AGO4,11,9,147,6.1,No
AGT,11,8,147,5.4,No
AGTR2,11,8,147,5.4,No
AHR,11,10,147,6.8,No
AK2,11,7,147,4.8,No
AKR1C4,11,8,147,5.4,No
ALDH1B1,11,10,147,6.8,No
ALDOB,11,10,147,6.8,No
ALS2CL,11,10,147,6.8,No
AMZ1,11,10,147,6.8,No
ANKRD1,11,10,147,6.8,No
ANKRD18A,11,11,147,7.5,No
ANOS1,11,10,147,6.8,No
AP2M1,11,11,147,7.5,No
AP4B1,11,9,147,6.1,No
APBA3,11,7,147,4.8,No
APOBEC3G,11,11,147,7.5,No
APOL5,11,10,147,6.8,No
ARHGAP44,11,10,147,6.8,No
ARID3A,11,7,147,4.8,Yes
ARID5A,11,11,147,7.5,Yes
ARRB2,11,10,147,6.8,No
ARSJ,11,9,147,6.1,No
ASCC2,11,11,147,7.5,No
ASPA,11,11,147,7.5,No
ATF6,11,11,147,7.5,No
ATG4C,11,11,147,7.5,No
ATL1,11,11,147,7.5,No
ATMIN,11,11,147,7.5,Yes
ATP11A,11,10,147,6.8,No
ATP2A2,11,8,147,5.4,No
ATP2B1,11,11,147,7.5,No
ATP5MF-PTCD1,11,9,147,6.1,No
ATRIP,11,11,147,7.5,Yes
AVPR1B,11,10,147,6.8,No
BAMBI,11,11,147,7.5,No
BANP,11,11,147,7.5,No
BCAT1,11,8,147,5.4,No
BCHE,11,10,147,6.8,No
BCL3,11,11,147,7.5,Yes
BFSP1,11,10,147,6.8,No
BHMT,11,11,147,7.5,No
BIN1,11,11,147,7.5,No
BLTP3B,11,10,147,6.8,No
BMAL2,11,10,147,6.8,No
BRD2,11,9,147,6.1,Yes
BRD7,11,11,147,7.5,No
BRPF1,11,10,147,6.8,No
BTK,11,10,147,6.8,Yes
BTRC,11,11,147,7.5,No
C16ORF54,11,7,147,4.8,No
C19ORF44,11,9,147,6.1,No
C1QTNF9,11,8,147,5.4,No
C3AR1,11,11,147,7.5,No
C5AR2,11,11,147,7.5,No
CA4,11,10,147,6.8,No
CACNG3,11,11,147,7.5,No
CACTIN,11,9,147,6.1,No
CAPN1,11,10,147,6.8,No
CAPN14,11,10,147,6.8,No
CARD6,11,10,147,6.8,No
CARNMT1,11,11,147,7.5,No
CASQ1,11,9,147,6.1,No
CASQ2,11,9,147,6.1,No
CAST,11,10,147,6.8,No
CAT,11,11,147,7.5,No
CATIP,11,8,147,5.4,No
CBLN4,11,10,147,6.8,No
CBX2,11,10,147,6.8,No
CCDC15,11,10,147,6.8,No
CCDC6,11,9,176,5.1,Yes
CCDC89,11,10,147,6.8,No
CCDC93,11,10,147,6.8,No
CCDC9B,11,11,147,7.5,No
CCSER2,11,10,147,6.8,No
CD2,11,10,147,6.8,No
CD300A,11,9,147,6.1,No
CDC25B,11,10,147,6.8,No
CDH24,11,11,147,7.5,No
CDKL3,11,7,147,4.8,No
CDKN2AIP,11,8,147,5.4,No
CDYL,11,10,147,6.8,No
CEACAM3,11,10,147,6.8,No
CEACAM6,11,9,147,6.1,No
CEACAM8,11,11,147,7.5,No
CEBPE,11,11,147,7.5,No
CELF6,11,11,147,7.5,No
CENPN,11,10,147,6.8,No
CEP104,11,11,147,7.5,No
CEP41,11,10,147,6.8,No
CEP70,11,11,147,7.5,No
CERT1,11,11,147,7.5,No
CES2,11,9,147,6.1,No
CES3,11,10,147,6.8,No
CFAP95,11,10,147,6.8,No
CHMP7,11,9,147,6.1,No
CHRDL2,11,10,147,6.8,No
CHRNB1,11,10,147,6.8,No
CHST10,11,10,147,6.8,No
CHST12,11,11,147,7.5,No
CHST6,11,11,147,7.5,No
CHTF18,11,10,147,6.8,No
CIMAP2,11,10,147,6.8,No
CKM,11,11,147,7.5,No
CLEC3A,11,11,147,7.5,No
CLEC4C,11,10,147,6.8,No
CLIP4,11,9,147,6.1,No
CLK2,11,9,147,6.1,No
CLRN2,11,11,147,7.5,No
CLRN3,11,10,147,6.8,No
CLU,11,10,147,6.8,No
CNGA2,11,11,147,7.5,No
CNTROB,11,9,147,6.1,No
COG4,11,10,147,6.8,No
COX4I2,11,10,147,6.8,No
CPA1,11,11,147,7.5,No
CPA6,11,9,147,6.1,No
CRISP3,11,8,147,5.4,No
CRISPLD2,11,11,147,7.5,No
CRTC3,11,9,147,6.1,Yes
CRYBA4,11,11,147,7.5,No
CRYBB1,11,11,147,7.5,No
CSNK1G1,11,10,147,6.8,No
CTSS,11,10,147,6.8,No
CX3CR1,11,11,147,7.5,No
CXCR1,11,8,147,5.4,No
CYP26A1,11,11,147,7.5,No
CYP27A1,11,10,147,6.8,No
CYP2F1,11,10,147,6.8,No
CYP3A5,11,11,176,6.3,No
CYP4B1,11,10,147,6.8,No
DCAF13,11,11,147,7.5,No
DCDC2C,11,10,147,6.8,No
DCST2,11,10,147,6.8,No
DDX41,11,11,147,7.5,Yes
DDX59,11,10,147,6.8,No
DENND5A,11,10,147,6.8,No
DGKE,11,9,147,6.1,No
DHCR24,11,11,147,7.5,No
DHX29,11,10,147,6.8,No
DLL1,11,11,147,7.5,No
DNA2,11,8,147,5.4,No
DNAAF3,11,11,147,7.5,No
DNAJC16,11,11,147,7.5,No
DNMT3L,11,11,147,7.5,No
DOK7,11,11,147,7.5,No
DPEP1,11,11,147,7.5,No
DPY19L1,11,11,147,7.5,No
DSC3,11,10,147,6.8,No
DTL,11,10,147,6.8,No
DYNAP,11,7,147,4.8,No
E2F2,11,11,147,7.5,No
EBF4,11,11,147,7.5,No
EEA1,11,11,147,7.5,No
EFNB3,11,9,147,6.1,No
EHD1,11,10,147,6.8,No
EIF4G2,11,11,147,7.5,No
ELAVL1,11,11,147,7.5,No
EML4,11,8,147,5.4,Yes
ENTR1,11,9,147,6.1,No
ENTREP2,11,11,147,7.5,No
ERAP1,11,10,147,6.8,No
ESR1,11,11,176,6.3,Yes
ETV3L,11,10,147,6.8,No
EZHIP,11,10,147,6.8,Yes
FAAH,11,10,147,6.8,No
FAM149B1,11,9,147,6.1,No
FAM161B,11,8,147,5.4,No
FAM217B,11,9,147,6.1,No
FAM3B,11,8,147,5.4,No
FAM83E,11,9,147,6.1,No
FAM91A1,11,9,147,6.1,No
FBXL13,11,10,147,6.8,No
FBXO11,11,10,147,6.8,Yes
FBXO15,11,10,147,6.8,No
FBXW12,11,11,147,7.5,No
FBXW7,11,9,176,5.1,Yes
FECH,11,11,147,7.5,No
FEZF2,11,10,147,6.8,No
FFAR3,11,10,147,6.8,No
FGD4,11,10,147,6.8,No
FGF3,11,10,147,6.8,Yes
FGF7,11,9,147,6.1,Yes
FIBCD1,11,10,147,6.8,No
FKBP8,11,9,147,6.1,No
FLVCR2,11,10,147,6.8,No
FNDC4,11,9,147,6.1,No
FOXJ1,11,11,147,7.5,No
FOXN3,11,11,147,7.5,No
FRMD4B,11,10,147,6.8,No
FRMD8,11,11,147,7.5,No
FSD1L,11,11,147,7.5,No
FXR1,11,10,147,6.8,No
G6PC1,11,11,147,7.5,No
GAB2,11,9,147,6.1,Yes
GABRQ,11,11,147,7.5,No
GANC,11,10,147,6.8,No
GAS6,11,10,147,6.8,No
GBGT1,11,9,147,6.1,No
GCGR,11,10,147,6.8,No
GDF6,11,10,147,6.8,No
GGT5,11,10,147,6.8,No
GHRHR,11,10,147,6.8,No
GIMAP1,11,8,147,5.4,No
GIMAP5,11,10,147,6.8,No
GIMAP6,11,11,147,7.5,No
GJC1,11,10,147,6.8,No
GJD2,11,10,147,6.8,No
GJD4,11,10,147,6.8,No
GLG1,11,10,147,6.8,No
GLIPR1L2,11,11,147,7.5,No
GNL2,11,11,147,7.5,No
GNPAT,11,11,147,7.5,No
GOLGA1,11,8,147,5.4,No
GPCPD1,11,9,147,6.1,No
GPI,11,11,147,7.5,No
GPR162,11,10,147,6.8,No
GPR37L1,11,10,147,6.8,No
GPR65,11,10,147,6.8,No
GPRC5D,11,11,147,7.5,No
GRIN1,11,8,147,5.4,No
GRN,11,9,147,6.1,No
GSTA1,11,10,147,6.8,No
HAPLN4,11,8,147,5.4,No
HAVCR1,11,9,147,6.1,No
HBB,11,10,147,6.8,No
HECTD3,11,11,147,7.5,No
HERC6,11,10,147,6.8,No
HIPK3,11,11,147,7.5,No
HIPK4,11,11,147,7.5,No
HLCS,11,10,147,6.8,No
HMGB4,11,11,147,7.5,No
HOXB1,11,10,147,6.8,No
HRH3,11,8,147,5.4,No
HSD17B4,11,11,147,7.5,No
HSPA12B,11,11,147,7.5,No
HSPA4,11,11,147,7.5,No
IBSP,11,9,147,6.1,No
IDE,11,10,147,6.8,No
IDO2,11,9,147,6.1,No
IL10RA,11,9,147,6.1,No
IL17A,11,11,147,7.5,No
INPP5A,11,8,147,5.4,No
INTS3,11,10,147,6.8,No
INTS7,11,10,147,6.8,No
IRF2,11,11,147,7.5,Yes
IRF6,11,11,147,7.5,No
IRF8,11,10,147,6.8,Yes
ITGA3,11,10,147,6.8,No
ITGB7,11,10,147,6.8,No
JMY,11,10,147,6.8,No
JSRP1,11,9,147,6.1,No
KANSL1L,11,11,147,7.5,No
KAT2A,11,11,147,7.5,No
KBTBD3,11,9,147,6.1,No
KCNAB2,11,9,147,6.1,No
KCNIP1,11,10,147,6.8,No
KCNJ1,11,10,147,6.8,No
KCNJ10,11,11,147,7.5,No
KCNK1,11,10,147,6.8,No
KCTD11,11,11,147,7.5,No
KCTD8,11,9,147,6.1,No
KDM7A,11,11,147,7.5,No
KICS2,11,9,147,6.1,No
KIR2DL1,11,10,147,6.8,No
KIR3DX1,11,11,147,7.5,No
KLC4,11,11,147,7.5,No
KLF15,11,10,147,6.8,No
KLHL13,11,10,147,6.8,No
KLHL24,11,10,147,6.8,No
KLK15,11,10,147,6.8,No
KRT12,11,9,147,6.1,No
KRT7,11,10,147,6.8,No
KRTAP10-7,11,5,147,3.4,No
L2HGDH,11,10,147,6.8,No
LAMP5,11,11,147,7.5,No
LAP3,11,10,147,6.8,No
LARP6,11,9,147,6.1,No
LARS1,11,11,147,7.5,No
LCLAT1,11,11,147,7.5,No
LDHAL6A,11,9,147,6.1,No
LDHB,11,9,147,6.1,No
LENG8,11,11,147,7.5,No
LGI4,11,11,147,7.5,No
LHX4,11,8,147,5.4,No
LIN28B,11,10,147,6.8,No
LINGO1,11,10,147,6.8,No
LLGL1,11,11,147,7.5,No
LNPK,11,11,147,7.5,No
LPCAT4,11,11,147,7.5,No
LRRC4,11,11,147,7.5,No
LRRC40,11,11,147,7.5,No
LRRN4CL,11,9,147,6.1,No
LRSAM1,11,10,147,6.8,No
LUZP2,11,10,147,6.8,No
LYVE1,11,9,147,6.1,No
MAGEB10,11,9,147,6.1,No
MAN2C1,11,11,147,7.5,No
MAP7D2,11,11,147,7.5,No
MAPK8IP1,11,6,147,4.1,No
MCM3,11,10,147,6.8,No
MDM4,11,11,176,6.3,Yes
METTL13,11,10,147,6.8,No
METTL21C,11,11,147,7.5,No
METTL25,11,10,147,6.8,No
MFN2,11,10,147,6.8,No
MGRN1,11,11,147,7.5,No
MMS22L,11,10,147,6.8,No
MON1B,11,10,147,6.8,No
MPHOSPH10,11,11,147,7.5,No
MSI1,11,11,147,7.5,Yes
MSTN,11,9,147,6.1,No
MTMR11,11,11,147,7.5,No
MTX1,11,8,147,5.4,No
MYBPH,11,10,147,6.8,No
MYSM1,11,9,147,6.1,No
MZF1,11,9,147,6.1,No
N4BP2L2,11,8,147,5.4,No
NAPSA,11,8,147,5.4,No
NBPF3,11,11,147,7.5,No
NCF1,11,11,147,7.5,No
NCOA5,11,10,147,6.8,No
NCR3LG1,11,11,147,7.5,No
NDC1,11,10,147,6.8,No
NFE2,11,10,147,6.8,Yes
NFIA,11,11,147,7.5,No
NGF,11,10,147,6.8,No
NMUR1,11,11,147,7.5,No
NOL4L,11,9,147,6.1,No
NOL8,11,9,147,6.1,No
NOLC1,11,9,147,6.1,No
NOMO1,11,9,147,6.1,No
NOTUM,11,10,147,6.8,No
NPEPL1,11,11,147,7.5,No
NPIPB15,11,10,147,6.8,No
NPTXR,11,10,147,6.8,No
NR1H3,11,11,147,7.5,No
NR1I2,11,11,147,7.5,No
NSMF,11,11,147,7.5,No
NSUN2,11,11,147,7.5,No
NUDCD1,11,11,147,7.5,No
NXPE3,11,10,147,6.8,No
OGFR,11,7,147,4.8,No
OOSP2,11,9,147,6.1,No
OPRK1,11,11,147,7.5,No
OR10D3,11,6,147,4.1,No
OR10G6,11,11,147,7.5,No
OR10J3,11,10,147,6.8,No
OR10Q1,11,11,147,7.5,No
OR12D3,11,10,147,6.8,No
OR1L8,11,8,147,5.4,No
OR2AP1,11,9,147,6.1,No
OR3A3,11,9,147,6.1,No
OR4B1,11,9,147,6.1,No
OR4X2,11,10,147,6.8,No
OR51E1,11,10,147,6.8,No
OR52E5,11,8,147,5.4,No
OR5AU1,11,11,147,7.5,No
OR5D3,11,8,147,5.4,No
OR5M1,11,11,147,7.5,No
OR5M8,11,9,147,6.1,No
OR6X1,11,9,147,6.1,No
OR7A10,11,11,147,7.5,No
OR8B12,11,10,147,6.8,No
OR8B4,11,10,147,6.8,No
OR8S1,11,11,147,7.5,No
OR9G4,11,10,147,6.8,No
OSBP2,11,11,147,7.5,No
OSBPL10,11,11,147,7.5,No
OSBPL1A,11,10,147,6.8,No
OSBPL9,11,11,147,7.5,No
OSMR,11,10,147,6.8,No
OXER1,11,9,147,6.1,No
P2RX3,11,10,147,6.8,No
P3H3,11,9,147,6.1,No
PABPC1,11,9,147,6.1,No
PAF1,11,10,147,6.8,No
PALS1,11,11,147,7.5,No
PALS2,11,11,147,7.5,No
PAMR1,11,11,147,7.5,No
PAPOLG,11,10,147,6.8,No
PARP9,11,9,147,6.1,No
PCIF1,11,10,147,6.8,No
PCOLCE2,11,10,147,6.8,No
PCSK9,11,11,147,7.5,No
PCYOX1L,11,11,147,7.5,No
PDS5A,11,9,147,6.1,No
PDYN,11,10,147,6.8,No
PEX14,11,10,147,6.8,No
PFKFB2,11,11,147,7.5,No
PFKFB3,11,10,147,6.8,No
PHTF1,11,11,147,7.5,No
PIK3R2,11,9,147,6.1,Yes
PINK1,11,11,147,7.5,No
PKP1,11,10,147,6.8,No
PLA2G4E,11,10,147,6.8,No
PLIN1,11,11,147,7.5,No
PLPPR3,11,9,147,6.1,No
PMEL,11,8,147,5.4,No
PNISR,11,10,147,6.8,No
PNPLA8,11,10,147,6.8,No
POC1B,11,11,147,7.5,No
POLM,11,11,147,7.5,No
POLR3C,11,11,147,7.5,No
POTEF,11,10,147,6.8,No
POU2F3,11,9,147,6.1,No
POU4F3,11,10,147,6.8,No
PPP1R21,11,10,147,6.8,No
PRAMEF14,11,8,147,5.4,No
PRAMEF17,11,7,147,4.8,No
PRKAR2B,11,10,147,6.8,No
PRSS38,11,9,147,6.1,No
PRSS54,11,11,147,7.5,No
PRSS56,11,9,147,6.1,No
PRSS58,11,8,147,5.4,No
PSG3,11,8,147,5.4,No
PTCRA,11,11,147,7.5,No
PTGFRN,11,10,147,6.8,No
PTGS1,11,10,147,6.8,No
PTPN11,11,11,176,6.3,Yes
PYGO2,11,10,147,6.8,No
QSOX1,11,11,147,7.5,No
RAB11FIP2,11,10,147,6.8,No
RACGAP1,11,10,147,6.8,No
RAD21,11,11,147,7.5,Yes
RANBP3,11,10,147,6.8,No
RARG,11,9,147,6.1,No
RARS2,11,11,147,7.5,No
RBM28,11,10,147,6.8,No
REL,11,11,176,6.3,Yes
REN,11,9,147,6.1,No
RESP18,11,11,147,7.5,No
RFPL3,11,10,147,6.8,No
RGL4,11,11,147,7.5,No
RGS1,11,8,147,5.4,No
RGS11,11,10,147,6.8,No
RGS14,11,10,147,6.8,No
RHPN1,11,11,147,7.5,No
RILP,11,5,147,3.4,No
RPAP2,11,7,147,4.8,No
RPN1,11,9,176,5.1,Yes
RSPH10B2,11,11,147,7.5,No
RTCB,11,11,147,7.5,No
RTF1,11,10,147,6.8,No
RTN3,11,11,147,7.5,No
RUFY3,11,10,147,6.8,No
RUSC1,11,11,147,7.5,No
RXFP3,11,10,147,6.8,No
S1PR1,11,10,147,6.8,No
SAXO2,11,10,147,6.8,No
SCRN1,11,10,147,6.8,No
SCUBE2,11,10,147,6.8,No
SEC14L1,11,11,147,7.5,No
SEC63,11,10,147,6.8,No
SELL,11,10,147,6.8,No
SENP2,11,10,147,6.8,No
SENP6,11,11,147,7.5,No
SEPHS1,11,10,147,6.8,No
SERPINB3,11,11,147,7.5,Yes
SERPINB6,11,10,147,6.8,No
SGSM3,11,9,147,6.1,No
SH2B2,11,10,147,6.8,No
SH2D3A,11,11,147,7.5,No
SH3BGR,11,11,147,7.5,No
SIDT2,11,11,147,7.5,No
SIMC1,11,9,147,6.1,No
SLC10A5,11,11,147,7.5,No
SLC17A9,11,11,147,7.5,No
SLC25A24,11,11,147,7.5,No
SLC26A2,11,9,147,6.1,No
SLC26A6,11,8,147,5.4,No
SLC2A6,11,10,147,6.8,No
SLC35G3,11,11,147,7.5,No
SLC3A2,11,11,147,7.5,No
SLC40A1,11,11,147,7.5,No
SLC41A2,11,9,147,6.1,No
SLC44A1,11,10,147,6.8,No
SLC45A3,11,11,147,7.5,Yes
SLC7A11,11,11,147,7.5,No
SLC9D1,11,10,147,6.8,No
SLCO3A1,11,11,147,7.5,No
SLITRK6,11,11,147,7.5,No
SMC3,11,9,147,6.1,Yes
SND1,11,11,147,7.5,Yes
SNX15,11,11,147,7.5,No
SNX29,11,9,147,6.1,Yes
SOX10,11,10,147,6.8,Yes
SP4,11,7,147,4.8,No
SPACA1,11,11,147,7.5,No
SPACA7,11,8,147,5.4,No
SPARCL1,11,9,147,6.1,No
SPATA7,11,10,147,6.8,No
SPICE1,11,10,147,6.8,No
SREK1,11,11,147,7.5,No
SSTR4,11,11,147,7.5,No
ST3GAL5,11,11,147,7.5,No
STAU1,11,9,147,6.1,No
STK3,11,11,147,7.5,No
STRIP1,11,11,147,7.5,No
STRIP2,11,10,147,6.8,No
STXBP1,11,10,147,6.8,No
SUGCT,11,10,147,6.8,No
SULT1E1,11,9,147,6.1,No
SULT2A1,11,11,147,7.5,No
SUMF1,11,9,147,6.1,No
SYN1,11,10,147,6.8,No
SYPL2,11,11,147,7.5,No
TAF15,11,11,147,7.5,Yes
TAF1A,11,10,147,6.8,No
TAMALIN,11,9,147,6.1,No
TARBP1,11,10,147,6.8,No
TARM1,11,11,147,7.5,No
TARS1,11,11,147,7.5,No
TARS2,11,10,147,6.8,No
TARS3,11,11,147,7.5,No
TAS2R7,11,11,147,7.5,No
TBATA,11,10,147,6.8,No
TBPL2,11,10,147,6.8,No
TBX2,11,10,147,6.8,No
TCF7L1,11,9,147,6.1,No
TCP11,11,11,147,7.5,No
TCTN2,11,11,147,7.5,No
TDRD3,11,10,147,6.8,No
TEC,11,11,176,6.3,Yes
TENT2,11,11,147,7.5,No
TENT5C,11,9,176,5.1,Yes
TESK1,11,11,147,7.5,No
TESK2,11,10,147,6.8,No
TEX10,11,9,147,6.1,No
TEX13A,11,10,147,6.8,No
TEX26,11,11,147,7.5,No
TFEC,11,10,147,6.8,No
TGFBR1,11,10,147,6.8,Yes
TLE7,11,10,147,6.8,No
TLR1,11,11,147,7.5,No
TMC7,11,11,147,7.5,No
TMCC2,11,11,147,7.5,No
TMEM171,11,11,147,7.5,No
TMEM214,11,9,147,6.1,No
TMPRSS11A,11,10,147,6.8,No
TMPRSS11E,11,11,147,7.5,No
TNFRSF1A,11,10,147,6.8,No
TNK1,11,7,147,4.8,No
TNKS2,11,10,147,6.8,No
TPP1,11,10,147,6.8,No
TPRG1,11,11,147,7.5,No
TRAPPC10,11,11,147,7.5,No
TREML2,11,10,147,6.8,No
TRIM15,11,10,147,6.8,No
TRIM2,11,9,147,6.1,No
TRIM25,11,10,147,6.8,No
TRIM28,11,10,147,6.8,No
TRIM32,11,8,147,5.4,No
TRIM33,11,9,147,6.1,Yes
TRIM35,11,11,147,7.5,No
TRIM49B,11,9,147,6.1,No
TRPV1,11,10,147,6.8,No
TUBA3E,11,10,147,6.8,No
TUBAL3,11,10,147,6.8,No
TUBB1,11,10,147,6.8,No
TUBB2B,11,8,147,5.4,No
TUBGCP3,11,11,147,7.5,No
TXK,11,10,147,6.8,No
TXLNA,11,10,147,6.8,No
UBASH3B,11,10,147,6.8,No
UBE3A,11,9,147,6.1,No
UBL7,11,10,147,6.8,No
UHRF1,11,10,147,6.8,No
UTP25,11,10,147,6.8,No
VRK1,11,10,147,6.8,No
WASF1,11,10,147,6.8,No
WASHC2C,11,10,147,6.8,No
WASL,11,9,147,6.1,No
WDR20,11,10,147,6.8,No
WDR47,11,11,147,7.5,No
WDR7,11,10,147,6.8,No
WDR76,11,8,147,5.4,No
WHR1,11,11,147,7.5,Yes
WNT7A,11,9,147,6.1,No
WNT9A,11,11,147,7.5,No
WWOX,11,9,147,6.1,Yes
XPR1,11,9,147,6.1,No
XRRA1,11,9,147,6.1,No
YTHDF2,11,9,147,6.1,No
YY1AP1,11,9,147,6.1,Yes
ZBTB47,11,10,147,6.8,No
ZDHHC23,11,9,147,6.1,No
ZDHHC8,11,10,147,6.8,No
ZFYVE1,11,10,147,6.8,No
ZKSCAN5,11,10,147,6.8,No
ZMYM3,11,10,147,6.8,Yes
ZMYM6,11,10,147,6.8,No
ZMYND8,11,10,147,6.8,No
ZNF133,11,9,147,6.1,No
ZNF157,11,6,147,4.1,No
ZNF174,11,11,147,7.5,No
ZNF197,11,10,147,6.8,No
ZNF207,11,10,147,6.8,No
ZNF263,11,11,147,7.5,No
ZNF268,11,9,147,6.1,No
ZNF33B,11,11,147,7.5,No
ZNF385C,11,9,147,6.1,No
ZNF398,11,11,147,7.5,No
ZNF433,11,9,147,6.1,No
ZNF461,11,11,147,7.5,No
ZNF490,11,11,147,7.5,No
ZNF492,11,7,147,4.8,No
ZNF514,11,10,147,6.8,No
ZNF57,11,11,147,7.5,No
ZNF600,11,10,147,6.8,No
ZNF619,11,11,147,7.5,No
ZNF629,11,11,147,7.5,No
ZNF649,11,10,147,6.8,No
ZNF737,11,10,147,6.8,No
ZNF780A,11,11,147,7.5,No
ZNF800,11,9,147,6.1,No
ZNF843,11,11,147,7.5,No
ZNRF3,11,10,147,6.8,Yes
ZSCAN5B,11,9,147,6.1,No
ZYX,11,11,147,7.5,No
A4GNT,10,8,147,5.4,No
AADACL4,10,9,147,6.1,No
ABCB9,10,9,147,6.1,No
ABCD4,10,9,147,6.1,No
ABCG2,10,9,176,5.1,No
ABI3,10,8,147,5.4,No
ABLIM2,10,9,147,6.1,No
ABR,10,8,147,5.4,No
ACAD11,10,9,147,6.1,No
ACAD9,10,7,147,4.8,No
ACAP2,10,7,147,4.8,No
ACKR5,10,10,147,6.8,No
ACO2,10,9,147,6.1,No
ACOT4,10,10,147,6.8,No
ACOX1,10,10,147,6.8,No
ACOX2,10,9,147,6.1,No
ACTB,10,10,147,6.8,Yes
ADD3,10,10,147,6.8,No
ADRA2B,10,9,147,6.1,No
AEN,10,10,147,6.8,No
AFAP1L2,10,9,147,6.1,No
AFG2A,10,9,147,6.1,No
AFTPH,10,10,147,6.8,No
AGAP3,10,10,147,6.8,No
AGPAT4,10,10,147,6.8,No
AHSG,10,9,147,6.1,No
AJM1,10,9,147,6.1,No
AKR1E2,10,8,147,5.4,No
ALG10,10,7,147,4.8,No
ALG8,10,10,147,6.8,No
ALKBH4,10,10,147,6.8,No
ALKBH8,10,9,147,6.1,No
ALOXE3,10,10,147,6.8,No
AMIGO1,10,9,147,6.1,No
ANAPC4,10,9,147,6.1,No
ANGPTL6,10,8,147,5.4,No
ANHX,10,9,147,6.1,No
ANKRD27,10,10,147,6.8,No
ANKRD34B,10,10,147,6.8,No
ANKRD62,10,6,147,4.1,No
ANO10,10,9,147,6.1,No
ANTXRL,10,8,147,5.4,No
ANXA9,10,10,147,6.8,No
APMAP,10,8,147,5.4,No
APPL1,10,10,147,6.8,No
AQP10,10,9,147,6.1,No
AQP7B,10,10,147,6.8,No
AQP9,10,9,147,6.1,No
ARHGAP1,10,9,147,6.1,No
ARHGAP12,10,10,147,6.8,No
ARHGAP19,10,8,147,5.4,No
ARHGAP26,10,10,176,5.7,Yes
ARHGAP27,10,9,147,6.1,No
ARMC6,10,4,147,2.7,No
ARSB,10,8,147,5.4,No
ARSH,10,10,147,6.8,No
ART4,10,9,147,6.1,No
ASAH2,10,8,147,5.4,No
ASIC4,10,10,147,6.8,No
ASZ1,10,9,147,6.1,No
ATAD3A,10,7,147,4.8,No
ATF4,10,7,147,4.8,No
ATXN7,10,10,147,6.8,Yes
B3GNT7,10,6,147,4.1,No
B4GALT7,10,9,147,6.1,No
BAG3,10,10,147,6.8,No
BAIAP2,10,10,147,6.8,No
BAIAP2L1,10,9,147,6.1,No
BARHL2,10,9,147,6.1,No
BCAR1,10,9,147,6.1,No
BCAR3,10,9,147,6.1,No
BCKDK,10,9,147,6.1,No
BMP4,10,9,147,6.1,No
BRME1,10,10,147,6.8,No
BTN3A3,10,9,147,6.1,No
BTNL9,10,9,147,6.1,No
C11ORF16,10,9,147,6.1,No
C1ORF159,10,8,147,5.4,No
C1QTNF4,10,3,147,2,No
C1S,10,9,147,6.1,No
C2,10,10,147,6.8,No
C20ORF144,10,10,147,6.8,No
C20ORF203,10,9,147,6.1,No
C4ORF17,10,10,147,6.8,No
C5ORF22,10,10,147,6.8,No
C5ORF34,10,9,147,6.1,No
C8ORF74,10,9,147,6.1,No
CALCOCO1,10,8,147,5.4,No
CALHM5,10,10,147,6.8,No
CAMKK1,10,10,147,6.8,No
CAMKK2,10,8,147,5.4,No
CBLC,10,10,176,5.7,Yes
CBLN2,10,10,147,6.8,No
CCDC13,10,9,147,6.1,No
CCDC54,10,8,147,5.4,No
CCDC8,10,9,147,6.1,No
CCNL2,10,8,147,5.4,No
CCNT1,10,10,147,6.8,No
CCNT2,10,10,147,6.8,No
CCPG1,10,10,147,6.8,No
CCR2,10,8,147,5.4,No
CCT6A,10,10,147,6.8,No
CD300E,10,10,147,6.8,No
CD300LB,10,8,147,5.4,No
CD300LF,10,7,147,4.8,No
CD3D,10,10,147,6.8,No
CDADC1,10,10,147,6.8,No
CDHR1,10,10,147,6.8,No
CDK5RAP1,10,8,147,5.4,No
CDO1,10,10,147,6.8,No
CDRT15L2,10,8,147,5.4,No
CELF3,10,10,147,6.8,No
CEP68,10,10,147,6.8,No
CEP95,10,9,147,6.1,No
CETN1,10,9,147,6.1,No
CFAP210,10,10,147,6.8,No
CGB1,10,7,147,4.8,No
CIMIP2C,10,9,147,6.1,No
CIROP,10,8,147,5.4,No
CLINT1,10,9,147,6.1,No
CLSTN1,10,9,147,6.1,No
CLUL1,10,10,147,6.8,No
CMA1,10,9,147,6.1,No
CNGA4,10,10,147,6.8,No
CNOT4,10,10,147,6.8,No
CNTNAP3,10,9,147,6.1,No
COG2,10,8,147,5.4,No
COPG1,10,9,147,6.1,No
CPA5,10,9,147,6.1,No
CPM,10,8,147,5.4,No
CRAT,10,10,147,6.8,No
CREB3L4,10,10,147,6.8,No
CRISP1,10,10,147,6.8,No
CSNK1D,10,7,147,4.8,No
CSPG5,10,9,147,6.1,No
CTH,10,10,147,6.8,No
CTNNA1,10,10,176,5.7,Yes
CTNNBL1,10,10,147,6.8,No
CTSV,10,9,147,6.1,No
CTSZ,10,8,147,5.4,No
CUL4A,10,9,147,6.1,Yes
CWC22,10,10,147,6.8,No
CYB5R4,10,9,147,6.1,No
CYTH1,10,8,147,5.4,No
DBR1,10,10,147,6.8,No
DBX2,10,9,147,6.1,No
DDIAS,10,9,147,6.1,No
DDN,10,10,147,6.8,No
DDX1,10,10,147,6.8,No
DDX23,10,9,147,6.1,No
DDX50,10,10,147,6.8,No
DDX51,10,10,147,6.8,No
DET1,10,9,147,6.1,No
DHCR7,10,9,147,6.1,No
DHPS,10,10,147,6.8,No
DHX35,10,8,147,5.4,No
DNAJB13,10,9,147,6.1,No
DPF1,10,9,147,6.1,No
DPYSL2,10,9,147,6.1,No
DRAXIN,10,10,147,6.8,No
DUS3L,10,8,147,5.4,No
DVL2,10,10,147,6.8,No
EBNA1BP2,10,10,147,6.8,No
EDEM3,10,9,147,6.1,No
EDNRA,10,9,147,6.1,No
EEIG2,10,9,147,6.1,No
EEPD1,10,9,147,6.1,No
EFEMP1,10,9,147,6.1,No
EGFL6,10,9,147,6.1,No
EGLN2,10,9,147,6.1,No
EGR1,10,10,147,6.8,Yes
EHD2,10,8,147,5.4,No
EIF2S3B,10,8,147,5.4,No
EIF4A2,10,10,147,6.8,Yes
EIF4B,10,9,147,6.1,No
ELAVL3,10,8,147,5.4,No
ELL,10,10,147,6.8,Yes
EMB,10,10,147,6.8,No
EMC1,10,10,147,6.8,No
ENDOV,10,9,147,6.1,No
ENGASE,10,10,147,6.8,No
EPS8L2,10,10,147,6.8,No
ESAM,10,10,147,6.8,No
ESM1,10,9,147,6.1,No
ETAA1,10,9,147,6.1,Yes
ETV2,10,9,147,6.1,No
EXD2,10,7,147,4.8,No
EXOC1,10,10,147,6.8,No
EXOC3,10,10,147,6.8,No
F2R,10,10,147,6.8,No
F2RL3,10,10,147,6.8,No
FAF2,10,9,147,6.1,No
FAM117B,10,9,147,6.1,No
FAM131B,10,9,147,6.1,No
FAM181A,10,9,147,6.1,No
FAM220A,10,8,147,5.4,No
FAM81B,10,10,147,6.8,No
FAM98A,10,9,147,6.1,No
FARSA,10,8,147,5.4,No
FASTKD1,10,9,147,6.1,No
FAXC,10,9,147,6.1,No
FBXO21,10,10,147,6.8,No
FBXO31,10,8,176,4.5,Yes
FBXO39,10,9,147,6.1,No
FBXO5,10,10,147,6.8,No
FCGR2A,10,9,147,6.1,No
FCHSD1,10,10,176,5.7,No
FGFR2,10,10,176,5.7,Yes
FHIP2A,10,10,147,6.8,No
FLACC1,10,10,147,6.8,No
FLII,10,9,147,6.1,No
FMR1NB,10,9,147,6.1,No
FNDC9,10,9,147,6.1,No
FOXA1,10,9,176,5.1,Yes
FOXJ3,10,10,147,6.8,No
FOXL1,10,6,147,4.1,No
FOXS1,10,10,147,6.8,No
FRMD6,10,8,147,5.4,No
FSTL1,10,9,147,6.1,Yes
GAB3,10,9,147,6.1,No
GALNT2,10,9,147,6.1,No
GALNT7,10,10,147,6.8,No
GATA1,10,9,176,5.1,Yes
GATA4,10,10,176,5.7,Yes
GCFC2,10,10,147,6.8,No
GCM1,10,9,147,6.1,No
GDAP1L1,10,9,147,6.1,No
GDF9,10,9,147,6.1,No
GFI1B,10,10,147,6.8,No
GGTLC1,10,10,147,6.8,No
GIPC1,10,9,147,6.1,No
GIT2,10,9,147,6.1,No
GLE1,10,7,147,4.8,No
GMPR,10,10,147,6.8,No
GMPS,10,10,176,5.7,Yes
GOLGA6B,10,10,147,6.8,No
GOLGA6L7,10,6,147,4.1,No
GOLM1,10,10,147,6.8,No
GOT1,10,10,147,6.8,No
GPA33,10,8,147,5.4,No
GPAT3,10,9,147,6.1,No
GPC4,10,7,147,4.8,No
GPR108,10,10,147,6.8,No
GPR137,10,8,147,5.4,No
GPR137B,10,8,147,5.4,No
GPR161,10,10,147,6.8,No
GPR6,10,9,147,6.1,No
GPR75,10,10,147,6.8,No
GRB7,10,9,147,6.1,Yes
GREM1,10,9,147,6.1,Yes
GRK7,10,10,147,6.8,No
GSDMB,10,8,147,5.4,No
GSDME,10,8,147,5.4,No
GSG1L,10,9,147,6.1,No
GTSE1,10,10,147,6.8,Yes
GUCA1C,10,9,147,6.1,No
GXYLT1,10,7,147,4.8,No
H6PD,10,9,147,6.1,No
HASPIN,10,8,147,5.4,No
HEATR9,10,9,147,6.1,No
HECTD2,10,9,147,6.1,No
HERC4,10,9,147,6.1,No
HEXA,10,7,147,4.8,No
HEYL,10,9,147,6.1,No
HHATL,10,8,147,5.4,No
HINFP,10,10,147,6.8,No
HLA-DRA,10,8,147,5.4,No
HMGCL,10,10,147,6.8,No
HMGCS1,10,8,147,5.4,No
HNRNPA2B1,10,10,147,6.8,Yes
HOXD3,10,9,147,6.1,No
HPD,10,10,147,6.8,No
HPGDS,10,9,147,6.1,No
HSD3B1,10,10,147,6.8,Yes
HTR6,10,9,147,6.1,No
HYCC1,10,10,147,6.8,No
ICAM2,10,9,147,6.1,No
IDI2,10,10,147,6.8,No
IFNW1,10,10,147,6.8,No
IFT56,10,10,147,6.8,No
IFT70A,10,9,147,6.1,No
IGF1,10,9,147,6.1,Yes
IHH,10,9,147,6.1,No
IHO1,10,9,147,6.1,No
IKBKE,10,10,176,5.7,Yes
IL1RL2,10,10,147,6.8,No
IL6R,10,10,147,6.8,No
IL9R,10,7,147,4.8,No
INHBA,10,10,147,6.8,Yes
INPP5B,10,10,147,6.8,No
INPP5E,10,10,147,6.8,No
INTS12,10,9,147,6.1,No
IPO11,10,9,147,6.1,No
IRAK4,10,9,147,6.1,No
IRF2BP2,10,9,147,6.1,No
IRGQ,10,10,147,6.8,No
ISM1,10,9,147,6.1,No
JAML,10,10,147,6.8,No
KBTBD13,10,9,147,6.1,No
KCNE2,10,8,147,5.4,No
KCNJ11,10,10,147,6.8,No
KCNJ16,10,10,147,6.8,No
KCNMB2,10,10,147,6.8,No
KDM1A,10,10,147,6.8,No
KHDC4,10,9,147,6.1,No
KIAA0319L,10,8,147,5.4,No
KIF11,10,8,147,5.4,No
KIFC2,10,8,147,5.4,No
KLHDC10,10,7,147,4.8,No
KLHL15,10,7,147,4.8,No
KLHL23,10,9,147,6.1,No
KLHL34,10,9,147,6.1,No
KLHL7,10,9,147,6.1,No
KPNA7,10,9,147,6.1,No
LARP4B,10,7,147,4.8,Yes
LARS2,10,10,147,6.8,No
LEKR1,10,10,147,6.8,No
LGI3,10,10,147,6.8,No
LGR4,10,9,147,6.1,No
LIAT1,10,8,147,5.4,No
LIMK2,10,9,147,6.1,No
LIN9,10,10,147,6.8,No
LINS1,10,9,147,6.1,No
LNX2,10,10,147,6.8,No
LOXL3,10,10,147,6.8,No
LRCH1,10,9,147,6.1,No
LRFN4,10,10,147,6.8,No
LRP2BP,10,10,147,6.8,No
LRRC10,10,9,147,6.1,No
LRRC17,10,8,147,5.4,No
LRRC27,10,8,147,5.4,No
LRRC52,10,7,147,4.8,No
LRRC56,10,9,147,6.1,No
LRRC72,10,10,147,6.8,No
LSM14A,10,8,147,5.4,No
LSS,10,10,147,6.8,No
LUC7L,10,9,147,6.1,No
MADCAM1,10,10,147,6.8,No
MAGEA4,10,8,147,5.4,No
MAGEE1,10,7,147,4.8,No
MAN1A1,10,10,147,6.8,No
MAN1B1,10,10,176,5.7,No
MAP3K2,10,9,147,6.1,No
MAPK6,10,9,147,6.1,No
MARVELD3,10,10,147,6.8,No
MB21D2,10,10,147,6.8,No
MBD3L1,10,10,147,6.8,No
MBD4,10,10,147,6.8,Yes
MBIP,10,9,147,6.1,No
MCM4,10,9,147,6.1,No
MCRS1,10,10,147,6.8,No
MDH2,10,9,147,6.1,Yes
MEAK7,10,9,147,6.1,No
MFGE8,10,10,147,6.8,No
MFSD1,10,9,147,6.1,No
MIB2,10,8,147,5.4,No
MIGA2,10,9,147,6.1,No
MLLT1,10,10,147,6.8,Yes
MLLT3,10,10,147,6.8,Yes
MMP14,10,9,176,5.1,No
MMP19,10,9,147,6.1,No
MMUT,10,10,147,6.8,No
MORC4,10,8,147,5.4,No
MORN1,10,9,147,6.1,No
MPPE1,10,9,147,6.1,No
MR1,10,9,147,6.1,No
MRAP2,10,10,147,6.8,No
MROH6,10,10,147,6.8,No
MS4A13,10,9,147,6.1,No
MSANTD2,10,10,147,6.8,No
MST1R,10,9,147,6.1,Yes
MTERF4,10,9,147,6.1,No
MTHFSD,10,9,147,6.1,No
MTMR6,10,8,147,5.4,No
MTMR7,10,8,147,5.4,No
MYBPHL,10,10,147,6.8,No
MYL2,10,10,147,6.8,No
NADK,10,10,147,6.8,Yes
NAGA,10,8,147,5.4,No
NAGLU,10,10,147,6.8,No
NANOS2,10,7,147,4.8,No
NAPRT,10,9,147,6.1,No
NAT1,10,9,147,6.1,No
NECTIN2,10,9,147,6.1,No
NEDD4,10,10,147,6.8,No
NEK2,10,9,147,6.1,No
NETO2,10,8,147,5.4,No
NEURL1B,10,9,147,6.1,No
NFKB2,10,9,147,6.1,Yes
NFX1,10,10,147,6.8,No
NMBR,10,10,147,6.8,No
NMT2,10,9,147,6.1,No
NPTX1,10,10,147,6.8,No
NR0B1,10,10,147,6.8,No
NR1D1,10,9,147,6.1,No
NR3C1,10,10,147,6.8,No
NTSR2,10,9,147,6.1,No
NUAK1,10,10,147,6.8,No
NUFIP1,10,10,147,6.8,No
NUTM2G,10,10,147,6.8,No
OBP2A,10,10,147,6.8,No
ODAD1,10,9,147,6.1,No
ODC1,10,9,147,6.1,No
OPN3,10,10,147,6.8,No
OR10J1,10,8,147,5.4,No
OR14A16,10,8,147,5.4,No
OR1B1,10,10,147,6.8,No
OR1S2,10,10,147,6.8,No
OR2AT4,10,9,147,6.1,No
OR2T11,10,10,147,6.8,No
OR2T34,10,7,147,4.8,No
OR2V2,10,9,147,6.1,No
OR2Z1,10,10,147,6.8,No
OR4C3,10,9,147,6.1,No
OR4D11,10,9,147,6.1,No
OR4D6,10,10,147,6.8,No
OR4F15,10,9,147,6.1,No
OR4K15,10,9,147,6.1,No
OR51F2,10,9,147,6.1,No
OR51L1,10,10,147,6.8,No
OR52E6,10,9,147,6.1,No
OR52I2,10,9,147,6.1,No
OR52R1,10,9,147,6.1,No
OR5A2,10,9,147,6.1,No
OR5B17,10,10,147,6.8,No
OR5C1,10,10,147,6.8,No
OR5P3,10,10,147,6.8,No
OR6C6,10,9,147,6.1,No
OR6C68,10,8,147,5.4,No
OR6Q1,10,9,147,6.1,No
OR7G1,10,8,147,5.4,No
OSGEP,10,8,147,5.4,No
OTUD5,10,6,147,4.1,No
OTUD7A,10,8,147,5.4,No
P2RX7,10,10,147,6.8,No
P2RY6,10,9,147,6.1,No
PABPN1L,10,9,147,6.1,No
PAK1,10,10,147,6.8,Yes
PAN2,10,9,147,6.1,No
PANK2,10,9,147,6.1,No
PARN,10,8,147,5.4,No
PARS2,10,9,147,6.1,No
PAX8,10,9,147,6.1,Yes
PCDHGB5,10,9,147,6.1,No
PCED1A,10,10,147,6.8,No
PCK2,10,10,147,6.8,No
PCMTD2,10,9,147,6.1,No
PDIA2,10,9,147,6.1,No
PDZD7,10,10,147,6.8,No
PECR,10,9,147,6.1,No
PELI3,10,9,147,6.1,No
PGM1,10,10,147,6.8,No
PHC2,10,8,147,5.4,No
PID1,10,8,147,5.4,No
PIGQ,10,9,147,6.1,No
PLBD1,10,9,147,6.1,No
PLD4,10,10,147,6.8,No
PLEK,10,10,147,6.8,No
PLIN5,10,9,147,6.1,No
PLSCR1,10,10,147,6.8,No
PLSCR5,10,10,147,6.8,No
PLTP,10,10,147,6.8,No
PNLIPRP1,10,7,147,4.8,No
PNLIPRP2,10,8,147,5.4,No
PNPLA3,10,9,147,6.1,No
POC5,10,10,147,6.8,No
POGLUT3,10,9,147,6.1,No
POLI,10,9,147,6.1,No
POLL,10,8,147,5.4,No
POM121C,10,10,147,6.8,No
PON2,10,8,147,5.4,No
POPDC3,10,10,147,6.8,No
POU3F4,10,9,147,6.1,Yes
POU5F1B,10,8,147,5.4,No
PPIP5K1,10,9,147,6.1,No
PPP2R5B,10,10,147,6.8,No
PRAMEF15,10,7,147,4.8,No
PRCP,10,9,147,6.1,No
PRH1,10,9,147,6.1,No
PRIM2,10,9,147,6.1,No
PRKCSH,10,9,147,6.1,No
PRMT7,10,9,147,6.1,No
PROC,10,10,147,6.8,No
PROSER2,10,8,147,5.4,No
PRPH2,10,9,147,6.1,No
PRSS55,10,10,147,6.8,No
PSAPL1,10,10,147,6.8,No
PSMA8,10,10,147,6.8,No
PSMD2,10,10,147,6.8,No
PSPC1,10,10,147,6.8,No
PTPN23,10,9,147,6.1,No
QTRT2,10,9,147,6.1,No
R3HDML,10,9,147,6.1,No
RAB11FIP3,10,9,147,6.1,No
RAB11FIP4,10,9,147,6.1,No
RAB3C,10,10,147,6.8,No
RAB3IL1,10,8,147,5.4,No
RAB3IP,10,10,147,6.8,No
RABEP1,10,10,176,5.7,Yes
RABEP2,10,10,147,6.8,No
RABGGTA,10,9,147,6.1,No
RAC1,10,10,147,6.8,Yes
RAI2,10,10,147,6.8,No
RALBP1,10,10,147,6.8,No
RANBP6,10,9,147,6.1,No
RBM39,10,8,147,5.4,No
RCAN2,10,9,147,6.1,No
RCBTB2,10,10,147,6.8,No
RCC1,10,10,147,6.8,No
RCC2,10,9,147,6.1,No
RCE1,10,8,147,5.4,No
RCSD1,10,9,147,6.1,No
RELB,10,8,147,5.4,No
RFX1,10,9,147,6.1,No
RFX3,10,9,147,6.1,No
RGS4,10,10,147,6.8,No
RHCE,10,8,147,5.4,No
RIC3,10,9,147,6.1,No
RNASE3,10,10,147,6.8,No
RNF19A,10,9,147,6.1,No
RNF20,10,8,147,5.4,No
RNF208,10,10,147,6.8,No
RNF44,10,9,147,6.1,No
RPS6KL1,10,10,147,6.8,No
RTKN2,10,10,147,6.8,No
RTN4RL1,10,8,147,5.4,No
RXYLT1,10,9,147,6.1,No
SAMTOR,10,9,147,6.1,No
SART3,10,9,147,6.1,No
SATL1,10,10,147,6.8,No
SAXO5,10,10,147,6.8,No
SBSPON,10,9,147,6.1,No
SCFD1,10,10,147,6.8,No
SCML2,10,10,147,6.8,No
SDC1,10,9,147,6.1,No
SDSL,10,10,147,6.8,No
SEC14L6,10,8,147,5.4,No
SEC23A,10,10,147,6.8,No
SEC23B,10,10,147,6.8,No
SECTM1,10,10,147,6.8,No
SELPLG,10,10,147,6.8,No
SERGEF,10,10,147,6.8,No
SERPINC1,10,10,147,6.8,No
SERPINE3,10,8,147,5.4,No
SERTM1,10,8,147,5.4,No
SFPQ,10,10,147,6.8,Yes
SH3GL3,10,10,147,6.8,No
SHD,10,6,147,4.1,No
SHH,10,10,147,6.8,No
SIK2,10,9,147,6.1,No
SIRPB1,10,8,147,5.4,No
SIRT4,10,10,147,6.8,No
SIRT6,10,10,147,6.8,No
SKAP1,10,9,147,6.1,No
SKIL,10,9,147,6.1,No
SKOR1,10,10,147,6.8,No
SLC12A9,10,9,147,6.1,No
SLC16A10,10,10,147,6.8,No
SLC25A31,10,10,147,6.8,No
SLC25A52,10,9,147,6.1,No
SLC26A11,10,8,147,5.4,No
SLC35F3,10,8,147,5.4,No
SLC37A3,10,9,147,6.1,No
SLC38A9,10,10,147,6.8,No
SLC39A14,10,8,147,5.4,No
SLC39A4,10,10,147,6.8,No
SLC43A1,10,8,147,5.4,No
SLC9A7,10,10,147,6.8,No
SMAD2,10,9,176,5.1,Yes
SMARCD2,10,7,147,4.8,No
SMCO3,10,10,147,6.8,No
SMG8,10,10,147,6.8,No
SMG9,10,8,147,5.4,No
SNTB2,10,9,147,6.1,No
SNX20,10,10,147,6.8,No
SNX33,10,10,147,6.8,No
SP2,10,10,147,6.8,No
SPDEF,10,9,147,6.1,No
SPINDOC,10,9,147,6.1,No
SPNS2,10,10,147,6.8,No
SPP1,10,10,147,6.8,No
SPRY4,10,8,147,5.4,No
SRC,10,9,176,5.1,Yes
SRMS,10,9,147,6.1,No
SRP72,10,8,147,5.4,Yes
SRPX,10,10,147,6.8,No
SRRT,10,10,147,6.8,No
SRSF4,10,8,147,5.4,No
SS18L1,10,10,147,6.8,Yes
ST6GALNAC5,10,7,147,4.8,No
ST6GALNAC6,10,10,147,6.8,No
ST8SIA5,10,10,147,6.8,No
STAP1,10,10,147,6.8,No
STAT3,10,10,147,6.8,Yes
STEAP4,10,9,147,6.1,No
STK32C,10,10,147,6.8,No
STK39,10,9,147,6.1,No
STK40,10,10,147,6.8,Yes
STMN2,10,7,147,4.8,No
STXBP4,10,10,147,6.8,No
SULT1A2,10,9,147,6.1,No
SULT1C4,10,10,147,6.8,No
SULT4A1,10,10,147,6.8,No
SUN2,10,9,147,6.1,No
SUPV3L1,10,10,147,6.8,No
SYDE2,10,9,147,6.1,No
SYT12,10,9,147,6.1,No
SYT2,10,10,147,6.8,No
SYT5,10,10,147,6.8,No
TAF11L14,10,8,147,5.4,No
TAF4B,10,8,147,5.4,No
TAFA2,10,10,147,6.8,No
TAOK3,10,9,147,6.1,No
TAS1R3,10,8,147,5.4,No
TAS2R9,10,8,147,5.4,No
TBC1D22B,10,10,147,6.8,No
TBC1D5,10,10,147,6.8,No
TBCEL,10,10,147,6.8,No
TBCK,10,9,147,6.1,No
TCN1,10,10,147,6.8,No
TCP10L2,10,9,147,6.1,No
TCTN1,10,9,147,6.1,No
TDP1,10,8,147,5.4,No
TDRD10,10,9,147,6.1,No
TEX11,10,9,147,6.1,No
TEX44,10,10,147,6.8,No
TGFB2,10,9,147,6.1,No
TGS1,10,10,147,6.8,No
THAP12,10,9,147,6.1,No
THEMIS2,10,9,147,6.1,No
THOC2,10,9,147,6.1,No
TIPARP,10,10,147,6.8,Yes
TLR7,10,9,147,6.1,No
TMEM156,10,9,147,6.1,No
TMEM182,10,10,147,6.8,No
TMEM200C,10,8,147,5.4,No
TMTC1,10,8,147,5.4,No
TNFAIP2,10,7,147,4.8,No
TNFRSF11B,10,9,147,6.1,No
TNFRSF4,10,9,147,6.1,No
TNFRSF9,10,10,147,6.8,Yes
TNMD,10,9,147,6.1,No
TOP2B,10,10,147,6.8,No
TP73,10,9,176,5.1,No
TPH1,10,7,147,4.8,No
TRAF1,10,9,147,6.1,No
TRAF3,10,10,147,6.8,Yes
TRAF7,10,10,147,6.8,Yes
TRAPPC8,10,10,147,6.8,No
TRIM64B,10,10,147,6.8,No
TRIM68,10,10,147,6.8,No
TRIP6,10,10,147,6.8,No
TSGA10IP,10,6,147,4.1,No
TSNAXIP1,10,9,147,6.1,No
TSR1,10,9,147,6.1,No
TTC39A,10,9,147,6.1,No
TTC39C,10,7,147,4.8,No
UBTF,10,9,147,6.1,Yes
UBXN4,10,10,147,6.8,No
UGT1A10,10,8,147,5.4,No
UGT1A5,10,9,147,6.1,No
UIMC1,10,10,147,6.8,No
UNKL,10,10,147,6.8,No
UPK3B,10,9,147,6.1,No
USP10,10,10,147,6.8,No
USP15,10,9,147,6.1,No
USP49,10,7,147,4.8,No
UTP14C,10,9,147,6.1,No
UVSSA,10,10,147,6.8,No
VPS9D1,10,10,147,6.8,No
VRK3,10,9,147,6.1,No
VSIG4,10,10,147,6.8,No
VWA1,10,9,147,6.1,No
WDFY1,10,9,147,6.1,No
WDR43,10,8,147,5.4,No
WFDC8,10,9,147,6.1,No
WFS1,10,8,147,5.4,No
WNT3,10,9,147,6.1,No
WNT6,10,9,147,6.1,No
XPNPEP3,10,10,147,6.8,No
ZBTB10,10,9,147,6.1,No
ZBTB11,10,10,147,6.8,No
ZBTB18,10,10,147,6.8,No
ZBTB2,10,9,147,6.1,No
ZBTB32,10,10,147,6.8,No
ZC3H7A,10,9,147,6.1,No
ZDHHC14,10,9,147,6.1,No
ZFP30,10,8,147,5.4,No
ZFP69B,10,8,147,5.4,No
ZFPL1,10,8,147,5.4,No
ZFYVE27,10,9,147,6.1,No
ZIC5,10,7,147,4.8,No
ZKSCAN7,10,10,147,6.8,No
ZKSCAN8,10,10,147,6.8,No
ZNF175,10,6,147,4.1,No
ZNF18,10,9,147,6.1,No
ZNF189,10,8,147,5.4,No
ZNF2,10,9,147,6.1,No
ZNF222,10,9,147,6.1,No
ZNF227,10,10,147,6.8,No
ZNF254,10,8,147,5.4,No
ZNF266,10,10,147,6.8,No
ZNF273,10,9,147,6.1,No
ZNF30,10,9,147,6.1,No
ZNF362,10,7,147,4.8,No
ZNF436,10,9,147,6.1,No
ZNF486,10,9,147,6.1,No
ZNF502,10,7,147,4.8,No
ZNF526,10,10,147,6.8,No
ZNF529,10,7,147,4.8,No
ZNF614,10,9,147,6.1,No
ZNF658,10,8,147,5.4,No
ZNF66,10,7,147,4.8,No
ZNF660,10,10,147,6.8,No
ZNF681,10,5,147,3.4,No
ZNF697,10,8,147,5.4,No
ZNF713,10,10,147,6.8,No
ZNF735,10,9,147,6.1,No
ZNF778,10,10,147,6.8,No
ZRANB3,10,10,147,6.8,No
ZSCAN29,10,10,147,6.8,No
ZSWIM6,10,10,147,6.8,No
ZW10,10,9,147,6.1,No
ZYG11B,10,10,147,6.8,No
AANAT,9,9,147,6.1,No
AATF,9,9,147,6.1,No
ABCB10,9,7,147,4.8,No
ABCB6,9,9,147,6.1,No
ABCD3,9,9,147,6.1,No
ABHD4,9,8,147,5.4,No
ACADL,9,8,147,5.4,No
ACADSB,9,9,147,6.1,No
ACCS,9,8,147,5.4,No
ACE2,9,7,147,4.8,No
ACP5,9,8,147,5.4,No
ACRBP,9,9,147,6.1,No
ACSL1,9,8,147,5.4,No
ACSS1,9,8,147,5.4,No
ACTA2,9,9,147,6.1,No
ACTN3,9,8,147,5.4,No
ADAM10,9,6,147,4.1,No
ADAMTSL5,9,8,147,5.4,No
ADCK5,9,7,147,4.8,No
ADGRG5,9,7,147,4.8,No
ADH1C,9,8,147,5.4,No
AFMID,9,9,147,6.1,No
AFP,9,9,147,6.1,No
AGBL5,9,7,147,4.8,No
AGO2,9,9,147,6.1,Yes
AK8,9,8,147,5.4,No
AKAP8,9,9,147,6.1,No
ALDH2,9,9,147,6.1,Yes
ALDH3B2,9,8,147,5.4,No
AMY1C,9,6,147,4.1,No
ANKMY2,9,9,147,6.1,No
ANKRD45,9,8,147,5.4,No
ANKS3,9,8,147,5.4,No
ANKZF1,9,9,147,6.1,No
ANO9,9,7,147,4.8,No
ANXA6,9,8,147,5.4,No
AP1G1,9,9,147,6.1,No
APOD,9,9,147,6.1,No
APOF,9,9,147,6.1,No
ARG1,9,9,147,6.1,No
ARHGAP10,9,9,147,6.1,No
ARHGEF3,9,9,147,6.1,No
ARMC8,9,7,147,4.8,No
ARRDC2,9,8,147,5.4,No
ARSA,9,8,147,5.4,No
ART5,9,7,147,4.8,No
ASB14,9,7,147,4.8,No
ASGR1,9,8,147,5.4,No
ASNS,9,9,147,6.1,No
ASPRV1,9,8,147,5.4,No
ATF2,9,9,147,6.1,No
ATF5,9,9,147,6.1,No
ATF7IP2,9,8,147,5.4,No
ATG14,9,9,147,6.1,No
ATOH1,9,9,147,6.1,No
ATOH8,9,8,147,5.4,No
AZGP1,9,8,147,5.4,No
B3GALT5-AS1,9,9,147,6.1,No
B3GNT3,9,8,147,5.4,No
BAP1,9,8,176,4.5,Yes
BBOF1,9,9,147,6.1,No
BBS12,9,9,147,6.1,No
BCL6B,9,9,147,6.1,No
BCO2,9,9,147,6.1,No
BEND6,9,9,147,6.1,No
BLZF1,9,9,147,6.1,No
BMP2K,9,9,147,6.1,No
BSCL2,9,9,147,6.1,No
BTD,9,9,147,6.1,No
BZW2,9,7,147,4.8,No
C1RL,9,8,147,5.4,No
C2ORF81,9,9,147,6.1,No
C6ORF58,9,8,147,5.4,No
C8ORF58,9,9,147,6.1,No
CA3,9,8,147,5.4,No
CALHM1,9,9,147,6.1,No
CAMK1G,9,9,147,6.1,No
CAP1,9,9,147,6.1,No
CAPN7,9,9,147,6.1,No
CARD9,9,7,147,4.8,No
CASK,9,5,147,3.4,No
CASP2,9,9,147,6.1,No
CBFA2T3,9,8,147,5.4,Yes
CC2D1B,9,9,147,6.1,No
CC2D2B,9,8,147,5.4,No
CCAR2,9,9,147,6.1,No
CCDC112,9,9,147,6.1,No
CCDC120,9,8,147,5.4,No
CCDC185,9,8,147,5.4,No
CCDC198,9,9,147,6.1,No
CCDC66,9,9,147,6.1,No
CCDC69,9,9,147,6.1,No
CCHCR1,9,8,147,5.4,No
CCM2L,9,9,147,6.1,No
CCNJL,9,8,147,5.4,No
CCRL2,9,8,147,5.4,No
CD177,9,8,147,5.4,No
CD207,9,9,147,6.1,No
CD248,9,9,147,6.1,No
CD44,9,6,147,4.1,No
CD80,9,7,147,4.8,No
CD84,9,8,147,5.4,No
CDCA7L,9,8,147,5.4,No
CDK11B,9,9,147,6.1,No
CDK19,9,8,147,5.4,No
CDKAL1,9,9,147,6.1,No
CDKL4,9,6,147,4.1,No
CDX2,9,9,147,6.1,Yes
CEACAM20,9,7,147,4.8,No
CHAF1B,9,8,147,5.4,No
CHPF2,9,9,147,6.1,No
CHST3,9,7,147,4.8,No
CIART,9,8,147,5.4,No
CIRSR,9,9,147,6.1,No
CKMT2,9,9,147,6.1,No
CLDN17,9,8,147,5.4,No
CLDN18,9,9,147,6.1,No
CLDN6,9,9,147,6.1,No
CLEC12B,9,8,147,5.4,No
CLEC5A,9,9,147,6.1,No
CLEC6A,9,7,147,4.8,No
CMTR2,9,8,147,5.4,Yes
CNOT6,9,9,147,6.1,No
CNTD1,9,9,147,6.1,No
COIL,9,7,147,4.8,No
COL26A1,9,8,147,5.4,No
COMMD10,9,9,147,6.1,No
COPS2,9,9,147,6.1,No
COPS5,9,9,147,6.1,No
COQ8A,9,8,147,5.4,No
COX10,9,9,147,6.1,No
CPE,9,8,147,5.4,No
CRHR1,9,9,147,6.1,No
CRYGB,9,8,147,5.4,No
CRYM,9,8,147,5.4,No
CSDE1,9,9,147,6.1,Yes
CSE1L,9,9,147,6.1,No
CSF3,9,9,147,6.1,No
CSGALNACT2,9,9,147,6.1,No
CSN3,9,8,147,5.4,No
CSRNP2,9,8,147,5.4,No
CST2,9,8,147,5.4,No
CST9L,9,8,147,5.4,No
CSTF2T,9,8,147,5.4,No
CTBP2,9,9,147,6.1,No
CTLA4,9,7,147,4.8,Yes
CTPS1,9,8,147,5.4,No
CTSA,9,9,147,6.1,No
CUL5,9,9,147,6.1,No
CWC27,9,9,147,6.1,No
CYRIA,9,9,147,6.1,No
CYTL1,9,8,147,5.4,No
DAPK2,9,9,147,6.1,No
DBX1,9,8,147,5.4,No
DCBLD2,9,9,147,6.1,No
DCP2,9,9,147,6.1,No
DCTN4,9,7,147,4.8,No
DDX10,9,9,147,6.1,Yes
DDX24,9,7,147,4.8,No
DECR1,9,8,147,5.4,No
DEFB119,9,7,147,4.8,No
DFFB,9,9,147,6.1,No
DGCR8,9,8,147,5.4,No
DHX40,9,8,147,5.4,No
DIO3,9,7,147,4.8,No
DIPK1B,9,9,147,6.1,No
DKK1,9,9,147,6.1,Yes
DNAJC12,9,8,147,5.4,No
DNAJC5B,9,8,147,5.4,No
DOK3,9,8,147,5.4,No
DPF3,9,8,147,5.4,No
DPYSL4,9,8,147,5.4,No
DRC2,9,8,147,5.4,No
DSC2,9,9,147,6.1,No
DUS1L,9,8,147,5.4,No
DUS2,9,9,147,6.1,No
DUSP13B,9,8,147,5.4,No
DUSP16,9,8,147,5.4,No
DUSP22,9,7,147,4.8,Yes
DUSP4,9,8,147,5.4,Yes
DUSP8,9,9,147,6.1,No
DYDC1,9,9,147,6.1,No
EDA,9,8,147,5.4,No
EFCAB7,9,9,147,6.1,No
EGR2,9,7,147,4.8,Yes
EGR3,9,8,147,5.4,No
EGR4,9,8,147,5.4,No
EHD3,9,8,147,5.4,No
EIF3L,9,9,147,6.1,No
EIF4A1,9,9,147,6.1,No
EIF5B,9,8,147,5.4,No
ELAC2,9,9,147,6.1,No
ELP2,9,9,147,6.1,Yes
EMCN,9,7,147,4.8,No
EML2,9,9,147,6.1,No
ENTPD1,9,9,147,6.1,No
EPB41L4A,9,9,147,6.1,No
EPHX2,9,9,147,6.1,No
EPHX4,9,8,147,5.4,No
EPS8L1,9,9,147,6.1,No
ERGIC2,9,9,147,6.1,No
ERICH5,9,7,147,4.8,No
ERLEC1,9,9,147,6.1,No
ERMAP,9,9,147,6.1,No
ERO1B,9,9,147,6.1,No
ERVW-1,9,7,147,4.8,No
ETNK1,9,9,147,6.1,Yes
EVC,9,9,147,6.1,No
EYA3,9,9,147,6.1,No
F2RL2,9,9,147,6.1,No
F7,9,9,147,6.1,No
FAIM2,9,9,147,6.1,No
FAM107B,9,7,147,4.8,No
FAM171A2,9,8,147,5.4,No
FAM222A,9,8,147,5.4,No
FAM53B,9,9,147,6.1,No
FAM98B,9,7,147,4.8,No
FANCE,9,8,176,4.5,Yes
FBL,9,8,147,5.4,No
FBLIM1,9,9,147,6.1,No
FBP2,9,9,147,6.1,No
FBXL4,9,8,147,5.4,No
FBXO22,9,8,147,5.4,No
FBXO28,9,9,147,6.1,No
FBXO42,9,8,147,5.4,No
FBXO7,9,9,147,6.1,No
FBXW9,9,8,147,5.4,No
FDCSP,9,8,147,5.4,No
FERMT3,9,8,147,5.4,No
FGF12,9,9,147,6.1,Yes
FGF17,9,8,147,5.4,No
FGFBP2,9,8,147,5.4,No
FGL1,9,9,147,6.1,No
FGL2,9,8,147,5.4,No
FKBP6,9,9,147,6.1,No
FLCN,9,9,176,5.1,Yes
FLVCR1,9,7,147,4.8,No
FNIP1,9,8,147,5.4,No
FOLR1,9,8,147,5.4,Yes
FOSL2,9,9,147,6.1,No
FOXN2,9,9,147,6.1,No
FOXP1,9,7,147,4.8,Yes
FRZB,9,8,147,5.4,No
FTSJ1,9,9,147,6.1,No
FZD9,9,8,147,5.4,No
G3BP2,9,8,147,5.4,No
G6PC2,9,9,147,6.1,No
GABPB2,9,6,147,4.1,No
GABRE,9,9,147,6.1,No
GANAB,9,8,147,5.4,No
GATA3,9,9,176,5.1,Yes
GATAD2B,9,9,147,6.1,No
GBP2,9,9,147,6.1,No
GDF1,9,7,147,4.8,No
GEMIN4,9,9,147,6.1,No
GHSR,9,9,147,6.1,No
GIPR,9,9,147,6.1,No
GJA3,9,8,147,5.4,No
GJC2,9,6,147,4.1,No
GJE1,9,8,147,5.4,No
GLS2,9,7,147,4.8,No
GLT8D2,9,9,147,6.1,No
GNA12,9,8,147,5.4,Yes
GNAO1,9,7,147,4.8,No
GNB3,9,8,147,5.4,No
GOLIM4,9,9,147,6.1,No
GP9,9,8,147,5.4,No
GPATCH2,9,7,147,4.8,No
GPATCH4,9,9,147,6.1,No
GPR143,9,7,147,4.8,No
GPR174,9,8,147,5.4,No
GPR39,9,9,147,6.1,No
GPRASP2,9,9,147,6.1,No
GPT,9,8,147,5.4,No
GRIN2D,9,8,147,5.4,No
GRIP2,9,9,147,6.1,No
GRK5,9,9,147,6.1,No
GSTM5,9,9,147,6.1,No
GTF3C4,9,9,147,6.1,No
GYPC,9,9,147,6.1,No
H1-7,9,8,147,5.4,No
HAUS5,9,9,147,6.1,No
HBS1L,9,8,147,5.4,No
HCAR1,9,9,147,6.1,No
HCRTR1,9,9,147,6.1,No
HECA,9,9,147,6.1,No
HELLS,9,7,147,4.8,No
HGD,9,9,147,6.1,No
HLA-DMB,9,9,147,6.1,No
HMBOX1,9,9,147,6.1,No
HMG20A,9,7,147,4.8,No
HOXA3,9,8,147,5.4,Yes
HOXD10,9,8,147,5.4,No
HRH2,9,9,147,6.1,No
HSP90B1,9,9,147,6.1,No
HSPA1L,9,8,147,5.4,No
HSPA4L,9,8,147,5.4,No
HSPA6,9,9,147,6.1,No
HSPA8,9,8,147,5.4,No
HTR1D,9,9,147,6.1,No
HTR2B,9,7,147,4.8,No
HTR2C,9,8,147,5.4,No
HTRA2,9,9,147,6.1,No
HVCN1,9,8,147,5.4,No
ICAM3,9,9,147,6.1,No
IDS,9,9,147,6.1,No
IDUA,9,8,147,5.4,No
IFIT5,9,8,147,5.4,No
IFNAR2,9,9,147,6.1,No
IL17B,9,8,147,5.4,No
IL17RC,9,9,147,6.1,No
IL17RE,9,8,147,5.4,No
IL1RAP,9,8,147,5.4,No
IMMT,9,9,147,6.1,No
IMPA1,9,8,147,5.4,No
INA,9,8,147,5.4,No
ING3,9,9,147,6.1,No
INHBB,9,8,147,5.4,No
INO80E,9,8,147,5.4,No
INPP5F,9,9,147,6.1,No
INSM2,9,8,147,5.4,No
INTS10,9,9,147,6.1,No
INTS13,9,8,147,5.4,No
INTS15,9,8,147,5.4,No
IPO5,9,9,147,6.1,No
ISLR,9,8,147,5.4,No
ITLN2,9,9,147,6.1,No
IVNS1ABP,9,9,147,6.1,No
IYD,9,9,147,6.1,No
JAG1,9,8,147,5.4,No
KAT5,9,9,147,6.1,No
KATNAL1,9,8,147,5.4,No
KBTBD8,9,9,147,6.1,No
KCNA7,9,8,147,5.4,No
KCNIP3,9,9,147,6.1,No
KCNJ14,9,8,147,5.4,No
KCNJ15,9,9,147,6.1,No
KCNK4,9,9,147,6.1,No
KCTD9,9,8,147,5.4,No
KDF1,9,8,147,5.4,No
KDM4E,9,9,147,6.1,No
KDM8,9,9,147,6.1,No
KIF18A,9,9,147,6.1,No
KLF11,9,9,147,6.1,No
KLHDC3,9,9,147,6.1,No
KLHL36,9,9,147,6.1,No
KLHL41,9,9,147,6.1,No
KLHL8,9,9,147,6.1,No
KLK4,9,9,147,6.1,No
KPLCE,9,6,147,4.1,No
KRT26,9,9,147,6.1,No
KRT27,9,8,147,5.4,No
KRT86,9,9,147,6.1,No
KRTAP13-1,9,8,147,5.4,No
KRTAP16-1,9,9,147,6.1,No
KRTAP5-10,9,9,147,6.1,No
KRTAP5-5,9,7,147,4.8,No
LAIR1,9,8,147,5.4,No
LANCL2,9,9,147,6.1,No
LCE2D,9,7,147,4.8,No
LCN9,9,9,147,6.1,No
LDB1,9,9,147,6.1,No
LEFTY1,9,9,147,6.1,No
LETMD1,9,9,147,6.1,No
LMAN2L,9,9,147,6.1,No
LMBR1L,9,9,147,6.1,No
LMBRD2,9,8,147,5.4,No
LMF2,9,8,147,5.4,No
LNP1,9,8,147,5.4,No
LPXN,9,8,147,5.4,No
LRRC8A,9,9,147,6.1,No
LRRFIP2,9,8,147,5.4,No
LTV1,9,9,147,6.1,No
LUM,9,8,147,5.4,No
LY75-CD302,9,9,147,6.1,No
MAEA,9,9,147,6.1,No
MAGEA1,9,7,147,4.8,No
MAJIN,9,8,147,5.4,No
MALT1,9,8,176,4.5,Yes
MAMLD1,9,8,147,5.4,No
MAMSTR,9,9,147,6.1,No
MAP2K6,9,7,147,4.8,No
MAP2K7,9,9,147,6.1,No
MAP3K14,9,6,147,4.1,Yes
MAPK14,9,8,147,5.4,No
MAPK15,9,9,147,6.1,No
MAPK8,9,9,147,6.1,No
MAPKAPK5,9,9,147,6.1,No
MARCHF11,9,8,147,5.4,No
MARCOL,9,7,147,4.8,No
MATR3,9,9,147,6.1,No
MC5R,9,7,147,4.8,No
MCM6,9,9,147,6.1,No
MCMDC2,9,9,147,6.1,No
MED17,9,9,147,6.1,No
MEF2B,9,8,147,5.4,Yes
METTL16,9,9,147,6.1,No
MEX3B,9,9,147,6.1,No
MFN1,9,9,147,6.1,No
MIB1,9,9,147,6.1,Yes
MICAL1,9,9,147,6.1,No
MID2,9,8,147,5.4,No
MINDY3,9,8,147,5.4,No
MINDY4B,9,9,147,6.1,No
MOGAT2,9,8,147,5.4,No
MORN5,9,8,147,5.4,No
MOS,9,9,147,6.1,No
MPP4,9,8,147,5.4,No
MROH5,9,7,147,4.8,No
MRPL58,9,9,147,6.1,No
MRPS18B,9,9,147,6.1,No
MRS2,9,9,147,6.1,No
MS4A18,9,6,147,4.1,No
MS4A6A,9,9,147,6.1,No
MS4A6E,9,8,147,5.4,No
MSH2,9,9,176,5.1,Yes
MST1,9,9,147,6.1,Yes
MTA2,9,9,147,6.1,No
MTARC1,9,9,147,6.1,No
MTMR2,9,9,147,6.1,No
MTRF1,9,7,147,4.8,No
MUC21,9,8,147,5.4,No
MYADM,9,9,147,6.1,No
MYBL1,9,7,147,4.8,Yes
MYMK,9,8,147,5.4,No
MYOZ1,9,9,147,6.1,No
MYPOP,9,7,147,4.8,No
MYRFL,9,8,147,5.4,No
NAA80,9,6,147,4.1,No
NACA,9,8,147,5.4,Yes
NAE1,9,9,147,6.1,No
NANOG,9,9,147,6.1,No
NAP1L1,9,9,147,6.1,No
NARF,9,8,147,5.4,No
NARS1,9,9,147,6.1,No
NAT2,9,9,147,6.1,No
NCK2,9,8,147,5.4,No
NCSTN,9,9,147,6.1,Yes
NECAB2,9,8,147,5.4,No
NECAB3,9,8,147,5.4,No
NEK6,9,9,147,6.1,No
NEU4,9,7,147,4.8,No
NFIC,9,9,147,6.1,No
NFKBIE,9,8,147,5.4,Yes
NGEF,9,8,147,5.4,No
NHERF4,9,9,147,6.1,No
NIT2,9,9,147,6.1,No
NLRP6,9,9,147,6.1,No
NOC2L,9,9,147,6.1,No
NOC4L,9,9,147,6.1,No
NODAL,9,5,147,3.4,No
NOP2,9,9,147,6.1,No
NPEPPS,9,9,147,6.1,No
NPL,9,8,147,5.4,No
NPTX2,9,9,147,6.1,No
NPVF,9,9,147,6.1,No
NR2E1,9,9,147,6.1,No
NR4A3,9,8,147,5.4,Yes
NR5A1,9,9,147,6.1,No
NT5C2,9,9,147,6.1,Yes
NT5DC3,9,9,147,6.1,No
NUDT7,9,9,147,6.1,No
NUMB,9,9,147,6.1,No
NUP37,9,8,147,5.4,No
ODAD3,9,7,147,4.8,No
OLA1,9,9,147,6.1,No
OLFML2A,9,7,147,4.8,No
OMD,9,7,147,4.8,Yes
OR10H2,9,9,147,6.1,No
OR10H5,9,9,147,6.1,No
OR10J5,9,9,147,6.1,No
OR11H2,9,7,147,4.8,No
OR14K1,9,9,147,6.1,No
OR1N2,9,8,147,5.4,No
OR1Q1,9,8,147,5.4,No
OR2AJ1,9,7,147,4.8,No
OR2B11,9,9,147,6.1,No
OR2B6,9,9,147,6.1,No
OR2D3,9,8,147,5.4,No
OR2Y1,9,7,147,4.8,No
OR3A1,9,9,147,6.1,No
OR4C5,9,8,147,5.4,No
OR4F6,9,9,147,6.1,No
OR51V1,9,9,147,6.1,No
OR52N5,9,8,147,5.4,No
OR56A4,9,8,147,5.4,No
OR56B4,9,9,147,6.1,No
OR5B2,9,8,147,5.4,No
OR6M1,9,9,147,6.1,No
OR8G5,9,9,147,6.1,No
OVCH2,9,7,147,4.8,No
PAOX,9,9,147,6.1,No
PAPOLA,9,7,147,4.8,No
PARM1,9,7,147,4.8,No
PARP2,9,9,147,6.1,Yes
PARP3,9,8,147,5.4,Yes
PBX1,9,7,147,4.8,Yes
PCMTD1,9,9,147,6.1,No
PDCD6IP,9,8,147,5.4,No
PDCL2,9,7,147,4.8,No
PDLIM3,9,8,147,5.4,No
PDLIM5,9,9,147,6.1,No
PERM1,9,8,147,5.4,No
PFKM,9,9,147,6.1,No
PGCKA1,9,9,147,6.1,No
PGLYRP4,9,7,147,4.8,No
PHF10,9,9,147,6.1,No
PHF8,9,9,147,6.1,No
PHYHD1,9,8,147,5.4,No
PHYHIPL,9,8,147,5.4,No
PI3,9,9,147,6.1,No
PICALM,9,9,147,6.1,Yes
PIK3R3,9,7,147,4.8,Yes
PIP4K2B,9,9,147,6.1,No
PITPNC1,9,7,147,4.8,No
PKLR,9,8,147,5.4,No
PLBD2,9,8,147,5.4,No
PLCD4,9,9,147,6.1,No
PLD3,9,9,147,6.1,No
PLEKHA2,9,9,147,6.1,No
PLK3,9,9,147,6.1,No
PLK4,9,8,147,5.4,No
PLOD1,9,8,147,5.4,No
PLPP4,9,9,147,6.1,No
PNN,9,8,147,5.4,No
PNPLA5,9,8,147,5.4,No
POGK,9,9,147,6.1,No
POLA2,9,7,147,4.8,No
POLK,9,8,147,5.4,No
POMT1,9,9,147,6.1,No
PPARD,9,9,147,6.1,No
PPHLN1,9,7,147,4.8,No
PPM1B,9,8,147,5.4,No
PPM1H,9,8,147,5.4,No
PPP1R36,9,8,147,5.4,No
PPP2R3B,9,9,147,6.1,No
PRDM7,9,9,147,6.1,No
PRIMPOL,9,9,147,6.1,No
PRKAG3,9,9,147,6.1,No
PRKCH,9,9,147,6.1,No
PROP1,9,7,147,4.8,No
PRPS1L1,9,9,147,6.1,No
PRR20G,9,7,147,4.8,No
PRSS16,9,9,147,6.1,No
PSEN1,9,9,147,6.1,No
PSG11,9,9,147,6.1,No
PSMC4,9,6,147,4.1,No
PTPN6,9,8,147,5.4,Yes
PTPN9,9,8,147,5.4,No
PTPRE,9,8,147,5.4,No
PYGO1,9,8,147,5.4,No
QPCT,9,9,147,6.1,No
RAB11FIP5,9,7,147,4.8,No
RAD1,9,7,147,4.8,No
RAD17,9,9,147,6.1,Yes
RANGAP1,9,7,147,4.8,No
RARRES1,9,9,147,6.1,No
RASD2,9,9,147,6.1,No
RASIP1,9,9,147,6.1,No
RASSF4,9,7,147,4.8,No
RBBP5,9,8,147,5.4,No
RBFOX2,9,8,147,5.4,No
RBM11,9,8,147,5.4,No
RBSN,9,8,147,5.4,No
RCOR1,9,8,147,5.4,No
RETNLB,9,8,147,5.4,No
RFPL4A,9,8,147,5.4,No
RFTN2,9,9,147,6.1,No
RGR,9,9,147,6.1,No
RGS20,9,7,147,4.8,No
RGS8,9,8,147,5.4,No
RHOH,9,9,176,5.1,Yes
RHOJ,9,9,147,6.1,No
RIC8A,9,9,147,6.1,No
RIC8B,9,9,147,6.1,No
RINT1,9,9,147,6.1,No
RIPK1,9,8,176,4.5,No
RNASE9,9,9,147,6.1,No
RNF145,9,9,147,6.1,No
RNF148,9,8,147,5.4,No
RNF169,9,9,147,6.1,No
RNF25,9,9,147,6.1,No
RNF26,9,7,147,4.8,No
RNF34,9,7,147,4.8,No
RNLS,9,9,147,6.1,No
ROPN1,9,8,147,5.4,No
RPH3AL,9,9,147,6.1,No
RPRD1B,9,9,147,6.1,No
RRH,9,9,147,6.1,No
RSAD1,9,9,147,6.1,No
RSRC2,9,9,147,6.1,No
RTL4,9,8,147,5.4,No
S1PR2,9,9,147,6.1,Yes
SANBR,9,9,147,6.1,No
SARS2,9,7,147,4.8,No
SCAMP3,9,9,147,6.1,No
SCARA3,9,8,147,5.4,No
SCCPDH,9,8,147,5.4,No
SCFD2,9,8,147,5.4,No
SCLY,9,8,147,5.4,No
SCYL1,9,9,147,6.1,No
SDAD1,9,7,147,4.8,No
SDR9C7,9,9,147,6.1,No
SDS,9,8,147,5.4,No
SEC24B,9,8,147,5.4,No
SELENBP1,9,9,147,6.1,No
SELENON,9,8,147,5.4,No
SEMA3G,9,9,147,6.1,No
SENP1,9,9,147,6.1,No
SERAC1,9,9,147,6.1,No
SERPINA6,9,7,147,4.8,No
SERPINB12,9,9,147,6.1,No
SF3B4,9,9,147,6.1,No
SGMS1,9,8,147,5.4,No
SGPL1,9,7,147,4.8,No
SH2D7,9,8,147,5.4,No
SHLD2,9,9,147,6.1,No
SHOX2,9,7,147,4.8,No
SHTN1,9,9,147,6.1,No
SIRT1,9,8,147,5.4,No
SLAMF8,9,8,147,5.4,No
SLAMF9,9,9,147,6.1,No
SLC12A4,9,8,147,5.4,No
SLC19A1,9,8,176,4.5,No
SLC23A1,9,9,147,6.1,No
SLC23A2,9,7,147,4.8,No
SLC25A10,9,9,147,6.1,No
SLC29A3,9,7,147,4.8,No
SLC29A4,9,9,147,6.1,No
SLC2A11,9,9,147,6.1,No
SLC2A9,9,8,147,5.4,No
SLC30A4,9,9,147,6.1,No
SLC30A8,9,9,147,6.1,No
SLC35G5,9,7,147,4.8,No
SLC44A2,9,8,147,5.4,No
SLC46A2,9,8,147,5.4,No
SLC46A3,9,9,147,6.1,No
SLC5A2,9,8,147,5.4,No
SLC7A1,9,9,147,6.1,No
SLC8B1,9,8,147,5.4,No
SLF1,9,7,147,4.8,No
SLFN5,9,8,147,5.4,No
SLFNL1,9,8,147,5.4,No
SMAD4,9,8,176,4.5,Yes
SMAP1,9,9,147,6.1,No
SMO,9,9,176,5.1,Yes
SMYD4,9,8,147,5.4,No
SNRPA,9,9,147,6.1,No
SNRPB,9,8,147,5.4,No
SNX18,9,9,147,6.1,No
SNX31,9,9,147,6.1,No
SOAT1,9,9,147,6.1,No
SOD3,9,7,147,4.8,No
SOX17,9,8,147,5.4,Yes
SP6,9,7,147,4.8,No
SPANXB1,9,9,147,6.1,No
SPATA22,9,9,147,6.1,No
SPATC1L,9,8,147,5.4,No
SPDYE4,9,8,147,5.4,No
SPEM1,9,8,147,5.4,No
SPESP1,9,8,147,5.4,No
SPHK2,9,9,147,6.1,No
SPI1,9,8,147,5.4,No
SPSB3,9,8,147,5.4,No
SRARP,9,9,147,6.1,No
SRPK1,9,7,147,4.8,No
SRRM3,9,9,147,6.1,No
SSPOP,9,8,147,5.4,No
SSRP1,9,8,147,5.4,No
ST14,9,9,147,6.1,No
ST6GALNAC2,9,9,147,6.1,No
STAG2,9,8,147,5.4,Yes
STAP2,9,9,147,6.1,No
STC1,9,9,147,6.1,No
STIMATE,9,8,147,5.4,No
STK11,9,9,176,5.1,Yes
STK38L,9,8,147,5.4,No
STOML1,9,8,147,5.4,No
STRADA,9,9,147,6.1,No
STT3A,9,8,147,5.4,No
STX1B,9,9,147,6.1,No
SUFU,9,9,176,5.1,Yes
SYNGR4,9,8,147,5.4,No
TAF11L11,9,7,147,4.8,No
TAF11L2,9,5,147,3.4,No
TAPT1,9,9,147,6.1,No
TBC1D17,9,8,147,5.4,No
TBCCD1,9,7,147,4.8,No
TBX10,9,7,147,4.8,No
TCEA3,9,9,147,6.1,No
TCEAL5,9,9,147,6.1,No
TCF21,9,7,147,4.8,No
TCF23,9,8,147,5.4,No
TCF25,9,9,147,6.1,No
TCIRG1,9,9,147,6.1,No
TDG,9,9,147,6.1,No
TEX36,9,7,147,4.8,No
TFAP2A,9,8,147,5.4,No
TFB2M,9,9,147,6.1,No
TFG,9,7,176,4,Yes
TFPI2,9,7,147,4.8,No
TGIF2LX,9,9,147,6.1,No
THAP9,9,8,147,5.4,No
THNSL2,9,7,147,4.8,No
TIGD4,9,9,147,6.1,No
TKT,9,9,147,6.1,No
TM4SF5,9,8,147,5.4,No
TMEM106A,9,9,147,6.1,No
TMEM178A,9,6,147,4.1,No
TMEM178B,9,7,147,4.8,No
TMEM183A,9,9,147,6.1,No
TMEM184B,9,9,147,6.1,No
TMEM196,9,8,147,5.4,No
TMEM229B,9,9,147,6.1,No
TMEM39B,9,9,147,6.1,No
TMEM82,9,9,147,6.1,No
TMPRSS11D,9,9,147,6.1,No
TNFSF11,9,9,147,6.1,No
TOM1,9,9,147,6.1,No
TOR1AIP1,9,9,147,6.1,No
TOR4A,9,8,147,5.4,No
TPCN2,9,9,147,6.1,No
TRA2B,9,8,147,5.4,No
TRAFD1,9,9,147,6.1,No
TRAP1,9,8,147,5.4,No
TRAPPC11,9,9,147,6.1,No
TRIB1,9,9,147,6.1,No
TRIM21,9,6,147,4.1,No
TRIM31,9,8,147,5.4,No
TRIM56,9,9,147,6.1,No
TRIM6,9,8,147,5.4,No
TRIM64C,9,8,147,5.4,No
TRIM72,9,8,147,5.4,No
TRIP4,9,9,147,6.1,No
TRMO,9,7,147,4.8,No
TRMT1L,9,9,147,6.1,No
TRMT9B,9,6,147,4.1,No
TSC22D1,9,7,147,4.8,No
TSPAN12,9,9,147,6.1,No
TTC39B,9,9,147,6.1,No
TUBG1,9,8,147,5.4,No
TUBGCP5,9,8,147,5.4,No
UAP1,9,9,147,6.1,No
UBAP2,9,9,147,6.1,No
UBD,9,9,147,6.1,No
UBXN7,9,9,147,6.1,No
UGP2,9,8,147,5.4,No
UGT1A9,9,9,147,6.1,No
UNC5CL,9,8,147,5.4,No
UPB1,9,9,147,6.1,No
USF1,9,7,147,4.8,No
USP25,9,8,147,5.4,No
USP40,9,7,147,4.8,No
UTP6,9,8,147,5.4,No
VANGL1,9,8,147,5.4,No
VASN,9,9,147,6.1,No
VAX2,9,9,147,6.1,No
VEZF1,9,7,147,4.8,No
VGF,9,9,147,6.1,No
VGLL3,9,7,147,4.8,No
VPREB1,9,8,147,5.4,No
VPS51,9,9,147,6.1,No
VPS53,9,6,147,4.1,No
VTCN1,9,9,147,6.1,Yes
WAC,9,9,147,6.1,No
WBP11,9,9,147,6.1,No
WDR48,9,9,147,6.1,No
WIPI1,9,8,147,5.4,No
WWP1,9,8,147,5.4,Yes
XCR1,9,9,147,6.1,No
XPC,9,7,176,4,Yes
XRCC5,9,8,147,5.4,No
YME1L1,9,7,147,4.8,No
ZBTB49,9,9,147,6.1,No
ZBTB7C,9,9,147,6.1,No
ZC2HC1B,9,9,147,6.1,No
ZC3H12B,9,9,147,6.1,No
ZFP2,9,7,147,4.8,No
ZFP36L1,9,9,176,5.1,Yes
ZFPM1,9,6,147,4.1,No
ZIC1,9,9,147,6.1,No
ZMYND12,9,9,147,6.1,No
ZNF12,9,6,147,4.1,No
ZNF165,9,9,147,6.1,No
ZNF185,9,9,147,6.1,No
ZNF25,9,8,147,5.4,No
ZNF256,9,6,147,4.1,No
ZNF277,9,8,147,5.4,No
ZNF282,9,8,147,5.4,No
ZNF284,9,9,147,6.1,No
ZNF343,9,8,147,5.4,No
ZNF37A,9,9,147,6.1,No
ZNF41,9,7,147,4.8,No
ZNF45,9,9,147,6.1,No
ZNF497,9,9,147,6.1,No
ZNF500,9,7,147,4.8,No
ZNF543,9,8,147,5.4,No
ZNF555,9,8,147,5.4,No
ZNF559,9,7,147,4.8,No
ZNF563,9,8,147,5.4,No
ZNF594,9,9,147,6.1,No
ZNF687,9,7,147,4.8,No
ZNF695,9,9,147,6.1,No
ZNF696,9,8,147,5.4,No
ZNF768,9,9,147,6.1,No
ZNF775,9,8,147,5.4,No
ZNF776,9,8,147,5.4,No
ZNF793,9,9,147,6.1,No
ZNF852,9,7,147,4.8,No
ZNF860,9,9,147,6.1,No
ZNF92,9,7,147,4.8,No
ZSWIM4,9,9,147,6.1,No
A4GALT,8,7,147,4.8,No
AADACL2,8,8,147,5.4,No
ABCF2,8,8,147,5.4,No
ABHD12,8,7,147,4.8,No
ABHD13,8,6,147,4.1,No
ABHD6,8,7,147,4.8,No
ACBD3,8,7,147,4.8,No
ACSF3,8,8,147,5.4,No
ACTA1,8,7,147,4.8,No
ACTBL2,8,8,147,5.4,No
ACTRT1,8,8,147,5.4,No
ADAM17,8,8,147,5.4,No
ADCK1,8,8,147,5.4,No
ADD1,8,8,147,5.4,No
ADH6,8,8,147,5.4,No
ADPGK,8,8,147,5.4,No
AFG1L,8,8,147,5.4,No
AKR1B10,8,8,147,5.4,No
AKR1C1,8,7,147,4.8,No
AKR1C3,8,8,147,5.4,No
ALDH3B1,8,8,147,5.4,No
ALDH5A1,8,8,147,5.4,No
ALDH6A1,8,8,147,5.4,No
ALG13,8,8,147,5.4,No
ALOX12,8,8,147,5.4,No
ALX4,8,8,147,5.4,No
AMBP,8,7,147,4.8,No
AMFR,8,8,147,5.4,No
AMMECR1,8,5,147,3.4,No
ANAPC5,8,8,147,5.4,No
ANGEL2,8,8,147,5.4,No
ANGPTL2,8,8,147,5.4,No
ANKDD1A,8,7,147,4.8,No
ANKEF1,8,8,147,5.4,No
ANKH,8,8,147,5.4,No
ANKRD13A,8,8,147,5.4,No
ANKRD13D,8,8,147,5.4,No
ANKRD2,8,7,147,4.8,No
ANKRD34A,8,8,147,5.4,No
ANKRD40,8,7,147,4.8,No
AP1G2,8,8,147,5.4,No
AP5B1,8,7,147,4.8,No
APBB3,8,8,147,5.4,No
APEH,8,8,147,5.4,No
APOBEC3B,8,8,147,5.4,Yes
APOBEC3H,8,8,147,5.4,No
APP,8,8,147,5.4,No
AQP4,8,7,147,4.8,No
AQP6,8,7,147,4.8,No
ARC,8,8,147,5.4,No
ARFGAP2,8,7,147,4.8,No
ARGFX,8,6,147,4.1,No
ARHGAP8,8,7,147,4.8,No
ARHGEF38,8,5,147,3.4,No
ARHGEF9,8,7,147,4.8,No
ARIH2,8,7,147,4.8,No
ARMH3,8,7,147,4.8,No
ASB1,8,7,147,4.8,No
ASB13,8,7,147,4.8,No
ASB18,8,7,147,4.8,No
ASIC3,8,7,147,4.8,No
ASNSD1,8,8,147,5.4,No
ASPHD1,8,6,147,4.1,No
ATG4B,8,8,147,5.4,No
ATP6V1A,8,8,147,5.4,No
B3GALNT2,8,7,147,4.8,No
B3GAT3,8,8,147,5.4,No
B3GNT2,8,8,147,5.4,No
BATF2,8,8,147,5.4,No
BCLAF3,8,8,147,5.4,No
BEND7,8,7,147,4.8,No
BFAR,8,7,147,4.8,No
BICDL2,8,6,147,4.1,No
BRD9,8,8,147,5.4,Yes
BSPH1,8,8,147,5.4,No
BTBD16,8,7,147,4.8,No
BTNL2,8,8,147,5.4,No
BTNL8,8,5,147,3.4,No
C19ORF47,8,7,147,4.8,No
C1ORF141,8,7,147,4.8,No
C1QA,8,8,147,5.4,No
C1QTNF6,8,8,147,5.4,No
C2CD2,8,8,147,5.4,No
C5AR1,8,7,147,4.8,No
CABP1,8,7,147,4.8,No
CABP5,8,6,147,4.1,No
CACNB1,8,7,147,4.8,No
CACNB3,8,8,147,5.4,No
CACNG1,8,8,147,5.4,No
CACNG5,8,8,147,5.4,No
CALHM2,8,8,147,5.4,No
CAMK2G,8,8,147,5.4,No
CAPRIN1,8,8,147,5.4,No
CAPS2,8,8,147,5.4,No
CARD8,8,7,147,4.8,No
CARS2,8,8,147,5.4,No
CASP14,8,8,147,5.4,No
CAVIN4,8,8,147,5.4,No
CBS,8,8,147,5.4,No
CBX8,8,7,147,4.8,No
CCDC102A,8,8,147,5.4,No
CCDC177,8,7,147,4.8,No
CCDC50,8,7,147,4.8,No
CCDC62,8,8,147,5.4,No
CCDC9,8,8,147,5.4,No
CCDC97,8,8,147,5.4,No
CCN3,8,8,147,5.4,No
CCR9,8,6,147,4.1,No
CD209,8,8,147,5.4,No
CD226,8,8,147,5.4,No
CD28,8,8,147,5.4,Yes
CD2BP2,8,7,147,4.8,No
CD4,8,8,147,5.4,No
CD53,8,8,147,5.4,No
CD72,8,8,147,5.4,No
CDC20,8,8,147,5.4,No
CDC37,8,7,147,4.8,No
CDC73,8,7,176,4,Yes
CDCA3,8,8,147,5.4,No
CDCA8,8,8,147,5.4,No
CDK17,8,7,147,4.8,No
CDR2,8,8,147,5.4,No
CDRT15,8,8,147,5.4,No
CEP135,8,8,147,5.4,No
CEP295NL,8,6,147,4.1,No
CEP43,8,8,147,5.4,Yes
CER1,8,8,147,5.4,No
CFAP90,8,6,147,4.1,No
CFP,8,6,147,4.1,No
CGB2,8,7,147,4.8,No
CHRNA10,8,7,147,4.8,No
CHST2,8,8,147,5.4,No
CHSY1,8,8,147,5.4,No
CIBAR2,8,8,147,5.4,No
CIMIP6,8,6,147,4.1,No
CKAP2L,8,8,147,5.4,No
CKAP4,8,8,147,5.4,No
CLCA2,8,7,147,4.8,No
CLDN25,8,7,147,4.8,No
CLEC4E,8,7,147,4.8,No
CLEC4G,8,8,147,5.4,No
CLK3,8,7,147,4.8,No
CLMP,8,8,147,5.4,No
CLN3,8,8,147,5.4,No
CLPB,8,7,147,4.8,No
CLPX,8,8,147,5.4,No
CLUAP1,8,6,147,4.1,No
CMKLR2,8,7,147,4.8,No
CNMD,8,8,147,5.4,No
CNN2,8,7,147,4.8,No
CNOT9,8,8,147,5.4,No
COASY,8,8,147,5.4,No
COLGALT1,8,8,147,5.4,No
COP1,8,8,147,5.4,Yes
COQ2,8,6,147,4.1,No
CPEB3,8,8,147,5.4,No
CPLX2,8,7,147,4.8,No
CPQ,8,7,147,4.8,No
CPSF7,8,7,147,4.8,No
CPT1B,8,8,147,5.4,No
CREBRF,8,7,147,4.8,No
CRK,8,7,147,4.8,No
CRLF2,8,8,176,4.5,Yes
CRPPA,8,7,147,4.8,No
CRY2,8,7,147,4.8,No
CRYGD,8,8,147,5.4,No
CSGALNACT1,8,8,147,5.4,No
CSNK1G2,8,8,147,5.4,No
CTSF,8,8,147,5.4,No
CTSO,8,8,147,5.4,No
CTSW,8,6,147,4.1,No
CTU2,8,8,147,5.4,No
CYBB,8,7,147,4.8,No
CYFIP1,8,7,147,4.8,No
CYP11B2,8,7,147,4.8,No
CYP20A1,8,8,147,5.4,No
CYP27B1,8,8,147,5.4,No
CYP27C1,8,8,147,5.4,No
CYP2W1,8,7,147,4.8,No
CYSLTR1,8,6,147,4.1,No
D2HGDH,8,8,147,5.4,Yes
DBF4,8,8,147,5.4,No
DCAF10,8,7,147,4.8,No
DCAF17,8,8,147,5.4,No
DCAF4,8,8,147,5.4,No
DCAF8,8,7,147,4.8,No
DCP1A,8,8,147,5.4,No
DDHD1,8,7,147,4.8,No
DDX17,8,8,147,5.4,No
DDX20,8,7,147,4.8,No
DDX27,8,7,147,4.8,No
DDX6,8,8,176,4.5,Yes
DEAF1,8,7,147,4.8,No
DEFB118,8,7,147,4.8,No
DEFB125,8,8,147,5.4,No
DENND6A,8,8,147,5.4,No
DEPDC7,8,8,147,5.4,No
DEPTOR,8,7,147,4.8,No
DES,8,8,147,5.4,No
DGAT2,8,7,147,4.8,No
DGKQ,8,7,147,4.8,No
DHRS3,8,8,147,5.4,No
DIPK2B,8,5,147,3.4,No
DLAT,8,8,147,5.4,No
DLK1,8,8,147,5.4,No
DMRT1,8,8,147,5.4,No
DNAAF19,8,8,147,5.4,No
DNAJB11,8,8,147,5.4,No
DNAJC10,8,6,147,4.1,No
DNAJC11,8,7,147,4.8,No
DNAJC18,8,7,147,4.8,No
DNAJC7,8,8,147,5.4,No
DNALI1,8,8,147,5.4,No
DNTTIP1,8,8,147,5.4,No
DORIP1,8,8,147,5.4,No
DPY19L4,8,8,147,5.4,No
DRC10,8,7,147,4.8,No
DYRK2,8,8,147,5.4,No
E2F1,8,7,147,4.8,No
E2F4,8,8,147,5.4,No
E2F8,8,7,147,4.8,No
EFHC2,8,8,147,5.4,No
EIF2AK2,8,7,147,4.8,No
ELMOD2,8,7,147,4.8,No
ENC1,8,8,147,5.4,No
ENOX2,8,7,147,4.8,No
ENTPD2,8,8,147,5.4,No
ENTPD3,8,8,147,5.4,No
ENTPD6,8,8,147,5.4,No
EOMES,8,7,147,4.8,No
EPCAM,8,8,147,5.4,Yes
EPO,8,8,147,5.4,No
EPOR,8,8,147,5.4,Yes
ERFL,8,5,147,3.4,No
ERICH1,8,8,147,5.4,No
ERMP1,8,7,147,4.8,No
ERVFRD-1,8,8,147,5.4,No
ERVV-2,8,7,147,4.8,No
ETV3,8,8,147,5.4,No
EVA1A,8,8,147,5.4,No
EVX1,8,8,147,5.4,No
EVX2,8,8,147,5.4,No
EXOC2,8,8,147,5.4,No
EXOC3L1,8,6,147,4.1,No
EXOC6B,8,7,147,4.8,No
EXT1,8,8,176,4.5,Yes
FABP1,8,8,147,5.4,No
FADS2,8,7,147,4.8,No
FAM133A,8,8,147,5.4,No
FAM168A,8,7,147,4.8,No
FAM177B,8,7,147,4.8,No
FAM180A,8,8,147,5.4,No
FAM199X,8,8,147,5.4,No
FAM241B,8,8,147,5.4,No
FAM47E,8,8,147,5.4,No
FAM53C,8,7,147,4.8,No
FAM81A,8,7,147,4.8,No
FBLN7,8,7,147,4.8,No
FBXL12,8,7,147,4.8,No
FBXO16,8,8,147,5.4,No
FBXO30,8,8,147,5.4,No
FBXO9,8,8,147,5.4,No
FBXW4,8,6,147,4.1,No
FBXW8,8,8,147,5.4,No
FCGR3A,8,7,176,4,No
FCN3,8,8,147,5.4,No
FCRLB,8,7,147,4.8,No
FER,8,8,147,5.4,No
FGF9,8,8,147,5.4,Yes
FH,8,8,176,4.5,Yes
FLYWCH1,8,7,147,4.8,Yes
FMO4,8,6,147,4.1,No
FOXA2,8,8,147,5.4,No
FOXD4L1,8,8,147,5.4,No
FOXH1,8,8,147,5.4,No
FOXJ2,8,8,147,5.4,No
FOXL2,8,6,176,3.4,Yes
FTO,8,8,147,5.4,No
FTSJ3,8,8,147,5.4,No
FUBP1,8,8,176,4.5,Yes
FUBP3,8,8,147,5.4,No
FUS,8,8,147,5.4,Yes
FUT2,8,8,147,5.4,No
FXR2,8,8,147,5.4,No
GALNT11,8,8,147,5.4,No
GALNT18,8,8,147,5.4,No
GALR1,8,8,147,5.4,No
GARIN5A,8,7,147,4.8,No
GARIN6,8,8,147,5.4,No
GBE1,8,7,147,4.8,No
GBP3,8,7,147,4.8,No
GCNT4,8,8,147,5.4,No
GDF10,8,8,147,5.4,No
GDF15,8,8,147,5.4,No
GFPT1,8,7,147,4.8,No
GFRA1,8,8,147,5.4,No
GGNBP2,8,6,147,4.1,No
GLB1,8,7,147,4.8,No
GLT1D1,8,7,147,4.8,No
GLYATL3,8,8,147,5.4,No
GLYR1,8,8,147,5.4,No
GMEB1,8,8,147,5.4,No
GNA14,8,7,147,4.8,No
GNAZ,8,7,147,4.8,No
GNS,8,7,147,4.8,No
GORAB,8,7,147,4.8,No
GORASP2,8,8,147,5.4,No
GOT1L1,8,7,147,4.8,No
GPD1,8,8,147,5.4,No
GPD2,8,8,147,5.4,No
GPNMB,8,8,147,5.4,No
GPR132,8,7,147,4.8,No
GPR15,8,8,147,5.4,No
GPR4,8,8,147,5.4,No
GPRC5C,8,8,147,5.4,No
GPS1,8,8,147,5.4,No
GPX5,8,8,147,5.4,No
GPX6,8,8,147,5.4,No
GRHL2,8,7,147,4.8,No
GRK4,8,8,147,5.4,No
GSDMD,8,7,147,4.8,No
GSN,8,8,147,5.4,No
GSR,8,8,147,5.4,No
GTF2E1,8,7,147,4.8,No
GTF3C3,8,8,147,5.4,No
GTPBP3,8,8,147,5.4,No
GYPA,8,8,147,5.4,No
H1-2,8,7,147,4.8,Yes
H3C2,8,7,147,4.8,Yes
H3C3,8,8,147,5.4,Yes
HACL2,8,8,147,5.4,No
HAPLN3,8,8,147,5.4,No
HARBI1,8,7,147,4.8,No
HBE1,8,8,147,5.4,No
HDAC11,8,8,147,5.4,No
HEATR3,8,8,147,5.4,No
HIC1,8,8,147,5.4,No
HLA-C,8,5,147,3.4,Yes
HLA-DQB2,8,7,147,4.8,No
HLA-G,8,8,147,5.4,No
HNRNPL,8,8,147,5.4,No
HNRNPM,8,7,147,4.8,No
HOATZ,8,8,147,5.4,No
HOXB13,8,7,147,4.8,Yes
HOXC10,8,6,147,4.1,No
HP,8,7,147,4.8,No
HPS1,8,8,147,5.4,No
HS1BP3,8,8,147,5.4,No
HS3ST3A1,8,8,147,5.4,No
HS6ST2,8,7,147,4.8,No
HSD11B2,8,8,147,5.4,No
HSH2D,8,8,147,5.4,No
HSPBAP1,8,7,147,4.8,No
HTR7,8,8,147,5.4,No
ICA1L,8,7,147,4.8,No
IFNE,8,7,147,4.8,No
IFRD1,8,7,147,4.8,No
IFRD2,8,6,147,4.1,No
IFT43,8,7,147,4.8,No
IFT88,8,8,147,5.4,No
IGLON5,8,7,147,4.8,No
IKZF2,8,8,147,5.4,Yes
IL12A,8,7,147,4.8,No
IL1R1,8,7,147,4.8,No
IL1R2,8,6,147,4.1,No
IL20RA,8,8,147,5.4,No
IL22RA2,8,7,147,4.8,No
IL36G,8,8,147,5.4,No
ILF2,8,5,147,3.4,No
INAVA,8,8,147,5.4,No
ING1,8,7,147,4.8,Yes
INHBE,8,7,147,4.8,No
INTS6L,8,8,147,5.4,No
IP6K1,8,7,147,4.8,No
IPPK,8,7,147,4.8,No
IRF5,8,8,147,5.4,No
ISYNA1,8,8,147,5.4,No
ITPKC,8,8,147,5.4,No
ITPRIP,8,6,147,4.1,No
JMJD7-PLA2G4B,8,6,147,4.1,No
KANK3,8,8,147,5.4,No
KARS1,8,7,147,4.8,No
KATNB1,8,8,147,5.4,No
KCNIP2,8,8,147,5.4,No
KCNIP4,8,8,147,5.4,No
KCNJ5,8,6,147,4.1,Yes
KCNJ9,8,7,147,4.8,No
KCNN4,8,8,147,5.4,No
KDM1B,8,8,147,5.4,No
KDM4F,8,8,147,5.4,No
KHDC1,8,7,147,4.8,No
KHDC3L,8,7,147,4.8,No
KHNYN,8,7,147,4.8,No
KIAA0087,8,6,147,4.1,No
KIAA2012,8,7,147,4.8,No
KIF20A,8,8,147,5.4,No
KIF2A,8,7,147,4.8,No
KIF2C,8,7,147,4.8,No
KIF4A,8,8,147,5.4,No
KLHL11,8,8,147,5.4,No
KLHL12,8,7,147,4.8,No
KLHL17,8,7,147,4.8,No
KLHL18,8,8,147,5.4,No
KLHL28,8,8,147,5.4,No
KLHL31,8,8,147,5.4,No
KLK7,8,7,147,4.8,No
KMT5C,8,8,147,5.4,No
KNCN,8,6,147,4.1,No
KNOP1,8,7,147,4.8,No
KREMEN1,8,8,147,5.4,No
KRT1,8,7,147,4.8,No
KRT17,8,8,147,5.4,No
KRT32,8,7,147,4.8,No
KRT40,8,7,147,4.8,No
KRT8,8,8,147,5.4,No
KRTAP10-6,8,5,147,3.4,No
KRTAP10-8,8,7,147,4.8,No
KRTAP4-5,8,6,147,4.1,No
L3MBTL4,8,8,147,5.4,No
LACTBL1,8,6,147,4.1,No
LAX1,8,8,147,5.4,No
LCN15,8,8,147,5.4,No
LDAH,8,8,147,5.4,No
LDLRAD2,8,7,147,4.8,No
LEFTY2,8,6,147,4.1,No
LEUTX,8,8,147,5.4,No
LGALS9,8,8,147,5.4,No
LHFPL6,8,7,147,4.8,No
LMCD1,8,7,147,4.8,No
LMO3,8,7,147,4.8,No
LPAR3,8,8,147,5.4,No
LPAR5,8,8,147,5.4,No
LRAT,8,8,147,5.4,No
LRIG2,8,8,147,5.4,No
LRPAP1,8,8,147,5.4,No
LRR1,8,7,147,4.8,No
LRRC14B,8,6,147,4.1,No
LRRC45,8,8,147,5.4,No
LRRC71,8,6,147,4.1,No
LRRC8B,8,8,147,5.4,No
LTA4H,8,8,147,5.4,No
LY6H,8,6,147,4.1,No
LYG2,8,8,147,5.4,No
LYZ,8,8,147,5.4,No
MAGEB16,8,7,147,4.8,No
MAGEB17,8,6,147,4.1,No
MAP2K3,8,7,147,4.8,No
MAPKAP1,8,8,147,5.4,Yes
MBTD1,8,8,147,5.4,No
MC4R,8,7,147,4.8,No
MCAT,8,8,147,5.4,No
MCL1,8,8,176,4.5,Yes
MCM2,8,8,147,5.4,No
MCM9,8,8,147,5.4,No
MDFI,8,7,147,4.8,No
MDH1B,8,7,147,4.8,No
MEIOB,8,6,147,4.1,No
MEIOSIN,8,7,147,4.8,No
MEN1,8,7,176,4,Yes
METAP2,8,6,147,4.1,No
MEX3A,8,8,147,5.4,No
MEX3D,8,7,147,4.8,No
MFHAS1,8,8,147,5.4,No
MFRP,8,8,147,5.4,No
MFSD2A,8,8,147,5.4,No
MFSD2B,8,8,147,5.4,No
MGAT4B,8,7,147,4.8,No
MGST1,8,8,147,5.4,No
MIER1,8,7,147,4.8,No
MIIP,8,8,147,5.4,No
MIOX,8,7,147,4.8,No
MIPOL1,8,8,147,5.4,No
MKRN1,8,8,147,5.4,No
MLLT10,8,8,147,5.4,Yes
MMP10,8,6,147,4.1,No
MMP12,8,5,147,3.4,No
MMP26,8,8,176,4.5,No
MOG,8,7,147,4.8,No
MORC3,8,8,147,5.4,No
MORF4L1,8,7,147,4.8,No
MPIG6B,8,8,147,5.4,No
MPP3,8,5,147,3.4,No
MRAS,8,7,147,4.8,No
MRGPRD,8,8,147,5.4,No
MRPL1,8,8,147,5.4,No
MRPL3,8,8,147,5.4,No
MSANTD3,8,8,147,5.4,No
MSRB3,8,7,147,4.8,No
MTF2,8,7,147,4.8,No
MTM1,8,8,147,5.4,No
MTMR9,8,7,147,4.8,No
MUL1,8,8,147,5.4,No
MUS81,8,8,147,5.4,No
MVK,8,8,147,5.4,No
MYC,8,7,176,4,Yes
MYCL,8,8,176,4.5,Yes
NAAA,8,7,147,4.8,No
NAB2,8,7,147,4.8,Yes
NAIF1,8,6,147,4.1,No
NAP1L3,8,8,147,5.4,No
NASP,8,8,147,5.4,No
NBPF11,8,7,147,4.8,No
NBPF15,8,6,147,4.1,No
NBPF26,8,6,147,4.1,No
NCOA4,8,8,147,5.4,Yes
NCR2,8,7,147,4.8,No
NDE1,8,5,147,3.4,No
NDUFA10,8,8,147,5.4,No
NEK4,8,8,147,5.4,No
NELFE,8,8,147,5.4,No
NEMP1,8,6,147,4.1,No
NGDN,8,8,147,5.4,No
NGRN,8,8,147,5.4,No
NKX1-2,8,8,147,5.4,No
NLK,8,7,147,4.8,No
NME5,8,8,147,5.4,No
NME9,8,7,147,4.8,No
NMS,8,8,147,5.4,No
NOP53,8,8,147,5.4,No
NOSTRIN,8,8,147,5.4,No
NPAS1,8,8,147,5.4,No
NPFFR1,8,8,147,5.4,No
NPLOC4,8,8,147,5.4,No
NPY4R,8,7,147,4.8,No
NR2C1,8,8,147,5.4,No
NT5C1B,8,7,147,4.8,No
NTN3,8,8,147,5.4,No
NUCB1,8,8,147,5.4,No
NUFIP2,8,8,147,5.4,No
NXPH4,8,6,147,4.1,No
OBP2B,8,8,147,5.4,No
OCLN,8,8,147,5.4,No
OLFM2,8,6,147,4.1,No
OLFML1,8,7,147,4.8,No
OPALIN,8,8,147,5.4,No
OPTN,8,8,147,5.4,No
OR10A2,8,7,147,4.8,No
OR10A6,8,7,147,4.8,No
OR10H4,8,7,147,4.8,No
OR10V1,8,8,147,5.4,No
OR1D2,8,8,147,5.4,No
OR1E2,8,8,147,5.4,No
OR1L1,8,6,147,4.1,No
OR2S2,8,6,147,4.1,No
OR2V1,8,6,147,4.1,No
OR51A2,8,8,147,5.4,No
OR51I2,8,8,147,5.4,No
OR52H1,8,7,147,4.8,No
OR52M1,8,7,147,4.8,No
OR52N1,8,8,147,5.4,No
OR5K2,8,8,147,5.4,No
OR6J1,8,8,147,5.4,No
ORAI2,8,8,147,5.4,No
ORC4,8,7,147,4.8,No
OTUD6A,8,8,147,5.4,No
OXCT1,8,8,147,5.4,No
OXGR1,8,7,147,4.8,No
OXNAD1,8,8,147,5.4,No
P2RY14,8,7,147,4.8,No
P4HA2,8,6,147,4.1,No
PACSIN1,8,8,147,5.4,No
PAFAH1B1,8,8,147,5.4,No
PANK1,8,8,147,5.4,No
PAQR8,8,8,147,5.4,No
PARVG,8,7,147,4.8,No
PAXIP1,8,8,147,5.4,No
PBX4,8,8,147,5.4,No
PCBP4,8,8,147,5.4,No
PCDHGC5,8,8,147,5.4,No
PCGF1,8,7,147,4.8,No
PCOLCE,8,7,147,4.8,No
PCSK7,8,8,147,5.4,Yes
PDE7A,8,8,147,5.4,No
PDIA6,8,6,147,4.1,No
PDP2,8,8,147,5.4,No
PDZD4,8,8,147,5.4,No
PEX26,8,8,147,5.4,No
PGBD2,8,7,147,4.8,No
PHF21A,8,8,147,5.4,No
PHKG1,8,7,147,4.8,No
PHYH,8,7,147,4.8,No
PIGS,8,8,147,5.4,No
PILRA,8,7,147,4.8,No
PIM2,8,6,147,4.1,No
PIP4K2A,8,8,147,5.4,No
PIP5K1A,8,7,147,4.8,No
PJA1,8,6,147,4.1,No
PKMYT1,8,8,147,5.4,No
PLAAT1,8,8,147,5.4,No
PLCXD2,8,7,147,4.8,No
PLEKHA8,8,8,147,5.4,No
PLEKHM3,8,8,147,5.4,No
PLRG1,8,8,147,5.4,No
PNKP,8,7,147,4.8,No
PNMA6F,8,6,147,4.1,No
PNMT,8,8,147,5.4,No
PNO1,8,8,147,5.4,No
POLDIP3,8,7,147,4.8,No
POLE2,8,8,147,5.4,No
POU1F1,8,7,147,4.8,No
POU2F1,8,8,147,5.4,No
PPP1R18,8,7,147,4.8,No
PPP1R3C,8,7,147,4.8,No
PPP1R42,8,7,147,4.8,No
PPWD1,8,8,147,5.4,No
PRAMEF20,8,7,147,4.8,No
PRKAA1,8,8,147,5.4,No
PRKCD,8,8,147,5.4,No
PRMT3,8,7,147,4.8,No
PROM2,8,7,147,4.8,No
PRPF19,8,8,147,5.4,No
PRR11,8,8,147,5.4,No
PRR5L,8,8,147,5.4,No
PRSS37,8,7,147,4.8,No
PRUNE1,8,6,147,4.1,No
PSG4,8,8,147,5.4,No
PSMA6,8,7,147,4.8,No
PSMD1,8,8,147,5.4,No
PSMD11,8,7,147,4.8,No
PSMD8,8,8,147,5.4,No
PTCD1,8,6,147,4.1,No
PTCD3,8,7,147,4.8,No
PTGER2,8,7,147,4.8,No
PVR,8,8,147,5.4,No
PXN,8,8,147,5.4,No
QTRT1,8,8,147,5.4,No
RAB37,8,8,147,5.4,No
RAB40C,8,7,147,4.8,No
RAB6B,8,8,147,5.4,No
RAET1L,8,8,147,5.4,No
RAP1GDS1,8,8,147,5.4,Yes
RASGEF1A,8,8,147,5.4,Yes
RASSF8,8,6,147,4.1,No
RASSF9,8,4,147,2.7,No
RAVER1,8,8,147,5.4,No
RBBP8,8,8,147,5.4,No
RBM10,8,8,147,5.4,Yes
RBM43,8,8,147,5.4,No
RBM45,8,6,147,4.1,No
RBMXL1,8,7,147,4.8,No
REPS2,8,6,147,4.1,No
RFPL4AL1,8,7,147,4.8,No
RFX7,8,8,147,5.4,No
RGMA,8,5,147,3.4,No
RGP1,8,8,147,5.4,No
RHD,8,8,147,5.4,No
RHOBTB3,8,8,147,5.4,No
RIMS3,8,8,147,5.4,No
RIN2,8,8,147,5.4,No
RIPPLY2,8,8,147,5.4,No
RIT2,8,7,147,4.8,No
RNASE12,8,8,147,5.4,No
RNF182,8,7,147,4.8,No
RNF19B,8,7,147,4.8,No
RNF212,8,8,147,5.4,No
RNF217,8,8,147,5.4,No
RNF32,8,8,147,5.4,No
RNGTT,8,7,147,4.8,No
RNPS1,8,6,147,4.1,No
RPA1,8,8,147,5.4,No
RPLP0,8,7,147,4.8,No
RPRD1A,8,8,147,5.4,No
RSAD2,8,8,147,5.4,No
RSPH10B,8,6,147,4.1,No
RSPH9,8,7,147,4.8,No
RSPO4,8,8,147,5.4,No
RTN2,8,7,147,4.8,No
RTN4IP1,8,8,147,5.4,No
RUFY1,8,8,147,5.4,No
RUVBL2,8,7,147,4.8,No
SAMM50,8,7,147,4.8,No
SART1,8,7,147,4.8,No
SCAMP2,8,8,147,5.4,No
SCN1B,8,7,147,4.8,No
SENP3,8,7,147,4.8,No
SERPINA9,8,8,147,5.4,No
SERPINB4,8,8,147,5.4,Yes
SERPINE1,8,8,147,5.4,No
SFN,8,7,147,4.8,No
SFXN1,8,8,147,5.4,No
SGCG,8,8,147,5.4,No
SGSH,8,7,147,4.8,No
SH3D21,8,7,147,4.8,No
SH3GL2,8,7,147,4.8,No
SHB,8,8,147,5.4,No
SHC3,8,8,147,5.4,No
SHISA2,8,8,147,5.4,No
SHMT2,8,8,147,5.4,No
SHPK,8,6,147,4.1,No
SIAH3,8,8,147,5.4,No
SIRT2,8,8,147,5.4,No
SIRT7,8,5,147,3.4,No
SIX3,8,7,147,4.8,No
SIX5,8,7,147,4.8,No
SIX6,8,7,147,4.8,No
SKAP2,8,8,147,5.4,No
SLC1A1,8,7,147,4.8,No
SLC1A5,8,8,147,5.4,No
SLC20A2,8,8,147,5.4,No
SLC25A25,8,7,147,4.8,No
SLC25A41,8,7,147,4.8,No
SLC25A47,8,8,147,5.4,No
SLC26A10P,8,8,147,5.4,No
SLC27A4,8,8,147,5.4,No
SLC2A12,8,8,147,5.4,No
SLC35D2,8,8,147,5.4,No
SLC35H1,8,8,147,5.4,No
SLC38A12,8,7,147,4.8,No
SLC43A2,8,8,147,5.4,No
SLC49A3,8,7,147,4.8,No
SLC60A1,8,6,147,4.1,No
SLC67A1,8,8,176,4.5,No
SLC6A6,8,7,147,4.8,No
SLC7A13,8,7,147,4.8,No
SLC7A8,8,7,147,4.8,No
SLC9A8,8,7,147,4.8,No
SLC9B2,8,8,147,5.4,No
SLMAP,8,8,147,5.4,No
SLU7,8,8,147,5.4,No
SLX4IP,8,6,147,4.1,No
SMAD3,8,7,176,4,Yes
SMPDL3B,8,8,147,5.4,No
SNCB,8,8,147,5.4,No
SNRK,8,8,147,5.4,No
SNRNP70,8,7,147,4.8,No
SNW1,8,8,147,5.4,No
SNX5,8,7,147,4.8,No
SNX6,8,8,147,5.4,No
SOCS3,8,7,147,4.8,Yes
SOD2,8,8,176,4.5,No
SOX6,8,8,147,5.4,No
SPAG5,8,7,147,4.8,No
SPATS2,8,7,147,4.8,No
SPATS2L,8,6,147,4.1,No
SPON2,8,8,147,5.4,No
SPR,8,7,147,4.8,No
SPTLC3,8,8,147,5.4,No
SPTY2D1,8,7,147,4.8,No
SQSTM1,8,8,147,5.4,Yes
SSBP2,8,7,147,4.8,No
SSBP4,8,8,147,5.4,No
SSX2IP,8,8,147,5.4,No
SSX5,8,8,147,5.4,No
SSX7,8,7,147,4.8,No
ST7,8,8,147,5.4,No
ST7L,8,8,147,5.4,No
STAM,8,8,147,5.4,No
STAM2,8,8,147,5.4,No
STAU2,8,8,147,5.4,No
STC2,8,7,147,4.8,No
STIM1,8,7,147,4.8,No
STMN4,8,8,147,5.4,No
STRA8,8,6,147,4.1,No
STRBP,8,8,147,5.4,No
STT3B,8,8,147,5.4,No
STXBP2,8,8,147,5.4,No
STXBP3,8,8,147,5.4,No
SUCLA2,8,7,147,4.8,No
SUGT1,8,7,147,4.8,No
SULT2B1,8,8,147,5.4,No
SUSD3,8,7,147,4.8,No
SWI5,8,7,147,4.8,No
SYNPR,8,6,147,4.1,No
SYVN1,8,6,147,4.1,No
TAAR1,8,6,147,4.1,No
TACR2,8,8,147,5.4,No
TAF5L,8,8,147,5.4,No
TARBP2,8,8,176,4.5,No
TAS2R10,8,7,147,4.8,No
TAS2R39,8,8,147,5.4,No
TBC1D13,8,8,147,5.4,No
TBL1X,8,7,147,4.8,No
TBRG1,8,7,147,4.8,No
TCP10L,8,8,147,5.4,No
TEKT1,8,7,147,4.8,No
TEKT4,8,7,147,4.8,No
TENT4A,8,8,147,5.4,No
TERB1,8,8,147,5.4,No
TESMIN,8,8,147,5.4,No
THNSL1,8,8,147,5.4,No
THOC1,8,8,147,5.4,No
TLCD3B,8,7,147,4.8,No
TLK2,8,8,147,5.4,No
TM7SF3,8,8,147,5.4,No
TMEM121B,8,7,147,4.8,No
TMEM145,8,8,147,5.4,No
TMEM161A,8,8,147,5.4,No
TMEM181,8,8,147,5.4,No
TMEM198,8,8,147,5.4,No
TMEM235,8,6,147,4.1,No
TMEM237,8,7,147,4.8,No
TMEM247,8,7,147,4.8,No
TMEM266,8,6,147,4.1,No
TMEM267,8,8,147,5.4,No
TMEM30A,8,8,147,5.4,Yes
TMEM51,8,8,147,5.4,No
TMEM63A,8,7,147,4.8,No
TMEM8B,8,8,147,5.4,No
TMT1B,8,8,147,5.4,No
TNFRSF14,8,8,176,4.5,Yes
TNFSF14,8,7,147,4.8,No
TNFSF9,8,6,147,4.1,No
TNIP2,8,7,147,4.8,No
TNPO2,8,6,147,4.1,No
TOM1L2,8,8,147,5.4,No
TOMM40L,8,8,147,5.4,No
TOP1MT,8,7,147,4.8,No
TOR2A,8,8,147,5.4,No
TPGS2,8,7,147,4.8,No
TRAK1,8,8,147,5.4,No
TRAM1L1,8,8,147,5.4,No
TREM2,8,7,147,4.8,No
TREML1,8,7,147,4.8,No
TRIB2,8,8,147,5.4,No
TRIM11,8,8,147,5.4,No
TRIM23,8,8,147,5.4,No
TRIM39,8,5,147,3.4,No
TRIM47,8,6,147,4.1,No
TRIM5,8,8,147,5.4,No
TRIM65,8,8,147,5.4,No
TRIM8,8,8,147,5.4,No
TRIT1,8,8,147,5.4,No
TRMT10C,8,7,147,4.8,No
TRMT61A,8,8,147,5.4,No
TSHB,8,8,147,5.4,No
TSPAN15,8,7,147,4.8,No
TSSK1B,8,7,147,4.8,No
TSSK2,8,8,147,5.4,No
TTC23,8,8,147,5.4,No
TTC4,8,8,147,5.4,No
TTC7A,8,8,147,5.4,No
TTLL1,8,8,147,5.4,No
TTYH1,8,7,147,4.8,No
TUBA8,8,8,147,5.4,No
TUBD1,8,8,147,5.4,No
TXNRD1,8,8,147,5.4,No
UBA7,8,8,147,5.4,No
UBC,8,7,147,4.8,No
UBTFL1,8,6,147,4.1,No
ULBP1,8,8,147,5.4,No
ULK3,8,8,147,5.4,No
UPK2,8,8,147,5.4,No
USP11,8,7,147,4.8,No
USP51,8,7,147,4.8,No
USP53,8,8,147,5.4,No
UTP15,8,8,147,5.4,No
UTS2B,8,6,147,4.1,No
VAC14,8,8,147,5.4,No
VEZT,8,6,147,4.1,No
VIP,8,8,147,5.4,No
VIPAS39,8,8,147,5.4,No
VLDLR,8,8,147,5.4,No
VPS33A,8,8,147,5.4,No
VPS45,8,7,147,4.8,No
VSTM2L,8,8,147,5.4,No
VSX2,8,8,147,5.4,No
WDR12,8,7,147,4.8,No
WDR37,8,7,147,4.8,No
WDR38,8,8,147,5.4,No
WDR41,8,6,147,4.1,No
WDR5B,8,8,147,5.4,No
WDR77,8,8,147,5.4,No
WDR86,8,6,147,4.1,No
WDR88,8,7,147,4.8,No
WFDC3,8,8,147,5.4,No
WIPI2,8,7,147,4.8,No
WNT5A,8,7,147,4.8,No
WRAP53,8,7,147,4.8,No
XKR3,8,8,147,5.4,No
XPO7,8,7,147,4.8,No
XPOT,8,6,147,4.1,No
YBX1,8,8,147,5.4,No
YIPF7,8,7,147,4.8,No
ZACN,8,7,147,4.8,No
ZBTB17,8,7,147,4.8,No
ZBTB24,8,8,147,5.4,No
ZBTB26,8,8,147,5.4,No
ZBTB48,8,8,147,5.4,No
ZBTB8A,8,6,147,4.1,No
ZBTB8B,8,7,147,4.8,No
ZCCHC4,8,8,147,5.4,No
ZDHHC13,8,7,147,4.8,No
ZDHHC2,8,8,147,5.4,No
ZDHHC4,8,8,147,5.4,No
ZDHHC5,8,7,147,4.8,No
ZFP41,8,7,147,4.8,No
ZKSCAN3,8,7,147,4.8,No
ZMYM5,8,8,147,5.4,No
ZNF100,8,8,147,5.4,No
ZNF141,8,7,147,4.8,No
ZNF182,8,8,147,5.4,No
ZNF223,8,7,147,4.8,No
ZNF226,8,8,147,5.4,No
ZNF232,8,8,147,5.4,No
ZNF283,8,7,147,4.8,No
ZNF3,8,8,147,5.4,No
ZNF304,8,8,147,5.4,No
ZNF311,8,7,147,4.8,No
ZNF329,8,8,147,5.4,No
ZNF33A,8,7,147,4.8,No
ZNF35,8,7,147,4.8,No
ZNF417,8,7,147,4.8,No
ZNF432,8,8,147,5.4,No
ZNF480,8,7,147,4.8,No
ZNF540,8,8,147,5.4,No
ZNF550,8,8,147,5.4,No
ZNF622,8,8,147,5.4,No
ZNF653,8,7,147,4.8,No
ZNF669,8,7,147,4.8,No
ZNF722,8,7,147,4.8,No
ZNF77,8,7,147,4.8,No
ZNF770,8,8,147,5.4,No
ZNF772,8,8,147,5.4,No
ZNF773,8,5,147,3.4,No
ZNF8,8,7,147,4.8,No
ZNF836,8,8,147,5.4,No
ZNF853,8,7,147,4.8,No
ZNF879,8,8,147,5.4,No
ZSCAN2,8,8,147,5.4,No
ZSCAN21,8,8,147,5.4,No
ZWILCH,8,8,147,5.4,No
A1BG,7,7,147,4.8,No
AAR2,7,6,147,4.1,No
AARSD1,7,7,147,4.8,No
ABHD18,7,7,147,4.8,No
ABO,7,5,147,3.4,No
ACAD8,7,7,147,4.8,No
ACOT6,7,6,147,4.1,No
ACOT7,7,6,147,4.1,No
ACSF2,7,7,147,4.8,No
ACSM6,7,6,147,4.1,No
ACSS2,7,6,147,4.1,No
ACTR1B,7,6,147,4.1,No
ACTR3,7,7,147,4.8,No
ACTR3B,7,7,147,4.8,No
ACTR5,7,7,147,4.8,No
ACTRT3,7,7,147,4.8,No
ACVR2B,7,7,147,4.8,No
ADCK2,7,7,147,4.8,No
ADRA2A,7,6,147,4.1,No
AGR3,7,6,147,4.1,No
AHCY,7,7,147,4.8,No
AICDA,7,6,147,4.1,No
AIM2,7,7,147,4.8,Yes
AKAP7,7,7,147,4.8,No
AKAP8L,7,6,147,4.1,No
AKR1B1,7,7,147,4.8,No
AKR1B15,7,7,147,4.8,No
ALAS1,7,7,147,4.8,No
ALDOA,7,7,147,4.8,No
ALG1,7,7,147,4.8,No
ALG11,7,6,147,4.1,No
ALG3,7,5,147,3.4,No
ALKBH1,7,7,147,4.8,No
ALX1,7,6,147,4.1,No
AMPD3,7,6,147,4.1,No
AMTN,7,6,147,4.1,No
AMZ2,7,7,147,4.8,No
ANGPT2,7,6,147,4.1,No
ANGPTL5,7,7,147,4.8,No
ANKRD6,7,7,147,4.8,No
ANKRD66,7,7,147,4.8,No
ANXA7,7,6,176,3.4,No
AP5S1,7,6,147,4.1,No
AP5Z1,7,6,147,4.1,No
APOL6,7,7,147,4.8,No
AQP7,7,7,147,4.8,No
ARHGDIA,7,5,147,3.4,No
ARHGEF4,7,7,147,4.8,No
ARK2C,7,7,147,4.8,No
ARL8A,7,7,147,4.8,No
ARL8B,7,7,147,4.8,No
ARMCX5,7,7,147,4.8,No
ARSK,7,7,147,4.8,No
ARX,7,5,147,3.4,No
ASB2,7,7,147,4.8,No
ASF1B,7,6,147,4.1,No
ASGR2,7,6,147,4.1,No
ASPDH,7,7,147,4.8,No
ASS1,7,7,147,4.8,No
ATAD3B,7,7,147,4.8,No
ATG13,7,7,147,4.8,No
ATG16L1,7,7,147,4.8,No
ATG9A,7,6,147,4.1,No
ATIC,7,6,176,3.4,Yes
ATL3,7,7,147,4.8,No
ATP6V1C2,7,7,147,4.8,No
ATXN10,7,7,147,4.8,No
ATXN3,7,7,147,4.8,No
AUP1,7,7,147,4.8,No
AVEN,7,7,147,4.8,No
AWAT2,7,5,147,3.4,No
B3GNT6,7,6,147,4.1,No
BACE2,7,6,147,4.1,No
BARD1,7,7,147,4.8,Yes
BAX,7,7,147,4.8,Yes
BBS2,7,6,147,4.1,No
BBS4,7,7,147,4.8,No
BCL2L12,7,7,147,4.8,No
BCL2L13,7,7,147,4.8,No
BDH1,7,6,147,4.1,No
BDNF,7,7,147,4.8,No
BEAN1,7,7,147,4.8,No
BECN1,7,7,147,4.8,No
BFSP2,7,5,147,3.4,No
BICDL1,7,7,147,4.8,No
BIRC7,7,7,147,4.8,No
BLK,7,7,147,4.8,No
BPIFA2,7,7,147,4.8,No
BST2,7,7,147,4.8,No
BTBD19,7,7,147,4.8,No
BTBD3,7,7,147,4.8,No
BTG4,7,6,147,4.1,No
C10ORF53,7,6,147,4.1,No
C10ORF67,7,7,147,4.8,No
C11ORF86,7,7,147,4.8,No
C14ORF93,7,7,147,4.8,No
C15ORF32,7,6,147,4.1,No
C16ORF90,7,7,147,4.8,No
C1QTNF7,7,6,147,4.1,No
C1QTNF8,7,7,147,4.8,No
C20ORF173,7,6,147,4.1,No
C3ORF38,7,6,147,4.1,No
C5ORF52,7,5,147,3.4,No
C7ORF57,7,7,147,4.8,No
C8ORF82,7,6,147,4.1,No
CA1,7,7,147,4.8,No
CA14,7,7,147,4.8,No
CACUL1,7,7,147,4.8,No
CALB1,7,7,147,4.8,No
CALCB,7,6,147,4.1,No
CALY,7,6,147,4.1,No
CANT1,7,7,147,4.8,Yes
CARNS1,7,6,147,4.1,No
CATSPER3,7,6,147,4.1,No
CBARP,7,7,147,4.8,No
CBX7,7,6,147,4.1,No
CCDC144NL,7,6,147,4.1,No
CCDC154,7,7,147,4.8,No
CCDC188,7,7,147,4.8,No
CCDC38,7,7,147,4.8,No
CCDC68,7,5,147,3.4,No
CCN6,7,7,147,4.8,Yes
CCNL1,7,6,176,3.4,No
CCR8,7,7,147,4.8,No
CCT5,7,5,147,3.4,No
CCT6B,7,7,147,4.8,Yes
CCT8,7,7,147,4.8,No
CD200R1,7,5,147,3.4,No
CD276,7,6,147,4.1,Yes
CD300C,7,6,147,4.1,No
CD300LD,7,6,147,4.1,No
CD34,7,5,147,3.4,No
CD36,7,7,147,4.8,Yes
CD79B,7,7,176,4,Yes
CDC16,7,7,147,4.8,No
CDC42EP1,7,5,176,2.8,No
CDC6,7,7,147,4.8,No
CDCA7,7,6,147,4.1,No
CDK20,7,6,147,4.1,No
CDS1,7,7,147,4.8,No
CDT1,7,7,147,4.8,No
CEP57L1,7,7,147,4.8,No
CEP76,7,7,147,4.8,No
CETP,7,6,147,4.1,No
CFAP157,7,7,147,4.8,No
CFAP299,7,5,147,3.4,No
CGA,7,7,147,4.8,No
CHADL,7,5,147,3.4,No
CHCHD7,7,7,147,4.8,Yes
CLEC17A,7,7,147,4.8,No
CLEC4D,7,7,147,4.8,No
CLEC9A,7,6,147,4.1,No
CLHC1,7,7,147,4.8,No
CLIC2,7,6,147,4.1,No
CLK4,7,6,147,4.1,No
CLOCK,7,7,147,4.8,No
CLPTM1L,7,6,147,4.1,No
CMIP,7,7,147,4.8,No
CMSS1,7,7,147,4.8,No
CNDP2,7,7,147,4.8,No
CNNM3,7,7,147,4.8,No
CNOT10,7,6,147,4.1,No
CNST,7,7,147,4.8,No
COG3,7,7,147,4.8,No
COPB2,7,7,147,4.8,No
CORO1B,7,7,147,4.8,No
CPNE1,7,7,147,4.8,No
CPNE2,7,7,147,4.8,No
CPNE8,7,7,147,4.8,No
CPT2,7,7,147,4.8,No
CREM,7,5,147,3.4,Yes
CRKL,7,7,176,4,Yes
CRLF1,7,6,147,4.1,No
CRYZ,7,7,147,4.8,No
CSAD,7,6,147,4.1,No
CSF2RA,7,6,147,4.1,No
CSK,7,7,147,4.8,No
CST1,7,7,147,4.8,No
CST9,7,7,147,4.8,No
CSTF1,7,6,147,4.1,No
CSTF2,7,5,147,3.4,No
CTAGE6,7,6,147,4.1,No
CTDSPL2,7,7,147,4.8,No
CTHRC1,7,7,147,4.8,No
CUL3,7,7,147,4.8,Yes
CUTC,7,7,147,4.8,No
CWF19L1,7,6,147,4.1,No
CXADR,7,7,147,4.8,No
CXCR4,7,6,147,4.1,Yes
CXXC5,7,6,147,4.1,No
CYP1A1,7,7,147,4.8,No
CYP24A1,7,5,147,3.4,No
CYP26B1,7,7,147,4.8,No
CYP4V2,7,7,147,4.8,No
CYTH4,7,7,147,4.8,No
DAP3,7,6,147,4.1,No
DAZAP1,7,6,147,4.1,Yes
DAZL,7,7,147,4.8,No
DBNL,7,6,147,4.1,No
DCAF11,7,7,147,4.8,No
DDX21,7,7,147,4.8,No
DDX49,7,7,147,4.8,No
DEFB126,7,6,147,4.1,No
DEPDC1,7,6,147,4.1,No
DEPP1,7,6,147,4.1,No
DGCR2,7,7,147,4.8,No
DHRS13,7,6,147,4.1,No
DHX32,7,7,147,4.8,No
DHX33,7,5,147,3.4,No
DIO1,7,7,147,4.8,No
DIPK2A,7,7,147,4.8,No
DIXDC1,7,6,147,4.1,No
DKK4,7,7,147,4.8,Yes
DLK2,7,7,147,4.8,No
DLL3,7,7,147,4.8,Yes
DLST,7,7,147,4.8,No
DMAC2,7,7,147,4.8,No
DMC1,7,6,147,4.1,No
DMRTA2,7,6,147,4.1,No
DMTF1,7,7,147,4.8,No
DMWD,7,6,147,4.1,No
DNAJB6,7,7,147,4.8,No
DNAJC22,7,7,147,4.8,No
DNASE2,7,6,147,4.1,No
DOK2,7,7,147,4.8,No
DOLPP1,7,5,147,3.4,No
DPH2,7,7,147,4.8,No
DSN1,7,5,147,3.4,No
DTNB,7,6,147,4.1,No
DUSP21,7,6,147,4.1,No
DUSP5,7,6,147,4.1,No
DYRK1A,7,7,147,4.8,No
E2F3,7,7,147,4.8,Yes
EAF2,7,7,147,4.8,No
EARS2,7,7,147,4.8,No
EEF1A1,7,7,147,4.8,No
EEF1G,7,7,147,4.8,No
EIF2AK1,7,7,147,4.8,No
EIF2B5,7,7,147,4.8,No
EIF3E,7,7,147,4.8,Yes
EIF3G,7,7,147,4.8,No
EIF3M,7,7,147,4.8,No
EIF4A3,7,7,147,4.8,No
ELANE,7,7,147,4.8,No
ELMO2,7,6,147,4.1,No
ENG,7,7,147,4.8,No
ENO3,7,5,147,3.4,No
EPYC,7,6,147,4.1,No
EQTN,7,7,147,4.8,No
ERAL1,7,5,147,3.4,No
ERCC8,7,7,147,4.8,No
ERI2,7,6,147,4.1,No
ERICH4,7,7,147,4.8,No
ERMARD,7,7,147,4.8,No
ESD,7,6,147,4.1,No
ESRRA,7,7,147,4.8,No
ETV4,7,7,176,4,Yes
EXO1,7,7,147,4.8,No
EXOSC2,7,7,147,4.8,No
EXOSC9,7,5,147,3.4,No
EXTL2,7,6,147,4.1,No
FABP2,7,7,147,4.8,No
FAM111B,7,6,147,4.1,No
FAM114A1,7,7,147,4.8,No
FAM161A,7,7,147,4.8,No
FAM187A,7,6,147,4.1,No
FAM30A,7,6,147,4.1,No
FAM83F,7,6,147,4.1,No
FAM83G,7,7,147,4.8,No
FAR1,7,7,147,4.8,No
FAS,7,6,176,3.4,Yes
FASTKD3,7,7,147,4.8,No
FBXL2,7,7,147,4.8,No
FBXL5,7,6,147,4.1,No
FBXO3,7,7,147,4.8,No
FBXO41,7,5,147,3.4,No
FCGR1A,7,7,147,4.8,No
FDXACB1,7,7,147,4.8,No
FERRY3,7,7,147,4.8,No
FIRRM,7,6,147,4.1,No
FKBP1C,7,7,147,4.8,No
FKBP9,7,7,176,4,No
FLOT2,7,7,147,4.8,No
FOXF1,7,7,147,4.8,Yes
FOXL3,7,5,147,3.4,No
FOXM1,7,7,147,4.8,No
FPGT,7,7,147,4.8,No
FRMD4A,7,7,147,4.8,No
FRMD7,7,7,147,4.8,No
FRRS1,7,7,147,4.8,No
FSAF1,7,7,147,4.8,No
FSHB,7,7,147,4.8,No
FST,7,7,147,4.8,No
FUT3,7,7,147,4.8,No
FYTTD1,7,7,147,4.8,No
FZD10,7,7,147,4.8,No
G2E3,7,7,147,4.8,No
GABRA3,7,6,147,4.1,No
GALK1,7,6,147,4.1,No
GALM,7,7,147,4.8,No
GALNT3,7,7,147,4.8,No
GALNTL5,7,7,147,4.8,No
GAN,7,6,147,4.1,No
GAPT,7,6,147,4.1,No
GAS2L1,7,7,147,4.8,No
GCLC,7,7,147,4.8,No
GFM1,7,7,147,4.8,No
GFOD1,7,7,147,4.8,No
GFRA2,7,5,147,3.4,No
GFRA3,7,7,147,4.8,No
GGA1,7,7,147,4.8,No
GH1,7,6,147,4.1,No
GIMAP2,7,7,147,4.8,No
GIN1,7,6,147,4.1,No
GIPC3,7,6,147,4.1,No
GKN2,7,6,147,4.1,No
GLMN,7,7,147,4.8,No
GLRX3,7,7,147,4.8,No
GM2A,7,7,147,4.8,No
GNAI2,7,7,147,4.8,No
GNAQ,7,6,176,3.4,Yes
GNAT2,7,7,147,4.8,No
GNB5,7,7,147,4.8,No
GOLGA6A,7,6,147,4.1,No
GOLPH3,7,7,147,4.8,No
GOPC,7,6,176,3.4,Yes
GPBP1,7,7,147,4.8,No
GPC1,7,6,147,4.1,No
GPD1L,7,7,147,4.8,No
GPR12,7,7,147,4.8,No
GPR137C,7,6,147,4.1,No
GPR150,7,6,147,4.1,No
GPR160,7,7,147,4.8,No
GPR18,7,7,147,4.8,No
GPR52,7,7,147,4.8,No
GPR84,7,7,147,4.8,No
GPRASP3,7,7,147,4.8,No
GPSM3,7,7,147,4.8,No
GRAMD2B,7,7,147,4.8,No
GRAP2,7,5,147,3.4,No
GREP1,7,6,147,4.1,No
GRK1,7,6,147,4.1,No
GSG1,7,7,147,4.8,No
GSK3A,7,7,147,4.8,No
GSTA2,7,7,147,4.8,No
GSTA3,7,7,147,4.8,No
GSX2,7,7,147,4.8,No
GUCA1A,7,7,147,4.8,No
GUSB,7,7,147,4.8,No
GZMB,7,7,147,4.8,No
H1-4,7,7,147,4.8,Yes
HABP4,7,6,147,4.1,No
HAPSTR1,7,6,147,4.1,No
HAUS6,7,7,147,4.8,No
HBD,7,7,147,4.8,No
HBG2,7,7,147,4.8,No
HCAR3,7,6,147,4.1,No
HCN2,7,7,147,4.8,No
HDAC1,7,7,147,4.8,Yes
HDAC10,7,7,147,4.8,No
HDHD5,7,7,147,4.8,No
HERPUD1,7,7,147,4.8,Yes
HEXIM2,7,7,147,4.8,No
HGSNAT,7,7,147,4.8,No
HLA-DMA,7,5,147,3.4,No
HLA-DQA1,7,6,147,4.1,No
HMGCR,7,6,147,4.1,No
HMMR,7,7,147,4.8,No
HMOX2,7,7,147,4.8,No
HNRNPH1,7,7,147,4.8,No
HOMEZ,7,7,147,4.8,No
HOOK2,7,7,147,4.8,No
HOOK3,7,6,147,4.1,Yes
HOXC8,7,6,147,4.1,No
HOXD4,7,7,147,4.8,No
HSDL2,7,7,147,4.8,No
HSP90AB1,7,6,176,3.4,Yes
HTR1B,7,7,147,4.8,No
HTRA1,7,7,147,4.8,No
HTRA4,7,5,147,3.4,No
HUS1B,7,7,147,4.8,No
HYAL2,7,6,147,4.1,No
HYKK,7,7,147,4.8,No
ICAM4,7,7,147,4.8,No
ICOS,7,7,147,4.8,No
IDH1,7,7,176,4,Yes
IER5,7,7,147,4.8,No
IFNA21,7,7,147,4.8,No
IFNGR1,7,6,147,4.1,Yes
IFT52,7,7,147,4.8,No
IFT57,7,7,147,4.8,No
IGF2,7,7,176,4,Yes
IKBIP,7,7,147,4.8,No
IKZF4,7,5,147,3.4,No
IL13RA2,7,7,147,4.8,No
IL21,7,6,147,4.1,No
IL23A,7,6,147,4.1,No
IL25,7,7,147,4.8,No
IL27,7,4,147,2.7,No
IL2RG,7,7,147,4.8,No
IMPDH1,7,6,147,4.1,No
ING4,7,7,147,4.8,No
INHBC,7,7,147,4.8,No
INPP1,7,6,147,4.1,No
INSL4,7,6,147,4.1,No
INSL5,7,7,147,4.8,No
INTS6,7,7,147,4.8,Yes
INTS9,7,7,147,4.8,No
IP6K2,7,7,147,4.8,No
IPP,7,6,147,4.1,No
IQCB1,7,7,147,4.8,No
IQCF1,7,7,147,4.8,No
IQCJ,7,7,147,4.8,No
ISX,7,7,147,4.8,No
ITGB1,7,7,147,4.8,No
ITM2C,7,5,147,3.4,No
IVD,7,7,147,4.8,No
JADE1,7,7,147,4.8,No
JAZF1,7,7,147,4.8,Yes
JUNB,7,6,147,4.1,No
KAT7,7,6,147,4.1,Yes
KAT8,7,6,147,4.1,No
KCNS1,7,7,147,4.8,No
KCTD20,7,7,147,4.8,No
KIF22,7,7,147,4.8,No
KIFC1,7,5,147,3.4,No
KIFC3,7,7,147,4.8,No
KLC2,7,7,147,4.8,No
KLF5,7,7,147,4.8,Yes
KLHDC1,7,7,147,4.8,No
KLHL42,7,6,147,4.1,No
KLK13,7,7,147,4.8,No
KLK2,7,6,147,4.1,Yes
KPNA2,7,7,147,4.8,No
KPNB1,7,6,147,4.1,No
KREMEN2,7,6,147,4.1,No
KRT222,7,7,147,4.8,No
KRTAP4-3,7,7,147,4.8,No
KRTAP4-6,7,7,147,4.8,No
KRTAP5-8,7,7,147,4.8,No
KYAT1,7,7,147,4.8,No
LARP7,7,6,147,4.1,No
LASP1,7,6,147,4.1,Yes
LAYN,7,6,147,4.1,No
LCE1C,7,7,147,4.8,No
LCE5A,7,7,147,4.8,No
LCN8,7,6,147,4.1,No
LDHC,7,7,147,4.8,No
LDHD,7,7,147,4.8,No
LDLRAD3,7,7,147,4.8,No
LEMD2,7,6,147,4.1,No
LEP,7,7,147,4.8,No
LHX5,7,6,147,4.1,No
LHX6,7,6,147,4.1,No
LIMD1,7,7,147,4.8,No
LIN54,7,7,147,4.8,No
LINC01565,7,7,147,4.8,No
LINC02903,7,6,147,4.1,No
LIPG,7,6,147,4.1,No
LIPN,7,7,147,4.8,No
LONP2,7,6,147,4.1,No
LONRF1,7,6,147,4.1,No
LONRF3,7,7,147,4.8,No
LPAR4,7,7,147,4.8,No
LPGAT1,7,6,147,4.1,No
LRFN3,7,6,147,4.1,No
LRP11,7,7,147,4.8,No
LRRC18,7,6,147,4.1,No
LRRC2,7,7,147,4.8,No
LRRC41,7,6,147,4.1,No
LRRC46,7,6,147,4.1,No
LRRC47,7,7,147,4.8,No
LRRC8E,7,7,147,4.8,No
LSM11,7,6,147,4.1,No
LTBR,7,7,147,4.8,No
LYZL2,7,6,147,4.1,No
MAGEA3,7,7,147,4.8,No
MAGED1,7,5,147,3.4,Yes
MAGED2,7,4,147,2.7,No
MAOA,7,6,147,4.1,No
MAP2K4,7,6,176,3.4,Yes
MAPK13,7,7,147,4.8,No
MARCHF1,7,6,147,4.1,No
MBP,7,5,147,3.4,No
MCEMP1,7,6,147,4.1,No
MCHR1,7,7,147,4.8,No
MCMBP,7,7,147,4.8,No
MCOLN2,7,7,147,4.8,No
MCPH1,7,7,147,4.8,No
MCU,7,7,147,4.8,No
MDM2,7,7,176,4,Yes
MED14,7,6,147,4.1,No
MED16,7,6,147,4.1,No
MED26,7,6,147,4.1,No
MEST,7,7,147,4.8,No
METTL27,7,7,147,4.8,No
METTL4,7,7,147,4.8,No
MFSD11,7,7,147,4.8,No
MFSD8,7,7,147,4.8,No
MICU2,7,7,147,4.8,No
MKNK1,7,7,147,4.8,Yes
MKNK2,7,6,147,4.1,No
MLKL,7,7,147,4.8,No
MLN,7,7,147,4.8,No
MLYCD,7,7,147,4.8,No
MMADHC,7,6,147,4.1,No
MOCS3,7,6,147,4.1,No
MPP7,7,6,147,4.1,No
MRGPRF,7,5,147,3.4,No
MRGPRX2,7,6,147,4.1,No
MROH7-TTC4,7,6,147,4.1,No
MRPL4,7,6,147,4.1,No
MS4A15,7,7,147,4.8,No
MS4A4E,7,6,147,4.1,No
MTDH,7,6,147,4.1,No
MTMR12,7,6,147,4.1,No
MTMR14,7,7,147,4.8,No
MTNR1A,7,7,147,4.8,No
MTO1,7,7,147,4.8,No
MTSS1,7,7,147,4.8,No
MUTYH,7,7,176,4,Yes
MXRA8,7,7,147,4.8,No
MYL9,7,7,147,4.8,No
MYNN,7,7,147,4.8,No
MYOT,7,7,147,4.8,No
MYZAP,7,7,147,4.8,No
NAA15,7,6,147,4.1,No
NACA2,7,7,147,4.8,No
NAT8,7,6,147,4.1,No
NCBP3,7,7,147,4.8,No
NCR3,7,7,147,4.8,No
NDEL1,7,7,147,4.8,No
NDOR1,7,7,147,4.8,No
NDRG4,7,7,147,4.8,No
NDUFS2,7,7,147,4.8,No
NELFCD,7,7,147,4.8,No
NFE2L1,7,7,147,4.8,No
NFE2L2,7,7,176,4,Yes
NFIB,7,6,147,4.1,Yes
NFKBIB,7,7,147,4.8,No
NFYA,7,6,147,4.1,No
NGFR,7,7,147,4.8,No
NGLY1,7,7,147,4.8,No
NHLH1,7,6,147,4.1,No
NHLRC1,7,7,147,4.8,No
NIPA1,7,7,147,4.8,No
NIPAL1,7,7,147,4.8,No
NIPAL3,7,7,147,4.8,No
NKX2-2,7,6,147,4.1,No
NLN,7,7,147,4.8,No
NMD3,7,7,147,4.8,No
NME7,7,6,147,4.1,No
NOL11,7,7,147,4.8,No
NOM1,7,7,147,4.8,No
NOP14,7,6,147,4.1,No
NOXA1,7,6,147,4.1,No
NPHS2,7,6,147,4.1,No
NPIPB2,7,5,147,3.4,No
NRSN2,7,7,147,4.8,No
NSUN5,7,7,147,4.8,No
NSUN6,7,6,147,4.1,No
NT5DC1,7,6,147,4.1,No
NTSR1,7,7,147,4.8,No
NUB1,7,7,147,4.8,No
NUCB2,7,6,147,4.1,No
NUCKS1,7,6,147,4.1,No
NUDT6,7,7,147,4.8,No
NUP50,7,7,147,4.8,No
NUP85,7,7,147,4.8,No
NUP88,7,7,147,4.8,No
OCRL,7,7,147,4.8,No
ODF2L,7,7,147,4.8,No
ONECUT1,7,7,147,4.8,No
ONECUT2,7,7,147,4.8,Yes
OR1J1,7,6,147,4.1,No
OR2T27,7,6,147,4.1,No
OR3A2,7,6,147,4.1,No
OR4C11,7,6,147,4.1,No
OR4E1,7,5,147,3.4,No
OR4P4,7,7,147,4.8,No
OR52B6,7,7,147,4.8,No
OR56A5,7,3,147,2,No
OR5B21,7,7,147,4.8,No
OR5B3,7,6,147,4.1,No
OR5P2,7,7,147,4.8,No
OR6B2,7,6,147,4.1,No
OR6B3,7,7,147,4.8,No
OR7C2,7,7,147,4.8,No
OR9G1,7,6,147,4.1,No
ORC5,7,7,147,4.8,No
OSGIN1,7,7,147,4.8,No
OTUD6B,7,7,147,4.8,No
OTX1,7,6,147,4.1,No
OXA1L,7,6,147,4.1,No
OXTR,7,7,147,4.8,No
P2RX6,7,6,147,4.1,No
P4HA1,7,7,147,4.8,No
PACRG,7,6,147,4.1,No
PAGE1,7,6,147,4.1,No
PALMD,7,7,147,4.8,No
PAQR5,7,7,147,4.8,No
PAQR7,7,6,147,4.1,No
PARL,7,7,147,4.8,No
PARP16,7,7,147,4.8,No
PARPBP,7,7,147,4.8,No
PARVB,7,6,147,4.1,No
PASD1,7,7,147,4.8,No
PATE1,7,6,147,4.1,No
PATL1,7,7,147,4.8,No
PAX6,7,6,147,4.1,No
PAXBP1,7,6,147,4.1,No
PCNX4,7,7,147,4.8,No
PCYT2,7,7,147,4.8,No
PDGFB,7,7,147,4.8,Yes
PDGFC,7,7,176,4,No
PDIA4,7,6,147,4.1,No
PEBP4,7,6,147,4.1,No
PERCC1,7,6,147,4.1,No
PEX11A,7,7,147,4.8,No
PGD,7,6,147,4.1,No
PHKG2,7,7,147,4.8,No
PHTF2,7,7,147,4.8,No
PHYHIP,7,7,147,4.8,No
PIAS2,7,7,147,4.8,No
PIAS4,7,7,147,4.8,No
PIGK,7,7,147,4.8,No
PIGT,7,7,147,4.8,No
PIGX,7,7,147,4.8,No
PIH1D1,7,7,147,4.8,No
PKM,7,6,147,4.1,No
PKNOX1,7,6,147,4.1,No
PKNOX2,7,7,147,4.8,No
PKP3,7,7,147,4.8,No
PLAA,7,7,147,4.8,No
PLK2,7,7,147,4.8,Yes
PLPPR2,7,7,147,4.8,No
PMEPA1,7,6,147,4.1,No
POLG2,7,7,147,4.8,No
POLR1G,7,6,147,4.1,No
POU2AF1,7,7,147,4.8,Yes
POU2AF2,7,7,147,4.8,No
POU4F2,7,7,147,4.8,No
POU5F1,7,6,147,4.1,Yes
PPARA,7,7,147,4.8,No
PPCS,7,7,147,4.8,No
PPID,7,6,147,4.1,No
PPIE,7,7,147,4.8,No
PPM1A,7,7,147,4.8,No
PPM1N,7,7,147,4.8,No
PPME1,7,7,147,4.8,No
PPP1R1B,7,7,147,4.8,No
PPP2R2C,7,6,147,4.1,No
PPP2R2D,7,7,147,4.8,No
PPP4R2,7,6,147,4.1,Yes
PRIMA1,7,5,147,3.4,No
PRKAR1A,7,7,176,4,Yes
PRMT5,7,7,147,4.8,Yes
PROK1,7,7,147,4.8,No
PROZ,7,7,147,4.8,No
PRR22,7,7,147,4.8,No
PRRX1,7,6,176,3.4,Yes
PRSS22,7,7,147,4.8,No
PRSS57,7,7,147,4.8,No
PSAP,7,6,147,4.1,No
PSG2,7,6,147,4.1,No
PSG7,7,7,147,4.8,No
PSIP1,7,6,176,3.4,Yes
PSMB4,7,6,147,4.1,No
PSMD3,7,7,147,4.8,No
PSME3,7,7,147,4.8,No
PSMF1,7,7,147,4.8,No
PSTPIP2,7,7,147,4.8,No
PTAR1,7,6,147,4.1,No
PTBP2,7,7,147,4.8,No
PTGDR2,7,7,147,4.8,No
PTGDS,7,7,147,4.8,No
PTGER4,7,7,147,4.8,No
PTK7,7,7,147,4.8,Yes
PTPN2,7,7,147,4.8,Yes
PUF60,7,7,147,4.8,No
PURG,7,7,147,4.8,No
PUS1,7,6,147,4.1,No
PUS10,7,6,147,4.1,No
PUS7L,7,7,147,4.8,No
PXMP4,7,7,147,4.8,No
QTMAN,7,7,147,4.8,No
R3HCC1,7,7,147,4.8,No
RAD51D,7,7,147,4.8,Yes
RAE1,7,7,147,4.8,No
RAET1G,7,7,147,4.8,No
RAP1B,7,7,147,4.8,No
RARB,7,7,147,4.8,No
RASGEF1B,7,7,147,4.8,No
RASL11A,7,6,147,4.1,No
RBM19,7,6,147,4.1,No
RBM34,7,7,147,4.8,No
RBM38,7,7,147,4.8,No
RBPMS,7,6,147,4.1,No
REC8,7,7,147,4.8,No
REG4,7,7,147,4.8,No
REM2,7,7,147,4.8,No
RETREG3,7,7,147,4.8,No
RFNG,7,7,147,4.8,No
RFX8,7,5,147,3.4,No
RGMB,7,6,147,4.1,No
RGS17,7,7,147,4.8,No
RIGI,7,5,147,3.4,No
RIOK1,7,7,147,4.8,No
RIPK2,7,7,176,4,No
RMC1,7,7,147,4.8,No
RNASEH2A,7,7,147,4.8,Yes
RND3,7,7,147,4.8,No
RNF138,7,6,147,4.1,No
RNF139,7,7,147,4.8,No
RNF186,7,7,147,4.8,No
RNF214,7,7,147,4.8,No
RNMT,7,7,147,4.8,No
RNPEP,7,6,147,4.1,No
RNPEPL1,7,7,147,4.8,No
ROPN1B,7,7,147,4.8,No
RORA,7,7,147,4.8,No
RPS6KA3,7,2,147,1.4,No
RRAGD,7,7,147,4.8,No
RRM1,7,7,147,4.8,No
RRM2,7,7,147,4.8,No
RRN3,7,7,147,4.8,No
RSC1A1,7,6,147,4.1,No
RUNX1,7,7,176,4,Yes
RXRA,7,7,147,4.8,Yes
RXRB,7,7,147,4.8,No
S100A7L2,7,7,147,4.8,No
S100PBP,7,5,147,3.4,No
S1PR5,7,5,147,3.4,No
SAMD15,7,7,147,4.8,No
SAMD8,7,7,147,4.8,No
SAP25,7,5,147,3.4,No
SARM1,7,6,147,4.1,No
SARS1,7,7,147,4.8,No
SCGN,7,7,147,4.8,No
SCN2B,7,7,147,4.8,No
SCP2,7,7,147,4.8,No
SCPEP1,7,7,147,4.8,No
SCRN3,7,7,147,4.8,No
SCTR,7,6,147,4.1,No
SDC2,7,7,147,4.8,No
SDCBP,7,6,147,4.1,No
SDHA,7,7,147,4.8,Yes
SEPTIN10,7,6,147,4.1,No
SEPTIN8,7,6,147,4.1,No
SEPTIN9,7,7,176,4,Yes
SERBP1,7,7,147,4.8,No
SERPINB9,7,6,147,4.1,No
SERPIND1,7,7,147,4.8,No
SERPING1,7,7,147,4.8,No
SERPINH1,7,7,147,4.8,No
SERTAD2,7,7,147,4.8,No
SFRP2,7,7,147,4.8,Yes
SGO1,7,7,147,4.8,No
SH2D2A,7,7,147,4.8,No
SH2D6,7,7,147,4.8,No
SHARPIN,7,4,147,2.7,No
SHISA4,7,6,147,4.1,No
SHQ1,7,6,147,4.1,Yes
SIAE,7,7,147,4.8,No
SIL1,7,7,176,4,No
SIRPD,7,6,147,4.1,No
SIRT5,7,7,147,4.8,No
SLC10A1,7,7,147,4.8,No
SLC11A1,7,7,147,4.8,No
SLC15A3,7,7,147,4.8,No
SLC16A5,7,7,147,4.8,No
SLC16A6,7,5,147,3.4,No
SLC18A3,7,7,147,4.8,No
SLC22A13,7,7,147,4.8,No
SLC22A15,7,5,147,3.4,No
SLC22A3,7,7,147,4.8,No
SLC25A17,7,5,147,3.4,No
SLC25A53,7,7,147,4.8,No
SLC2A13,7,7,147,4.8,No
SLC30A5,7,7,147,4.8,No
SLC30A9,7,7,147,4.8,No
SLC33A1,7,7,147,4.8,No
SLC35A4,7,7,147,4.8,No
SLC37A1,7,7,147,4.8,No
SLC38A4,7,7,147,4.8,No
SLC38A6,7,5,147,3.4,No
SLC39A11,7,7,147,4.8,No
SLC39A8,7,7,147,4.8,No
SLC39A9,7,7,147,4.8,No
SLC47A1,7,7,147,4.8,No
SLC52A2,7,6,147,4.1,No
SLC5A3,7,7,147,4.8,No
SLCO4A1,7,6,147,4.1,No
SMAD1,7,7,147,4.8,No
SMAD5,7,7,147,4.8,No
SMIM17,7,4,147,2.7,No
SMPD4,7,7,147,4.8,No
SMUG1,7,5,147,3.4,No
SMYD5,7,7,147,4.8,No
SNAPC1,7,7,147,4.8,No
SNAPIN,7,7,147,4.8,No
SNX1,7,7,147,4.8,No
SOCS5,7,6,147,4.1,No
SORD,7,6,147,4.1,No
SOX14,7,7,147,4.8,No
SOX7,7,7,147,4.8,No
SPAG4,7,7,147,4.8,No
SPANXN3,7,6,147,4.1,No
SPARC,7,7,176,4,No
SPDYE1,7,6,147,4.1,No
SPDYE3,7,7,147,4.8,No
SPIC,7,7,147,4.8,No
SPMAP2,7,6,147,4.1,No
SPMAP2L,7,6,147,4.1,No
SPNS1,7,7,147,4.8,No
SPPL2B,7,5,147,3.4,No
SPRR3,7,7,147,4.8,No
SPSB2,7,7,147,4.8,No
SRFBP1,7,7,147,4.8,No
SRPK2,7,6,147,4.1,No
SRPK3,7,6,147,4.1,No
SRSF7,7,7,147,4.8,No
SSMEM1,7,6,147,4.1,No
SSTR2,7,5,147,3.4,No
ST3GAL2,7,6,147,4.1,No
STAC3,7,7,147,4.8,No
STAMBPL1,7,7,147,4.8,No
STAT5A,7,7,147,4.8,Yes
STAT6,7,7,147,4.8,Yes
STEAP1B,7,7,147,4.8,No
STING1,7,7,147,4.8,No
STK35,7,7,147,4.8,No
STRN4,7,7,147,4.8,No
STUM,7,6,147,4.1,No
STX18,7,6,147,4.1,No
STX1A,7,5,147,3.4,No
STX5,7,7,147,4.8,No
SUPT16H,7,6,147,4.1,No
SUPT7L,7,7,147,4.8,No
SYN2,7,7,147,4.8,No
SYNCRIP,7,7,147,4.8,No
TAB1,7,7,147,4.8,No
TADA2A,7,7,147,4.8,No
TADA3,7,7,147,4.8,No
TAF11L12,7,5,147,3.4,No
TAFA1,7,7,147,4.8,No
TAFA4,7,6,147,4.1,No
TAGLN3,7,7,147,4.8,No
TARDBP,7,6,147,4.1,No
TAS2R41,7,7,147,4.8,No
TBC1D10B,7,6,147,4.1,No
TBC1D19,7,6,147,4.1,No
TBC1D28,7,7,147,4.8,No
TBCE,7,7,147,4.8,No
TBL3,7,6,147,4.1,No
TBP,7,6,147,4.1,No
TCEAL2,7,7,147,4.8,No
TCP11L1,7,6,147,4.1,No
TEAD4,7,7,147,4.8,No
TEX19,7,6,147,4.1,No
TFAP2E,7,6,147,4.1,No
TFAP4,7,6,147,4.1,No
TFCP2,7,7,147,4.8,No
TFPI,7,7,147,4.8,No
TGFB3,7,6,147,4.1,No
TGIF1,7,6,147,4.1,No
THOP1,7,7,147,4.8,No
THRA,7,6,147,4.1,No
THRB,7,6,147,4.1,No
TIAL1,7,7,147,4.8,No
TLR6,7,7,147,4.8,No
TM4SF4,7,6,147,4.1,No
TMC4,7,7,147,4.8,No
TMCO2,7,5,147,3.4,No
TMEM135,7,7,147,4.8,No
TMEM139,7,7,147,4.8,No
TMEM179,7,6,147,4.1,No
TMEM190,7,7,147,4.8,No
TMEM202,7,4,147,2.7,No
TMEM45A,7,7,147,4.8,No
TMEM47,7,7,147,4.8,No
TMEM79,7,6,147,4.1,No
TMPRSS4,7,7,147,4.8,No
TNFRSF12A,7,7,147,4.8,No
TNFSF8,7,6,147,4.1,No
TOMM70,7,7,147,4.8,No
TOP6BL,7,6,147,4.1,No
TPM3,7,7,147,4.8,Yes
TPSD1,7,6,147,4.1,No
TRAF3IP2,7,6,147,4.1,No
TRAF5,7,7,176,4,Yes
TRAF6,7,6,147,4.1,No
TREM1,7,7,147,4.8,No
TRIB3,7,7,147,4.8,Yes
TRIM38,7,7,147,4.8,No
TRIM41,7,7,147,4.8,No
TRIM45,7,7,147,4.8,No
TRIP13,7,6,147,4.1,Yes
TRNT1,7,7,147,4.8,No
TRPC4AP,7,6,147,4.1,No
TSBP1,7,7,147,4.8,No
TSC22D4,7,7,147,4.8,No
TSGA13,7,6,147,4.1,No
TSKU,7,7,147,4.8,No
TSPAN17,7,7,147,4.8,No
TSPAN32,7,7,147,4.8,No
TSPAN33,7,7,147,4.8,No
TTC23L,7,6,147,4.1,No
TTK,7,7,147,4.8,No
TTYH3,7,7,147,4.8,No
TUBA1A,7,6,147,4.1,No
TUBB2A,7,6,147,4.1,No
TYW3,7,7,147,4.8,No
U2AF1L4,7,7,147,4.8,No
UAP1L1,7,7,147,4.8,No
UBAC1,7,6,147,4.1,No
UBE2J2,7,7,147,4.8,No
UBE2Q2,7,7,147,4.8,No
UBE3D,7,7,147,4.8,No
UBOX5,7,6,147,4.1,No
UBP1,7,5,147,3.4,No
UBQLN1,7,7,147,4.8,No
UBXN11,7,6,147,4.1,No
UGDH,7,7,147,4.8,No
UHMK1,7,7,147,4.8,No
UNC93B1,7,7,147,4.8,No
UNCX,7,5,147,3.4,No
UNK,7,7,147,4.8,No
UPK1B,7,7,147,4.8,No
UQCRC1,7,7,147,4.8,No
USP14,7,6,147,4.1,No
USP16,7,7,147,4.8,No
USP30,7,7,147,4.8,No
UTP3,7,7,147,4.8,No
VGLL1,7,7,147,4.8,No
VILL,7,7,147,4.8,No
VN1R1,7,7,147,4.8,No
VPS37D,7,7,147,4.8,No
VSIG10L2,7,5,147,3.4,No
VSIR,7,5,147,3.4,No
VSTM4,7,7,147,4.8,No
VSX1,7,7,147,4.8,No
WARS1,7,7,147,4.8,No
WARS2,7,7,147,4.8,No
WBP1,7,7,147,4.8,No
WBP1L,7,7,147,4.8,No
WBP2,7,7,147,4.8,No
WDCP,7,7,147,4.8,Yes
WDR13,7,6,147,4.1,No
WDR25,7,6,147,4.1,No
WDR3,7,5,147,3.4,No
WDR4,7,7,147,4.8,No
WDR89,7,7,147,4.8,No
WDR91,7,7,147,4.8,No
WDSUB1,7,7,147,4.8,No
WEE1,7,7,147,4.8,Yes
WNT5B,7,6,147,4.1,No
WRAP73,7,6,147,4.1,No
YAP1,7,7,176,4,Yes
YJU2B,7,7,147,4.8,No
YTHDC1,7,7,147,4.8,No
ZBTB3,7,7,147,4.8,No
ZBTB33,7,7,147,4.8,No
ZBTB45,7,6,147,4.1,No
ZBTB6,7,5,147,3.4,No
ZC2HC1C,7,7,147,4.8,No
ZC4H2,7,6,147,4.1,No
ZDHHC11B,7,7,147,4.8,No
ZFAND3,7,7,147,4.8,No
ZFYVE19,7,6,147,4.1,No
ZKSCAN4,7,6,147,4.1,No
ZMAT3,7,7,147,4.8,No
ZNF155,7,7,147,4.8,No
ZNF17,7,7,147,4.8,No
ZNF20,7,7,147,4.8,No
ZNF224,7,6,147,4.1,No
ZNF23,7,7,147,4.8,No
ZNF324B,7,7,147,4.8,No
ZNF443,7,7,147,4.8,No
ZNF451,7,6,147,4.1,No
ZNF48,7,7,147,4.8,No
ZNF488,7,7,147,4.8,No
ZNF501,7,7,147,4.8,No
ZNF507,7,7,147,4.8,No
ZNF510,7,7,147,4.8,No
ZNF548,7,5,147,3.4,No
ZNF557,7,7,147,4.8,No
ZNF561,7,7,147,4.8,No
ZNF562,7,5,147,3.4,No
ZNF565,7,7,147,4.8,No
ZNF566,7,6,147,4.1,No
ZNF575,7,5,147,3.4,No
ZNF625,7,7,147,4.8,No
ZNF655,7,7,147,4.8,No
ZNF691,7,5,147,3.4,No
ZNF701,7,7,147,4.8,No
ZNF710,7,7,147,4.8,No
ZNF724,7,6,147,4.1,No
ZNF765,7,6,147,4.1,No
ZNF829,7,7,147,4.8,No
ZNF830,7,7,147,4.8,No
ZNF839,7,7,147,4.8,No
ZNF846,7,7,147,4.8,No
ZNF883,7,7,147,4.8,No
ZNF888,7,7,147,4.8,No
ZNF891,7,6,147,4.1,No
ZPBP2,7,5,147,3.4,No
ZSCAN22,7,7,147,4.8,No
AADAC,6,6,147,4.1,No
AASDHPPT,6,6,147,4.1,No
ABCE1,6,6,147,4.1,No
ABHD1,6,5,147,3.4,No
ABHD10,6,6,147,4.1,No
ABHD15,6,5,147,3.4,No
ABHD2,6,6,147,4.1,No
ABI1,6,6,176,3.4,Yes
ABI2,6,6,147,4.1,No
ABRAXAS1,6,6,147,4.1,Yes
ABTB1,6,6,147,4.1,No
ACAA1,6,6,147,4.1,No
ACADVL,6,6,147,4.1,No
ACBD5,6,6,147,4.1,No
ACO1,6,6,147,4.1,No
ACP3,6,6,147,4.1,Yes
ACSL4,6,6,147,4.1,Yes
ACTL6A,6,6,147,4.1,No
ACTR6,6,6,147,4.1,No
ACVR1B,6,6,176,3.4,Yes
ADAT2,6,6,147,4.1,No
ADH4,6,6,147,4.1,No
ADHFE1,6,6,147,4.1,Yes
ADIPOR1,6,6,147,4.1,No
ADIPOR2,6,5,147,3.4,No
ADORA1,6,6,147,4.1,No
ADRB3,6,6,147,4.1,No
ADSL,6,5,147,3.4,No
AFG2B,6,6,147,4.1,No
AFG3L2,6,6,147,4.1,No
AGAP6,6,5,147,3.4,No
AIFM2,6,6,147,4.1,No
AKR7A3,6,6,147,4.1,No
AKT1S1,6,4,147,2.7,Yes
AKT2,6,6,176,3.4,Yes
ALAS2,6,6,147,4.1,No
ALDH1A3,6,5,147,3.4,Yes
ALDH3A1,6,6,147,4.1,No
ALDH4A1,6,6,147,4.1,No
ALG10B,6,6,147,4.1,No
ALG14,6,4,147,2.7,No
ALG6,6,5,147,3.4,No
ALKBH6,6,6,147,4.1,No
AMELX,6,6,147,4.1,No
ANAPC7,6,6,147,4.1,No
ANGPTL4,6,6,147,4.1,No
ANKRD10,6,6,147,4.1,No
ANKRD20A1,6,5,147,3.4,No
ANKRD28,6,6,147,4.1,No
ANKRD30BL,6,6,147,4.1,No
ANKRD42,6,6,147,4.1,No
ANKRD53,6,5,147,3.4,No
ANKRD65,6,5,147,3.4,No
ANKS4B,6,6,147,4.1,No
ANXA1,6,5,147,3.4,No
ANXA10,6,5,147,3.4,No
ANXA4,6,5,147,3.4,No
AOPEP,6,6,147,4.1,No
AP1B1,6,5,147,3.4,No
AP1M1,6,5,147,3.4,No
AP3M1,6,6,147,4.1,No
AP4M1,6,6,147,4.1,No
APIP,6,6,147,4.1,No
APOBEC3A,6,6,147,4.1,No
APOBEC3D,6,6,147,4.1,No
APOL2,6,5,147,3.4,No
APOL4,6,6,147,4.1,No
AQP12A,6,6,147,4.1,No
AQP8,6,6,147,4.1,No
ARFIP1,6,6,147,4.1,No
ARIH1,6,6,147,4.1,No
ARMC12,6,6,147,4.1,No
ARRDC4,6,6,147,4.1,No
ARRDC5,6,5,147,3.4,No
ARSD,6,5,147,3.4,No
ARSL,6,6,147,4.1,No
ASB11,6,6,147,4.1,No
ASB16,6,6,147,4.1,No
ASB7,6,6,147,4.1,No
ASB9,6,6,147,4.1,No
ASCC1,6,6,147,4.1,No
ASCL1,6,6,176,3.4,Yes
ASL,6,6,147,4.1,No
ASPG,6,5,147,3.4,No
ASPHD2,6,6,147,4.1,No
ASTE1,6,6,147,4.1,No
ATAD3C,6,6,147,4.1,No
ATAT1,6,5,147,3.4,No
ATE1,6,6,147,4.1,No
ATG101,6,6,147,4.1,No
ATG4D,6,6,147,4.1,No
ATL2,6,5,147,3.4,No
ATP6AP1L,6,6,147,4.1,No
ATP6V1B2,6,6,147,4.1,Yes
ATP6V1C1,6,6,147,4.1,No
ATXN7L3,6,5,147,3.4,No
AURKB,6,6,176,3.4,Yes
AZIN2,6,6,147,4.1,No
B3GNT5,6,6,147,4.1,No
B4GALT2,6,5,147,3.4,No
B4GAT1,6,5,147,3.4,No
BABAM1,6,6,147,4.1,Yes
BAD,6,6,147,4.1,No
BAG5,6,6,147,4.1,No
BARX2,6,6,147,4.1,No
BATF,6,6,147,4.1,No
BCAP29,6,6,147,4.1,No
BCKDHA,6,6,147,4.1,No
BCL2L14,6,6,147,4.1,No
BCL7B,6,6,147,4.1,No
BECN2,6,5,147,3.4,No
BEST4,6,6,147,4.1,No
BHLHA9,6,6,147,4.1,No
BHMT2,6,6,147,4.1,No
BIRC2,6,6,176,3.4,No
BIVM,6,6,147,4.1,No
BKGD,6,6,147,4.1,No
BMAL1,6,6,147,4.1,No
BMI1,6,6,147,4.1,No
BMP6,6,6,147,4.1,No
BRAP,6,5,147,3.4,No
BRF1,6,6,147,4.1,No
BRMS1L,6,5,147,3.4,No
BRS3,6,6,147,4.1,No
BST1,6,5,147,3.4,No
BTN3A2,6,6,147,4.1,No
BUD23,6,6,147,4.1,No
BYSL,6,6,147,4.1,No
C11ORF42,6,6,147,4.1,No
C12ORF43,6,6,147,4.1,No
C13ORF42,6,5,147,3.4,No
C16ORF86,6,6,147,4.1,No
C16ORF89,6,6,147,4.1,No
C19ORF12,6,6,147,4.1,No
C19ORF18,6,5,147,3.4,No
C19ORF38,6,6,147,4.1,No
C1ORF216,6,5,147,3.4,No
C1QTNF1,6,6,147,4.1,No
C1R,6,6,147,4.1,No
C22ORF15,6,6,147,4.1,No
C22ORF31,6,6,147,4.1,No
C2ORF66,6,5,147,3.4,No
C2ORF72,6,6,147,4.1,No
C2ORF80,6,6,147,4.1,No
C4ORF51,6,6,147,4.1,No
C5ORF58,6,6,147,4.1,No
C8ORF33,6,6,147,4.1,No
CA9,6,6,147,4.1,No
CABCOCO1,6,5,147,3.4,No
CABLES1,6,6,147,4.1,No
CABLES2,6,6,147,4.1,No
CABP2,6,6,147,4.1,No
CACNB4,6,6,147,4.1,No
CACNG6,6,6,147,4.1,No
CAMK2D,6,6,147,4.1,No
CAMP,6,6,147,4.1,No
CASP10,6,6,147,4.1,No
CASP4,6,5,147,3.4,No
CASTOR1,6,6,147,4.1,No
CBLN3,6,6,147,4.1,No
CCDC197,6,6,147,4.1,No
CCDC42,6,6,147,4.1,No
CCDC47,6,6,147,4.1,No
CCDC71,6,5,147,3.4,No
CCDC74B,6,6,147,4.1,No
CCDC78,6,6,147,4.1,No
CCDC82,6,5,147,3.4,No
CCL23,6,6,147,4.1,No
CCN5,6,5,147,3.4,No
CCR10,6,6,147,4.1,No
CCT2,6,6,147,4.1,No
CD320,6,6,147,4.1,No
CD40LG,6,4,147,2.7,No
CD47,6,6,147,4.1,No
CD5,6,6,147,4.1,No
CD79A,6,5,176,2.8,Yes
CD99L2,6,6,147,4.1,No
CDC23,6,6,147,4.1,No
CDC42EP2,6,5,147,3.4,No
CDC42EP4,6,6,147,4.1,No
CDK2,6,6,147,4.1,No
CDKN1B,6,6,176,3.4,Yes
CDS2,6,6,147,4.1,No
CELA1,6,5,147,3.4,No
CELA3A,6,5,147,3.4,No
CELF1,6,6,147,4.1,No
CELF4,6,6,147,4.1,No
CENPB,6,6,147,4.1,No
CENPQ,6,5,147,3.4,No
CENPT,6,6,147,4.1,No
CEP57,6,6,147,4.1,No
CFAP161,6,6,147,4.1,No
CFAP184,6,6,147,4.1,No
CFC1,6,6,147,4.1,No
CGB5,6,5,147,3.4,No
CHAC1,6,6,147,4.1,No
CHCT1,6,5,147,3.4,No
CHRNA5,6,6,147,4.1,No
CHRNB4,6,6,147,4.1,No
CHST15,6,6,147,4.1,No
CHST5,6,6,147,4.1,No
CIAO3,6,6,147,4.1,No
CIDEA,6,6,147,4.1,No
CIMAP1D,6,6,147,4.1,No
CIMAP3,6,6,147,4.1,No
CIMIP4,6,6,147,4.1,No
CLBA1,6,5,147,3.4,No
CLCC1,6,6,147,4.1,No
CLDN10,6,6,147,4.1,No
CLDN20,6,5,147,3.4,No
CLEC11A,6,5,147,3.4,No
CLEC18B,6,5,147,3.4,No
CLEC1A,6,5,147,3.4,No
CLEC4A,6,5,147,3.4,No
CLIC4,6,6,147,4.1,No
CLK1,6,6,147,4.1,No
CMTM7,6,6,147,4.1,No
CMTM8,6,6,147,4.1,No
CNOT2,6,6,147,4.1,No
CNOT6L,6,6,147,4.1,No
CNPPD1,6,5,147,3.4,No
COLEC11,6,6,147,4.1,No
COMMD8,6,6,147,4.1,No
CORO1A,6,6,147,4.1,No
CPTP,6,6,147,4.1,No
CRIP3,6,5,147,3.4,No
CRIPTO,6,6,147,4.1,No
CRTC2,6,6,147,4.1,No
CS,6,6,147,4.1,No
CSDC2,6,6,147,4.1,No
CSHL1,6,6,147,4.1,No
CSNK2A1,6,6,147,4.1,No
CST4,6,6,147,4.1,No
CST8,6,6,147,4.1,No
CSTL1,6,5,147,3.4,No
CSTPP1,6,6,147,4.1,No
CT45A9,6,5,147,3.4,No
CTBP1,6,6,147,4.1,No
CTDSP1,6,6,147,4.1,No
CTRB1,6,6,147,4.1,No
CTSD,6,5,147,3.4,No
CTSK,6,5,147,3.4,No
CTSL,6,6,147,4.1,No
CUL1,6,5,147,3.4,No
CUL2,6,6,147,4.1,No
CUZD1,6,6,147,4.1,No
CWC15,6,6,147,4.1,No
CYB5R3,6,4,147,2.7,No
CYC1,6,5,147,3.4,No
DAPK3,6,5,147,3.4,No
DCAF16,6,6,147,4.1,No
DCLRE1C,6,5,147,3.4,No
DCUN1D4,6,6,147,4.1,No
DDHD2,6,5,147,3.4,No
DDIT4L,6,6,147,4.1,No
DDX39A,6,6,147,4.1,No
DEF8,6,6,147,4.1,No
DEFB115,6,6,147,4.1,No
DEFB121,6,6,147,4.1,No
DEFB127,6,4,147,2.7,No
DEK,6,6,147,4.1,Yes
DENND6B,6,5,147,3.4,No
DEPDC1B,6,5,147,3.4,No
DHDH,6,6,147,4.1,No
DHH,6,6,147,4.1,No
DHRS4,6,5,147,3.4,No
DIO2,6,6,147,4.1,No
DKKL1,6,5,147,3.4,No
DLD,6,6,147,4.1,No
DLX6,6,6,147,4.1,No
DNAAF4,6,6,147,4.1,No
DNAJB12,6,5,147,3.4,No
DNAJB7,6,6,147,4.1,No
DNAJC17,6,4,147,2.7,No
DNAJC21,6,6,147,4.1,No
DNAJC3,6,6,147,4.1,No
DPP7,6,6,147,4.1,No
DPRX,6,6,147,4.1,No
DRP2,6,6,147,4.1,No
DTWD2,6,5,147,3.4,No
DUOXA1,6,6,147,4.1,No
DUSP29,6,6,147,4.1,No
DYDC2,6,6,147,4.1,No
DYNC1I2,6,5,147,3.4,No
DYNLT4,6,5,147,3.4,No
EBI3,6,6,147,4.1,No
EBLN1,6,6,147,4.1,No
ECH1,6,6,147,4.1,No
EDC3,6,6,147,4.1,No
EDDM3B,6,5,147,3.4,No
EED,6,4,147,2.7,Yes
EEF2KMT,6,6,147,4.1,No
EFCAB14,6,6,147,4.1,No
EIF3D,6,6,147,4.1,No
EIF3H,6,6,147,4.1,No
EIF4E2,6,6,147,4.1,No
ELAC1,6,6,147,4.1,No
ELF1,6,6,147,4.1,No
ELF4,6,5,147,3.4,Yes
ELK4,6,5,147,3.4,Yes
ELMOD1,6,6,147,4.1,No
ELOVL1,6,6,147,4.1,No
ELOVL4,6,6,147,4.1,No
ELP4,6,6,147,4.1,No
ELSPBP1,6,5,147,3.4,No
ENKD1,6,6,147,4.1,No
ENO4,6,5,147,3.4,No
EOGT,6,6,147,4.1,No
EPC1,6,5,147,3.4,No
ERCC2,6,6,176,3.4,Yes
ERCC5,6,6,176,3.4,Yes
ERCC6L,6,6,147,4.1,No
ERGIC1,6,6,147,4.1,No
ERGIC3,6,6,147,4.1,No
ERI3,6,6,147,4.1,No
ESCO1,6,6,147,4.1,Yes
ESRP2,6,6,147,4.1,No
EVI2B,6,5,147,3.4,No
EVPLL,6,5,147,3.4,No
F12,6,6,147,4.1,No
FABP3,6,5,147,3.4,No
FADS1,6,6,147,4.1,No
FAM114A2,6,6,147,4.1,No
FAM153B,6,6,147,4.1,No
FAM193B,6,6,147,4.1,No
FAM200B,6,5,147,3.4,No
FAM20A,6,6,147,4.1,No
FAM47E-STBD1,6,6,147,4.1,No
FANCF,6,6,176,3.4,Yes
FASTK,6,6,147,4.1,No
FBXL14,6,5,147,3.4,No
FBXL17,6,6,147,4.1,No
FBXL20,6,6,147,4.1,No
FCHSD2,6,6,147,4.1,No
FCMR,6,6,147,4.1,No
FFAR2,6,6,147,4.1,No
FGF20,6,6,147,4.1,No
FGF6,6,4,147,2.7,Yes
FHIP2B,6,6,147,4.1,No
FIP1L1,6,6,147,4.1,Yes
FITM1,6,6,147,4.1,No
FKRP,6,6,147,4.1,No
FNDC8,6,6,147,4.1,No
FOS,6,5,147,3.4,No
FOXD2,6,6,147,4.1,No
FOXD4,6,6,147,4.1,No
FOXI3,6,5,147,3.4,No
FOXO4,6,6,176,3.4,Yes
FOXRED1,6,6,147,4.1,No
FPGS,6,4,147,2.7,No
FUT4,6,6,147,4.1,No
FUT6,6,5,147,3.4,No
FUT7,6,6,147,4.1,No
FZD1,6,6,147,4.1,No
FZD2,6,6,147,4.1,No
FZD8,6,5,147,3.4,No
GABRR2,6,6,147,4.1,No
GALNT1,6,6,147,4.1,No
GALP,6,5,147,3.4,No
GARS1,6,6,147,4.1,No
GAST,6,5,147,3.4,No
GBA1,6,6,147,4.1,No
GBP1,6,6,147,4.1,No
GCG,6,5,147,3.4,No
GCNA,6,6,147,4.1,No
GDAP2,6,6,147,4.1,No
GDE1,6,4,147,2.7,No
GDF11,6,6,147,4.1,No
GDI2,6,6,147,4.1,No
GDPGP1,6,6,147,4.1,No
GET3,6,5,147,3.4,No
GFI1,6,4,147,2.7,No
GFM2,6,6,147,4.1,No
GFOD2,6,6,147,4.1,No
GH2,6,6,147,4.1,No
GID8,6,5,147,3.4,No
GIPC2,6,6,147,4.1,No
GK,6,5,147,3.4,No
GK3,6,6,147,4.1,No
GLIPR2,6,6,147,4.1,No
GLS,6,6,147,4.1,No
GLTP,6,5,147,3.4,No
GLUL,6,6,147,4.1,No
GLYAT,6,6,147,4.1,No
GLYATL1B,6,5,147,3.4,No
GLYCTK,6,6,147,4.1,No
GMCL1,6,6,147,4.1,No
GMFG,6,5,147,3.4,No
GML,6,6,147,4.1,No
GNB1L,6,6,147,4.1,No
GNL3L,6,6,147,4.1,No
GOLGA6L22,6,4,147,2.7,No
GOLGA6L6,6,6,147,4.1,No
GOLGA8M,6,6,147,4.1,No
GOLM2,6,6,147,4.1,No
GOSR2,6,6,147,4.1,No
GP1BA,6,5,147,3.4,No
GPAA1,6,6,147,4.1,No
GPALPP1,6,5,147,3.4,No
GPAM,6,6,147,4.1,No
GPATCH2L,6,6,147,4.1,No
GPR183,6,6,147,4.1,No
GPR55,6,6,147,4.1,No
GPR78,6,6,147,4.1,No
GPR83,6,5,147,3.4,No
GPRASP1,6,5,147,3.4,No
GPSM2,6,6,147,4.1,No
GRAMD2A,6,4,147,2.7,No
GSDMC,6,5,147,3.4,No
GSK3B,6,6,147,4.1,Yes
GSS,6,6,147,4.1,No
GSTA4,6,5,147,3.4,No
GTF2A1L,6,6,147,4.1,No
GTF2F1,6,6,147,4.1,No
GTF2I,6,6,147,4.1,Yes
GTPBP4,6,6,147,4.1,No
GXYLT2,6,5,147,3.4,No
GYG1,6,6,147,4.1,No
GZF1,6,6,147,4.1,No
GZMM,6,6,147,4.1,No
H2AC1,6,6,147,4.1,No
H3-3B,6,5,147,3.4,Yes
H4C2,6,6,147,4.1,No
H4C7,6,6,147,4.1,No
HACD3,6,5,147,3.4,No
HADHA,6,4,147,2.7,No
HADHB,6,6,147,4.1,No
HAGH,6,6,147,4.1,No
HAPLN2,6,5,147,3.4,No
HAUS3,6,6,147,4.1,No
HBG1,6,6,147,4.1,No
HBP1,6,6,147,4.1,No
HEBP2,6,5,147,3.4,No
HEMK2,6,6,147,4.1,No
HGS,6,6,147,4.1,No
HIRIP3,6,6,147,4.1,No
HLA-DPA1,6,6,147,4.1,No
HLX,6,6,147,4.1,No
HMX3,6,6,147,4.1,No
HNRNPC,6,5,147,3.4,No
HNRNPCL2,6,5,147,3.4,No
HNRNPUL2,6,6,147,4.1,No
HOMER3,6,6,147,4.1,No
HOOK1,6,6,147,4.1,No
HORMAD1,6,6,147,4.1,No
HOXA2,6,6,147,4.1,No
HOXB2,6,5,147,3.4,No
HOXD8,6,6,147,4.1,No
HP1BP3,6,6,147,4.1,No
HPGD,6,6,147,4.1,No
HPR,6,6,147,4.1,No
HS3ST1,6,6,147,4.1,No
HSD3B7,6,6,147,4.1,No
HSPA2,6,6,147,4.1,No
HSPA9,6,5,147,3.4,No
IDH3G,6,6,147,4.1,No
IFI44,6,6,147,4.1,No
IFI44L,6,6,147,4.1,No
IFIT2,6,6,147,4.1,No
IFNA16,6,6,147,4.1,No
IFNA17,6,5,147,3.4,No
IFNA5,6,6,147,4.1,No
IGFALS,6,6,147,4.1,No
IGFBP1,6,5,147,3.4,No
IGFBP6,6,4,147,2.7,No
IGLL5,6,6,147,4.1,No
IGSF8,6,6,147,4.1,No
IK,6,6,147,4.1,No
IKZF5,6,6,147,4.1,No
IL13,6,5,147,3.4,No
IL22,6,6,147,4.1,No
IL31,6,6,147,4.1,No
IL32,6,6,147,4.1,No
IL4I1,6,6,147,4.1,No
ILKAP,6,6,147,4.1,No
IMP4,6,6,147,4.1,No
IMPDH2,6,6,147,4.1,No
INKA2,6,6,147,4.1,No
INMT,6,6,147,4.1,No
INO80C,6,5,147,3.4,No
INPP5K,6,5,147,3.4,No
INSL6,6,6,147,4.1,No
INTS11,6,6,147,4.1,No
INTS14,6,6,147,4.1,No
IQCC,6,6,147,4.1,No
IQCJ-SCHIP1,6,5,147,3.4,No
IRAK3,6,6,147,4.1,No
IRX2,6,6,147,4.1,No
ISL1,6,6,147,4.1,No
IZUMO1,6,6,147,4.1,No
JAK2,6,6,176,3.4,Yes
JAM2,6,6,147,4.1,No
JMJD6,6,6,147,4.1,No
JRK,6,5,147,3.4,No
KBTBD7,6,6,147,4.1,No
KCNAB3,6,6,147,4.1,No
KCNC4,6,5,147,3.4,No
KCNE1,6,5,147,3.4,No
KCNG2,6,6,147,4.1,No
KCNK3,6,6,147,4.1,No
KCTD21,6,6,147,4.1,No
KHSRP,6,5,147,3.4,No
KIAA0513,6,6,147,4.1,No
KIAA0930,6,6,147,4.1,No
KIAA1586,6,5,147,3.4,No
KIAA2013,6,6,147,4.1,No
KIF24,6,5,147,3.4,No
KIF5B,6,6,147,4.1,Yes
KIR2DL3,6,5,147,3.4,No
KLC1,6,6,147,4.1,No
KLF10,6,5,147,3.4,No
KLF14,6,6,147,4.1,No
KLHDC8B,6,6,147,4.1,No
KLHL10,6,6,147,4.1,No
KLHL2,6,6,147,4.1,No
KLHL21,6,6,147,4.1,No
KLHL30,6,6,147,4.1,No
KLK6,6,6,147,4.1,No
KLRF1,6,5,147,3.4,No
KPNA6,6,6,147,4.1,No
KRT19,6,5,147,3.4,No
KRT37,6,6,147,4.1,No
KRTAP10-5,6,5,147,3.4,No
KRTAP19-3,6,6,147,4.1,No
KRTAP24-1,6,5,147,3.4,No
KRTAP5-2,6,6,147,4.1,No
KRTAP5-3,6,6,147,4.1,No
KRTAP9-1,6,4,147,2.7,No
KTI12,6,6,147,4.1,No
L3MBTL2,6,6,147,4.1,No
LAS1L,6,6,147,4.1,No
LAT,6,6,147,4.1,No
LCAT,6,6,147,4.1,No
LCE2C,6,6,147,4.1,No
LCN6,6,5,147,3.4,No
LEMD1,6,6,147,4.1,No
LENG1,6,6,147,4.1,No
LETM2,6,6,147,4.1,No
LGALS3,6,6,147,4.1,No
LGMN,6,6,147,4.1,No
LHFPL7,6,6,147,4.1,No
LHX3,6,5,147,3.4,No
LIN28A,6,6,147,4.1,No
LINC02218,6,4,147,2.7,No
LINGO3,6,6,147,4.1,No
LIX1L,6,5,147,3.4,No
LMBR1,6,6,147,4.1,No
LMNB1,6,6,147,4.1,No
LMOD3,6,6,147,4.1,No
LMX1B,6,6,147,4.1,No
LONP1,6,5,147,3.4,No
LOXL1,6,4,147,2.7,No
LRCH3,6,6,147,4.1,No
LRG1,6,6,147,4.1,No
LRIG1,6,6,147,4.1,No
LRRC25,6,6,147,4.1,No
LRRC58,6,5,147,3.4,No
LRRC61,6,6,147,4.1,No
LRRC69,6,6,147,4.1,No
LRRC74B,6,5,147,3.4,No
LRRD1,6,6,147,4.1,No
LRTM1,6,6,147,4.1,No
LRWD1,6,6,147,4.1,No
LTB,6,6,147,4.1,Yes
LURAP1,6,6,147,4.1,No
LY86,6,6,147,4.1,No
LYPD3,6,6,147,4.1,No
LYPD4,6,5,147,3.4,No
LYPD6,6,6,147,4.1,No
LYZL1,6,6,147,4.1,No
MAB21L4,6,6,147,4.1,No
MACO1,6,6,147,4.1,No
MAGEA6,6,6,147,4.1,No
MAGEA8,6,6,147,4.1,No
MAL2,6,6,147,4.1,Yes
MANSC1,6,6,147,4.1,No
MAP2K1,6,6,176,3.4,Yes
MAP2K5,6,5,147,3.4,No
MAP3K8,6,6,176,3.4,No
MAPDA,6,6,147,4.1,No
MAPKAPK2,6,5,147,3.4,No
MAPKAPK3,6,6,147,4.1,No
MATN1,6,6,147,4.1,No
MATN3,6,6,147,4.1,No
MBD1,6,6,147,4.1,No
MBTPS2,6,5,147,3.4,No
MC3R,6,5,147,3.4,No
MCM7,6,5,147,3.4,No
MCOLN1,6,6,147,4.1,No
MDFIC2,6,6,147,4.1,No
MED27,6,6,147,4.1,No
MEF2A,6,5,147,3.4,No
MEIS1,6,5,147,3.4,No
MESP2,6,5,147,3.4,No
METAP1D,6,6,147,4.1,No
METTL17,6,6,147,4.1,No
METTL22,6,5,147,3.4,No
MFNG,6,6,147,4.1,No
MIA,6,6,147,4.1,No
MIDN,6,5,147,3.4,No
MINAR2,6,6,147,4.1,No
MKKS,6,6,147,4.1,No
MLNR,6,6,147,4.1,No
MOGS,6,5,147,3.4,No
MOK,6,6,147,4.1,No
MON1A,6,6,147,4.1,No
MOSPD3,6,6,147,4.1,No
MPP1,6,6,147,4.1,No
MPPED1,6,6,147,4.1,No
MPV17L,6,6,147,4.1,No
MRGPRE,6,6,147,4.1,No
MRPL15,6,6,147,4.1,No
MRPS15,6,6,147,4.1,No
MRPS18A,6,6,147,4.1,No
MRPS2,6,4,147,2.7,No
MRPS5,6,6,147,4.1,No
MSANTD1,6,6,147,4.1,No
MSMP,6,6,147,4.1,No
MSS51,6,6,147,4.1,No
MTA1,6,6,147,4.1,No
MTA3,6,6,147,4.1,No
MTERF2,6,6,147,4.1,No
MTMR8,6,6,147,4.1,No
MTNAP1,6,6,147,4.1,No
MTX3,6,6,147,4.1,No
MYADML2,6,5,147,3.4,No
MYLIP,6,6,147,4.1,No
MYOD1,6,6,147,4.1,Yes
MYOZ3,6,6,147,4.1,No
N4BP1,6,5,147,3.4,No
N4BP3,6,6,147,4.1,No
NAB1,6,5,147,3.4,No
NAGK,6,6,147,4.1,No
NANP,6,6,147,4.1,No
NAPEPLD,6,6,147,4.1,No
NBPF9,6,6,147,4.1,No
NCBP1,6,6,147,4.1,No
NCK1,6,6,147,4.1,No
NCLN,6,6,147,4.1,No
NDRG2,6,6,147,4.1,No
NDRG3,6,6,147,4.1,No
NDUFB5,6,6,147,4.1,No
NDUFV1,6,6,147,4.1,No
NEDD1,6,6,147,4.1,No
NEIL1,6,5,147,3.4,No
NEIL2,6,6,147,4.1,No
NEK3,6,5,147,3.4,No
NEK7,6,6,147,4.1,No
NEURL1,6,5,147,3.4,No
NEUROG3,6,6,147,4.1,No
NFILZ,6,5,147,3.4,No
NFS1,6,6,147,4.1,No
NHEJ1,6,6,147,4.1,No
NHERF2,6,6,147,4.1,No
NIF3L1,6,6,147,4.1,No
NKAIN2,6,6,147,4.1,No
NKX6-1,6,5,147,3.4,No
NMNAT1,6,6,147,4.1,No
NOP56,6,5,147,3.4,No
NPBWR2,6,5,147,3.4,No
NPDC1,6,6,147,4.1,No
NPPB,6,5,147,3.4,No
NR1D2,6,6,147,4.1,No
NR6A1,6,6,147,4.1,No
NRBP1,6,6,147,4.1,No
NSMCE3,6,6,147,4.1,No
NSUN3,6,5,147,3.4,No
NTAN1,6,5,147,3.4,No
NUDT12,6,6,147,4.1,No
ODF4,6,6,147,4.1,No
ODR4,6,5,147,3.4,No
OFD1,6,5,147,3.4,No
OGFOD1,6,6,147,4.1,No
OGFOD3,6,5,147,3.4,No
OGFRL1,6,6,147,4.1,No
OGT,6,6,147,4.1,Yes
OLR1,6,5,147,3.4,No
OMA1,6,6,147,4.1,No
OOSP1,6,4,147,2.7,No
OOSP4A,6,4,147,2.7,No
OPN1SW,6,6,147,4.1,No
OR10A3,6,6,147,4.1,No
OR1D5,6,6,147,4.1,No
OR1L3,6,5,147,3.4,No
OR2A4,6,6,147,4.1,No
OR2H2,6,5,147,3.4,No
OR52B2,6,4,147,2.7,No
OR52I1,6,6,147,4.1,No
OR52W1,6,6,147,4.1,No
OR5K3,6,6,147,4.1,No
OR6S1,6,5,147,3.4,No
OR7C1,6,5,147,3.4,No
OR7G3,6,6,147,4.1,No
OR8J3,6,5,147,3.4,No
OR8U3,6,6,147,4.1,No
OR9I1,6,5,147,3.4,No
ORC2,6,5,147,3.4,No
ORM2,6,6,147,4.1,No
OSBP,6,5,147,3.4,No
P2RX5,6,6,147,4.1,No
P4HTM,6,6,147,4.1,No
PAAF1,6,6,147,4.1,No
PAPSS1,6,6,147,4.1,No
PARK7,6,6,147,4.1,No
PAX9,6,5,147,3.4,No
PCBP2,6,6,147,4.1,No
PCCB,6,6,147,4.1,No
PCDHB17P,6,6,147,4.1,No
PCTP,6,6,147,4.1,No
PDC,6,6,147,4.1,No
PDHX,6,6,147,4.1,No
PDSS2,6,5,147,3.4,No
PEDS1,6,6,147,4.1,No
PELI1,6,6,147,4.1,No
PEMT,6,6,147,4.1,No
PEX2,6,6,147,4.1,No
PGM3,6,6,147,4.1,No
PHGDH,6,5,147,3.4,No
PHLDB3,6,6,147,4.1,No
PI4K2B,6,6,147,4.1,No
PIANP,6,5,147,3.4,No
PIGV,6,6,147,4.1,No
PILRB,6,6,147,4.1,No
PIM3,6,6,147,4.1,No
PIP4K2C,6,6,147,4.1,No
PIP5KL1,6,6,147,4.1,No
PLA2G15,6,6,147,4.1,No
PLA2G2D,6,5,176,2.8,No
PLAAT2,6,6,147,4.1,No
PLAAT4,6,6,147,4.1,No
PLAGL1,6,6,147,4.1,No
PLAT,6,6,147,4.1,No
PLCD1,6,6,147,4.1,No
PLCD3,6,5,147,3.4,No
PLCXD1,6,6,147,4.1,No
PLIN2,6,6,147,4.1,No
PLP1,6,6,147,4.1,No
PLSCR2,6,6,147,4.1,No
PM20D2,6,6,147,4.1,No
PMM2,6,5,147,3.4,No
PMPCB,6,6,147,4.1,No
PNCK,6,6,147,4.1,No
PNKD,6,6,147,4.1,No
PNMA8B,6,5,147,3.4,No
PNPLA2,6,6,147,4.1,No
PODNL1,6,6,147,4.1,No
POF1B,6,6,147,4.1,No
POMP,6,6,147,4.1,No
POTED,6,5,147,3.4,No
PPAT,6,6,147,4.1,No
PPIL4,6,5,147,3.4,No
PPM1K,6,6,147,4.1,No
PPM1L,6,5,147,3.4,No
PPOX,6,5,147,3.4,No
PPP1R14D,6,6,147,4.1,No
PPP1R17,6,6,147,4.1,No
PPP1R1A,6,6,147,4.1,No
PPP1R35,6,5,147,3.4,No
PPP1R7,6,6,147,4.1,No
PPP1R9B,6,6,147,4.1,No
PPP2CA,6,5,147,3.4,No
PPP2R1B,6,6,147,4.1,No
PPP2R5D,6,6,147,4.1,No
PPP2R5E,6,6,147,4.1,No
PPP3CB,6,5,147,3.4,No
PPP5C,6,6,147,4.1,No
PPP6C,6,5,147,3.4,Yes
PPP6R3,6,6,147,4.1,No
PRG3,6,6,147,4.1,No
PRKAB1,6,6,147,4.1,No
PRLH,6,6,147,4.1,No
PRLHR,6,6,147,4.1,No
PRMT2,6,4,147,2.7,No
PRND,6,6,147,4.1,No
PRPF31,6,5,147,3.4,No
PRPF38B,6,5,147,3.4,No
PRR23E,6,6,147,4.1,No
PRR5,6,5,147,3.4,No
PRR9,6,4,147,2.7,No
PRRG3,6,6,147,4.1,No
PRRT3,6,5,147,3.4,No
PRRX2,6,6,147,4.1,No
PRSS41,6,6,147,4.1,No
PRSS48,6,6,147,4.1,No
PSKH1,6,5,147,3.4,No
PSMC2,6,6,147,4.1,No
PSMD4,6,6,147,4.1,No
PSMD5,6,6,147,4.1,No
PSORS1C2,6,6,147,4.1,No
PTBP3,6,6,147,4.1,No
PTF1A,6,6,147,4.1,No
PTGR2,6,5,147,3.4,No
PTHLH,6,6,147,4.1,No
PTOV1,6,5,147,3.4,No
PTPA,6,6,147,4.1,No
PTPN18,6,6,147,4.1,No
QARS1,6,6,147,4.1,No
R3HDM4,6,6,147,4.1,No
RAB28,6,6,147,4.1,No
RAB40A,6,6,147,4.1,No
RAB40AL,6,5,147,3.4,No
RAB40B,6,6,147,4.1,No
RABGEF1,6,6,147,4.1,No
RAC2,6,6,147,4.1,Yes
RACK1,6,4,147,2.7,No
RAF1,6,6,176,3.4,Yes
RANBP10,6,6,147,4.1,No
RAPSN,6,6,147,4.1,No
RASL12,6,6,147,4.1,No
RASSF10,6,5,147,3.4,No
RASSF6,6,6,147,4.1,No
RBBP4,6,6,147,4.1,No
RBFOX3,6,6,147,4.1,No
RBM14,6,4,147,2.7,No
RBM22,6,6,147,4.1,No
RBMX,6,6,147,4.1,No
RBPJ,6,6,147,4.1,No
RCN1,6,5,147,3.4,No
RCN3,6,6,147,4.1,No
RDH12,6,6,147,4.1,No
RDX,6,6,147,4.1,No
REC114,6,6,147,4.1,No
REEP2,6,6,147,4.1,No
RENBP,6,6,147,4.1,No
REPIN1,6,5,147,3.4,No
RFC2,6,6,147,4.1,No
RGL2,6,6,147,4.1,No
RGN,6,6,147,4.1,No
RGS5,6,5,147,3.4,No
RHBDD2,6,6,147,4.1,No
RHBDD3,6,6,147,4.1,No
RHBG,6,6,147,4.1,No
RHOU,6,6,147,4.1,No
RIBC2,6,6,147,4.1,No
RIMOC1,6,6,147,4.1,No
RING1,6,5,147,3.4,No
RIOK3,6,6,147,4.1,No
RLBP1,6,6,147,4.1,No
RMND5A,6,6,147,4.1,No
RNASE10,6,5,147,3.4,No
RNF103,6,6,147,4.1,No
RNF13,6,6,147,4.1,No
RNF135,6,6,147,4.1,No
RNF185,6,6,147,4.1,No
RNF220,6,6,147,4.1,No
RNF223,6,6,147,4.1,No
RNF41,6,6,147,4.1,No
RO60,6,6,147,4.1,No
RPL13,6,6,147,4.1,No
RRP1,6,6,147,4.1,No
RSL24D1,6,6,147,4.1,No
RSPH3,6,6,147,4.1,No
RTF2,6,6,147,4.1,No
RTN4RL2,6,6,147,4.1,No
RTP1,6,5,147,3.4,No
RXFP4,6,6,147,4.1,No
SAA4,6,6,147,4.1,No
SAAL1,6,6,147,4.1,No
SCARF2,6,5,147,3.4,No
SCD5,6,6,147,4.1,No
SCP2D1,6,6,147,4.1,No
SCYL3,6,6,147,4.1,No
SDC3,6,6,147,4.1,No
SDCCAG8,6,6,147,4.1,No
SEC61A2,6,6,147,4.1,No
SELENOI,6,5,147,3.4,No
SELENOO,6,4,147,2.7,No
SERINC3,6,6,147,4.1,No
SERPINB11,6,6,147,4.1,No
SERPINB2,6,6,147,4.1,No
SERPINF2,6,6,147,4.1,No
SERTAD3,6,6,147,4.1,No
SESN1,6,5,147,3.4,Yes
SETD7,6,6,147,4.1,Yes
SFXN2,6,6,147,4.1,No
SGK1,6,6,176,3.4,Yes
SGMS2,6,6,147,4.1,No
SGPP2,6,6,147,4.1,No
SH3BP5L,6,4,147,2.7,No
SH3GLB1,6,5,147,3.4,No
SHC1,6,6,147,4.1,No
SHF,6,5,147,3.4,No
SHISA7,6,5,147,3.4,No
SHMT1,6,6,147,4.1,No
SIGIRR,6,6,147,4.1,No
SIRT3,6,6,147,4.1,No
SKA1,6,6,147,4.1,No
SLAMF7,6,6,147,4.1,No
SLC10A6,6,6,147,4.1,No
SLC18B1,6,6,147,4.1,No
SLC19A2,6,6,147,4.1,No
SLC22A31,6,6,147,4.1,No
SLC25A13,6,6,147,4.1,No
SLC25A20,6,6,147,4.1,No
SLC25A3,6,4,147,2.7,No
SLC25A39,6,6,147,4.1,No
SLC25A42,6,6,147,4.1,No
SLC25A45,6,4,147,2.7,No
SLC2A1,6,5,147,3.4,No
SLC2A8,6,5,147,3.4,No
SLC35B3,6,5,147,3.4,No
SLC35B4,6,5,147,3.4,No
SLC35D3,6,5,147,3.4,No
SLC35F6,6,6,147,4.1,No
SLC35G1,6,6,147,4.1,No
SLC35G2,6,6,147,4.1,No
SLC36A4,6,6,147,4.1,No
SLC38A7,6,6,147,4.1,No
SLC47A2,6,6,147,4.1,No
SLC51A,6,6,147,4.1,No
SLC51B,6,6,147,4.1,No
SLC61A1,6,6,147,4.1,No
SLC66A1,6,5,147,3.4,No
SLC6A11,6,6,147,4.1,No
SLC71A2,6,6,147,4.1,No
SLC7A5,6,5,147,3.4,No
SLC7A6OS,6,5,147,3.4,No
SMARCAD1,6,6,147,4.1,No
SMARCB1,6,6,176,3.4,Yes
SMARCE1,6,6,147,4.1,Yes
SMU1,6,6,147,4.1,No
SNTA1,6,6,147,4.1,No
SNX14,6,5,147,3.4,No
SNX17,6,5,147,3.4,No
SNX2,6,6,147,4.1,No
SNX21,6,6,147,4.1,No
SNX30,6,5,147,3.4,No
SNX4,6,6,147,4.1,No
SNX7,6,6,147,4.1,No
SOCS6,6,5,147,3.4,No
SOST,6,5,147,3.4,No
SPACA3,6,5,147,3.4,No
SPAST,6,6,147,4.1,No
SPATA19,6,5,147,3.4,No
SPATA32,6,6,147,4.1,No
SPATS1,6,6,147,4.1,No
SPINT1,6,5,147,3.4,No
SPMAP1,6,5,147,3.4,No
SPMIP9,6,6,147,4.1,No
SPOCK2,6,4,147,2.7,No
SPRR2G,6,4,147,2.7,No
SPSB4,6,5,147,3.4,No
SPTLC1,6,6,147,4.1,No
SRGN,6,6,147,4.1,No
SRSF1,6,6,147,4.1,No
SRSF11,6,6,147,4.1,No
SS18,6,6,147,4.1,Yes
SST,6,5,147,3.4,No
SSX1,6,6,147,4.1,Yes
ST13,6,5,147,3.4,No
STARD10,6,6,147,4.1,No
STARD4,6,6,147,4.1,No
STARD6,6,4,147,2.7,No
STEAP2,6,6,147,4.1,No
STEAP3,6,5,147,3.4,No
STIM2,6,6,147,4.1,No
STIP1,6,6,147,4.1,No
STK17B,6,5,147,3.4,No
STK38,6,6,147,4.1,No
STKLD1,6,4,147,2.7,No
STRADB,6,6,147,4.1,No
STRN3,6,6,147,4.1,No
STX3,6,6,147,4.1,No
SULT6B1,6,6,147,4.1,No
SYNC,6,5,147,3.4,No
SYNE4,6,5,147,3.4,No
TAC4,6,5,147,3.4,No
TAF1B,6,6,147,4.1,No
TAF5,6,6,147,4.1,No
TAS2R14,6,6,147,4.1,No
TAS2R3,6,6,147,4.1,No
TAS2R4,6,6,147,4.1,No
TAS2R40,6,6,147,4.1,No
TAS2R42,6,6,147,4.1,No
TBC1D15,6,6,147,4.1,No
TBC1D9B,6,6,147,4.1,No
TBL1Y,6,4,147,2.7,No
TBL2,6,6,147,4.1,No
TCAF1,6,6,147,4.1,No
TCAIM,6,6,147,4.1,No
TCEA2,6,6,147,4.1,No
TCEAL6,6,5,147,3.4,No
TCHP,6,6,147,4.1,No
TEAD1,6,5,147,3.4,No
TEAD3,6,6,147,4.1,No
TEDC2,6,6,147,4.1,No
TEKT2,6,6,147,4.1,No
TERB2,6,6,147,4.1,No
TERF2IP,6,6,147,4.1,No
TES,6,6,147,4.1,No
TFIP11,6,6,147,4.1,No
TGDS,6,6,147,4.1,No
TGFB1I1,6,6,147,4.1,No
TH,6,6,147,4.1,No
THOC5,6,6,147,4.1,No
THUMPD2,6,6,147,4.1,No
THUMPD3,6,6,147,4.1,No
TIGD3,6,6,147,4.1,No
TIGD7,6,5,147,3.4,No
TJAP1,6,6,147,4.1,No
TKFC,6,5,147,3.4,No
TLCD4,6,6,147,4.1,No
TM7SF2,6,6,147,4.1,No
TM9SF1,6,6,147,4.1,No
TMC8,6,6,147,4.1,No
TMCC1,6,5,147,3.4,No
TMED8,6,5,147,3.4,No
TMEM144,6,6,147,4.1,No
TMEM163,6,6,147,4.1,No
TMEM192,6,6,147,4.1,No
TMEM212,6,5,147,3.4,No
TMEM215,6,6,147,4.1,No
TMEM221,6,5,147,3.4,No
TMEM43,6,6,147,4.1,No
TMEM45B,6,6,147,4.1,No
TMEM53,6,6,147,4.1,No
TMEM59,6,6,147,4.1,No
TMEM74B,6,6,147,4.1,No
TMEM81,6,6,147,4.1,No
TMIGD1,6,6,147,4.1,No
TMIGD3,6,5,147,3.4,No
TMOD2,6,6,147,4.1,No
TMOD3,6,5,147,3.4,No
TMPRSS12,6,6,147,4.1,No
TMPRSS5,6,6,147,4.1,No
TMTC4,6,6,147,4.1,No
TMX4,6,6,147,4.1,No
TNFAIP6,6,5,147,3.4,No
TNFAIP8L3,6,6,147,4.1,No
TNFRSF19,6,6,147,4.1,No
TNFRSF25,6,6,147,4.1,No
TNNT1,6,5,147,3.4,No
TNNT2,6,5,147,3.4,No
TOB2,6,6,147,4.1,No
TP53TG5,6,6,147,4.1,No
TPD52L2,6,6,147,4.1,No
TPSB2,6,5,147,3.4,No
TRA2A,6,6,147,4.1,No
TRAF2,6,6,176,3.4,Yes
TRAIP,6,6,147,4.1,No
TRIM4,6,6,147,4.1,No
TRIM49C,6,6,147,4.1,No
TRMT13,6,6,147,4.1,No
TRMT61B,6,6,147,4.1,No
TRUB2,6,6,147,4.1,No
TSEN2,6,5,147,3.4,No
TSPAN16,6,6,147,4.1,No
TSPAN2,6,5,147,3.4,No
TSPAN9,6,5,147,3.4,No
TST,6,5,147,3.4,No
TTC1,6,6,147,4.1,No
TTC12,6,5,147,3.4,No
TTC5,6,6,147,4.1,No
TTLL3,6,6,147,4.1,No
TUBA3D,6,6,147,4.1,No
TULP3,6,5,147,3.4,No
TUSC3,6,6,147,4.1,Yes
TXNDC15,6,6,147,4.1,No
TXNIP,6,5,147,3.4,No
TXNRD3,6,6,147,4.1,No
UBA3,6,6,147,4.1,No
UBE2H,6,6,147,4.1,No
UBXN2A,6,5,147,3.4,No
UBXN2B,6,6,147,4.1,No
UCHL5,6,6,147,4.1,No
UCK1,6,6,147,4.1,No
UCN3,6,5,147,3.4,No
UCP1,6,6,147,4.1,No
UMPS,6,5,176,2.8,No
UPF3B,6,5,147,3.4,No
UPK3A,6,6,147,4.1,No
UQCRC2,6,5,147,3.4,No
UROD,6,5,147,3.4,No
USP1,6,6,147,4.1,Yes
USP41P,6,5,147,3.4,No
USP50,6,6,147,4.1,No
UTF1,6,6,147,4.1,No
UTS2,6,6,147,4.1,No
VAX1,6,6,147,4.1,No
VCF1,6,6,147,4.1,No
VDAC1,6,6,147,4.1,No
VENTX,6,6,147,4.1,No
VMP1,6,6,147,4.1,No
VNN3P,6,6,147,4.1,No
VPS33B,6,6,147,4.1,No
VRK2,6,5,147,3.4,No
VSTM2A,6,6,147,4.1,No
VTN,6,4,147,2.7,No
VWC2,6,6,147,4.1,No
WBP4,6,6,147,4.1,No
WDR1,6,5,147,3.4,No
WDR26,6,6,147,4.1,No
WDR46,6,5,147,3.4,No
WFDC11,6,5,147,3.4,No
WHAMM,6,6,147,4.1,No
WLS,6,6,147,4.1,No
WNT10B,6,6,147,4.1,No
WNT3A,6,5,147,3.4,No
WTIP,6,6,147,4.1,No
XRCC4,6,5,147,3.4,No
XRCC6,6,6,147,4.1,No
XYLB,6,6,147,4.1,No
XYLT2,6,5,147,3.4,No
YARS2,6,6,147,4.1,No
YBX3,6,6,147,4.1,No
YIPF1,6,5,147,3.4,No
YTHDF3,6,5,147,3.4,No
YY1,6,6,147,4.1,Yes
YY2,6,6,147,4.1,No
ZAR1,6,6,147,4.1,No
ZBED1,6,6,176,3.4,No
ZBED6,6,6,147,4.1,No
ZBTB1,6,6,147,4.1,No
ZC3H10,6,6,147,4.1,No
ZC3HAV1L,6,6,147,4.1,No
ZC3HC1,6,6,147,4.1,No
ZCCHC24,6,6,147,4.1,No
ZCCHC8,6,5,147,3.4,No
ZDHHC1,6,5,147,3.4,No
ZDHHC16,6,5,147,3.4,No
ZDHHC18,6,6,147,4.1,No
ZDHHC6,6,6,147,4.1,No
ZDHHC7,6,6,147,4.1,No
ZFP57,6,6,147,4.1,No
ZFP91,6,5,147,3.4,No
ZGLP1,6,6,147,4.1,No
ZGPAT,6,5,147,3.4,No
ZKSCAN1,6,6,147,4.1,No
ZNF101,6,6,147,4.1,No
ZNF181,6,6,147,4.1,No
ZNF19,6,6,147,4.1,No
ZNF213,6,6,147,4.1,No
ZNF248,6,6,147,4.1,No
ZNF280C,6,6,147,4.1,No
ZNF280D,6,5,147,3.4,No
ZNF286A,6,6,147,4.1,No
ZNF324,6,6,147,4.1,No
ZNF385A,6,6,147,4.1,No
ZNF395,6,6,147,4.1,No
ZNF414,6,6,147,4.1,No
ZNF430,6,5,147,3.4,No
ZNF446,6,6,147,4.1,No
ZNF474,6,6,147,4.1,No
ZNF503,6,5,147,3.4,No
ZNF511,6,6,147,4.1,No
ZNF512,6,6,147,4.1,No
ZNF517,6,5,147,3.4,No
ZNF551,6,4,147,2.7,No
ZNF552,6,6,147,4.1,No
ZNF558,6,5,147,3.4,No
ZNF587,6,6,147,4.1,No
ZNF652,6,6,147,4.1,No
ZNF670,6,6,147,4.1,No
ZNF684,6,6,147,4.1,No
ZNF7,6,6,147,4.1,No
ZNF707,6,4,147,2.7,No
ZNF76,6,6,147,4.1,No
ZNF761,6,4,147,2.7,No
ZNF805,6,6,147,4.1,No
ZRANB2,6,6,147,4.1,No
ZSCAN25,6,6,147,4.1,No
ZUP1,6,6,147,4.1,No
ZXDA,6,6,147,4.1,No
ZXDB,6,6,147,4.1,No
AAMP,5,5,147,3.4,Yes
ABCF1,5,5,147,3.4,No
ABHD17B,5,5,147,3.4,No
ABHD3,5,5,147,3.4,No
ABHD8,5,5,147,3.4,No
ABRACL,5,5,147,3.4,No
ABRAXAS2,5,5,147,3.4,No
ABT1,5,5,147,3.4,No
ACADS,5,4,147,2.7,No
ACBD6,5,5,147,3.4,No
ACER3,5,5,147,3.4,No
ACOT1,5,5,147,3.4,No
ACOT9,5,5,147,3.4,No
ADA,5,5,147,3.4,No
ADK,5,5,147,3.4,No
ADM2,5,5,147,3.4,No
ADRA1B,5,5,147,3.4,No
ADTRP,5,5,147,3.4,No
AGAP5,5,5,147,3.4,No
AGAP7P,5,4,147,2.7,No
AGK,5,5,147,3.4,Yes
AIF1L,5,5,147,3.4,No
AIMP1,5,5,147,3.4,No
AKAP10,5,5,147,3.4,No
ALAD,5,5,147,3.4,No
ALDH7A1,5,5,147,3.4,No
ALG12,5,5,147,3.4,No
ALX3,5,4,147,2.7,No
AMACR,5,4,147,2.7,No
AMDHD1,5,5,147,3.4,No
AMDHD2,5,4,147,2.7,No
AMIGO2,5,5,147,3.4,No
AMIGO3,5,4,147,2.7,No
AMMECR1L,5,5,147,3.4,No
AMN,5,4,147,2.7,No
ANGPTL3,5,5,147,3.4,No
ANKRD29,5,5,147,3.4,No
ANKRD60,5,5,147,3.4,No
ANKRD61,5,5,147,3.4,No
APLP2,5,5,147,3.4,No
APOA5,5,5,147,3.4,No
APOBEC1,5,4,147,2.7,No
APOBEC3F,5,4,147,2.7,No
APOBEC4,5,5,147,3.4,No
APOE,5,5,147,3.4,No
APOL3,5,5,147,3.4,No
AQP3,5,5,147,3.4,No
AQP5,5,5,147,3.4,No
ARHGAP18,5,5,147,3.4,No
ARHGEF5,5,4,147,2.7,No
ARK2N,5,5,147,3.4,No
ARL14EP,5,5,147,3.4,No
ARL5B,5,5,147,3.4,No
ARPIN-AP3S2,5,5,147,3.4,No
ARRB1,5,5,147,3.4,No
ARRDC1,5,4,147,2.7,No
ART1,5,4,147,2.7,No
ART3,5,5,147,3.4,No
ASH2L,5,5,147,3.4,No
ATF1,5,5,147,3.4,Yes
ATG10,5,4,147,2.7,No
ATP1B4,5,5,147,3.4,No
ATP5F1B,5,5,147,3.4,No
ATP6V0C,5,5,147,3.4,No
ATP6V1H,5,5,147,3.4,No
ATXN3L,5,5,147,3.4,No
AUNIP,5,5,147,3.4,No
AURKA,5,5,176,2.8,Yes
AVIL,5,4,147,2.7,Yes
AVPR2,5,5,147,3.4,No
B4GALT4,5,5,147,3.4,No
BAIAP2L2,5,5,147,3.4,No
BANF2,5,5,147,3.4,No
BBOX1,5,5,147,3.4,No
BCKDHB,5,4,147,2.7,No
BCL2L1,5,5,176,2.8,Yes
BCL2L15,5,5,147,3.4,No
BCL2L2-PABPN1,5,3,147,2,No
BHLHA15,5,5,147,3.4,No
BHLHE22,5,5,147,3.4,No
BID,5,5,147,3.4,No
BIRC8,5,4,147,2.7,No
BLMH,5,5,147,3.4,No
BNIP1,5,5,147,3.4,No
BNIP3,5,4,147,2.7,No
BNIPL,5,5,147,3.4,No
BOLL,5,5,147,3.4,No
BPGM,5,5,147,3.4,No
BPHL,5,4,147,2.7,No
BPNT1,5,5,147,3.4,No
BPNT2,5,5,147,3.4,No
BRCC3,5,3,147,2,No
BRF2,5,5,147,3.4,No
BROX,5,5,147,3.4,No
BSG,5,5,147,3.4,No
BTBD1,5,4,147,2.7,No
BTBD2,5,4,147,2.7,No
C10ORF62,5,4,147,2.7,No
C11ORF65,5,4,147,2.7,No
C17ORF50,5,5,147,3.4,No
C17ORF67,5,5,147,3.4,No
C17ORF75,5,5,147,3.4,No
C18ORF54,5,5,147,3.4,No
C19ORF81,5,5,147,3.4,No
C19ORF85,5,5,147,3.4,No
C1ORF146,5,5,147,3.4,No
C1ORF198,5,5,147,3.4,No
C1QL3,5,4,147,2.7,No
C1QTNF12,5,5,147,3.4,No
C20ORF141,5,5,147,3.4,No
C22ORF23,5,4,147,2.7,No
C3ORF52,5,5,147,3.4,No
C4ORF33,5,5,147,3.4,No
C5ORF47,5,4,147,2.7,No
C8ORF48,5,5,147,3.4,No
C9ORF152,5,5,147,3.4,No
C9ORF50,5,5,147,3.4,No
CA2,5,5,147,3.4,No
CALCRL,5,4,147,2.7,No
CALHM4,5,5,147,3.4,No
CALHM6,5,5,147,3.4,No
CAPG,5,5,147,3.4,No
CATSPER2,5,4,147,2.7,No
CCDC138,5,4,147,2.7,No
CCDC149,5,5,147,3.4,No
CCDC169,5,5,147,3.4,No
CCDC183,5,5,147,3.4,No
CCDC190,5,5,147,3.4,No
CCDC201,5,5,147,3.4,No
CCDC24,5,5,147,3.4,No
CCDC28B,5,5,147,3.4,No
CCDC3,5,5,147,3.4,No
CCDC34,5,5,147,3.4,No
CCDC74A,5,5,147,3.4,No
CCDC77,5,5,147,3.4,No
CCDC85C,5,5,147,3.4,No
CCDC92,5,5,147,3.4,No
CCK,5,5,147,3.4,No
CCL15,5,5,147,3.4,No
CCM2,5,5,147,3.4,No
CCNE2,5,5,147,3.4,No
CCT3,5,5,147,3.4,No
CCT4,5,5,147,3.4,No
CD151,5,5,147,3.4,No
CD247,5,5,147,3.4,No
CD48,5,5,147,3.4,No
CD69,5,4,147,2.7,No
CD86,5,5,147,3.4,No
CDA,5,5,147,3.4,No
CDC123,5,5,147,3.4,No
CDC25A,5,4,147,2.7,No
CDCA5,5,5,147,3.4,No
CDK6,5,5,176,2.8,Yes
CDX1,5,5,176,2.8,No
CELA2A,5,5,147,3.4,No
CENPP,5,5,147,3.4,No
CEP55,5,5,147,3.4,No
CEP72,5,5,147,3.4,No
CEP78,5,5,147,3.4,No
CERS4,5,5,147,3.4,No
CFAP298,5,4,147,2.7,No
CFAP99,5,3,147,2,No
CFB,5,5,147,3.4,No
CGB7,5,5,147,3.4,No
CGB8,5,4,147,2.7,No
CHKA,5,5,147,3.4,No
CHODL,5,5,147,3.4,No
CHRM1,5,4,147,2.7,No
CHST11,5,5,147,3.4,No
CHST14,5,5,147,3.4,No
CIMAP1A,5,5,147,3.4,No
CIMIP1,5,5,147,3.4,No
CIMIP5,5,5,147,3.4,No
CIPC,5,4,147,2.7,No
CKAP2,5,5,147,3.4,No
CLDN14,5,5,147,3.4,No
CLDN16,5,5,147,3.4,No
CLDN24,5,5,147,3.4,No
CLDN9,5,5,147,3.4,No
CLEC10A,5,5,147,3.4,No
CLEC12A,5,5,147,3.4,No
CLEC2A,5,5,147,3.4,No
CLEC2D,5,5,147,3.4,No
CLEC2L,5,3,147,2,No
CLEC7A,5,5,147,3.4,No
CMBL,5,5,147,3.4,No
CMPK2,5,5,147,3.4,No
CMTM5,5,5,147,3.4,No
CNIH3,5,4,147,2.7,No
COG1,5,5,147,3.4,No
COPS4,5,5,147,3.4,No
COQ5,5,5,147,3.4,No
COQ6,5,5,147,3.4,No
COQ9,5,5,147,3.4,No
CPEB4,5,5,147,3.4,No
CPHXL,5,5,147,3.4,No
CPLANE2,5,5,147,3.4,No
CRADD,5,5,147,3.4,No
CREG1,5,4,147,2.7,No
CRELD1,5,5,147,3.4,No
CRELD2,5,5,147,3.4,No
CRIPAK,5,5,147,3.4,No
CRTAM,5,5,147,3.4,No
CRYGA,5,4,147,2.7,No
CRYGN,5,5,147,3.4,No
CSAG1,5,4,147,2.7,No
CSH1,5,5,147,3.4,No
CSNK1G3,5,5,147,3.4,No
CSRNP1,5,5,147,3.4,No
CTAGE8,5,3,147,2,No
CTDSPL,5,5,147,3.4,No
CTF1,5,5,147,3.4,No
CTNNAL1,5,5,147,3.4,No
CTNS,5,5,147,3.4,No
CTSB,5,5,147,3.4,No
CTSC,5,5,147,3.4,No
CTTNBP2NL,5,5,147,3.4,No
CTU1,5,5,147,3.4,No
CTXN3,5,5,147,3.4,No
CXCL16,5,3,147,2,No
CXCL9,5,5,147,3.4,No
CXCR2,5,5,147,3.4,No
CXORF58,5,5,147,3.4,No
CXORF65,5,5,147,3.4,No
CXXC1,5,5,147,3.4,No
CYP21A2,5,5,147,3.4,No
CYP2U1,5,4,147,2.7,No
CYP39A1,5,5,147,3.4,No
CYRIB,5,5,147,3.4,No
CYYR1,5,5,147,3.4,No
DAND5,5,5,147,3.4,No
DAPP1,5,4,147,2.7,No
DARS1,5,5,147,3.4,No
DARS2,5,4,147,2.7,No
DBNDD2,5,5,147,3.4,No
DBT,5,5,147,3.4,No
DCANP1,5,4,147,2.7,No
DCD,5,5,147,3.4,No
DCDC2B,5,5,147,3.4,No
DCUN1D2,5,5,147,3.4,No
DDRGK1,5,5,147,3.4,No
DDX28,5,5,147,3.4,No
DDX47,5,5,147,3.4,No
DEDD2,5,5,147,3.4,No
DEFB129,5,5,147,3.4,No
DENND2D,5,5,147,3.4,No
DERL3,5,5,147,3.4,No
DERPC,5,4,147,2.7,No
DESI2,5,5,147,3.4,No
DGAT2L6,5,5,147,3.4,No
DGUOK,5,5,147,3.4,No
DHRS1,5,5,147,3.4,No
DIS3L,5,5,147,3.4,No
DKK3,5,5,147,3.4,Yes
DLEU7,5,5,147,3.4,No
DLGAP5,5,5,147,3.4,No
DMPK,5,5,147,3.4,No
DMRTA1,5,5,147,3.4,No
DNAJA2,5,5,147,3.4,No
DNAJA4,5,5,147,3.4,No
DNAJB5,5,5,147,3.4,No
DNAJC2,5,4,147,2.7,No
DNAJC27,5,5,147,3.4,No
DNASE1L3,5,4,147,2.7,No
DND1,5,4,147,2.7,No
DPM1,5,5,147,3.4,No
DRC12,5,4,147,2.7,No
DRC3,5,5,147,3.4,No
DUSP11,5,5,147,3.4,No
DUSP15,5,5,147,3.4,No
DYNC1LI1,5,4,147,2.7,No
DYNC1LI2,5,5,147,3.4,No
E2F5,5,5,147,3.4,No
EBLN2,5,5,147,3.4,No
ECD,5,5,147,3.4,No
ECHDC2,5,5,147,3.4,No
ECHDC3,5,4,147,2.7,No
ECSIT,5,5,147,3.4,Yes
EEIG1,5,5,147,3.4,No
EIF2B2,5,5,147,3.4,No
EIF2B4,5,5,147,3.4,No
EIF2D,5,4,147,2.7,No
ELF3,5,4,147,2.7,Yes
ELOVL2,5,5,147,3.4,No
ELOVL3,5,5,147,3.4,No
ELOVL5,5,5,147,3.4,No
ELOVL7,5,5,147,3.4,No
ELP3,5,5,147,3.4,No
EMC10,5,5,147,3.4,No
EMD,5,5,147,3.4,No
ENO1,5,5,147,3.4,No
ENO2,5,5,147,3.4,No
ENTPD7,5,5,147,3.4,No
EP400P1,5,5,147,3.4,No
EPC2,5,5,147,3.4,No
EPHX3,5,5,147,3.4,No
EPPIN-WFDC6,5,4,147,2.7,No
EPSTI1,5,5,147,3.4,No
ERI1,5,5,147,3.4,No
ERVMER34-1,5,5,147,3.4,No
ESX1,5,5,147,3.4,No
ETFDH,5,4,147,2.7,No
EVA1C,5,5,147,3.4,No
EXOC8,5,5,147,3.4,No
EXOG,5,5,147,3.4,No
EZR,5,5,147,3.4,Yes
F2RL1,5,5,147,3.4,No
FABP12,5,5,147,3.4,No
FADS3,5,5,147,3.4,No
FADS6,5,4,147,2.7,No
FAHD2A,5,5,147,3.4,No
FAHD2B,5,5,147,3.4,No
FAM111A,5,5,147,3.4,No
FAM168B,5,4,147,2.7,No
FAM170B,5,5,147,3.4,No
FAM200C,5,5,147,3.4,No
FAM209B,5,5,147,3.4,No
FAM217A,5,5,147,3.4,No
FAM222B,5,5,147,3.4,No
FAM228A,5,4,147,2.7,No
FAM228B,5,5,147,3.4,No
FAM3D,5,5,147,3.4,No
FAM78B,5,5,147,3.4,No
FAM8A1,5,3,147,2,No
FAM98C,5,5,147,3.4,No
FAM9A,5,5,147,3.4,No
FANK1,5,5,147,3.4,No
FASTKD2,5,5,147,3.4,No
FBLL1,5,5,147,3.4,No
FBLN1,5,5,147,3.4,No
FBXL6,5,5,147,3.4,No
FBXO25,5,5,147,3.4,No
FBXO32,5,5,147,3.4,No
FBXW11,5,4,147,2.7,No
FBXW2,5,5,147,3.4,Yes
FCGRT,5,5,147,3.4,No
FEM1A,5,4,147,2.7,No
FEM1C,5,5,147,3.4,No
FGD1,5,5,147,3.4,No
FGF5,5,5,147,3.4,Yes
FHIT,5,4,176,2.3,Yes
FHL1,5,5,147,3.4,No
FIZ1,5,5,147,3.4,No
FMR1,5,4,147,2.7,No
FN3KRP,5,5,147,3.4,No
FNDC5,5,5,147,3.4,No
FNTA,5,5,147,3.4,No
FOXB2,5,4,147,2.7,No
FOXD3,5,4,147,2.7,No
FOXK2,5,5,147,3.4,No
FOXO3B,5,5,147,3.4,No
FRG1BP,5,4,147,2.7,No
FRG2B,5,5,147,3.4,No
FRK,5,5,147,3.4,No
FRRS1L,5,3,147,2,No
FRS2,5,5,147,3.4,Yes
FUCA2,5,5,147,3.4,No
FUT1,5,4,147,2.7,No
FZD5,5,5,147,3.4,No
FZD6,5,5,147,3.4,No
GABRR3,5,5,147,3.4,No
GAL3ST2,5,5,147,3.4,No
GAL3ST4,5,5,147,3.4,No
GALE,5,5,147,3.4,No
GALNS,5,5,147,3.4,No
GATM,5,5,147,3.4,No
GBA2,5,5,147,3.4,No
GBP5,5,4,147,2.7,No
GBX1,5,5,147,3.4,No
GCDH,5,5,147,3.4,No
GCLM,5,5,147,3.4,No
GCNT7,5,4,147,2.7,No
GDF7,5,5,147,3.4,No
GFUS,5,5,147,3.4,No
GGA2,5,5,147,3.4,No
GGA3,5,5,147,3.4,No
GID4,5,5,147,3.4,Yes
GJB4,5,5,147,3.4,No
GJB6,5,5,147,3.4,No
GLI4,5,5,147,3.4,No
GLIS2,5,5,147,3.4,No
GLUD1,5,5,147,3.4,No
GLYATL1,5,4,147,2.7,No
GMDS,5,5,147,3.4,No
GNAI1,5,5,147,3.4,No
GNAT1,5,5,147,3.4,No
GNE,5,5,147,3.4,No
GNGT1,5,5,147,3.4,No
GNL3,5,5,147,3.4,No
GNLY,5,5,147,3.4,No
GNPDA1,5,5,147,3.4,No
GOLGA6C,5,4,147,2.7,No
GOLGA8T,5,5,147,3.4,No
GOLT1B,5,4,147,2.7,No
GPAT4,5,5,147,3.4,No
GPATCH3,5,5,147,3.4,No
GPR101,5,4,147,2.7,No
GPR135,5,4,147,2.7,No
GPR157,5,5,147,3.4,No
GPR35,5,5,147,3.4,No
GPRC5A,5,5,147,3.4,No
GPT2,5,5,147,3.4,No
GRK2,5,5,147,3.4,No
GRK6,5,5,147,3.4,No
GRSF1,5,5,147,3.4,No
GSTA5,5,5,147,3.4,No
GTF2H4,5,5,147,3.4,No
GTF2IRD2,5,4,147,2.7,No
GTF3C6,5,4,147,2.7,No
GUCA2A,5,5,147,3.4,No
GUF1,5,5,147,3.4,No
GZMH,5,5,147,3.4,No
GZMK,5,5,147,3.4,No
H2AC8,5,4,147,2.7,No
H2BC17,5,5,147,3.4,Yes
H2BC21,5,5,147,3.4,No
H3-4,5,5,147,3.4,Yes
H3C11,5,4,147,2.7,Yes
H3C8,5,5,147,3.4,Yes
H3Y1,5,4,147,2.7,No
HAMP,5,5,147,3.4,No
HARS1,5,5,147,3.4,No
HARS2,5,5,147,3.4,No
HAUS1,5,5,147,3.4,No
HAUS8,5,5,147,3.4,No
HBEGF,5,5,147,3.4,No
HCAR2,5,5,147,3.4,No
HDAC2,5,5,147,3.4,Yes
HDGF,5,5,147,3.4,No
HELT,5,4,147,2.7,No
HEXIM1,5,5,147,3.4,No
HEY2,5,5,147,3.4,No
HFE,5,5,147,3.4,Yes
HHEX,5,5,147,3.4,No
HIBCH,5,4,147,2.7,No
HIGD2A,5,3,147,2,No
HLA-DPB1,5,5,147,3.4,No
HLA-DQA2,5,4,147,2.7,No
HLA-F,5,5,147,3.4,No
HMGB2,5,5,147,3.4,No
HNRNPLL,5,5,147,3.4,No
HOMER1,5,5,147,3.4,No
HOMER2,5,5,147,3.4,No
HOXA11,5,5,147,3.4,Yes
HOXB5,5,4,147,2.7,No
HOXC12,5,5,147,3.4,No
HOXC6,5,5,147,3.4,No
HOXD9,5,5,147,3.4,No
HPCA,5,5,147,3.4,No
HPS6,5,5,147,3.4,No
HRH1,5,5,147,3.4,No
HS3ST6,5,5,147,3.4,No
HS6ST1,5,5,147,3.4,No
HSD11B1L,5,4,147,2.7,No
HSD17B14,5,5,147,3.4,No
HSDL1,5,5,147,3.4,No
HSPA14,5,4,147,2.7,No
HSPA5,5,3,147,2,No
HSPB2,5,5,147,3.4,No
HSPD1,5,5,147,3.4,No
HTATSF1,5,4,147,2.7,No
HYAL1,5,5,147,3.4,No
HYAL3,5,5,147,3.4,No
IDH3A,5,5,147,3.4,No
IFI16,5,5,147,3.4,No
IFI35,5,5,147,3.4,No
IFIT1,5,4,147,2.7,No
IFIT3,5,4,147,2.7,No
IFITM2,5,4,147,2.7,No
IFNA2,5,4,147,2.7,No
IFNA4,5,5,147,3.4,No
IFNA6,5,5,147,3.4,No
IFNAR1,5,5,147,3.4,Yes
IFT27,5,5,147,3.4,No
IFT81,5,5,147,3.4,No
IFTAP,5,5,147,3.4,No
IGFBP7,5,5,147,3.4,No
IGSF23,5,5,147,3.4,No
IL10RB,5,3,147,2,No
IL15RA,5,5,147,3.4,No
IL17REL,5,4,147,2.7,No
IL1A,5,5,147,3.4,No
IL24,5,5,147,3.4,No
IL26,5,5,147,3.4,No
INSIG1,5,5,147,3.4,No
IQANK1,5,5,147,3.4,No
IQCF3,5,4,147,2.7,No
IQCK,5,4,147,2.7,No
IRF1,5,5,147,3.4,Yes
IRF3,5,5,147,3.4,No
ISOC1,5,4,147,2.7,No
ISOC2,5,5,147,3.4,No
IST1,5,5,147,3.4,No
ISY1,5,5,147,3.4,No
ITM2A,5,5,147,3.4,No
ITPA,5,5,176,2.8,No
ITPK1,5,5,147,3.4,No
ITPRIPL2,5,5,147,3.4,No
IZUMO1R,5,5,147,3.4,No
JPT2,5,4,147,2.7,No
JTB,5,5,147,3.4,No
JUN,5,5,176,2.8,Yes
KBTBD2,5,5,147,3.4,No
KBTBD6,5,5,147,3.4,No
KCNJ13,5,4,147,2.7,No
KCNJ2,5,5,147,3.4,No
KCNK16,5,5,147,3.4,No
KCNK6,5,5,147,3.4,No
KCTD10,5,4,147,2.7,No
KCTD13,5,5,147,3.4,No
KCTD14,5,5,147,3.4,No
KCTD4,5,4,147,2.7,No
KDM5D,5,4,147,2.7,Yes
KHK,5,5,147,3.4,No
KIN,5,5,147,3.4,No
KITLG,5,5,147,3.4,No
KLF3,5,4,147,2.7,Yes
KLF7,5,5,147,3.4,No
KLF8,5,5,147,3.4,No
KLK14,5,5,147,3.4,No
KLK3,5,5,147,3.4,No
KLRB1,5,5,147,3.4,No
KLRC3,5,4,147,2.7,No
KLRD1,5,4,147,2.7,No
KPNA1,5,5,147,3.4,No
KPTN,5,4,147,2.7,No
KRR1,5,5,147,3.4,No
KRT6C,5,5,147,3.4,No
KRT80,5,5,147,3.4,No
KRTAP1-5,5,3,147,2,No
KRTAP10-4,5,5,147,3.4,No
KRTAP11-1,5,4,147,2.7,No
KRTAP13-3,5,5,147,3.4,No
KRTAP15-1,5,5,147,3.4,No
KRTAP17-1,5,5,147,3.4,No
KRTAP3-2,5,5,147,3.4,No
KRTAP4-7,5,4,147,2.7,No
KRTAP5-6,5,5,147,3.4,No
LACTB,5,5,147,3.4,No
LAPTM5,5,5,147,3.4,No
LBX2,5,5,147,3.4,No
LCE1F,5,5,147,3.4,No
LCE2A,5,5,147,3.4,No
LCE2B,5,5,147,3.4,No
LCE3D,5,5,147,3.4,No
LCMT2,5,4,147,2.7,No
LCN1,5,5,147,3.4,No
LDLRAP1,5,5,147,3.4,No
LECT2,5,5,147,3.4,No
LFNG,5,5,147,3.4,No
LGALS13,5,4,147,2.7,No
LGALS14,5,5,147,3.4,No
LGALS3BP,5,5,147,3.4,No
LHPP,5,5,147,3.4,No
LHX1,5,4,147,2.7,No
LIAS,5,5,147,3.4,No
LIF,5,4,147,2.7,No
LILRA3,5,5,147,3.4,No
LIM2,5,5,147,3.4,No
LIMS2,5,5,147,3.4,No
LINC01101,5,3,147,2,No
LINC02907,5,5,147,3.4,No
LIPJ,5,5,147,3.4,No
LIX1,5,4,147,2.7,No
LMAN1,5,5,147,3.4,No
LMNB2,5,5,147,3.4,No
LOX,5,5,147,3.4,No
LPAR2,5,5,147,3.4,No
LRRC20,5,5,147,3.4,No
LRRC23,5,5,147,3.4,No
LRRC39,5,5,147,3.4,No
LRRC3C,5,5,147,3.4,No
LRRC42,5,5,147,3.4,No
LRRC70,5,5,147,3.4,No
LRRFIP1,5,4,147,2.7,No
LSR,5,5,147,3.4,No
LTA,5,5,147,3.4,No
LUC7L3,5,5,147,3.4,No
LXN,5,5,147,3.4,No
LY6G6F,5,5,147,3.4,No
LYAR,5,5,147,3.4,No
MAB21L3,5,4,147,2.7,No
MAGOH,5,5,147,3.4,No
MAGT1,5,5,147,3.4,No
MAP10,5,5,147,3.4,No
MAP1LC3B2,5,5,147,3.4,No
MAP1LC3C,5,5,147,3.4,No
MAP2K2,5,5,176,2.8,Yes
MAPK1,5,5,176,2.8,Yes
MAPK10,5,5,147,3.4,No
MARCHF7,5,5,147,3.4,No
MAT2A,5,5,147,3.4,No
MATCAP1,5,4,147,2.7,No
MATCAP2,5,5,147,3.4,No
MAU2,5,5,147,3.4,No
MBD3L2B,5,4,147,2.7,No
MBD3L3,5,3,147,2,No
MBNL1,5,5,147,3.4,No
MBNL2,5,5,147,3.4,No
MBOAT7,5,5,147,3.4,No
ME2,5,5,147,3.4,No
MECR,5,5,147,3.4,No
MED28,5,4,147,2.7,No
MED30,5,5,147,3.4,No
MEGF9,5,5,147,3.4,No
MEIKIN,5,5,147,3.4,No
MELK,5,5,147,3.4,No
METAP1,5,4,147,2.7,No
METTL14,5,5,147,3.4,No
METTL15,5,5,147,3.4,No
METTL3,5,5,147,3.4,No
MFF,5,5,147,3.4,No
MGARP,5,5,147,3.4,No
MICU1,5,5,147,3.4,No
MIEF2,5,5,147,3.4,No
MIER3,5,5,147,3.4,No
MIGA1,5,5,147,3.4,No
MINPP1,5,5,147,3.4,No
MIP,5,5,147,3.4,No
MLC1,5,5,147,3.4,No
MLF1,5,5,147,3.4,Yes
MMAA,5,4,147,2.7,No
MMP7,5,5,147,3.4,No
MORN4,5,5,147,3.4,No
MOSMO,5,5,147,3.4,No
MPG,5,4,147,2.7,No
MPI,5,5,147,3.4,No
MRGPRG,5,4,147,2.7,No
MRI1,5,5,147,3.4,No
MRM3,5,5,147,3.4,No
MRPL37,5,5,147,3.4,No
MRPL44,5,5,147,3.4,No
MRPS28,5,5,147,3.4,No
MRPS30,5,5,147,3.4,No
MRPS31,5,4,147,2.7,No
MRPS7,5,5,147,3.4,No
MRPS9,5,4,147,2.7,No
MSL3,5,5,147,3.4,No
MSLNL,5,5,147,3.4,No
MSX1,5,5,147,3.4,No
MTFR2,5,5,147,3.4,No
MTG2,5,5,147,3.4,No
MTHFD2,5,5,147,3.4,Yes
MTHFD2L,5,5,147,3.4,No
MTIF2,5,5,147,3.4,No
MTMR1,5,5,147,3.4,No
MTPAP,5,5,147,3.4,No
MTRF1L,5,5,147,3.4,No
MVB12A,5,5,147,3.4,No
MVD,5,4,147,2.7,No
MYEOV,5,5,147,3.4,No
MYG1,5,4,147,2.7,No
MYL10,5,5,147,3.4,No
MYL11,5,5,147,3.4,No
MYL3,5,5,147,3.4,No
MYORG,5,5,147,3.4,No
MYOZ2,5,5,147,3.4,No
N4BP2L1,5,5,147,3.4,No
NAA11,5,5,147,3.4,No
NAA35,5,5,147,3.4,No
NAA40,5,3,147,2,No
NAGS,5,5,147,3.4,No
NALF2,5,5,147,3.4,No
NAMPT,5,5,147,3.4,No
NANOGNB,5,5,147,3.4,No
NARS2,5,4,147,2.7,No
NAT9,5,4,147,2.7,No
NBPF10,5,5,147,3.4,No
NBPF4,5,4,147,2.7,No
NBPF6,5,5,147,3.4,No
NCALD,5,5,147,3.4,No
NCBP2L,5,3,147,2,No
NCCRP1,5,5,147,3.4,No
NCDN,5,5,147,3.4,No
NCF4,5,5,147,3.4,No
NCKIPSD,5,5,176,2.8,No
NCMAP,5,5,147,3.4,No
NCS1,5,5,147,3.4,No
NDFIP1,5,3,147,2,No
NDUFS4,5,5,147,3.4,No
NDUFS7,5,5,147,3.4,No
NECAP2,5,5,147,3.4,No
NEIL3,5,5,147,3.4,No
NEMP2,5,5,147,3.4,No
NEU3,5,5,147,3.4,No
NFATC2IP,5,5,147,3.4,No
NFE2L3,5,5,147,3.4,No
NFKBID,5,5,147,3.4,No
NIPAL2,5,4,147,2.7,No
NIPSNAP2,5,5,147,3.4,No
NKAIN1,5,5,147,3.4,No
NKAIN4,5,5,147,3.4,No
NKX6-3,5,4,147,2.7,No
NLGN4Y,5,4,147,2.7,No
NMNAT3,5,5,147,3.4,No
NOXO1,5,5,147,3.4,No
NOXRED1,5,5,147,3.4,No
NPIPB6,5,4,147,2.7,No
NPM1,5,5,176,2.8,Yes
NR0B2,5,5,147,3.4,No
NREP,5,4,147,2.7,No
NSL1,5,5,147,3.4,No
NSMCE1,5,5,147,3.4,No
NSMCE2,5,5,147,3.4,No
NSMCE4A,5,5,147,3.4,No
NSUN4,5,5,147,3.4,No
NT5C3A,5,5,147,3.4,No
NT5M,5,5,147,3.4,No
NTN1,5,5,147,3.4,No
NTPCR,5,3,147,2,No
NUBP1,5,5,147,3.4,No
NUDT5,5,5,147,3.4,No
NUP35,5,5,147,3.4,No
NXN,5,5,147,3.4,No
NXPH3,5,4,147,2.7,No
ODAPH,5,4,147,2.7,No
ONECUT3,5,5,147,3.4,No
OR11H4,5,5,147,3.4,No
OR1E1,5,5,147,3.4,No
OR2A7,5,5,147,3.4,No
OR2B2,5,5,147,3.4,No
OR2J1,5,5,147,3.4,No
OR4D9,5,5,147,3.4,No
OR4E2,5,5,147,3.4,No
OR51E2,5,5,147,3.4,No
OR51F1,5,5,147,3.4,No
OR5BS1,5,4,147,2.7,No
OR7A17,5,5,147,3.4,No
OR9G9,5,5,147,3.4,No
OSM,5,5,147,3.4,No
OTOR,5,5,147,3.4,No
OTP,5,5,147,3.4,No
OTUD3,5,5,147,3.4,No
OTULIN,5,5,147,3.4,No
OVOL1,5,5,147,3.4,No
P2RY1,5,5,147,3.4,No
P3H4,5,4,147,2.7,No
PACSIN3,5,5,147,3.4,No
PAK1IP1,5,5,147,3.4,No
PAQR4,5,5,147,3.4,No
PAQR9,5,5,147,3.4,No
PARD6B,5,5,147,3.4,No
PBK,5,4,147,2.7,No
PBX2,5,5,147,3.4,No
PCBP1,5,5,147,3.4,Yes
PCCA,5,4,147,2.7,No
PCDHGC3,5,5,147,3.4,No
PCGF2,5,5,147,3.4,No
PCGF5,5,5,147,3.4,No
PCYOX1,5,4,147,2.7,No
PCYT1A,5,4,147,2.7,No
PCYT1B,5,5,147,3.4,No
PDCD10,5,4,147,2.7,No
PDCD1LG2,5,5,147,3.4,Yes
PDCD4,5,5,147,3.4,No
PDCL,5,5,147,3.4,No
PDE12,5,5,147,3.4,No
PDLIM2,5,5,147,3.4,No
PDLIM4,5,5,147,3.4,No
PDP1,5,5,147,3.4,No
PDXK,5,5,147,3.4,No
PDZD9,5,5,147,3.4,No
PEPD,5,5,147,3.4,No
PERP,5,5,147,3.4,No
PES1,5,5,147,3.4,No
PEX16,5,5,147,3.4,No
PEX19,5,5,147,3.4,No
PFKFB1,5,5,147,3.4,No
PGAP2,5,5,147,3.4,No
PGAP4,5,5,147,3.4,No
PGPEP1,5,5,147,3.4,No
PHETA1,5,5,147,3.4,No
PHF1,5,5,147,3.4,Yes
PHF13,5,5,147,3.4,No
PHF19,5,5,147,3.4,Yes
PHF24,5,5,147,3.4,No
PICK1,5,5,147,3.4,No
PIGC,5,5,147,3.4,No
PIN1,5,5,147,3.4,No
PINX1,5,5,147,3.4,No
PIP4P2,5,5,147,3.4,No
PIR,5,5,147,3.4,No
PLA2G12B,5,5,147,3.4,No
PLA2G4F,5,5,147,3.4,No
PLAAT5,5,5,147,3.4,No
PLEKHA1,5,5,147,3.4,No
PLEKHA3,5,5,147,3.4,No
PLIN3,5,5,147,3.4,No
PLPP3,5,5,147,3.4,No
PMPCA,5,4,147,2.7,No
PNMA1,5,3,147,2,No
PNMA5,5,5,147,3.4,No
PNPO,5,5,147,3.4,No
POFUT3,5,5,147,3.4,No
POLH,5,5,147,3.4,Yes
POLR1F,5,5,147,3.4,No
POLR3E,5,4,147,2.7,No
POR,5,5,147,3.4,No
POU5F2,5,4,147,2.7,No
PPA1,5,5,147,3.4,No
PPA2,5,5,147,3.4,No
PPBP,5,5,147,3.4,No
PPCDC,5,5,147,3.4,No
PPDPFL,5,5,147,3.4,No
PPIL6,5,5,147,3.4,No
PPP1CC,5,4,147,2.7,No
PPP1R2,5,5,147,3.4,No
PPP1R37,5,4,147,2.7,No
PPP2R3C,5,5,147,3.4,No
PPP3CC,5,5,147,3.4,No
PPY,5,5,147,3.4,No
PRAMEF13,5,4,147,2.7,No
PRAMEF18,5,4,147,2.7,No
PRC1,5,5,147,3.4,No
PRELID2,5,5,147,3.4,No
PRH2,5,5,147,3.4,No
PRKACA,5,5,147,3.4,Yes
PRKACB,5,5,147,3.4,No
PRMT9,5,5,147,3.4,No
PRODH,5,5,147,3.4,No
PRPF3,5,5,147,3.4,No
PRPSAP1,5,5,147,3.4,No
PRR25,5,5,147,3.4,No
PRRC1,5,5,147,3.4,No
PRSS27,5,5,147,3.4,No
PRSS45P,5,5,147,3.4,No
PRSS50,5,5,147,3.4,No
PSMB5,5,4,147,2.7,No
PSMC3,5,4,147,2.7,No
PSRC1,5,5,147,3.4,No
PTGES,5,5,147,3.4,No
PTPDC1,5,5,147,3.4,No
PURB,5,5,147,3.4,No
PUSL1,5,4,147,2.7,No
PWWP2A,5,5,147,3.4,No
PXK,5,5,147,3.4,No
PYCR1,5,5,147,3.4,No
QDPR,5,5,147,3.4,No
QKI,5,5,147,3.4,Yes
QNG1,5,5,147,3.4,No
QPRT,5,4,147,2.7,No
RAB20,5,5,147,3.4,No
RAB29,5,4,147,2.7,No
RAB9B,5,5,147,3.4,No
RABL3,5,5,147,3.4,No
RAD23A,5,5,147,3.4,No
RAD51C,5,5,147,3.4,Yes
RAD9B,5,4,147,2.7,No
RALA,5,5,147,3.4,No
RAMP2,5,5,147,3.4,No
RARRES2,5,4,147,2.7,No
RASL10A,5,5,147,3.4,No
RASSF7,5,5,147,3.4,No
RAVER2,5,5,147,3.4,No
RAX,5,5,147,3.4,No
RBKS,5,5,147,3.4,No
RBM42,5,5,147,3.4,No
RBMS2,5,5,147,3.4,No
RBMX2,5,5,147,3.4,No
RBP5,5,4,147,2.7,No
RCAN3,5,5,147,3.4,No
RCL1,5,5,147,3.4,No
RCOR2,5,5,147,3.4,No
RDH8,5,5,147,3.4,No
RELT,5,5,147,3.4,No
RERG,5,5,147,3.4,No
RETREG1,5,5,147,3.4,No
REXO4,5,5,147,3.4,No
RFC3,5,5,147,3.4,No
RFC4,5,5,147,3.4,No
RFXANK,5,4,147,2.7,No
RGS13,5,5,147,3.4,No
RGS16,5,4,147,2.7,No
RHOA,5,5,147,3.4,Yes
RHOXF1,5,4,147,2.7,No
RIOX2,5,5,147,3.4,No
RIPPLY3,5,5,147,3.4,No
RMI1,5,5,147,3.4,No
RNASET2,5,5,147,3.4,No
RNF11,5,5,147,3.4,No
RNF115,5,5,147,3.4,No
RNF126,5,5,147,3.4,No
RNF128,5,4,147,2.7,No
RNF149,5,5,147,3.4,No
RNF152,5,5,147,3.4,No
RNF167,5,5,147,3.4,No
RNF175,5,5,147,3.4,No
RNF187,5,5,147,3.4,No
RNF222,5,5,147,3.4,No
ROGDI,5,3,147,2,No
RPL18,5,4,147,2.7,No
RPL24,5,5,147,3.4,No
RPL29,5,5,147,3.4,No
RPL8,5,5,147,3.4,No
RPN2,5,5,147,3.4,No
RPP40,5,5,147,3.4,No
RPS24,5,5,147,3.4,No
RRM2B,5,5,147,3.4,No
RRP8,5,3,147,2,No
RRP9,5,5,147,3.4,No
RSBN1,5,5,147,3.4,No
RSRC1,5,5,147,3.4,No
RTBDN,5,4,147,2.7,No
RTKN,5,5,147,3.4,No
RUSF1,5,5,147,3.4,No
RWDD2A,5,5,147,3.4,No
RWDD2B,5,5,147,3.4,No
S1PR3,5,5,147,3.4,No
SAMD1,5,5,147,3.4,No
SAMD12,5,5,147,3.4,No
SAMD13,5,5,147,3.4,No
SASS6,5,5,147,3.4,No
SAV1,5,5,147,3.4,No
SAXO1,5,4,147,2.7,No
SBK1,5,5,147,3.4,No
SC5D,5,5,147,3.4,No
SCAI,5,5,147,3.4,No
SCAMP5,5,5,147,3.4,No
SCG5,5,5,147,3.4,Yes
SCML1,5,5,147,3.4,No
SCRN2,5,4,147,2.7,No
SCRT2,5,5,147,3.4,No
SDCBP2,5,5,147,3.4,No
SDHB,5,5,176,2.8,Yes
SEC14L2,5,5,147,3.4,No
SEC22C,5,5,147,3.4,No
SEC61A1,5,4,147,2.7,No
SEH1L,5,5,147,3.4,No
SEMA3B,5,4,147,2.7,No
SEPHS2,5,5,147,3.4,No
SEPTIN1,5,4,147,2.7,No
SEPTIN12,5,5,147,3.4,No
SEPTIN5,5,4,176,2.3,Yes
SERINC2,5,5,147,3.4,No
SERINC5,5,4,147,2.7,No
SERPINB5,5,5,147,3.4,No
SERPINF1,5,5,147,3.4,No
SETD9,5,5,147,3.4,No
SETMAR,5,4,147,2.7,No
SETSIP,5,4,147,2.7,No
SFTA2,5,5,147,3.4,No
SGTB,5,5,147,3.4,No
SH3BP5,5,5,147,3.4,No
SHCBP1,5,5,147,3.4,No
SHISAL1,5,5,147,3.4,No
SIAH2,5,5,147,3.4,No
SIGLEC15,5,5,147,3.4,No
SIGLECL1,5,5,147,3.4,No
SINHCAF,5,4,147,2.7,No
SIRPB2,5,5,147,3.4,No
SIT1,5,5,147,3.4,No
SIX2,5,4,147,2.7,No
SKA3,5,4,147,2.7,No
SKP2,5,5,147,3.4,No
SLC11A2,5,5,147,3.4,No
SLC16A1,5,5,147,3.4,No
SLC16A9,5,4,147,2.7,No
SLC22A5,5,5,147,3.4,No
SLC25A18,5,5,147,3.4,No
SLC25A22,5,4,147,2.7,No
SLC25A27,5,4,147,2.7,No
SLC25A30,5,4,147,2.7,No
SLC25A44,5,5,147,3.4,No
SLC29A1,5,5,147,3.4,No
SLC29A2,5,4,147,2.7,No
SLC35B1,5,5,147,3.4,No
SLC35B2,5,4,147,2.7,No
SLC35C1,5,5,147,3.4,No
SLC35D4,5,5,147,3.4,No
SLC35E1,5,4,147,2.7,No
SLC35F5,5,5,147,3.4,No
SLC35G4,5,4,147,2.7,No
SLC38A5,5,5,147,3.4,No
SLC39A6,5,5,147,3.4,No
SLC49A4,5,5,147,3.4,No
SLC71A1,5,5,147,3.4,No
SLC7A6,5,5,147,3.4,No
SLX9,5,5,147,3.4,No
SMAD7,5,5,147,3.4,No
SMARCD1,5,4,147,2.7,Yes
SMCP,5,5,147,3.4,No
SMIM31,5,4,147,2.7,No
SMPD1,5,5,147,3.4,No
SMYD2,5,5,147,3.4,No
SNAI3,5,3,147,2,No
SNIP1,5,5,147,3.4,No
SNRNP40,5,5,147,3.4,No
SNRNP48,5,4,147,2.7,No
SNRPC,5,5,147,3.4,No
SNUPN,5,4,147,2.7,No
SNX10,5,5,147,3.4,No
SNX16,5,5,147,3.4,No
SNX27,5,5,147,3.4,No
SNX32,5,5,147,3.4,No
SP1,5,5,147,3.4,No
SP3,5,5,176,2.8,No
SP8,5,4,147,2.7,No
SPA17,5,5,147,3.4,No
SPACDR,5,5,147,3.4,No
SPAG8,5,5,147,3.4,No
SPANXC,5,5,147,3.4,No
SPATA3,5,5,147,3.4,No
SPATA31D3,5,4,147,2.7,No
SPATA4,5,5,147,3.4,No
SPDYE5,5,4,147,2.7,No
SPG21,5,5,147,3.4,No
SPINK13,5,5,147,3.4,No
SPINT4,5,5,147,3.4,No
SPPL3,5,5,147,3.4,No
SPRED1,5,5,147,3.4,Yes
SRF,5,4,147,2.7,No
SRP54,5,5,147,3.4,No
SRPX2,5,5,147,3.4,No
SSTR1,5,5,147,3.4,No
SSX3,5,5,147,3.4,No
ST3GAL6,5,4,147,2.7,No
STAR,5,5,147,3.4,No
STK24,5,5,147,3.4,No
STMND1,5,5,147,3.4,No
STOML3,5,5,147,3.4,No
STPG1,5,5,147,3.4,No
STPG4,5,5,147,3.4,No
STXBP6,5,5,147,3.4,No
SUCLG2,5,5,147,3.4,No
SUMF2,5,5,147,3.4,No
SUV39H1,5,5,147,3.4,No
SUV39H2,5,5,147,3.4,No
SWAP70,5,4,147,2.7,No
SYNGR1,5,5,147,3.4,No
SYNGR3,5,3,147,2,No
SYTL4,5,5,147,3.4,No
TAB2,5,5,147,3.4,No
TAC3,5,5,147,3.4,No
TAF1D,5,5,147,3.4,No
TAF6L,5,5,147,3.4,No
TALDO1,5,5,147,3.4,No
TAP1,5,5,147,3.4,Yes
TARP,5,5,147,3.4,No
TAS2R31,5,4,147,2.7,No
TAS2R5,5,5,147,3.4,No
TAS2R50,5,5,147,3.4,No
TAS2R60,5,5,147,3.4,No
TAS2R8,5,5,147,3.4,No
TBC1D10A,5,5,147,3.4,No
TBC1D20,5,5,147,3.4,No
TBC1D24,5,5,147,3.4,No
TBC1D25,5,5,147,3.4,No
TBC1D26,5,5,147,3.4,No
TBCC,5,5,147,3.4,No
TCFL5,5,5,147,3.4,No
TCL1B,5,5,147,3.4,Yes
TCP11L2,5,5,147,3.4,No
TEKTIP1,5,4,147,2.7,No
TENT5B,5,5,147,3.4,No
TERF1,5,5,147,3.4,No
TEX13B,5,5,147,3.4,No
TEX30,5,5,147,3.4,No
TEX38,5,5,147,3.4,No
TEX56P,5,4,147,2.7,No
TFDP1,5,5,176,2.8,No
TGOLN2,5,5,147,3.4,No
THAP4,5,5,147,3.4,No
THAP7,5,5,147,3.4,No
THEM5,5,5,147,3.4,No
THOC6,5,5,147,3.4,No
THPO,5,5,147,3.4,No
TIMP2,5,5,147,3.4,No
TIMP4,5,5,147,3.4,No
TLDC2,5,5,147,3.4,No
TM2D1,5,5,147,3.4,No
TM4SF20,5,5,147,3.4,No
TM6SF2,5,5,147,3.4,No
TMCC3,5,5,147,3.4,No
TMEFF1,5,5,147,3.4,No
TMEM106C,5,5,147,3.4,No
TMEM109,5,5,147,3.4,No
TMEM125,5,5,147,3.4,No
TMEM126B,5,5,147,3.4,No
TMEM143,5,5,147,3.4,No
TMEM150B,5,5,147,3.4,No
TMEM154,5,5,147,3.4,No
TMEM160,5,5,147,3.4,No
TMEM161B,5,5,147,3.4,No
TMEM177,5,4,147,2.7,No
TMEM187,5,5,147,3.4,No
TMEM200B,5,4,147,2.7,No
TMEM233,5,5,147,3.4,No
TMEM245,5,5,147,3.4,No
TMEM25,5,5,147,3.4,No
TMEM273,5,4,147,2.7,No
TMEM37,5,5,147,3.4,No
TMEM38A,5,5,147,3.4,No
TMEM52B,5,5,147,3.4,No
TMEM87B,5,5,147,3.4,No
TMIGD2,5,4,147,2.7,No
TNFRSF10A,5,5,147,3.4,No
TNFRSF10B,5,5,147,3.4,No
TNFRSF10D,5,5,147,3.4,No
TNFSF13B,5,5,147,3.4,No
TNFSF15,5,5,147,3.4,No
TNNI1,5,4,147,2.7,No
TOB1,5,4,147,2.7,No
TOE1,5,4,147,2.7,No
TOX4,5,5,147,3.4,No
TPPP2,5,5,147,3.4,No
TPPP3,5,5,147,3.4,No
TPRA1,5,5,147,3.4,No
TPSAB1,5,5,147,3.4,No
TPST2,5,4,147,2.7,No
TRABD,5,5,147,3.4,No
TREML4,5,4,147,2.7,No
TRIM16,5,5,147,3.4,No
TRIM17,5,5,147,3.4,No
TRIM40,5,5,147,3.4,No
TRIM75,5,4,147,2.7,No
TRMT6,5,5,147,3.4,No
TSC22D2,5,5,147,3.4,No
TSPAN19,5,5,147,3.4,No
TSPAN5,5,5,147,3.4,No
TSPYL2,5,4,147,2.7,No
TTC38,5,5,147,3.4,No
TUBE1,5,5,147,3.4,No
TUBGCP4,5,5,147,3.4,No
TYMP,5,5,147,3.4,No
U2AF2,5,4,147,2.7,Yes
UBE2D3,5,5,147,3.4,No
UBE2G1,5,5,147,3.4,No
UBE2J1,5,5,147,3.4,No
UBLCP1,5,5,147,3.4,No
UBXN10,5,5,147,3.4,No
UCP2,5,5,147,3.4,No
UQCC4,5,5,147,3.4,No
URI1,5,5,147,3.4,No
USB1,5,5,147,3.4,No
USE1,5,4,147,2.7,No
USP3,5,5,147,3.4,No
USP45,5,5,147,3.4,No
UTP4,5,5,147,3.4,No
UTS2R,5,5,147,3.4,No
VAPA,5,4,147,2.7,No
VASH2,5,5,147,3.4,No
VAT1,5,5,147,3.4,No
VCX,5,5,147,3.4,No
VCX3B,5,4,147,2.7,No
VGLL2,5,4,147,2.7,No
VIPR1,5,4,147,2.7,No
VMA22,5,5,147,3.4,No
VPS28,5,5,147,3.4,No
VPS36,5,5,147,3.4,No
VPS37C,5,5,147,3.4,No
VPS4B,5,5,147,3.4,No
VPS72,5,5,147,3.4,No
VSIG8,5,5,147,3.4,No
VWC2L,5,5,147,3.4,No
WDR18,5,5,147,3.4,No
WDR74,5,5,147,3.4,No
WDR75,5,5,147,3.4,No
WNT11,5,5,147,3.4,No
WNT4,5,5,147,3.4,No
WRNIP1,5,4,147,2.7,No
WSB1,5,5,147,3.4,No
XPNPEP1,5,5,147,3.4,No
XXYLT1,5,5,147,3.4,No
YIPF4,5,5,147,3.4,No
YWHAE,5,5,147,3.4,Yes
ZBED2,5,5,176,2.8,No
ZBTB14,5,5,147,3.4,No
ZBTB5,5,5,147,3.4,No
ZC3H11B,5,5,147,3.4,No
ZC3H15,5,5,147,3.4,No
ZCCHC3,5,5,147,3.4,No
ZDHHC17,5,5,147,3.4,No
ZDHHC3,5,4,147,2.7,No
ZDHHC9,5,5,147,3.4,No
ZFTRAF1,5,5,147,3.4,No
ZIC2,5,4,147,2.7,No
ZIC3,5,4,147,2.7,No
ZNF124,5,5,147,3.4,No
ZNF134,5,4,147,2.7,No
ZNF138,5,4,147,2.7,No
ZNF146,5,5,147,3.4,No
ZNF212,5,5,147,3.4,No
ZNF24,5,5,147,3.4,Yes
ZNF302,5,5,147,3.4,No
ZNF319,5,5,147,3.4,No
ZNF367,5,4,147,2.7,No
ZNF391,5,5,147,3.4,No
ZNF410,5,5,147,3.4,No
ZNF416,5,5,147,3.4,No
ZNF485,5,5,147,3.4,No
ZNF487,5,5,147,3.4,No
ZNF506,5,5,147,3.4,No
ZNF519,5,5,147,3.4,No
ZNF524,5,5,147,3.4,No
ZNF525,5,3,147,2,No
ZNF571,5,4,147,2.7,No
ZNF586,5,5,147,3.4,No
ZNF589,5,5,147,3.4,No
ZNF621,5,4,147,2.7,No
ZNF630,5,5,147,3.4,No
ZNF641,5,5,147,3.4,No
ZNF674,5,5,147,3.4,No
ZNF680,5,5,147,3.4,No
ZNF703,5,5,147,3.4,Yes
ZNF711,5,5,147,3.4,No
ZNF714,5,5,147,3.4,No
ZNF726,5,5,147,3.4,No
ZNF75A,5,5,147,3.4,No
ZNF75D,5,5,147,3.4,No
ZNF781,5,5,147,3.4,No
ZNF785,5,4,147,2.7,No
ZNF791,5,5,147,3.4,No
ZNF823,5,5,147,3.4,No
ZNF875,5,5,147,3.4,No
ZRANB1,5,5,147,3.4,No
ZRSR2,5,4,147,2.7,Yes
ZSCAN9,5,5,147,3.4,No
ABHD12B,4,4,147,2.7,No
ABHD5,4,4,147,2.7,No
ACAA2,4,4,147,2.7,No
ACAT1,4,4,147,2.7,No
ACAT2,4,3,147,2,No
ACER1,4,4,147,2.7,No
ACP1,4,4,147,2.7,No
ACP6,4,4,147,2.7,No
ACTMAP,4,3,147,2,No
ACY3,4,4,147,2.7,No
ADAT1,4,4,147,2.7,No
ADCYAP1,4,4,147,2.7,No
ADGRD2,4,4,147,2.7,No
ADH5,4,4,147,2.7,No
ADISSP,4,4,147,2.7,No
ADRB2,4,4,147,2.7,No
ADRM1,4,3,147,2,No
AGA,4,4,147,2.7,No
AGPAT2,4,4,147,2.7,No
AGPAT3,4,4,147,2.7,No
AGTRAP,4,4,176,2.3,No
AIF1,4,4,147,2.7,No
AKAIN1,4,4,147,2.7,No
AKAP14,4,4,147,2.7,No
AKR1A1,4,4,147,2.7,No
AKT1,4,4,176,2.3,Yes
ALDH3A2,4,3,147,2,No
ALDH9A1,4,4,147,2.7,No
ALG2,4,4,147,2.7,No
ALKBH3,4,3,147,2,No
ANG,4,4,147,2.7,No
ANKRD23,4,4,147,2.7,No
ANKRD36B,4,3,147,2,No
ANKRD46,4,4,147,2.7,No
ANP32A,4,4,147,2.7,No
ANTKMT,4,4,147,2.7,No
ANXA3,4,4,147,2.7,No
ANXA5,4,3,147,2,No
AP4S1,4,4,147,2.7,No
APOBEC2,4,4,147,2.7,No
APOL1,4,4,147,2.7,No
APOM,4,4,147,2.7,No
APOO,4,4,147,2.7,No
AQP1,4,4,147,2.7,No
AQP11,4,4,147,2.7,No
AQP12B,4,4,147,2.7,No
AQP2,4,4,147,2.7,No
ARB2A,4,4,147,2.7,No
ARF1,4,4,147,2.7,No
ARFGAP3,4,4,147,2.7,No
ARFIP2,4,4,147,2.7,No
ARHGEF39,4,4,147,2.7,No
ARL13B,4,4,147,2.7,No
ARL14EPL,4,4,147,2.7,No
ARL16,4,3,147,2,No
ARL4D,4,4,147,2.7,No
ARL5C,4,4,147,2.7,No
ARMH1,4,4,147,2.7,No
ARR3,4,4,147,2.7,No
ARRDC3,4,4,147,2.7,No
ARV1,4,3,147,2,No
ASB3,4,3,147,2,No
ASRGL1,4,4,147,2.7,No
ATP4B,4,4,147,2.7,No
ATP5F1A,4,4,147,2.7,No
ATP5ME,4,3,147,2,No
ATP6V0D1,4,4,147,2.7,No
ATPSCKMT,4,4,147,2.7,No
AZU1,4,4,147,2.7,No
B3GALNT1,4,4,147,2.7,No
B3GALT2,4,4,147,2.7,No
B3GAT2,4,3,147,2,No
B3GNT9,4,4,147,2.7,No
B4GALT1,4,4,147,2.7,No
BAK1,4,4,147,2.7,No
BBS1,4,4,147,2.7,No
BBS10,4,4,147,2.7,No
BCDIN3D,4,4,147,2.7,No
BCL7C,4,4,147,2.7,No
BCS1L,4,4,147,2.7,No
BDKRB2,4,4,147,2.7,No
BLOC1S5,4,4,147,2.7,No
BLVRA,4,4,147,2.7,No
BMP7,4,4,147,2.7,No
BMPR1A,4,4,176,2.3,Yes
BORA,4,4,147,2.7,No
BRMS1,4,3,147,2,No
BSDC1,4,4,147,2.7,No
BSPRY,4,4,147,2.7,No
BTBD10,4,4,147,2.7,No
BTG1,4,4,147,2.7,Yes
BTN2A1,4,4,147,2.7,No
C10ORF88,4,4,147,2.7,No
C11ORF40,4,4,147,2.7,No
C11ORF87,4,4,147,2.7,No
C12ORF75,4,4,147,2.7,No
C13ORF46,4,4,147,2.7,No
C16ORF92,4,4,147,2.7,No
C17ORF107,4,3,147,2,No
C19ORF67,4,3,147,2,No
C1GALT1,4,4,147,2.7,No
C1ORF162,4,4,147,2.7,No
C1ORF185,4,4,147,2.7,No
C1ORF50,4,4,147,2.7,No
C1QL4,4,4,147,2.7,No
C20ORF202,4,4,147,2.7,No
C21ORF58,4,4,147,2.7,No
C21ORF91,4,4,147,2.7,No
C2ORF69,4,4,147,2.7,No
C3ORF22,4,3,147,2,No
C3ORF36,4,3,147,2,No
C3ORF49,4,4,147,2.7,No
C3ORF70,4,4,147,2.7,No
C4ORF46,4,4,147,2.7,No
C9ORF72,4,4,147,2.7,No
C9ORF78,4,4,147,2.7,No
C9ORF85,4,4,147,2.7,No
CA11,4,4,147,2.7,No
CA12,4,4,147,2.7,No
CA5B,4,4,147,2.7,No
CADM1,4,4,147,2.7,No
CADM4,4,4,147,2.7,No
CALCA,4,4,147,2.7,No
CAMLG,4,4,147,2.7,No
CAPNS1,4,4,147,2.7,No
CAPZA1,4,4,147,2.7,No
CASP12,4,4,147,2.7,No
CASP3,4,4,147,2.7,No
CASP5,4,4,147,2.7,No
CAV3,4,4,147,2.7,No
CAVIN1,4,4,147,2.7,No
CBLN1,4,4,147,2.7,No
CCDC134,4,4,147,2.7,No
CCDC152,4,4,147,2.7,No
CCDC169-SOHLH2,4,4,147,2.7,No
CCDC196,4,4,147,2.7,No
CCDC51,4,4,147,2.7,No
CCDC71L,4,4,147,2.7,No
CCL22,4,3,147,2,No
CCL24,4,4,147,2.7,No
CCL26,4,4,147,2.7,No
CCL8,4,4,147,2.7,No
CCN1,4,3,147,2,No
CCN2,4,3,147,2,No
CCND2,4,4,176,2.3,Yes
CCNI2,4,4,147,2.7,No
CCNK,4,4,147,2.7,No
CCNY,4,3,147,2,No
CCR5,4,4,147,2.7,No
CCSAP,4,4,147,2.7,No
CCT7,4,4,147,2.7,No
CCZ1,4,4,147,2.7,No
CD164,4,4,147,2.7,No
CD27,4,4,147,2.7,No
CD37,4,4,147,2.7,No
CD3G,4,3,147,2,No
CD46,4,4,147,2.7,No
CD63,4,4,147,2.7,No
CD9,4,4,147,2.7,No
CDC34,4,4,147,2.7,No
CDC42,4,4,147,2.7,Yes
CDIN1,4,4,147,2.7,No
CDK16,4,4,147,2.7,No
CDK5R2,4,4,147,2.7,No
CDK5RAP3,4,4,147,2.7,No
CDK8,4,3,176,1.7,Yes
CDK9,4,4,147,2.7,No
CDKL1,4,4,147,2.7,No
CDKN1A,4,4,176,2.3,Yes
CDKN2D,4,4,147,2.7,No
CDKN3,4,4,147,2.7,No
CDPF1,4,4,147,2.7,No
CDR1,4,4,147,2.7,No
CDR2L,4,4,147,2.7,No
CDSN,4,4,147,2.7,No
CEACAM1,4,4,147,2.7,No
CEBPB,4,4,147,2.7,No
CELA2B,4,4,147,2.7,No
CEND1,4,4,147,2.7,No
CENPI,4,3,147,2,No
CENPK,4,4,147,2.7,No
CENPL,4,4,147,2.7,No
CERS1,4,4,147,2.7,No
CERS6,4,4,147,2.7,No
CES4A,4,4,147,2.7,No
CFAP144P1,4,4,147,2.7,No
CFAP263,4,4,147,2.7,No
CFLAR,4,4,147,2.7,No
CGGBP1,4,4,147,2.7,No
CHAD,4,4,147,2.7,No
CHCHD3,4,4,147,2.7,No
CHID1,4,4,147,2.7,No
CHKB,4,4,147,2.7,No
CHM,4,4,147,2.7,No
CHN1,4,4,147,2.7,Yes
CHP2,4,4,147,2.7,No
CHRM5,4,4,147,2.7,No
CHRNA7,4,4,147,2.7,No
CHRNE,4,4,147,2.7,No
CHRNG,4,4,147,2.7,No
CIBAR1,4,3,147,2,No
CIDEC,4,4,147,2.7,No
CIMIP2B,4,4,147,2.7,No
CISH,4,4,147,2.7,No
CLDND1,4,4,147,2.7,No
CLIC3,4,4,147,2.7,No
CMTM2,4,3,147,2,No
CMTM3,4,4,147,2.7,No
CNN1,4,4,147,2.7,No
CNN3,4,4,147,2.7,No
CNOT11,4,4,147,2.7,No
CNOT3,4,4,147,2.7,Yes
CNP,4,4,147,2.7,No
CNPY3,4,3,147,2,No
CNRIP1,4,4,147,2.7,No
COA7,4,4,147,2.7,No
COCH,4,4,147,2.7,No
COG8,4,4,147,2.7,No
COPE,4,4,147,2.7,No
COPS6,4,4,147,2.7,No
COPS7A,4,4,147,2.7,No
COPZ2,4,4,147,2.7,No
COQ10A,4,4,147,2.7,No
COQ4,4,4,147,2.7,No
COX18,4,4,147,2.7,No
CPLX3,4,3,147,2,No
CPO,4,4,147,2.7,No
CRABP1,4,3,147,2,No
CRBN,4,4,147,2.7,Yes
CREB1,4,4,147,2.7,Yes
CREBZF,4,4,147,2.7,No
CREG2,4,4,147,2.7,No
CRISP2,4,4,147,2.7,No
CRYBA2,4,4,147,2.7,No
CRYGC,4,4,147,2.7,No
CRYL1,4,4,147,2.7,No
CSH2,4,4,147,2.7,No
CSN1S1,4,4,147,2.7,No
CSNK2A2,4,4,147,2.7,No
CSNK2A3,4,4,147,2.7,No
CSRP3,4,4,147,2.7,No
CSTF3,4,4,147,2.7,No
CT45A10,4,3,147,2,No
CT47C1,4,3,147,2,No
CTBS,4,4,147,2.7,No
CTDNEP1,4,3,147,2,Yes
CTPS2,4,4,147,2.7,No
CUTA,4,4,147,2.7,No
CWC25,4,3,147,2,No
CX3CL1,4,3,147,2,No
CXCL12,4,3,147,2,No
CXCL3,4,4,147,2.7,No
CXCL5,4,4,147,2.7,No
CXCR5,4,4,147,2.7,No
CYB5R1,4,4,147,2.7,No
CYB5RL,4,4,147,2.7,No
CYGB,4,4,147,2.7,No
CYP26C1,4,4,147,2.7,No
CYP2E1,4,4,147,2.7,No
CYTH2,4,4,147,2.7,No
CYTH3,4,4,147,2.7,No
DAOA,4,4,147,2.7,No
DCN,4,4,147,2.7,No
DCUN1D5,4,4,147,2.7,No
DDB2,4,3,176,1.7,Yes
DDI2,4,4,147,2.7,No
DDX19B,4,3,147,2,No
DDX55,4,4,147,2.7,No
DDX56,4,2,147,1.4,No
DEDD,4,4,147,2.7,No
DEFB112,4,4,147,2.7,No
DEFB128,4,4,147,2.7,No
DEGS2,4,4,147,2.7,No
DENND11,4,4,147,2.7,No
DERA,4,4,147,2.7,No
DERL1,4,4,147,2.7,No
DESI1,4,3,147,2,No
DHODH,4,4,147,2.7,No
DHRS11,4,4,147,2.7,No
DHRS4L2,4,4,147,2.7,No
DHRS7,4,4,147,2.7,No
DIMT1,4,4,147,2.7,No
DLX4,4,4,147,2.7,No
DMAP1,4,3,147,2,No
DNAAF6,4,4,147,2.7,No
DNAJA1,4,4,147,2.7,No
DNAJC5G,4,4,147,2.7,No
DNASE1,4,4,147,2.7,No
DNASE1L2,4,3,147,2,No
DNASE2B,4,4,147,2.7,No
DNM1L,4,4,147,2.7,No
DNPEP,4,3,147,2,No
DNPH1,4,4,147,2.7,No
DPAGT1,4,4,147,2.7,No
DRD4,4,4,147,2.7,No
DTWD1,4,4,147,2.7,No
DTYMK,4,4,147,2.7,No
DUS4L,4,4,147,2.7,No
DUSP26,4,4,147,2.7,No
DUSP3,4,4,147,2.7,No
DUSP6,4,4,147,2.7,No
DUXB,4,4,147,2.7,No
DXO,4,4,147,2.7,No
DYNC2I2,4,4,147,2.7,No
DYNC2LI1,4,4,147,2.7,No
DYNLT2,4,4,147,2.7,No
E2F6,4,4,147,2.7,No
EBPL,4,4,147,2.7,No
ECI1,4,4,147,2.7,No
EDARADD,4,4,147,2.7,No
EDEM1,4,3,147,2,No
EEF1AKMT3,4,4,147,2.7,No
EEF1E1,4,4,147,2.7,No
EFEMP2,4,4,147,2.7,No
EFNA1,4,4,147,2.7,No
EFNA5,4,4,147,2.7,No
EGFL7,4,4,147,2.7,Yes
EGFL8,4,4,147,2.7,No
EGLN3,4,4,147,2.7,No
EIF1AD,4,4,147,2.7,No
EIF2A,4,4,147,2.7,No
EIF2B3,4,4,147,2.7,No
EIF4E1B,4,4,147,2.7,No
EIF4H,4,4,147,2.7,No
ELF2,4,4,147,2.7,No
ELOVL6,4,4,147,2.7,No
ELP5,4,4,147,2.7,No
EMC7,4,4,147,2.7,No
EME1,4,4,147,2.7,No
EMX2,4,3,147,2,No
EN1,4,4,147,2.7,No
ENOPH1,4,4,147,2.7,No
ENSA,4,4,147,2.7,No
ENTPD4,4,4,147,2.7,No
EPM2AIP1,4,3,147,2,No
EPPIN,4,3,147,2,No
ERCC6-PGBD3,4,4,147,2.7,No
ERO1A,4,4,147,2.7,No
ERP44,4,3,147,2,No
ETF1,4,2,147,1.4,No
ETHE1,4,4,147,2.7,No
EVL,4,4,147,2.7,No
EXOC1L,4,4,147,2.7,No
EXOC5,4,4,147,2.7,No
EXOSC4,4,4,147,2.7,No
FA2H,4,4,147,2.7,No
FAAH2,4,3,147,2,No
FABP9,4,4,147,2.7,No
FAM110A,4,3,147,2,No
FAM118B,4,4,147,2.7,No
FAM151B,4,4,147,2.7,No
FAM153A,4,4,147,2.7,No
FAM167B,4,4,147,2.7,No
FAM209A,4,3,147,2,No
FAM210A,4,4,147,2.7,No
FAM210B,4,3,147,2,No
FAM221A,4,4,147,2.7,No
FAM43A,4,4,147,2.7,No
FAM50B,4,4,147,2.7,No
FANCG,4,4,176,2.3,Yes
FANCL,4,3,176,1.7,Yes
FARS2,4,4,147,2.7,No
FAXDC2,4,4,147,2.7,No
FBXL16,4,4,147,2.7,No
FBXL8,4,4,147,2.7,No
FBXO2,4,4,147,2.7,No
FBXO44,4,4,147,2.7,No
FBXO45,4,4,147,2.7,No
FCGR1BP,4,4,147,2.7,No
FCGR3B,4,4,147,2.7,No
FDPS,4,4,147,2.7,No
FEM1B,4,4,147,2.7,No
FEN1,4,4,147,2.7,No
FEZ2,4,4,147,2.7,No
FGF1,4,4,147,2.7,Yes
FGF16,4,4,147,2.7,No
FGF19,4,4,147,2.7,Yes
FGF4,4,4,147,2.7,Yes
FGFBP1,4,4,147,2.7,No
FHL3,4,4,147,2.7,No
FIGNL1,4,4,147,2.7,No
FIGNL2,4,4,147,2.7,No
FITM2,4,4,147,2.7,No
FJX1,4,4,147,2.7,No
FKBP5,4,4,147,2.7,No
FLT3LG,4,4,147,2.7,No
FN3K,4,4,147,2.7,No
FNBP1L,4,4,147,2.7,No
FOSB,4,4,147,2.7,No
FOXC2,4,4,147,2.7,No
FOXP3,4,4,147,2.7,No
FRG1,4,4,147,2.7,No
FSCN2,4,4,147,2.7,No
FUCA1,4,4,147,2.7,No
FXN,4,4,147,2.7,No
FZD7,4,4,147,2.7,No
G3BP1,4,4,147,2.7,No
GABARAPL1,4,4,147,2.7,No
GABPA,4,4,147,2.7,No
GABPB1,4,4,147,2.7,No
GAGE2A,4,3,147,2,No
GALK2,4,4,147,2.7,No
GALNT4,4,4,147,2.7,No
GALR2,4,4,147,2.7,No
GAPDHS,4,4,147,2.7,No
GASK1B,4,4,147,2.7,No
GATAD1,4,4,147,2.7,No
GATB,4,4,147,2.7,No
GATD1,4,4,147,2.7,No
GCAT,4,4,147,2.7,No
GCC1,4,4,147,2.7,No
GCSH,4,4,147,2.7,No
GDI1,4,4,147,2.7,No
GDPD3,4,4,147,2.7,No
GEM,4,3,147,2,No
GGH,4,2,147,1.4,No
GGT6,4,4,147,2.7,No
GGTLC2,4,4,147,2.7,No
GHRH,4,4,147,2.7,No
GINS4,4,4,147,2.7,No
GIP,4,4,147,2.7,No
GJA1,4,4,147,2.7,No
GJB7,4,3,147,2,No
GLCE,4,4,147,2.7,No
GLIPR1,4,4,147,2.7,No
GLYATL2,4,4,147,2.7,No
GMPPB,4,3,147,2,No
GNA11,4,4,176,2.3,Yes
GNA15,4,4,147,2.7,No
GNAI3,4,4,147,2.7,No
GNGT2,4,4,147,2.7,No
GNMT,4,4,147,2.7,No
GNRHR,4,4,147,2.7,No
GOLGA8K,4,4,147,2.7,No
GOLT1A,4,4,147,2.7,No
GOSR1,4,4,147,2.7,No
GOT2,4,3,147,2,No
GPATCH11,4,4,147,2.7,No
GPER1,4,4,147,2.7,No
GPR119,4,4,147,2.7,No
GPR146,4,4,147,2.7,No
GPR171,4,4,147,2.7,No
GPR173,4,3,147,2,No
GPR19,4,4,147,2.7,No
GPR21,4,4,147,2.7,No
GPR25,4,3,147,2,No
GPR34,4,4,147,2.7,No
GPR75-ASB3,4,4,147,2.7,No
GPR87,4,4,147,2.7,No
GPR89A,4,3,147,2,No
GRAMD4,4,4,147,2.7,No
GRIPAP1,4,4,147,2.7,No
GRPEL1,4,4,147,2.7,No
GRWD1,4,4,147,2.7,No
GRXCR2,4,4,147,2.7,No
GSTM4,4,4,147,2.7,No
GSTZ1,4,4,147,2.7,No
GTF2H1,4,3,147,2,No
GTPBP10,4,4,147,2.7,No
GTPBP2,4,4,147,2.7,No
GTSF1,4,4,147,2.7,No
GVQW3,4,3,147,2,No
H1-0,4,4,147,2.7,No
H2AC14,4,4,147,2.7,No
H2AC21,4,4,147,2.7,No
H2BC18,4,4,147,2.7,No
H2BW2,4,4,147,2.7,No
H3C4,4,4,147,2.7,Yes
H4C4,4,4,147,2.7,No
H4C6,4,3,147,2,Yes
H4C9,4,3,147,2,Yes
HAAO,4,4,147,2.7,No
HAS3,4,4,147,2.7,No
HAX1,4,4,147,2.7,No
HDAC3,4,4,147,2.7,No
HDHD2,4,4,147,2.7,No
HEMK1,4,4,147,2.7,No
HENMT1,4,4,147,2.7,No
HEXB,4,4,147,2.7,No
HIF1AN,4,4,147,2.7,No
HLF,4,4,147,2.7,Yes
HM13,4,3,147,2,No
HMGN5,4,4,147,2.7,No
HMSD,4,4,147,2.7,No
HMX2,4,4,147,2.7,No
HNMT,4,4,147,2.7,No
HNRNPA0,4,4,147,2.7,No
HOXA9,4,4,147,2.7,Yes
HOXB7,4,4,147,2.7,No
HOXC4,4,4,147,2.7,No
HOXC9,4,4,147,2.7,No
HOXD11,4,4,147,2.7,Yes
HPSE,4,3,147,2,No
HRH4,4,4,147,2.7,No
HSD17B12,4,4,147,2.7,No
HSD17B2,4,4,147,2.7,Yes
HSF1,4,4,147,2.7,No
HSPB7,4,4,147,2.7,No
HSPB8,4,4,147,2.7,No
HSPBP1,4,4,147,2.7,No
HTN3,4,3,147,2,No
IAPP,4,3,147,2,No
IDH2,4,4,176,2.3,Yes
IFFO2,4,4,147,2.7,No
IFNA1,4,3,147,2,No
IFNA14,4,4,147,2.7,No
IFNL1,4,4,147,2.7,No
IFT46,4,2,147,1.4,No
IFT70B,4,4,147,2.7,No
IGBP1C,4,4,147,2.7,No
IGFBP4,4,3,147,2,No
IL11,4,3,147,2,No
IL19,4,4,147,2.7,No
IL1RN,4,4,147,2.7,No
IL20,4,4,147,2.7,No
IL36B,4,4,147,2.7,No
IL36RN,4,4,147,2.7,No
IL3RA,4,4,147,2.7,No
IL6,4,4,147,2.7,No
ILRUN,4,4,147,2.7,No
IMMP2L,4,4,147,2.7,No
IMPA2,4,4,147,2.7,No
IMPACT,4,4,147,2.7,No
IPMK,4,4,147,2.7,No
IRAK1,4,4,147,2.7,No
IRF9,4,4,147,2.7,No
IRX5,4,4,147,2.7,No
ISG20L2,4,4,147,2.7,No
ISL2,4,4,147,2.7,No
ITFG2,4,4,147,2.7,No
KANSL2,4,4,147,2.7,No
KATNA1,4,4,147,2.7,No
KCNG3,4,4,147,2.7,No
KCNK7,4,4,147,2.7,No
KCNMB3,4,4,147,2.7,No
KCTD1,4,4,147,2.7,No
KCTD17,4,4,147,2.7,No
KCTD18,4,4,147,2.7,No
KCTD6,4,4,147,2.7,No
KCTD7,4,4,147,2.7,No
KDSR,4,4,176,2.3,Yes
KGD4,4,4,147,2.7,No
KIAA1191,4,4,147,2.7,No
KIR2DS4,4,4,147,2.7,No
KISS1R,4,3,147,2,No
KLC3,4,3,147,2,No
KLF4,4,4,147,2.7,Yes
KLHDC9,4,4,147,2.7,No
KLHL20,4,4,147,2.7,No
KLK10,4,4,147,2.7,No
KLK5,4,4,147,2.7,No
KLRC2,4,3,147,2,No
KPNA3,4,4,147,2.7,No
KRABD2,4,3,147,2,No
KRAS,4,4,176,2.3,Yes
KRT16,4,4,147,2.7,No
KRT34,4,4,147,2.7,No
KRT6A,4,4,147,2.7,No
KRTAP10-12,4,4,147,2.7,No
KRTAP12-1,4,4,147,2.7,No
KRTAP12-4,4,3,147,2,No
KRTAP19-1,4,4,147,2.7,No
KRTAP19-4,4,4,147,2.7,No
KRTAP19-5,4,4,147,2.7,No
KRTAP22-2,4,4,147,2.7,No
KRTAP4-12,4,4,147,2.7,No
KRTAP5-11,4,4,147,2.7,No
KRTAP6-2,4,4,147,2.7,No
KRTAP6-3,4,3,147,2,No
KRTAP9-2,4,3,147,2,No
KRTAP9-3,4,4,147,2.7,No
KRTCAP2,4,4,147,2.7,No
KRTCAP3,4,4,147,2.7,No
KYAT3,4,4,147,2.7,No
LACC1,4,4,147,2.7,No
LAMP1,4,4,147,2.7,No
LANCL1,4,3,147,2,No
LCE1A,4,4,147,2.7,No
LCE1E,4,4,147,2.7,No
LCE4A,4,4,147,2.7,No
LCE6A,4,4,147,2.7,No
LCN2,4,4,147,2.7,No
LCNL1,4,4,147,2.7,No
LDLRAD1,4,3,147,2,No
LELP1,4,4,147,2.7,No
LEO1,4,4,147,2.7,No
LGALS16,4,3,147,2,No
LGALS2,4,4,147,2.7,No
LHFPL1,4,4,147,2.7,No
LHX2,4,4,147,2.7,No
LIMS1,4,4,147,2.7,No
LINC02694,4,4,147,2.7,No
LINC02898,4,4,147,2.7,No
LINC02902,4,4,147,2.7,No
LMAN2,4,4,147,2.7,No
LMBRD1,4,4,147,2.7,No
LRATD2,4,4,147,2.7,No
LRMDA,4,4,147,2.7,No
LRRC28,4,4,147,2.7,No
LRRC3,4,4,147,2.7,No
LRRC34,4,4,147,2.7,No
LRRC59,4,4,147,2.7,No
LRRC75B,4,4,147,2.7,No
LRTOMT,4,4,147,2.7,No
LSM14B,4,4,147,2.7,No
LSMEM1,4,3,147,2,No
LTB4R,4,4,147,2.7,No
LUZP4,4,4,147,2.7,No
LY6S-AS1,4,4,147,2.7,No
LYPD2,4,4,147,2.7,No
MAFG,4,4,147,2.7,No
MAGEA11,4,4,147,2.7,No
MAGEB5,4,4,147,2.7,No
MAL,4,4,147,2.7,No
MALSU1,4,4,147,2.7,No
MAP1LC3B,4,4,147,2.7,No
MAP3K7CL,4,4,147,2.7,No
MAP4K5,4,4,147,2.7,No
MAP7D3,4,3,147,2,No
MAPK9,4,4,147,2.7,No
MAPRE2,4,4,147,2.7,No
MARCKSL1,4,4,147,2.7,No
MAX,4,4,147,2.7,Yes
MAZ,4,4,147,2.7,No
MBD3,4,4,147,2.7,No
MBOAT1,4,3,147,2,No
MBOAT2,4,4,147,2.7,No
MCAM,4,4,147,2.7,No
MCTS2,4,4,147,2.7,No
MDFIC,4,4,147,2.7,No
MED18,4,4,147,2.7,No
MED20,4,4,147,2.7,No
MED22,4,4,147,2.7,No
MED6,4,4,147,2.7,No
MEDAG,4,4,147,2.7,No
MEOX1,4,4,147,2.7,No
METTL25B,4,4,147,2.7,No
METTL6,4,4,147,2.7,No
METTL8,4,4,147,2.7,No
MEX3C,4,4,147,2.7,No
MFAP2,4,4,147,2.7,No
MFAP5,4,4,147,2.7,No
MGMT,4,3,147,2,No
MILR1,4,4,147,2.7,No
MINDY2,4,4,147,2.7,No
MLEC,4,4,147,2.7,No
MMP28,4,4,176,2.3,No
MNAT1,4,4,147,2.7,No
MOAP1,4,4,147,2.7,No
MOB2,4,3,147,2,No
MPV17,4,4,147,2.7,No
MRGBP,4,4,147,2.7,No
MRPL19,4,4,147,2.7,No
MRPL35,4,4,147,2.7,No
MRPL45,4,4,147,2.7,No
MRPL46,4,4,147,2.7,No
MRPS12,4,4,147,2.7,No
MRPS34,4,3,147,2,No
MRPS35,4,4,147,2.7,No
MS4A10,4,4,147,2.7,No
MSANTD5,4,4,147,2.7,No
MSI2,4,4,147,2.7,Yes
MSL1,4,3,147,2,No
MSL2,4,4,147,2.7,No
MSN,4,4,176,2.3,Yes
MSRA,4,4,147,2.7,No
MTERF1,4,3,147,2,No
MTFMT,4,4,147,2.7,No
MTFR1L,4,4,147,2.7,No
MUCL1,4,3,147,2,No
MVB12B,4,3,147,2,No
MXD3,4,4,147,2.7,No
NABP2,4,4,147,2.7,No
NAIP,4,4,147,2.7,No
NAP1L6P,4,4,147,2.7,No
NAXD,4,3,147,2,No
NBL1,4,4,147,2.7,No
NBPF19,4,3,147,2,No
NCEH1,4,4,147,2.7,No
NDUFAF1,4,4,147,2.7,No
NDUFAF7,4,4,147,2.7,No
NDUFB8,4,3,147,2,No
NDUFS1,4,4,147,2.7,No
NDUFV3,4,3,147,2,No
NECAP1,4,4,147,2.7,No
NELFA,4,3,147,2,No
NEU1,4,4,147,2.7,No
NEUROG2,4,4,147,2.7,No
NFAM1,4,4,147,2.7,No
NFIL3,4,4,147,2.7,No
NFKBIL1,4,4,147,2.7,No
NFU1,4,4,147,2.7,No
NFYC,4,4,147,2.7,No
NHLRC4,4,4,147,2.7,No
NIPAL4,4,4,147,2.7,No
NIPSNAP3B,4,4,147,2.7,No
NKAPD1,4,4,147,2.7,No
NKPD1,4,4,147,2.7,No
NKX1-1,4,3,147,2,No
NKX3-1,4,4,147,2.7,Yes
NLE1,4,4,147,2.7,No
NME6,4,4,147,2.7,No
NMI,4,4,147,2.7,No
NMT1,4,3,147,2,No
NMU,4,4,147,2.7,No
NOC3L,4,4,147,2.7,No
NOSIP,4,4,147,2.7,No
NOTO,4,4,147,2.7,No
NPIPA5,4,3,147,2,No
NPM3,4,4,147,2.7,No
NPS,4,4,147,2.7,No
NQO1,4,4,176,2.3,Yes
NR2F1,4,4,147,2.7,No
NR2F2,4,4,147,2.7,No
NRAS,4,4,176,2.3,Yes
NRBF2,4,4,147,2.7,No
NRF1,4,4,147,2.7,No
NRIP2,4,4,147,2.7,No
NRTN,4,4,147,2.7,No
NSFL1C,4,4,147,2.7,No
NSG2,4,4,147,2.7,No
NSRP1,4,3,147,2,No
NT5C1B-RDH14,4,4,147,2.7,No
NT5DC4,4,4,147,2.7,No
NTHL1,4,4,147,2.7,Yes
NUBPL,4,4,147,2.7,No
NUDT14,4,4,147,2.7,No
NUDT17,4,4,147,2.7,No
NUDT9,4,4,147,2.7,No
NUP43,4,4,147,2.7,No
NUP54,4,4,147,2.7,No
NUP58,4,4,147,2.7,No
NUTM2A,4,4,147,2.7,Yes
NUTM2D,4,4,147,2.7,Yes
NXPH2,4,4,147,2.7,No
OGN,4,4,147,2.7,No
OOSP4B,4,3,147,2,No
OPHN1,4,4,147,2.7,No
OPRL1,4,4,147,2.7,No
OR10AD1,4,4,147,2.7,No
OR10G3,4,4,147,2.7,No
OR10H1,4,4,147,2.7,No
OR13H1,4,4,147,2.7,No
OR13J1,4,4,147,2.7,No
OR1K1,4,4,147,2.7,No
OR7A5,4,4,147,2.7,No
OR8G1,4,4,147,2.7,No
ORAI1,4,3,147,2,No
ORAI3,4,4,147,2.7,No
OSBPL11,4,3,147,2,No
OSGIN2,4,4,147,2.7,No
OSR1,4,4,147,2.7,No
OXCT2,4,4,147,2.7,No
P2RX4,4,4,147,2.7,No
P2RY12,4,4,147,2.7,No
P2RY2,4,4,147,2.7,No
P2RY8,4,4,147,2.7,Yes
P4HB,4,4,147,2.7,No
PACC1,4,4,147,2.7,No
PAEP,4,4,147,2.7,No
PAFAH1B3,4,4,147,2.7,No
PAGR1,4,4,147,2.7,No
PAICS,4,4,147,2.7,No
PAIP2,4,4,147,2.7,No
PANX1,4,3,147,2,No
PAQR6,4,3,147,2,No
PBX3,4,4,147,2.7,No
PCGF6,4,4,147,2.7,No
PDCD2L,4,4,147,2.7,No
PDCD7,4,4,147,2.7,No
PDK1,4,4,147,2.7,Yes
PDLIM7,4,3,147,2,No
PDPN,4,4,147,2.7,No
PDX1,4,4,147,2.7,No
PDXP,4,4,147,2.7,No
PDZK1IP1,4,4,147,2.7,No
PEDS1-UBE2V1,4,4,147,2.7,No
PEX10,4,3,147,2,No
PEX11G,4,4,147,2.7,No
PEX12,4,4,147,2.7,No
PF4,4,4,147,2.7,No
PFN3,4,4,147,2.7,No
PGA3,4,4,147,2.7,No
PGAM2,4,4,147,2.7,No
PGAM5,4,4,147,2.7,No
PGBD5,4,3,147,2,Yes
PGK1,4,4,147,2.7,No
PGLS,4,4,147,2.7,No
PHAF1,4,4,147,2.7,No
PHETA2,4,4,147,2.7,No
PHF23,4,4,147,2.7,No
PHF6,4,4,176,2.3,Yes
PHF7,4,4,147,2.7,No
PHPT1,4,4,147,2.7,No
PIAS1,4,4,147,2.7,No
PIM1,4,4,176,2.3,Yes
PJA2,4,4,147,2.7,No
PLA2G5,4,4,147,2.7,No
PLAAT3,4,4,147,2.7,No
PLAGL2,4,4,147,2.7,No
PLAUR,4,4,147,2.7,No
PLEK2,4,4,147,2.7,No
PLGRKT,4,4,147,2.7,No
PLK1,4,4,147,2.7,No
PLK5,4,3,147,2,No
PMCH,4,4,147,2.7,No
PMP2,4,4,147,2.7,No
PNMA6E,4,4,147,2.7,No
PNOC,4,4,147,2.7,No
POFUT4,4,4,147,2.7,No
POLB,4,4,147,2.7,No
POLR3D,4,4,147,2.7,No
POLR3GL,4,4,147,2.7,No
POMK,4,4,147,2.7,No
PORCN,4,4,147,2.7,No
POTEG,4,4,147,2.7,No
POTEM,4,4,147,2.7,No
POU3F2,4,4,147,2.7,Yes
PPIA,4,4,147,2.7,No
PPIL1,4,4,147,2.7,No
PPM1F,4,3,147,2,No
PPM1M,4,4,147,2.7,No
PPP1CA,4,4,147,2.7,No
PPP1R2C,4,3,147,2,No
PPP1R3D,4,4,147,2.7,No
PPP1R3E,4,4,147,2.7,No
PPP2CB,4,4,147,2.7,No
PPT1,4,4,147,2.7,No
PPT2,4,4,147,2.7,No
PRAMEF10,4,4,147,2.7,No
PRELID3B,4,3,147,2,No
PRG2,4,4,147,2.7,No
PRICKLE3,4,4,147,2.7,No
PRIM1,4,4,147,2.7,No
PRKRA,4,4,147,2.7,No
PRKX,4,4,147,2.7,No
PRMT1,4,3,147,2,No
PRNP,4,4,147,2.7,No
PRORP,4,4,147,2.7,No
PRPF38A,4,4,147,2.7,No
PRPF39,4,3,147,2,No
PRPSAP2,4,4,147,2.7,No
PRRT1,4,3,147,2,No
PRSS21,4,4,147,2.7,No
PRSS53,4,4,147,2.7,No
PRXL2A,4,4,147,2.7,No
PSAT1,4,4,147,2.7,No
PSMB1,4,3,147,2,No
PSMB7,4,4,147,2.7,No
PSMD12,4,4,147,2.7,No
PSMD14,4,4,147,2.7,No
PSME1,4,4,147,2.7,No
PSME3IP1,4,3,147,2,No
PSMG2,4,4,147,2.7,No
PTCD2,4,4,147,2.7,No
PTER,4,4,147,2.7,No
PTGDR,4,4,147,2.7,No
PTGR3,4,4,147,2.7,No
PTH,4,4,147,2.7,No
PTK6,4,4,147,2.7,Yes
PTP4A3,4,4,147,2.7,No
PTPN1,4,4,147,2.7,Yes
PTPN20,4,4,147,2.7,No
PTPRCAP,4,4,147,2.7,No
PTTG2,4,4,147,2.7,No
PUDP,4,3,147,2,No
PUS7,4,4,147,2.7,No
PVALEF,4,4,147,2.7,No
PWP1,4,2,147,1.4,No
PXDC1,4,4,147,2.7,No
PYCARD,4,4,147,2.7,No
QRFP,4,4,147,2.7,No
RAB12,4,4,147,2.7,No
RAB17,4,4,147,2.7,No
RAB19,4,4,147,2.7,No
RAB2A,4,4,147,2.7,No
RAB33A,4,4,147,2.7,No
RAB36,4,4,147,2.7,No
RAB3B,4,4,147,2.7,No
RAB43,4,4,147,2.7,No
RAB4A,4,4,147,2.7,No
RAB4B,4,4,147,2.7,No
RAB8A,4,4,147,2.7,No
RAD23B,4,4,147,2.7,No
RAD51,4,4,147,2.7,Yes
RAD52,4,4,147,2.7,Yes
RAD9A,4,4,147,2.7,No
RADX,4,3,147,2,No
RARS1,4,4,147,2.7,No
RASSF3,4,4,147,2.7,No
RBFA,4,4,147,2.7,No
RBM17,4,4,147,2.7,No
RBM41,4,4,147,2.7,No
RBM48,4,4,147,2.7,No
RBP2,4,4,147,2.7,No
RBPMS2,4,3,147,2,No
RCBTB1,4,4,147,2.7,No
RCC1L,4,4,147,2.7,No
RCCD1,4,4,147,2.7,No
RCVRN,4,4,147,2.7,No
RD3L,4,4,147,2.7,No
RDH13,4,4,147,2.7,No
RDH16,4,4,147,2.7,No
RECQL,4,4,147,2.7,Yes
REEP1,4,3,147,2,No
REEP3,4,4,147,2.7,No
REG1A,4,4,147,2.7,No
RELL2,4,4,147,2.7,No
REP15,4,4,147,2.7,No
RFESD,4,4,147,2.7,No
RGS19,4,4,147,2.7,No
RGS21,4,4,147,2.7,No
RGS7BP,4,3,147,2,No
RHEBL1,4,3,147,2,No
RHOD,4,4,147,2.7,No
RIMBP3,4,4,147,2.7,No
RIT1,4,4,147,2.7,Yes
RMND1,4,4,147,2.7,No
RMP64,4,3,147,2,No
RNASE7,4,3,147,2,No
RND2,4,4,147,2.7,No
RNF144B,4,4,147,2.7,No
RNF146,4,4,147,2.7,No
RNF168,4,4,147,2.7,No
RNF183,4,4,147,2.7,No
RNF215,4,4,147,2.7,No
RNF38,4,4,147,2.7,No
RNF8,4,4,147,2.7,No
RNFT1,4,4,147,2.7,No
RP2,4,3,147,2,No
RPA4,4,4,147,2.7,No
RPAIN,4,4,147,2.7,No
RPF2,4,4,147,2.7,No
RPGR,4,4,147,2.7,No
RPIA,4,4,147,2.7,No
RPL11,4,4,147,2.7,No
RPL22L1,4,4,147,2.7,No
RPL23,4,4,147,2.7,No
RPL26,4,4,147,2.7,No
RPL39L,4,4,147,2.7,No
RPP30,4,4,147,2.7,No
RPS12,4,4,147,2.7,No
RPS15,4,4,147,2.7,Yes
RPS6KB1,4,4,147,2.7,Yes
RPUSD4,4,4,147,2.7,No
RTCA,4,4,147,2.7,No
RTRAF,4,4,147,2.7,No
RUNDC1,4,4,147,2.7,No
RUNDC3A,4,4,147,2.7,No
RYK,4,4,147,2.7,No
S100A9,4,4,147,2.7,No
SAC3D1,4,4,147,2.7,No
SACM1L,4,4,147,2.7,No
SAMD10,4,4,147,2.7,No
SARAF,4,4,147,2.7,No
SBDS,4,4,176,2.3,Yes
SCAMP4,4,3,147,2,No
SCIMP,4,4,147,2.7,No
SCN3B,4,4,147,2.7,No
SCO1,4,4,147,2.7,No
SCRT1,4,4,147,2.7,No
SDHAF4,4,4,147,2.7,No
SDHC,4,4,176,2.3,Yes
SDR42E1,4,4,147,2.7,No
SEC22A,4,4,147,2.7,No
SELENOV,4,4,147,2.7,No
SEPTIN6,4,4,147,2.7,Yes
SERPINB7,4,4,147,2.7,No
SERPINB8,4,4,147,2.7,No
SERTAD1,4,3,147,2,No
SESN3,4,3,147,2,Yes
SET,4,4,147,2.7,Yes
SETD6,4,4,147,2.7,Yes
SF3A2,4,4,147,2.7,No
SFXN3,4,4,147,2.7,No
SFXN4,4,4,147,2.7,No
SGF29,4,4,147,2.7,No
SGPP1,4,4,147,2.7,No
SGTA,4,4,147,2.7,No
SH2D1B,4,4,147,2.7,No
SH2D5,4,4,147,2.7,No
SHFL,4,4,147,2.7,No
SHISAL2A,4,3,147,2,No
SHOC2,4,4,147,2.7,Yes
SHOX,4,3,147,2,No
SIK1,4,4,147,2.7,No
SIKE1,4,4,147,2.7,No
SIVA1,4,4,147,2.7,No
SKIC8,4,4,147,2.7,No
SKIDA1,4,4,147,2.7,No
SLAIN2,4,4,147,2.7,No
SLC10A4,4,4,147,2.7,No
SLC15A4,4,4,147,2.7,No
SLC16A14,4,4,147,2.7,No
SLC16A4,4,4,147,2.7,No
SLC16A8,4,4,147,2.7,No
SLC22A17,4,4,147,2.7,No
SLC22A23,4,3,147,2,No
SLC25A11,4,4,147,2.7,No
SLC25A15,4,4,147,2.7,No
SLC25A16,4,3,147,2,No
SLC25A19,4,4,147,2.7,No
SLC25A26,4,4,147,2.7,No
SLC25A34,4,4,147,2.7,No
SLC25A38,4,4,147,2.7,No
SLC25A46,4,4,147,2.7,No
SLC27A1,4,4,147,2.7,No
SLC27A3,4,3,147,2,No
SLC2A4RG,4,3,147,2,No
SLC30A7,4,4,147,2.7,No
SLC32A1,4,4,147,2.7,No
SLC35A2,4,4,147,2.7,No
SLC35A3,4,4,147,2.7,No
SLC35E3,4,4,147,2.7,No
SLC35G6,4,4,147,2.7,No
SLC38A1,4,4,147,2.7,No
SLC38A11,4,4,147,2.7,No
SLC39A2,4,4,147,2.7,No
SLC39A3,4,4,147,2.7,No
SLC39A7,4,4,147,2.7,No
SMAD6,4,4,147,2.7,No
SMARCD3,4,4,147,2.7,No
SMC1A,4,4,147,2.7,Yes
SMPD2,4,4,147,2.7,No
SMURF1,4,4,147,2.7,No
SNAP25,4,4,147,2.7,No
SNAP29,4,4,147,2.7,No
SNAP47,4,4,147,2.7,No
SNAPC2,4,4,147,2.7,No
SNRNP35,4,4,147,2.7,No
SNRPA1,4,4,147,2.7,No
SNRPB2,4,4,147,2.7,No
SNTN,4,4,147,2.7,No
SNX11,4,4,147,2.7,No
SNX24,4,4,147,2.7,No
SOCS4,4,4,147,2.7,No
SOWAHA,4,4,147,2.7,No
SOWAHC,4,4,147,2.7,No
SOX21,4,4,147,2.7,No
SOX3,4,4,147,2.7,No
SP9,4,4,147,2.7,No
SPACA9,4,4,147,2.7,No
SPADH,4,4,147,2.7,No
SPAG11A,4,4,147,2.7,No
SPANXN4,4,4,147,2.7,No
SPATA1,4,4,147,2.7,No
SPATA12,4,4,147,2.7,No
SPATA24,4,3,147,2,No
SPATA2L,4,4,147,2.7,No
SPATA31J1,4,4,147,2.7,No
SPATA46,4,4,147,2.7,No
SPCS2,4,4,147,2.7,No
SPDYA,4,3,147,2,No
SPDYE21,4,3,147,2,No
SPHK1,4,4,147,2.7,No
SPIB,4,4,147,2.7,No
SPINK7,4,4,147,2.7,No
SPMIP5,4,4,147,2.7,No
SPMIP8,4,4,147,2.7,No
SPOPL,4,4,147,2.7,No
SPOUT1,4,4,147,2.7,No
SPP2,4,4,147,2.7,No
SPRED3,4,4,147,2.7,No
SPRING1,4,4,147,2.7,No
SPRR2E,4,3,147,2,No
SPRYD3,4,4,147,2.7,No
SPSB1,4,4,147,2.7,No
SRD5A2,4,4,147,2.7,No
SRM,4,4,147,2.7,No
SRP68,4,3,147,2,No
SRPRA,4,4,147,2.7,No
SRSF2,4,4,147,2.7,Yes
SRSF6,4,4,147,2.7,No
SSU72L1,4,4,147,2.7,No
SSU72L2,4,4,147,2.7,No
SSU72L3,4,4,147,2.7,No
SSUH2,4,4,147,2.7,No
ST8SIA1,4,4,147,2.7,No
ST8SIA2,4,4,147,2.7,No
STAMBP,4,4,147,2.7,No
STK16,4,4,147,2.7,No
STRAP,4,3,147,2,No
STX12,4,3,147,2,No
STYXL1,4,3,147,2,No
SUCNR1,4,4,147,2.7,No
SUOX,4,4,147,2.7,No
SUSD6,4,4,147,2.7,No
SVIP,4,4,147,2.7,No
SYCP3,4,4,147,2.7,No
SYF2,4,4,147,2.7,No
SYTL1,4,4,147,2.7,No
SZRD1,4,4,176,2.3,No
TAAR9,4,4,147,2.7,No
TAF11L13,4,4,147,2.7,No
TAF7,4,4,147,2.7,No
TAL2,4,4,147,2.7,Yes
TANK,4,4,147,2.7,No
TAP2,4,3,147,2,Yes
TAS2R19,4,4,147,2.7,No
TASP1,4,4,147,2.7,No
TATDN3,4,4,147,2.7,No
TBC1D22A,4,4,147,2.7,No
TBK1,4,4,176,2.3,No
TBL1XR1,4,3,147,2,Yes
TBR1,4,4,147,2.7,No
TBX6,4,4,147,2.7,No
TCEAL4,4,4,147,2.7,No
TCEANC,4,4,147,2.7,No
TCEANC2,4,4,147,2.7,No
TCIM,4,4,147,2.7,No
TCP1,4,4,147,2.7,No
TDP2,4,3,147,2,No
TECR,4,3,147,2,No
TEDC1,4,4,147,2.7,No
TEDDM1,4,4,147,2.7,No
TEF,4,4,147,2.7,No
TERF2,4,4,147,2.7,No
TEX29,4,4,147,2.7,No
TEX9,4,4,147,2.7,No
TFAM,4,4,147,2.7,No
TFB1M,4,3,147,2,No
TFF1,4,4,147,2.7,No
TFPT,4,4,147,2.7,Yes
TGFA,4,4,147,2.7,No
TGFB1,4,2,147,1.4,No
THSD8,4,4,147,2.7,No
THY1,4,4,147,2.7,No
TIA1,4,3,147,2,No
TIFAB,4,4,147,2.7,No
TIMP1,4,4,147,2.7,No
TIMP3,4,4,147,2.7,No
TINF2,4,4,147,2.7,No
TIPIN,4,4,147,2.7,No
TLNRD1,4,3,147,2,No
TLX1,4,4,147,2.7,Yes
TLX1NB,4,4,147,2.7,No
TM2D3,4,4,147,2.7,No
TM4SF18,4,4,147,2.7,No
TM4SF19,4,4,147,2.7,No
TM9SF3,4,4,147,2.7,No
TMA16,4,4,147,2.7,No
TMBIM1,4,4,147,2.7,No
TMED6,4,4,147,2.7,No
TMED9,4,3,147,2,No
TMEM100,4,4,147,2.7,No
TMEM101,4,4,147,2.7,No
TMEM150C,4,4,147,2.7,No
TMEM164,4,4,147,2.7,No
TMEM176A,4,4,147,2.7,No
TMEM204,4,4,147,2.7,No
TMEM219,4,4,147,2.7,No
TMEM231,4,2,147,1.4,No
TMEM236,4,4,147,2.7,No
TMEM253,4,3,147,2,No
TMEM259,4,4,147,2.7,No
TMEM268,4,3,147,2,No
TMEM33,4,3,147,2,No
TMEM40,4,4,147,2.7,No
TMEM41B,4,4,147,2.7,No
TMEM52,4,4,147,2.7,No
TMEM59L,4,4,147,2.7,No
TMEM61,4,4,147,2.7,No
TMEM86A,4,4,147,2.7,No
TMEM92,4,4,147,2.7,No
TMEM98,4,4,147,2.7,No
TMOD4,4,4,147,2.7,No
TMT1A,4,4,147,2.7,No
TMUB2,4,4,147,2.7,No
TMX2,4,4,147,2.7,No
TNFAIP1,4,4,147,2.7,No
TNFRSF17,4,4,147,2.7,Yes
TNFSF12-TNFSF13,4,4,147,2.7,No
TNFSF18,4,4,147,2.7,No
TNNC1,4,4,147,2.7,No
TNNI3,4,4,147,2.7,No
TOM1L1,4,4,147,2.7,No
TOMM34,4,4,147,2.7,No
TOR3A,4,3,147,2,No
TP53I11,4,4,147,2.7,No
TP53I3,4,4,147,2.7,No
TPM1,4,4,147,2.7,No
TPMT,4,4,176,2.3,Yes
TRAM1,4,4,147,2.7,No
TRAPPC13,4,4,147,2.7,No
TRIM27,4,4,147,2.7,Yes
TRIM43,4,4,147,2.7,No
TRIM44,4,4,147,2.7,No
TRIM62,4,4,176,2.3,No
TRIM7,4,4,147,2.7,No
TRIP10,4,4,147,2.7,No
TRMT10A,4,4,147,2.7,No
TRMT2A,4,4,147,2.7,No
TSEN54,4,3,147,2,No
TSFM,4,4,147,2.7,No
TSG101,4,4,147,2.7,No
TSNAX,4,4,147,2.7,No
TSPAN11,4,4,147,2.7,No
TSPAN13,4,4,147,2.7,No
TSPAN14,4,3,147,2,No
TSPAN18,4,4,147,2.7,No
TSPO2,4,4,147,2.7,No
TSR3,4,4,147,2.7,No
TSSC4,4,4,147,2.7,No
TSSK3,4,4,147,2.7,No
TSSK6,4,4,147,2.7,No
TTC22,4,4,147,2.7,No
TTC8,4,4,147,2.7,No
TTI2,4,4,147,2.7,No
TTR,4,4,147,2.7,No
TUBA4A,4,3,147,2,No
TUBB,4,4,147,2.7,No
TVP23A,4,4,147,2.7,No
TWF2,4,4,147,2.7,No
TWSG1,4,4,147,2.7,No
TYSND1,4,4,147,2.7,No
UBA1,4,4,147,2.7,Yes
UBA2,4,4,147,2.7,No
UBAP1,4,4,147,2.7,No
UBBP4,4,4,147,2.7,No
UBE2G2,4,4,147,2.7,No
UBE2M,4,3,147,2,No
UBE2T,4,4,147,2.7,No
UBIAD1,4,4,147,2.7,No
UBQLN2,4,3,147,2,No
UBR7,4,4,147,2.7,No
UCHL1,4,4,147,2.7,Yes
UCMA,4,4,147,2.7,No
UGT1A6,4,4,147,2.7,No
UGT1A8,4,4,147,2.7,No
UHRF2,4,4,147,2.7,No
ULBP2,4,4,147,2.7,No
ULBP3,4,4,147,2.7,No
UNC119B,4,3,147,2,No
UPK1A,4,3,147,2,No
UPP1,4,4,147,2.7,No
UQCR10,4,4,147,2.7,No
UQCRB,4,4,147,2.7,No
USF2,4,4,147,2.7,No
USP12,4,4,147,2.7,No
USP17L1,4,4,147,2.7,No
USP17L7,4,3,147,2,No
USP18,4,4,147,2.7,No
USP22,4,4,147,2.7,No
USP39,4,4,147,2.7,No
UXS1,4,4,147,2.7,No
VPS52,4,4,147,2.7,No
VSNL1,4,4,147,2.7,No
VSTM2B,4,4,147,2.7,No
VTA1,4,4,147,2.7,No
VTI1A,4,4,176,2.3,No
WAS,4,4,176,2.3,Yes
WDR45,4,4,147,2.7,No
WDR53,4,2,147,1.4,No
WDR54,4,4,147,2.7,No
WDR6,4,4,147,2.7,No
WFIKKN1,4,4,147,2.7,No
WNT10A,4,4,147,2.7,No
WNT8B,4,4,147,2.7,No
WWTR1,4,4,147,2.7,Yes
XAF1,4,4,147,2.7,No
XAGE3,4,4,147,2.7,No
XIAP,4,4,147,2.7,Yes
XKR5,4,3,147,2,No
XKRX,4,4,147,2.7,No
XRCC2,4,4,147,2.7,Yes
XRCC3,4,4,147,2.7,Yes
YAE1,4,4,147,2.7,No
YARS1,4,4,147,2.7,No
YES1,4,4,147,2.7,Yes
YOD1,4,4,147,2.7,No
YPEL2,4,4,147,2.7,No
YPEL5,4,4,147,2.7,Yes
ZBTB22,4,4,147,2.7,No
ZBTB42,4,4,147,2.7,No
ZBTB43,4,4,147,2.7,No
ZBTB8OS,4,4,147,2.7,No
ZCCHC12,4,4,147,2.7,No
ZCCHC7,4,4,147,2.7,No
ZDHHC12,4,4,147,2.7,No
ZDHHC15,4,4,147,2.7,No
ZDHHC20,4,4,147,2.7,No
ZFP69,4,4,147,2.7,No
ZFX,4,4,147,2.7,No
ZMPSTE24,4,4,147,2.7,No
ZMYND11,4,4,147,2.7,No
ZNF143,4,4,147,2.7,No
ZNF260,4,4,147,2.7,No
ZNF275,4,4,147,2.7,No
ZNF330,4,4,147,2.7,No
ZNF383,4,4,147,2.7,No
ZNF394,4,4,147,2.7,No
ZNF396,4,4,147,2.7,No
ZNF444,4,4,147,2.7,No
ZNF449,4,3,147,2,No
ZNF584,4,4,147,2.7,No
ZNF587B,4,3,147,2,No
ZNF620,4,4,147,2.7,No
ZNF692,4,4,147,2.7,No
ZNF705G,4,4,147,2.7,No
ZNF749,4,4,147,2.7,No
ZNF81,4,3,147,2,No
ZNF83,4,4,147,2.7,No
ZNF84,4,4,147,2.7,No
ZNHIT6,4,4,147,2.7,No
ZNRF2,4,4,147,2.7,No
ZP3,4,4,147,2.7,No
ZSWIM9,4,4,147,2.7,No
AAGAB,3,3,147,2,No
AARD,3,2,147,1.4,No
ABCB7,3,3,147,2,No
ABHD11,3,3,147,2,No
ABHD17C,3,3,147,2,No
ACBD4,3,3,147,2,No
ACOT8,3,3,147,2,No
ACP2,3,3,147,2,No
ACRV1,3,3,147,2,No
ACTR1A,3,3,147,2,No
ACTR2,3,3,147,2,No
ADSS2,3,3,147,2,No
AGAP4,3,3,147,2,No
AGER,3,3,147,2,No
AGPAT5,3,3,147,2,No
AHSA1,3,3,147,2,No
AHSP,3,3,147,2,No
AIP,3,3,147,2,Yes
AK4,3,3,147,2,No
AKR1C2,3,3,147,2,No
AKR7A2,3,3,147,2,No
ALDOC,3,3,147,2,No
ALG5,3,3,147,2,No
AMN1,3,3,147,2,No
ANAPC10,3,3,147,2,No
ANAPC13,3,3,147,2,No
ANAPC15,3,3,147,2,No
ANKRD54,3,2,147,1.4,No
AP1M2,3,2,147,1.4,No
AP1S1,3,3,147,2,No
AP1S3,3,3,147,2,No
AP3S1,3,2,147,1.4,No
AP5M1,3,3,147,2,No
APEX2,3,2,147,1.4,No
API5,3,3,147,2,No
APOA1,3,3,147,2,No
APOC3,3,3,147,2,No
APOC4,3,3,147,2,No
APRT,3,2,147,1.4,No
APTX,3,3,147,2,No
ARAF,3,3,176,1.7,Yes
ARCN1,3,3,147,2,No
ARFGAP1,3,3,147,2,No
ARFRP1,3,3,147,2,Yes
ARG2,3,3,147,2,No
ARHGDIB,3,3,147,2,No
ARL11,3,2,147,1.4,No
ARMC1,3,3,147,2,No
ARMC10,3,3,147,2,No
ARMC7,3,3,147,2,No
ARMCX4,3,3,147,2,No
ARPC2,3,3,147,2,No
ARPIN,3,3,147,2,No
ARTN,3,3,147,2,No
AS3MT,3,3,147,2,No
ASB12,3,3,147,2,No
ASMTL,3,3,147,2,Yes
ASPN,3,3,147,2,No
ATF3,3,3,147,2,No
ATF7,3,3,147,2,No
ATG16L2,3,3,147,2,No
ATG4A,3,3,147,2,No
ATG5,3,3,147,2,Yes
ATP1B3,3,3,147,2,No
ATP23,3,3,147,2,No
ATP5PF,3,3,147,2,No
ATP5PO,3,3,147,2,No
ATP6AP1,3,3,147,2,Yes
ATP6AP2,3,3,147,2,No
ATP6V0E2,3,3,147,2,No
ATP6V1G3,3,3,147,2,No
ATPAF1,3,3,147,2,No
AUH,3,3,147,2,No
AURKAIP1,3,3,147,2,No
B3GNT4,3,3,147,2,No
B4GALT3,3,3,147,2,No
B4GALT5,3,3,147,2,No
B4GALT6,3,3,147,2,No
BATF3,3,3,147,2,No
BCAT2,3,3,147,2,No
BCL2A1,3,3,147,2,No
BCL7A,3,3,147,2,Yes
BDKRB1,3,3,147,2,No
BEST1,3,3,147,2,No
BET1L,3,3,147,2,No
BEX5,3,3,147,2,No
BGN,3,3,147,2,No
BHLHE23,3,3,147,2,No
BHLHE40,3,3,147,2,No
BIK,3,3,147,2,No
BIRC5,3,2,147,1.4,Yes
BLVRB,3,2,147,1.4,No
BMERB1,3,3,147,2,No
BMP2,3,3,147,2,No
BMP8A,3,3,147,2,No
BMP8B,3,3,147,2,No
BOLA3,3,3,147,2,No
BRICD5,3,3,147,2,No
BRIX1,3,3,147,2,No
BSX,3,3,147,2,No
BTBD17,3,3,147,2,No
BTF3L4,3,3,147,2,No
BTN3A1,3,3,147,2,No
BUB3,3,3,147,2,No
BZW1,3,3,147,2,No
C11ORF68,3,3,147,2,No
C12ORF54,3,3,147,2,No
C12ORF71,3,3,147,2,No
C14ORF180,3,3,147,2,No
C17ORF100,3,3,147,2,No
C17ORF113,3,3,147,2,No
C17ORF78,3,3,147,2,No
C19ORF25,3,3,147,2,No
C1GALT1C1,3,3,147,2,No
C1ORF174,3,3,147,2,No
C1QTNF3,3,3,147,2,No
C20ORF96,3,3,147,2,No
C2CD4D,3,3,147,2,No
C2ORF92,3,2,147,1.4,No
C3ORF18,3,3,147,2,No
C3ORF80,3,2,147,1.4,No
C6ORF47,3,2,147,1.4,No
C7ORF25,3,3,147,2,No
CA13,3,2,147,1.4,No
CABP7,3,2,147,1.4,No
CABYR,3,3,147,2,No
CACYBP,3,3,147,2,No
CALCOCO2,3,3,147,2,No
CALML5,3,3,147,2,No
CALML6,3,3,147,2,No
CALR,3,3,147,2,Yes
CAMK1,3,3,147,2,No
CAPS,3,3,147,2,No
CAPZB,3,3,147,2,No
CARD16,3,3,147,2,No
CARD19,3,3,147,2,No
CASP1,3,3,147,2,No
CASP7,3,3,147,2,No
CATSPERH,3,2,147,1.4,No
CBR4,3,3,147,2,No
CBX1,3,3,147,2,No
CBX5,3,3,147,2,No
CCDC106,3,3,147,2,No
CCDC121,3,3,147,2,No
CCDC137,3,3,147,2,No
CCDC159,3,3,147,2,No
CCDC174,3,3,147,2,No
CCDC192,3,3,147,2,No
CCDC22,3,3,147,2,No
CCDC59,3,3,147,2,No
CCDC85B,3,3,147,2,No
CCER2,3,3,147,2,No
CCL13,3,3,147,2,No
CCL16,3,3,147,2,No
CCL19,3,3,147,2,No
CCL2,3,3,147,2,No
CCL20,3,2,147,1.4,No
CCL21,3,3,147,2,No
CCL3,3,3,147,2,No
CCL4,3,3,147,2,No
CCL7,3,3,147,2,No
CCNA2,3,3,147,2,No
CCNB1IP1,3,3,147,2,Yes
CCNB2,3,3,147,2,No
CCND1,3,3,176,1.7,Yes
CCND3,3,3,176,1.7,Yes
CCNDBP1,3,3,147,2,No
CD14,3,3,147,2,No
CD300LD-AS1,3,3,147,2,No
CD38,3,3,147,2,No
CD58,3,3,147,2,Yes
CD68,3,3,147,2,No
CD7,3,3,147,2,No
CD74,3,3,147,2,Yes
CD8B,3,3,147,2,No
CD99,3,3,147,2,No
CDC7,3,3,147,2,No
CDK11A,3,3,147,2,No
CDK3,3,3,147,2,No
CDK4,3,3,176,1.7,Yes
CDKN2C,3,3,176,1.7,Yes
CEACAM19,3,3,147,2,No
CEBPA,3,3,176,1.7,Yes
CENPA,3,3,147,2,Yes
CENPU,3,3,147,2,No
CENPX,3,3,147,2,No
CFAP119,3,3,147,2,No
CFAP126,3,3,147,2,No
CFAP144,3,2,147,1.4,No
CFAP20,3,3,147,2,No
CFAP276,3,3,147,2,No
CFAP300,3,3,147,2,No
CFAP36,3,3,147,2,No
CFAP97D1,3,3,147,2,No
CFDP1,3,2,147,1.4,No
CGRRF1,3,3,147,2,No
CHCHD2,3,3,147,2,No
CHCHD6,3,3,147,2,No
CHIC2,3,3,147,2,Yes
CHLSN,3,3,147,2,No
CHMP4B,3,3,147,2,No
CHMP4C,3,2,147,1.4,No
CHP1,3,3,147,2,No
CIAO1,3,3,147,2,No
CIAO2A,3,3,147,2,No
CIAPIN1,3,2,147,1.4,No
CIB3,3,3,147,2,No
CIMAP1C,3,3,147,2,No
CIMIP2A,3,3,147,2,No
CIRBP,3,3,147,2,No
CITED1,3,3,147,2,No
CLCF1,3,3,147,2,No
CLDN15,3,3,147,2,No
CLDN2,3,3,147,2,No
CLDN22,3,3,147,2,No
CLDN23,3,3,147,2,No
CLDN4,3,3,147,2,No
CLDN8,3,3,147,2,No
CLEC1B,3,3,147,2,No
CLIC1,3,2,147,1.4,No
CLNS1A,3,3,147,2,No
CLP1,3,3,176,1.7,Yes
CLPP,3,3,147,2,No
CMTM6,3,3,147,2,No
CNIH2,3,2,147,1.4,No
CNOT7,3,2,147,1.4,No
CNTFR,3,3,147,2,No
COA6,3,3,147,2,No
COPRS,3,3,147,2,No
COPS3,3,3,147,2,No
COPS7B,3,3,147,2,No
CORO6,3,3,147,2,No
COX5B,3,3,147,2,No
COX7A2L,3,3,147,2,No
COX7B2,3,3,147,2,No
CRH,3,2,147,1.4,No
CRYBB3,3,3,147,2,No
CSNK1E,3,3,147,2,No
CST11,3,3,147,2,No
CST7,3,3,147,2,No
CSTB,3,3,147,2,No
CT55,3,3,147,2,No
CTRB2,3,2,147,1.4,No
CUEDC2,3,3,147,2,No
CUL4B,3,2,147,1.4,No
CXCL14,3,2,147,1.4,No
CXCR3,3,3,147,2,No
CXXC4,3,3,147,2,No
CYBC1,3,3,147,2,No
CYP1B1,3,3,176,1.7,No
CYP2D6,3,3,176,1.7,No
CYP2R1,3,3,147,2,No
CYSRT1,3,3,147,2,No
CZIB,3,3,147,2,No
DAZAP2,3,3,147,2,No
DCAF12,3,3,147,2,No
DCAKD,3,3,147,2,No
DCPS,3,3,147,2,No
DCTN3,3,3,147,2,No
DCUN1D1,3,2,147,1.4,Yes
DDX18,3,3,147,2,No
DDX19A,3,3,147,2,No
DEFA4,3,3,147,2,No
DEFB114,3,3,147,2,No
DEFB123,3,3,147,2,No
DEFB131A,3,3,147,2,No
DEGS1,3,3,147,2,No
DFFA,3,3,147,2,No
DGAT1,3,3,147,2,No
DHRS7C,3,3,147,2,No
DHRS9,3,3,147,2,No
DHRSX,3,3,147,2,No
DIP2C-AS1,3,3,147,2,No
DIRAS1,3,3,147,2,No
DIRAS3,3,3,147,2,No
DLX1,3,3,147,2,No
DNAAF2,3,3,147,2,No
DNAJB1,3,3,147,2,Yes
DNAJC14,3,3,147,2,No
DNAJC25,3,3,147,2,No
DNAJC28,3,3,147,2,No
DNAJC4,3,3,147,2,No
DNAJC9,3,3,147,2,No
DNASE1L1,3,2,147,1.4,No
DNTTIP2,3,3,147,2,No
DOC2B,3,3,147,2,No
DOLK,3,3,147,2,No
DONSON,3,3,147,2,No
DPH7,3,3,147,2,No
DPT,3,3,147,2,No
DRAM1,3,3,147,2,No
DRAM2,3,3,147,2,No
DRC8,3,3,147,2,No
DRG2,3,3,147,2,No
DRICH1,3,3,147,2,No
DTD2,3,3,147,2,No
DTNBP1,3,3,147,2,No
DTX3L,3,2,147,1.4,No
DUOXA2,3,2,147,1.4,No
DUSP1,3,3,147,2,No
DUSP12,3,3,147,2,No
DUSP14,3,3,147,2,No
DUSP9,3,3,147,2,Yes
DUT,3,3,147,2,No
DYNLT2B,3,3,147,2,No
DYNLT5,3,3,147,2,No
ECI2,3,3,147,2,No
EDA2R,3,3,147,2,No
EDDM3A,3,3,147,2,No
EDF1,3,3,147,2,No
EEF1AKMT4-ECE2,3,2,147,1.4,No
EEF1D,3,3,147,2,No
EFHD2,3,3,147,2,No
EFNA2,3,3,147,2,No
EFNB1,3,3,147,2,No
EFNB2,3,3,147,2,No
EGLN1,3,3,147,2,No
EID2,3,3,147,2,No
EID2B,3,3,147,2,No
EIF1,3,3,147,2,No
EIF2B1,3,3,147,2,Yes
EIF3F,3,3,147,2,No
EIF4E,3,3,147,2,Yes
EIF4EBP2,3,3,147,2,No
EIF5,3,3,147,2,No
ELAVL2,3,3,147,2,No
ELF5,3,3,147,2,No
ELK1,3,3,147,2,No
ELK3,3,3,147,2,No
ELL3,3,3,147,2,No
EMC4,3,3,147,2,No
EMC8,3,3,147,2,No
ENDOU,3,3,147,2,No
ENHO,3,3,147,2,No
ENKUR,3,3,147,2,No
ENY2,3,3,147,2,No
EPN3,3,3,147,2,No
ERCC1,3,3,147,2,Yes
ERLIN1,3,3,147,2,No
ERP29,3,3,147,2,No
ERRFI1,3,3,147,2,Yes
ETFA,3,3,147,2,No
ETFBKMT,3,3,147,2,No
ETNK2,3,3,147,2,No
EXOSC5,3,3,147,2,No
EXOSC7,3,3,147,2,No
F11R,3,3,147,2,No
FAAP24,3,2,147,1.4,No
FABP4,3,3,147,2,No
FAIM,3,3,147,2,No
FAM110C,3,3,147,2,No
FAM131A,3,3,147,2,No
FAM162B,3,2,147,1.4,No
FAM169BP,3,3,147,2,No
FAM181B,3,3,147,2,No
FAM182B,3,3,147,2,No
FAM240A,3,3,147,2,No
FAM43B,3,3,147,2,No
FAM50A,3,3,147,2,No
FAM76A,3,3,147,2,No
FAM76B,3,3,147,2,No
FAM9B,3,3,147,2,No
FATE1,3,3,147,2,No
FAU,3,3,147,2,No
FBXO33,3,3,147,2,No
FBXO6,3,3,147,2,No
FBXO8,3,3,147,2,No
FCF1,3,3,147,2,No
FCN2,3,3,147,2,No
FIGLA,3,3,147,2,No
FKBP14,3,3,147,2,No
FKBP3,3,3,147,2,No
FKBP4,3,3,147,2,No
FLOT1,3,3,147,2,No
FMC1-LUC7L2,3,3,147,2,No
FOSL1,3,3,147,2,No
FOXD4L3,3,2,147,1.4,No
FOXI2,3,3,147,2,No
FOXQ1,3,3,147,2,No
FSCN1,3,3,147,2,No
FSTL3,3,3,147,2,Yes
FUZ,3,3,147,2,No
G0S2,3,3,147,2,No
GABARAP,3,3,147,2,No
GADD45GIP1,3,3,147,2,No
GALR3,3,3,147,2,No
GAR1,3,3,147,2,No
GARIN1A,3,3,147,2,No
GATA5,3,3,147,2,No
GBX2,3,3,147,2,No
GCH1,3,3,147,2,No
GCOM1,3,3,147,2,No
GDNF,3,3,147,2,No
GEMIN8,3,3,147,2,No
GET4,3,3,147,2,No
GGACT,3,3,147,2,No
GGCT,3,3,147,2,No
GIMAP1-GIMAP5,3,3,147,2,No
GJA9,3,3,147,2,No
GJB2,3,3,147,2,No
GK5,3,3,147,2,No
GKAP1,3,3,147,2,No
GLOD4,3,3,147,2,No
GLOD5,3,3,147,2,No
GLT8D1,3,3,147,2,No
GMNN,3,3,147,2,No
GMPR2,3,3,147,2,No
GNB4,3,3,147,2,No
GNG10,3,3,147,2,No
GNG11,3,3,147,2,No
GNG2,3,3,147,2,No
GNPDA2,3,3,147,2,No
GNRH1,3,3,147,2,No
GOLGA6D,3,3,147,2,No
GOLGA7B,3,3,147,2,No
GOLGA8J,3,3,147,2,No
GOLGA8O,3,3,147,2,No
GOLPH3L,3,2,147,1.4,No
GP1BB,3,2,147,1.4,No
GPANK1,3,3,147,2,No
GPBAR1,3,3,147,2,No
GPHA2,3,2,147,1.4,No
GPHB5,3,3,147,2,No
GPR151,3,3,147,2,No
GPR180,3,3,147,2,No
GPR20,3,3,147,2,No
GPR33,3,3,147,2,No
GPR62,3,3,147,2,No
GPR68,3,3,147,2,No
GPR89B,3,3,147,2,No
GPX7,3,3,147,2,No
GPX8,3,3,147,2,No
GRB2,3,3,147,2,No
GRHPR,3,3,147,2,No
GRTP1,3,3,147,2,No
GSG1L2,3,3,147,2,No
GSKIP,3,3,147,2,No
GSTK1,3,3,147,2,No
GSTM3,3,3,147,2,No
GTF2B,3,3,147,2,No
GTF2E2,3,3,147,2,No
GTF2H3,3,3,147,2,No
GTF2IRD2B,3,3,147,2,No
GTPBP8,3,3,147,2,No
GUCA1B,3,1,147,0.7,No
GUCD1,3,3,147,2,No
GULP1,3,3,147,2,No
GYPE,3,3,147,2,No
H1-6,3,3,147,2,No
H2AC4,3,3,147,2,No
H2BC1,3,3,147,2,No
H2BC9,3,3,147,2,No
H2BW1,3,3,147,2,No
H3C13,3,3,147,2,Yes
H4C11,3,3,147,2,No
HACD1,3,3,147,2,No
HACD2,3,3,147,2,No
HAT1,3,3,147,2,No
HBZ,3,3,147,2,No
HCFC1R1,3,3,147,2,No
HDHD3,3,3,147,2,No
HES1,3,3,147,2,No
HIGD1C,3,3,147,2,No
HLA-DOA,3,2,147,1.4,No
HLA-DOB,3,3,147,2,No
HLA-DQB1,3,3,147,2,No
HMCES,3,3,147,2,No
HMG20B,3,3,147,2,No
HMGB1,3,3,147,2,No
HMGB3,3,3,147,2,No
HNRNPA1,3,3,147,2,No
HNRNPD,3,3,147,2,No
HNRNPF,3,3,147,2,No
HNRNPH2,3,3,147,2,No
HNRNPK,3,3,147,2,No
HOGA1,3,3,147,2,No
HOXA1,3,3,147,2,No
HOXA10,3,3,147,2,No
HOXA13,3,3,147,2,Yes
HOXA4,3,3,147,2,No
HOXA5,3,2,147,1.4,No
HOXA6,3,3,147,2,No
HOXB4,3,3,147,2,No
HOXC13,3,3,147,2,Yes
HOXD1,3,3,147,2,No
HPCAL4,3,3,147,2,No
HS2ST1,3,3,147,2,No
HS3ST3B1,3,3,147,2,No
HSD17B13,3,3,147,2,No
HSPA13,3,3,147,2,No
HSPB6,3,3,147,2,No
HTN1,3,3,147,2,No
HUS1,3,3,147,2,No
ICOSLG,3,3,147,2,Yes
IDH3B,3,3,147,2,No
IDI1,3,3,147,2,No
IDNK,3,3,147,2,No
IER2,3,3,147,2,No
IER3,3,3,147,2,No
IER5L,3,3,147,2,No
IFITM1,3,3,147,2,No
IFITM3,3,3,147,2,No
IFNB1,3,3,147,2,No
IFNG,3,3,147,2,No
IGFBP5,3,3,147,2,No
IGSF6,3,3,147,2,No
IL11RA,3,3,147,2,No
IL12B,3,3,147,2,No
IL17RB,3,3,147,2,No
IL2,3,3,147,2,Yes
IL20RB,3,2,147,1.4,No
IL3,3,3,147,2,Yes
IL36A,3,3,147,2,No
IL9,3,3,147,2,No
IMP3,3,3,147,2,No
ING5,3,3,147,2,No
INO80B,3,3,147,2,No
INS-IGF2,3,3,147,2,No
INSL3,3,3,147,2,No
IQCF2,3,2,147,1.4,No
IQCF6,3,3,147,2,No
IRGM,3,3,147,2,No
ITFG1,3,3,147,2,No
IZUMO4,3,3,147,2,No
JAGN1,3,3,147,2,No
JCHAIN,3,3,147,2,No
JMJD4,3,3,147,2,No
JMJD8,3,3,147,2,No
KATNAL2,3,3,147,2,No
KAZALD1,3,3,147,2,No
KBTBD4,3,3,147,2,Yes
KCMF1,3,3,147,2,No
KCND1,3,3,147,2,No
KCNK15,3,3,147,2,No
KCNRG,3,3,147,2,No
KCTD2,3,3,147,2,No
KDELR1,3,3,147,2,No
KDELR2,3,3,147,2,No
KHDRBS1,3,3,147,2,No
KIAA1328,3,3,147,2,No
KISS1,3,3,147,2,No
KLF1,3,3,147,2,No
KLHL9,3,3,147,2,No
KLK11,3,3,147,2,No
KLLN,3,3,147,2,No
KLRC4,3,3,147,2,No
KLRF2,3,3,147,2,No
KMT5A,3,3,147,2,Yes
KRT10-AS1,3,3,147,2,No
KRTAP1-3,3,3,147,2,No
KRTAP10-3,3,3,147,2,No
KRTAP19-2,3,3,147,2,No
KRTAP19-6,3,3,147,2,No
KRTAP20-1,3,3,147,2,No
KRTAP21-1,3,3,147,2,No
KRTAP23-1,3,3,147,2,No
KRTAP4-4,3,3,147,2,No
KRTAP5-9,3,3,147,2,No
KRTAP6-1,3,3,147,2,No
KRTAP9-8,3,3,147,2,No
KRTDAP,3,3,147,2,No
LAMTOR1,3,3,147,2,No
LARGE2,3,3,147,2,No
LAT2,3,2,147,1.4,No
LBHD1,3,3,147,2,No
LCE1B,3,3,147,2,No
LCE3E,3,3,147,2,No
LCE7A,3,3,147,2,No
LCMT1,3,3,147,2,No
LCN10,3,3,147,2,No
LCN12,3,3,147,2,No
LDAF1,3,3,147,2,No
LENEP,3,3,147,2,No
LGALS8,3,2,147,1.4,No
LHFPL2,3,3,147,2,No
LIN37,3,3,147,2,No
LIN7B,3,3,147,2,No
LINC01548,3,2,147,1.4,No
LINC02870,3,3,147,2,No
LINC02875,3,2,147,1.4,No
LINC02914,3,3,147,2,No
LIPA,3,3,147,2,No
LKAAEAR1,3,3,147,2,No
LMNA,3,3,147,2,Yes
LMO4,3,3,147,2,No
LRRC14,3,2,147,1.4,No
LRRC19,3,2,147,1.4,No
LRRC26,3,3,147,2,No
LRRC37A,3,3,147,2,No
LRRC37A2,3,2,147,1.4,No
LRRC38,3,3,147,2,No
LRRC57,3,3,147,2,No
LRRC75A,3,3,147,2,No
LSM10,3,3,147,2,No
LSM3,3,3,147,2,No
LSM4,3,3,147,2,No
LSM5,3,3,147,2,No
LTB4R2,3,3,147,2,No
LY6E,3,2,147,1.4,No
LYPD1,3,3,147,2,No
LYPD5,3,2,147,1.4,No
LYPLA2,3,3,147,2,No
LYPLAL1,3,3,147,2,No
LYRM7,3,3,147,2,No
LYRM9,3,3,147,2,No
LYSET,3,1,147,0.7,No
LYSMD2,3,3,147,2,No
LYZL4,3,2,147,1.4,No
LYZL6,3,3,147,2,No
LZTS1,3,3,147,2,Yes
M6PR,3,3,147,2,No
MACIR,3,3,147,2,No
MACROD1,3,3,147,2,No
MACROH2A1,3,2,147,1.4,No
MAD2L1,3,3,147,2,No
MAD2L1BP,3,3,147,2,No
MAF1,3,3,147,2,No
MAFB,3,3,147,2,Yes
MAGEA12,3,3,147,2,No
MANEAL,3,3,147,2,No
MANSC4,3,3,147,2,No
MAP6D1,3,3,147,2,No
MAPK3,3,3,176,1.7,Yes
MARCHF2,3,3,147,2,No
MB,3,3,147,2,No
MBD2,3,3,147,2,No
MBD3L2,3,3,147,2,No
MBNL3,3,3,147,2,No
MC1R,3,3,147,2,No
MCEE,3,2,147,1.4,No
MCIDAS,3,3,147,2,No
MCUB,3,3,147,2,No
MED7,3,3,147,2,No
MESP1,3,3,147,2,No
METRN,3,3,147,2,No
METRNL,3,3,147,2,No
METTL24,3,3,147,2,No
METTL2A,3,3,147,2,No
METTL9,3,3,147,2,No
MFAP1,3,3,147,2,No
MFAP4,3,2,147,1.4,No
MGAT2,3,3,147,2,No
MIEF1,3,3,147,2,No
MIR5694,3,3,147,2,No
MIR650,3,3,147,2,No
MIR9-1HG,3,3,147,2,No
MIS12,3,3,147,2,No
MIXL1,3,3,147,2,No
MKRN2OS,3,3,147,2,No
MLF2,3,3,147,2,No
MLST8,3,3,147,2,No
MLX,3,3,147,2,No
MMACHC,3,3,147,2,No
MNS1,3,3,147,2,No
MNX1,3,3,176,1.7,Yes
MOB1A,3,3,147,2,No
MOB4,3,3,147,2,No
MORN3,3,3,147,2,No
MOSPD2,3,3,147,2,No
MPC1L,3,3,147,2,No
MPST,3,3,147,2,No
MPZ,3,3,147,2,No
MRAP,3,3,147,2,No
MREG,3,3,147,2,No
MRM1,3,3,147,2,No
MRPL10,3,3,147,2,No
MRPL18,3,3,147,2,No
MRPL28,3,3,147,2,No
MRPL30,3,2,147,1.4,No
MRPL42,3,3,147,2,No
MRPL49,3,3,147,2,No
MRPL54,3,3,147,2,No
MRPS11,3,3,147,2,No
MRPS24,3,3,147,2,No
MRPS25,3,3,147,2,No
MSANTD3-TMEFF1,3,3,147,2,No
MSMB,3,3,147,2,No
MSRB2,3,3,147,2,No
MSX2,3,3,147,2,No
MTERF3,3,2,147,1.4,No
MTFR1,3,3,147,2,No
MTRES1,3,3,147,2,No
MXD4,3,3,147,2,No
MYDGF,3,3,147,2,No
MYOCOS,3,3,147,2,No
NAA38,3,3,147,2,No
NAA50,3,2,147,1.4,No
NADK2,3,3,147,2,No
NAF1,3,3,147,2,No
NAGPA,3,3,147,2,No
NANS,3,3,147,2,No
NAP1L2,3,2,147,1.4,No
NDFIP2,3,3,147,2,No
NDUFA12,3,3,147,2,No
NDUFA6,3,3,147,2,No
NDUFA7,3,3,147,2,No
NDUFA8,3,3,147,2,No
NDUFA9,3,3,147,2,No
NDUFAF3,3,3,147,2,No
NDUFAF5,3,3,147,2,No
NEFL,3,3,147,2,No
NENF,3,3,147,2,No
NET1,3,3,147,2,No
NHLRC3,3,3,147,2,No
NKAP,3,2,147,1.4,No
NKG7,3,3,147,2,No
NKX2-1,3,3,176,1.7,Yes
NKX2-4,3,3,147,2,No
NKX2-6,3,3,147,2,No
NKX6-2,3,3,147,2,No
NMNAT2,3,3,147,2,No
NMRK1,3,3,147,2,No
NOA1,3,3,147,2,No
NOB1,3,3,147,2,No
NOCT,3,3,147,2,No
NOG,3,3,147,2,No
NOL12,3,3,147,2,No
NOMO3,3,3,147,2,No
NOTCH2NLA,3,3,147,2,No
NPB,3,3,147,2,No
NPBWR1,3,3,147,2,No
NPFF,3,3,147,2,No
NPM2,3,3,147,2,No
NPPA,3,3,147,2,No
NPRL2,3,3,147,2,No
NPRL3,3,3,147,2,No
NPTN,3,3,147,2,No
NR2C2,3,3,147,2,No
NR2E3,3,3,147,2,No
NRBP2,3,3,147,2,No
NRM,3,3,147,2,No
NT5C3B,3,3,147,2,No
NT5DC2,3,3,147,2,No
NTAQ1,3,3,147,2,No
NTF3,3,3,147,2,No
NTS,3,3,147,2,No
NUDC,3,3,147,2,No
NUDT1,3,3,147,2,No
NUDT13,3,3,147,2,No
NUF2,3,3,147,2,Yes
NUP62,3,3,147,2,No
NUS1,3,3,147,2,No
NUSAP1,3,2,147,1.4,No
NUTM2B,3,3,147,2,Yes
NUTM2E,3,3,147,2,No
NXNL1,3,3,147,2,No
NXT1,3,2,147,1.4,No
OAS1,3,3,147,2,No
OAZ1,3,2,147,1.4,No
OAZ3,3,3,147,2,No
OCEL1,3,3,147,2,No
OGG1,3,3,147,2,No
OLIG2,3,3,147,2,Yes
OLIG3,3,3,147,2,No
OMG,3,3,147,2,No
OOEP,3,3,147,2,No
OR11H12,3,3,147,2,No
OR2AE1,3,2,147,1.4,No
OR2T8,3,3,147,2,No
ORC6,3,3,147,2,No
ORM1,3,3,147,2,No
OSCAR,3,3,147,2,No
OSER1,3,3,147,2,No
OSR2,3,3,147,2,No
OSTF1,3,3,147,2,No
OTUB1,3,3,147,2,No
OTUB2,3,3,147,2,No
OXSM,3,3,147,2,No
P2RY4,3,3,147,2,No
PABIR2,3,3,147,2,No
PABIR3,3,3,147,2,No
PACSIN2,3,3,147,2,No
PAFAH1B2,3,3,176,1.7,Yes
PAG1,3,3,147,2,Yes
PANK3,3,3,147,2,No
PARD6A,3,3,147,2,No
PARG,3,3,147,2,No
PARP11,3,3,147,2,No
PARVA,3,3,147,2,No
PATE2,3,3,147,2,No
PCID2,3,3,147,2,No
PCLAF,3,3,147,2,No
PCSK1N,3,2,147,1.4,No
PDCD6,3,3,147,2,No
PDE6D,3,3,147,2,No
PDE6G,3,2,147,1.4,No
PDGFRL,3,3,147,2,No
PDHA1,3,3,147,2,No
PDK3,3,3,147,2,No
PDLIM1,3,3,147,2,No
PDPK1,3,3,176,1.7,Yes
PDZK1,3,3,147,2,No
PEF1,3,3,147,2,No
PEX13,3,3,147,2,No
PEX3,3,3,147,2,No
PEX7,3,3,147,2,No
PFDN4,3,3,147,2,No
PFDN5,3,3,147,2,No
PFKFB4,3,3,147,2,No
PGA5,3,3,147,2,No
PGAM1,3,3,147,2,No
PHAX,3,3,147,2,No
PHOSPHO2,3,3,147,2,No
PIGA,3,3,147,2,Yes
PIGL,3,3,147,2,No
PIGM,3,3,147,2,No
PIGW,3,3,147,2,No
PIK3CD-AS1,3,3,147,2,No
PIP4P1,3,3,147,2,No
PITPNA,3,3,147,2,No
PKIB,3,3,147,2,No
PLA2G1B,3,3,147,2,No
PLA2G2A,3,3,147,2,No
PLAC8,3,3,147,2,No
PLEKHB1,3,3,147,2,No
PLEKHF1,3,3,147,2,No
PLLP,3,3,147,2,No
PLPBP,3,3,147,2,No
PLS3,3,3,147,2,No
PMF1,3,3,147,2,No
PNMA3,3,3,147,2,No
PNP,3,3,147,2,No
POC1A,3,3,147,2,No
POC1B-GALNT4,3,2,147,1.4,No
POGLUT1,3,3,147,2,No
POLD2,3,3,147,2,No
POLD3,3,3,147,2,No
POLR1E,3,3,147,2,No
POLR2M,3,3,147,2,No
POP4,3,3,147,2,No
POTEA,3,3,147,2,No
POU2AF3,3,3,147,2,No
PPAN-P2RY11,3,3,147,2,No
PPIB,3,3,147,2,No
PPIL3,3,2,147,1.4,No
PPM1G,3,3,147,2,No
PPM1J,3,3,147,2,No
PPP1R14C,3,3,147,2,No
PPP1R2B,3,3,147,2,No
PPP1R3G,3,3,147,2,No
PPP2R2A,3,3,147,2,Yes
PPP4C,3,3,147,2,No
PQBP1,3,3,147,2,No
PRAMEF22,3,3,147,2,No
PRAMEF5,3,2,147,1.4,No
PRAMEF6,3,3,147,2,No
PRAP1,3,3,147,2,No
PRDM6,3,3,147,2,No
PRDM8,3,3,147,2,No
PRDX4,3,3,147,2,No
PRDX6,3,3,147,2,No
PREB,3,3,147,2,No
PRKAG1,3,3,147,2,No
PRKAR2A,3,3,147,2,No
PRM2,3,3,147,2,No
PRMT6,3,3,147,2,No
PROB1,3,2,147,1.4,No
PRPF4,3,3,147,2,No
PRPS2,3,1,147,0.7,No
PRR13,3,3,147,2,No
PRR21,3,3,147,2,No
PRR29,3,2,147,1.4,No
PRR4,3,3,147,2,No
PRRG2,3,3,147,2,No
PRRG4,3,3,147,2,No
PRSS2,3,3,147,2,No
PRSS3,3,3,147,2,No
PRSS33,3,3,147,2,No
PRSS51,3,3,147,2,No
PRTN3,3,2,147,1.4,No
PRXL2C,3,3,147,2,No
PSENEN,3,3,147,2,No
PSMC1,3,3,147,2,No
PSMC3IP,3,3,147,2,No
PSMC5,3,3,147,2,No
PSMC6,3,3,147,2,No
PSORS1C1,3,3,147,2,No
PSPH,3,3,147,2,No
PSTPIP1,3,3,147,2,No
PTDSS2,3,3,147,2,No
PTGER1,3,3,147,2,No
PTGES2,3,3,147,2,No
PTGR1,3,3,147,2,No
PTH2,3,3,147,2,No
PTS,3,3,147,2,No
PTTG1IP,3,3,147,2,No
PVALB,3,3,147,2,No
PWWP4,3,3,147,2,No
PYCR3,3,2,147,1.4,No
PYDC2,3,3,147,2,No
PYROXD1,3,3,147,2,No
PYY,3,3,147,2,No
RAB10,3,3,147,2,No
RAB15,3,3,147,2,No
RAB27A,3,3,147,2,No
RAB2B,3,3,147,2,No
RAB30,3,3,147,2,No
RAB31,3,3,147,2,No
RAB39B,3,3,147,2,No
RAB41,3,3,147,2,No
RAB8B,3,3,147,2,No
RABEPK,3,2,147,1.4,No
RABGGTB,3,3,147,2,No
RAD51AP1,3,3,147,2,No
RALB,3,3,147,2,No
RANGRF,3,3,147,2,No
RAP2B,3,3,147,2,No
RASD1,3,2,147,1.4,No
RASL10B,3,3,147,2,No
RASSF1,3,3,147,2,No
RBCK1,3,3,147,2,No
RBM24,3,3,147,2,No
RBM4,3,2,147,1.4,No
RBM4B,3,3,147,2,No
RBM7,3,3,147,2,No
RBM8A,3,3,147,2,No
RBMS1,3,3,147,2,No
RBP4,3,3,147,2,No
RCHY1,3,3,147,2,No
RCN2,3,3,147,2,No
RCOR3,3,3,147,2,No
RD3,3,3,147,2,No
RDH10,3,3,147,2,No
RDH11,3,3,147,2,No
RDM1,3,3,147,2,No
REELD1,3,3,147,2,No
REEP4,3,3,147,2,No
RFK,3,2,147,1.4,No
RFLNA,3,3,147,2,No
RFT1,3,3,147,2,No
RFWD3,3,3,147,2,No
RGS10,3,3,147,2,No
RHBDD1,3,3,147,2,No
RHOF,3,2,147,1.4,No
RHOXF2B,3,3,147,2,No
RILPL1,3,3,147,2,No
RIMKLB,3,2,147,1.4,No
RIOX1,3,3,147,2,No
RLIM,3,3,147,2,No
RLN2,3,3,147,2,No
RMDN2,3,3,147,2,No
RNASE11,3,3,147,2,No
RNASE13,3,3,147,2,No
RNASE6,3,3,147,2,No
RNASE8,3,3,147,2,No
RNASEH1,3,3,147,2,No
RNASEH2B,3,3,147,2,Yes
RNF130,3,3,147,2,No
RNF14,3,3,147,2,No
RNF144A,3,3,147,2,No
RNF151,3,3,147,2,No
RNF2,3,3,147,2,No
RNF24,3,3,147,2,No
RNF4,3,3,147,2,No
RNH1,3,3,147,2,No
ROM1,3,3,147,2,No
RPL13A,3,3,147,2,No
RPL15,3,3,147,2,No
RPL27,3,3,147,2,No
RPL3,3,3,147,2,No
RPL37A,3,3,147,2,No
RPL4,3,3,147,2,No
RPL6,3,3,147,2,No
RPL9,3,3,147,2,No
RPS2,3,3,147,2,No
RPS27A,3,3,147,2,No
RPS29,3,3,147,2,No
RPS6KB2,3,3,147,2,Yes
RPS7,3,3,147,2,No
RPSA,3,3,147,2,No
RRAD,3,3,147,2,No
RRAGC,3,3,147,2,Yes
RRP7A,3,3,147,2,No
RS1,3,3,147,2,No
RSKR,3,3,147,2,No
RSPH14,3,3,147,2,No
RSPRY1,3,3,147,2,No
RSRP1,3,3,147,2,No
RTL5,3,3,147,2,No
RTP3,3,3,147,2,No
S100A10,3,3,147,2,No
S100A2,3,3,147,2,No
SAE1,3,3,147,2,No
SAPCD2,3,3,147,2,No
SAR1B,3,3,147,2,No
SASH3,3,3,147,2,No
SAT2,3,3,147,2,No
SCAMP1,3,3,147,2,No
SCGB1A1,3,3,147,2,No
SCN4B,3,3,147,2,No
SDF4,3,3,147,2,No
SDHAF2,3,3,176,1.7,Yes
SDR42E2,3,3,147,2,No
SEC11C,3,3,147,2,No
SELENOM,3,3,147,2,No
SEM1,3,3,147,2,No
SENP8,3,3,147,2,No
SEPTIN2,3,3,147,2,No
SEPTIN7,3,2,147,1.4,No
SERINC1,3,3,147,2,No
SERPINB10,3,3,147,2,No
SF3A3,3,3,147,2,No
SF3B5,3,2,147,1.4,No
SFRP1,3,3,147,2,Yes
SFT2D1,3,3,147,2,No
SFTPC,3,3,147,2,No
SFXN5,3,3,147,2,No
SH3BGRL2,3,3,147,2,No
SH3BP1,3,3,147,2,No
SH3GLB2,3,3,147,2,No
SH3YL1,3,3,147,2,No
SHISA3,3,3,147,2,No
SHLD1,3,3,147,2,No
SHLD3,3,3,147,2,No
SIK1B,3,3,147,2,No
SKP1,3,3,147,2,No
SLA2,3,2,147,1.4,No
SLC10A3,3,3,147,2,No
SLC10A7,3,3,147,2,No
SLC16A12,3,3,147,2,No
SLC16A13,3,2,147,1.4,No
SLC16A2,3,2,147,1.4,No
SLC17A5,3,3,147,2,No
SLC19A4P,3,3,147,2,No
SLC22A4,3,3,147,2,No
SLC25A1,3,3,147,2,No
SLC25A14,3,3,147,2,No
SLC25A2,3,3,147,2,No
SLC25A23,3,3,147,2,No
SLC25A28,3,3,147,2,No
SLC25A29,3,3,147,2,No
SLC25A32,3,3,147,2,No
SLC25A33,3,3,147,2,No
SLC25A36,3,3,147,2,No
SLC25A4,3,3,147,2,No
SLC25A43,3,3,147,2,No
SLC33A2,3,3,147,2,No
SLC35A5,3,3,147,2,No
SLC35E2B,3,3,147,2,No
SLC35F2,3,2,147,1.4,No
SLC37A4,3,3,147,2,No
SLC46A1,3,3,147,2,No
SLC52A1,3,3,147,2,No
SLC66A1LP,3,2,147,1.4,No
SLC66A2,3,3,147,2,No
SLC67A1-AS,3,3,147,2,No
SLC6A8,3,3,147,2,No
SLC9A6,3,3,147,2,No
SLURP1,3,3,147,2,No
SMIM24,3,3,147,2,No
SNAI2,3,3,147,2,No
SNCG,3,3,147,2,No
SNX22,3,3,147,2,No
SNX3,3,3,147,2,No
SOSTDC1,3,3,147,2,No
SOX12,3,3,147,2,No
SP5,3,3,147,2,No
SPANXN1,3,3,147,2,No
SPANXN2,3,3,147,2,No
SPANXN5,3,3,147,2,No
SPATA45,3,3,147,2,No
SPATA9,3,3,147,2,No
SPCS1,3,3,147,2,No
SPDL1,3,3,147,2,No
SPDYE6,3,2,147,1.4,No
SPIN1,3,3,147,2,No
SPIN3,3,3,147,2,No
SPIN4,3,3,147,2,No
SPINK8,3,3,147,2,No
SPMIP2,3,3,147,2,No
SPOP,3,3,147,2,Yes
SPPL2A,3,2,147,1.4,No
SPRR2B,3,3,147,2,No
SQLE,3,3,147,2,No
SRI,3,3,147,2,No
SRPRB,3,3,147,2,No
SRSF12,3,3,147,2,No
SRSF3,3,3,147,2,Yes
SRSF9,3,3,147,2,No
SSB,3,3,147,2,No
SSBP3,3,3,147,2,No
SSR1,3,3,147,2,No
SSU72L6,3,3,147,2,No
STARD7,3,3,147,2,No
STBD1,3,3,147,2,No
STEEP1,3,3,147,2,No
STK17A,3,3,147,2,No
STK26,3,3,147,2,No
STK4,3,3,147,2,No
STUB1,3,3,147,2,No
STX19,3,3,147,2,No
STX2,3,3,147,2,No
STX7,3,3,147,2,No
STX8,3,3,147,2,No
SUCLG1,3,3,147,2,No
SUPT3H,3,3,147,2,No
SURF1,3,3,147,2,No
SURF6,3,3,147,2,No
SYCE2,3,3,147,2,No
SYNGR2,3,2,147,1.4,No
SYT15,3,3,147,2,No
SYT8,3,3,147,2,No
TACO1,3,3,147,2,No
TACSTD2,3,3,147,2,Yes
TAF12,3,3,147,2,No
TAFA3,3,3,147,2,No
TAFAZZIN,3,3,147,2,No
TAGLN,3,3,147,2,No
TAGLN2,3,3,147,2,No
TAMM41,3,2,147,1.4,No
TANGO2,3,3,147,2,No
TAPBP,3,3,147,2,No
TBC1D29P,3,3,176,1.7,No
TBCB,3,3,147,2,No
TCAP,3,3,147,2,No
TCEA1,3,3,147,2,Yes
TCF19,3,3,147,2,No
TCL1A,3,3,147,2,Yes
TCP10L3,3,3,147,2,No
TEFM,3,3,147,2,No
TEX264,3,3,147,2,No
TFE3,3,3,147,2,Yes
TGFBR3L,3,3,147,2,No
TGIF2LY,3,3,147,2,No
THAP5,3,3,147,2,No
THOC7,3,3,147,2,No
THRSP,3,3,147,2,No
TIFA,3,3,147,2,No
TIMM22,3,3,147,2,No
TIPRL,3,3,147,2,No
TLE5,3,3,147,2,No
TLX2,3,3,147,2,No
TMBIM4,3,3,147,2,No
TMBIM6,3,3,147,2,No
TMED4,3,3,147,2,No
TMEM102,3,3,147,2,No
TMEM117,3,3,147,2,No
TMEM120B,3,3,147,2,No
TMEM121,3,2,147,1.4,No
TMEM129,3,3,147,2,No
TMEM134,3,3,147,2,No
TMEM147,3,3,147,2,No
TMEM14EP,3,3,147,2,No
TMEM150A,3,3,147,2,No
TMEM170A,3,3,147,2,No
TMEM179B,3,3,147,2,No
TMEM18,3,3,147,2,No
TMEM19,3,3,147,2,No
TMEM205,3,2,147,1.4,No
TMEM207,3,3,147,2,No
TMEM213,3,3,147,2,No
TMEM229A,3,3,147,2,No
TMEM239,3,3,147,2,No
TMEM240,3,3,147,2,No
TMEM244,3,3,147,2,No
TMEM248,3,3,147,2,No
TMEM35A,3,3,147,2,No
TMEM38B,3,3,147,2,No
TMEM54,3,3,147,2,No
TMEM86B,3,3,147,2,No
TMEM87A,3,3,147,2,No
TMEM9,3,3,147,2,No
TMLHE,3,3,147,2,No
TNF,3,2,147,1.4,No
TNFAIP8,3,3,147,2,No
TNFRSF10C,3,3,147,2,No
TNFRSF13C,3,3,147,2,No
TNFRSF6B,3,3,147,2,No
TNNT3,3,3,147,2,No
TNP2,3,2,147,1.4,No
TOMM7,3,3,147,2,No
TOMT,3,3,147,2,No
TOR1B,3,3,147,2,No
TP53AIP1,3,3,147,2,No
TP53I13,3,3,147,2,No
TP53RK,3,3,147,2,No
TPD52,3,3,147,2,No
TPD52L3,3,3,147,2,No
TPGS1,3,3,147,2,No
TPI1,3,3,147,2,No
TPRKB,3,3,147,2,No
TRAPPC2L,3,3,147,2,No
TRAPPC3L,3,3,147,2,No
TRAPPC6A,3,2,147,1.4,No
TREX2,3,3,147,2,No
TRIM14,3,3,147,2,No
TRIM16L,3,3,147,2,No
TRIM52,3,3,147,2,No
TRIR,3,3,147,2,No
TRMT1,3,3,147,2,No
TRMT11,3,3,147,2,No
TRMT2B,3,3,147,2,No
TRPT1,3,3,147,2,No
TSACC,3,3,147,2,No
TSPAN7,3,3,147,2,No
TSPAN8,3,3,147,2,No
TSSK4,3,3,147,2,No
TTC19,3,2,147,1.4,No
TTC9C,3,3,147,2,No
TTL,3,3,147,2,Yes
TUBA1B,3,3,147,2,No
TUBA1C,3,3,147,2,No
TUBG2,3,3,147,2,No
TVP23C,3,2,147,1.4,No
TXN,3,3,147,2,No
TXNDC5,3,3,147,2,No
TXNL4B,3,3,147,2,No
TYW5,3,3,147,2,No
UBA5,3,3,147,2,No
UBB,3,3,147,2,No
UBE2B,3,3,147,2,No
UBE2C,3,3,147,2,No
UBE2E2,3,3,147,2,No
UBE2I,3,3,147,2,No
UBE2NL,3,3,147,2,No
UBE2Q1,3,3,147,2,No
UBE2U,3,3,147,2,No
UBL4B,3,3,147,2,No
UCK2,3,3,147,2,No
UFSP2,3,3,147,2,No
UGT1A4,3,3,147,2,No
UGT1A7,3,3,147,2,No
UNC119,3,3,147,2,No
USP17L11,3,1,147,0.7,No
USP46,3,3,147,2,No
UTP23,3,3,147,2,No
UTY,3,3,147,2,No
VASH1,3,3,147,2,No
VCX2,3,3,147,2,No
VDR,3,3,147,2,No
VEGFD,3,3,147,2,No
VKORC1,3,3,147,2,No
VMO1,3,3,147,2,No
VPS26B,3,3,147,2,No
VPS26C,3,3,147,2,No
VSIG10,3,3,147,2,No
VSTM5,3,3,147,2,No
VXN,3,3,147,2,No
WDFY2,3,3,147,2,No
WDR5,3,3,147,2,No
WDR55,3,3,147,2,No
WFDC1,3,3,147,2,No
WFDC2,3,3,147,2,No
WFDC9,3,3,147,2,No
WNT16,3,3,147,2,No
WNT9B,3,3,147,2,No
WTAP,3,3,147,2,No
XAGE5,3,3,147,2,No
XKR8,3,3,147,2,No
XPA,3,2,176,1.1,Yes
YIF1A,3,3,147,2,No
YIPF2,3,3,147,2,No
YIPF5,3,3,147,2,No
YIPF6,3,3,147,2,No
YPEL1,3,3,147,2,No
YWHAG,3,3,147,2,No
YWHAH,3,3,147,2,No
ZBED10P,3,3,147,2,No
ZBTB44,3,3,147,2,No
ZC3H12D,3,2,147,1.4,No
ZCCHC17,3,3,147,2,No
ZCRB1,3,3,147,2,No
ZDHHC21,3,3,147,2,No
ZFAND1,3,2,147,1.4,No
ZFAND2A,3,3,147,2,No
ZFAND2B,3,3,147,2,No
ZFP1,3,3,147,2,No
ZFP3,3,3,147,2,No
ZFP36,3,2,147,1.4,No
ZFP92,3,3,147,2,No
ZFTA,3,3,147,2,No
ZFYVE21,3,3,147,2,No
ZHX1-C8ORF76,3,3,147,2,No
ZMYND10,3,3,147,2,No
ZMYND19,3,2,147,1.4,No
ZNF131,3,3,147,2,No
ZNF140,3,3,147,2,No
ZNF276,3,3,147,2,No
ZNF32,3,3,147,2,No
ZNF460,3,3,147,2,No
ZNF595,3,1,147,0.7,No
ZNF639,3,3,147,2,No
ZNF654,3,3,147,2,No
ZNF664,3,3,147,2,No
ZNF672,3,2,147,1.4,No
ZNF688,3,3,147,2,No
ZNF706,3,3,147,2,No
ZNF717,3,3,147,2,No
ZNF718,3,3,147,2,No
ZNF736,3,3,147,2,No
ZNF764,3,3,147,2,No
ZNF783,3,3,147,2,No
ZNF784,3,3,147,2,No
ZNF79,3,3,147,2,No
ZNF821,3,3,147,2,No
ZNF892,3,3,147,2,No
ZNHIT1,3,3,147,2,No
ZNHIT2,3,3,147,2,No
ZNRD2,3,2,147,1.4,No
ZNRF1,3,3,147,2,No
ZSCAN16,3,3,147,2,No
ZSCAN30,3,3,147,2,No
ZSWIM1,3,3,147,2,No
ZWINT,3,3,147,2,No
A3GALT2,2,2,147,1.4,No
ABCD1,2,2,147,1.4,No
ABHD14B,2,2,147,1.4,No
ABHD17A,2,2,147,1.4,No
ABITRAM,2,2,147,1.4,No
ACKR4,2,2,147,1.4,No
ACOT2,2,2,147,1.4,No
ACTR10,2,2,147,1.4,No
ACTR3C,2,2,147,1.4,No
ADORA2B,2,2,147,1.4,No
ADRB1,2,2,147,1.4,No
AEBP2,2,2,147,1.4,No
AIFM1,2,2,147,1.4,No
AIG1,2,2,147,1.4,No
AIMP2,2,2,147,1.4,No
AIRIM,2,2,147,1.4,No
AK1,2,2,147,1.4,No
AKAP5,2,2,147,1.4,No
AKIRIN1,2,2,147,1.4,No
AKR1C8,2,2,147,1.4,No
AKR7L,2,2,147,1.4,No
ALG1L2,2,2,147,1.4,No
ALG9,2,2,147,1.4,No
ALKBH5,2,2,147,1.4,No
ALKBH7,2,2,147,1.4,No
ALOX5AP,2,2,147,1.4,No
AMELY,2,2,147,1.4,No
AMT,2,2,147,1.4,No
ANGPTL8,2,1,147,0.7,No
ANKRA2,2,2,147,1.4,No
ANKRD16,2,2,147,1.4,No
ANKRD22,2,2,147,1.4,No
ANKRD39,2,1,147,0.7,No
ANP32E,2,2,147,1.4,No
ANXA2R,2,2,147,1.4,No
AP1AR,2,2,147,1.4,No
AP1S2,2,2,147,1.4,No
AP3M2,2,2,147,1.4,No
APELA,2,2,147,1.4,No
APEX1,2,2,147,1.4,Yes
APH1B,2,2,147,1.4,No
APOBEC3C,2,2,147,1.4,No
APOC1,2,2,147,1.4,No
APOLD1,2,2,147,1.4,No
APOOL,2,2,147,1.4,No
APPBP2,2,2,147,1.4,No
ARGLU1,2,2,147,1.4,No
ARHGAP11B,2,2,147,1.4,No
ARHGDIG,2,2,147,1.4,No
ARIH2OS,2,2,147,1.4,No
ARL14,2,2,147,1.4,No
ARL15,2,2,147,1.4,No
ARL2,2,2,147,1.4,No
ARL3,2,2,147,1.4,No
ARL4A,2,2,147,1.4,No
ARL6,2,2,147,1.4,No
ARL6IP4,2,2,147,1.4,No
ARMCX1,2,2,147,1.4,No
ARMH2,2,2,147,1.4,No
ARMS2,2,2,147,1.4,No
ARPC1B,2,2,147,1.4,No
ARPC4,2,2,147,1.4,No
ASAH1,2,2,147,1.4,No
ASB8,2,2,147,1.4,No
ASCL3,2,2,147,1.4,No
ASCL5,2,1,147,0.7,No
ASIP,2,2,147,1.4,No
ATP11AUN,2,2,147,1.4,No
ATP1B1,2,2,147,1.4,No
ATP1B2,2,2,147,1.4,No
ATP5PD,2,2,147,1.4,No
ATP6V1D,2,2,147,1.4,No
ATP6V1E1,2,2,147,1.4,No
ATP6V1E2,2,2,147,1.4,No
ATP6V1G2-DDX39B,2,2,147,1.4,No
ATPAF2,2,2,147,1.4,No
ATRAID,2,2,147,1.4,No
AZI2,2,2,147,1.4,No
AZIN1,2,2,147,1.4,No
B3GALT4,2,2,147,1.4,No
B3GALT6,2,2,147,1.4,No
B3GALT9,2,2,147,1.4,No
B9D1,2,2,147,1.4,No
BAALC,2,2,147,1.4,Yes
BACE1,2,2,147,1.4,No
BAG1,2,1,147,0.7,No
BAG4,2,2,147,1.4,No
BARX1,2,2,147,1.4,No
BBC3,2,2,147,1.4,Yes
BBS5,2,2,147,1.4,No
BCAS2,2,2,147,1.4,No
BCAS4,2,2,147,1.4,No
BCCIP,2,2,147,1.4,No
BCL10,2,2,147,1.4,Yes
BCL2,2,2,176,1.1,Yes
BCL2L11,2,2,147,1.4,Yes
BDH2,2,2,147,1.4,No
BEX1,2,2,147,1.4,No
BEX2,2,2,147,1.4,No
BEX4,2,2,147,1.4,No
BLCAP,2,2,147,1.4,No
BLID,2,2,147,1.4,No
BLOC1S3,2,2,147,1.4,No
BNIP2,2,2,147,1.4,No
BOD1,2,2,147,1.4,No
BOK,2,2,147,1.4,No
BOLA1,2,2,147,1.4,No
BOP1,2,2,147,1.4,No
BORCS5,2,2,147,1.4,No
BORCS8-MEF2B,2,2,147,1.4,No
BRI3BP,2,2,147,1.4,No
BTF3,2,2,147,1.4,No
BTG2,2,2,147,1.4,Yes
BTG3,2,2,147,1.4,No
C10ORF105,2,2,147,1.4,No
C12ORF60,2,2,147,1.4,No
C14ORF119,2,2,147,1.4,No
C15ORF40,2,2,147,1.4,No
C17ORF99,2,2,147,1.4,No
C19ORF84,2,2,147,1.4,No
C1D,2,2,147,1.4,No
C1GALT1C1L,2,2,147,1.4,No
C1ORF105,2,2,147,1.4,No
C1ORF115,2,2,147,1.4,No
C1ORF210,2,2,147,1.4,No
C1ORF226,2,2,147,1.4,No
C1ORF232,2,2,147,1.4,No
C1ORF35,2,2,147,1.4,No
C1ORF54,2,2,147,1.4,No
C1ORF56,2,2,147,1.4,No
C1ORF74,2,2,147,1.4,No
C1QL2,2,2,147,1.4,No
C22ORF46P,2,2,147,1.4,No
C2CD4A,2,2,147,1.4,No
C2CD4B,2,2,147,1.4,No
C2ORF74,2,2,147,1.4,No
C2ORF76,2,2,147,1.4,No
C3ORF33,2,2,147,1.4,No
C3ORF85,2,2,147,1.4,No
C4ORF36,2,2,147,1.4,No
C5ORF24,2,2,147,1.4,No
C5ORF46,2,2,147,1.4,No
C6ORF136,2,2,147,1.4,No
C6ORF163,2,2,147,1.4,No
C6ORF52,2,2,147,1.4,No
C8ORF89,2,2,147,1.4,No
C8ORF90,2,2,147,1.4,No
C9ORF153,2,2,147,1.4,No
C9ORF57,2,2,147,1.4,No
CAAP1,2,2,147,1.4,No
CAB39,2,2,147,1.4,No
CAB39L,2,2,147,1.4,No
CACFD1,2,2,147,1.4,No
CALM2,2,2,147,1.4,No
CALML3,2,2,147,1.4,No
CALU,2,2,147,1.4,No
CAMKMT,2,2,147,1.4,No
CARD18,2,2,147,1.4,No
CARHSP1,2,2,147,1.4,No
CARTPT,2,2,147,1.4,No
CASP16P,2,2,147,1.4,No
CASTOR3P,2,2,147,1.4,No
CATSPERQ,2,2,147,1.4,No
CAVIN3,2,2,147,1.4,No
CBFB,2,2,176,1.1,Yes
CBX3,2,2,147,1.4,No
CCDC122,2,2,147,1.4,No
CCDC124,2,2,147,1.4,No
CCDC125,2,2,147,1.4,No
CCDC126,2,2,147,1.4,No
CCDC142,2,2,147,1.4,No
CCDC167,2,2,147,1.4,No
CCDC179,2,2,147,1.4,No
CCDC182,2,2,147,1.4,No
CCDC184,2,2,147,1.4,No
CCDC194,2,2,147,1.4,No
CCDC86,2,2,147,1.4,No
CCDC90B,2,2,147,1.4,No
CCL1,2,2,147,1.4,No
CCL11,2,2,147,1.4,No
CCL25,2,2,147,1.4,No
CCNB1,2,2,147,1.4,No
CCNG1,2,2,147,1.4,No
CCNI,2,2,147,1.4,No
CCNJ,2,2,147,1.4,No
CCNO,2,2,147,1.4,No
CCNP,2,2,147,1.4,No
CCNYL1,2,2,147,1.4,No
CCR1,2,2,147,1.4,No
CCR3,2,2,147,1.4,No
CCS,2,2,147,1.4,No
CCZ1B,2,2,147,1.4,No
CD160,2,2,147,1.4,No
CD274,2,2,147,1.4,Yes
CD3E,2,2,147,1.4,No
CD40,2,2,147,1.4,No
CD55,2,2,147,1.4,No
CD81,2,2,147,1.4,No
CD83,2,2,147,1.4,No
CD8A,2,2,147,1.4,No
CD8B2,2,2,147,1.4,No
CDC26,2,2,147,1.4,No
CDCA4,2,2,147,1.4,No
CDIP1,2,2,147,1.4,No
CDIPT,2,2,147,1.4,No
CDK10,2,2,147,1.4,No
CDK5R1,2,2,147,1.4,No
CDK7,2,2,147,1.4,No
CDRT4,2,2,147,1.4,No
CDX4,2,2,147,1.4,No
CEBPG,2,2,147,1.4,No
CEMP1,2,2,147,1.4,No
CENATAC,2,2,147,1.4,No
CENPM,2,2,147,1.4,No
CENPVL3,2,2,147,1.4,No
CEP44,2,2,147,1.4,No
CEPT1,2,2,147,1.4,No
CERK,2,2,147,1.4,No
CERS2,2,2,147,1.4,No
CFAP418,2,2,147,1.4,No
CFAP96,2,2,147,1.4,No
CFL1,2,2,147,1.4,No
CFL2,2,2,147,1.4,No
CGAS,2,2,147,1.4,No
CGREF1,2,2,147,1.4,No
CH25H,2,2,147,1.4,No
CHAC2,2,2,147,1.4,No
CHCHD5,2,2,147,1.4,No
CHMP1A,2,2,147,1.4,No
CHMP1B,2,2,147,1.4,No
CHMP2B,2,2,147,1.4,No
CHMP3,2,2,147,1.4,No
CHMP6,2,2,147,1.4,No
CHPT1,2,2,147,1.4,No
CHST7,2,2,147,1.4,No
CIB2,2,2,147,1.4,No
CIDEB,2,2,147,1.4,No
CIMIP3,2,2,147,1.4,No
CIMIP7,2,2,147,1.4,No
CISD1,2,2,147,1.4,No
CISD2,2,2,147,1.4,No
CKMT1A,2,2,147,1.4,No
CLDN1,2,2,147,1.4,No
CLDN11,2,2,147,1.4,No
CLDN3,2,2,147,1.4,No
CLDN34,2,2,147,1.4,No
CLDN5,2,2,147,1.4,No
CLDN7,2,2,147,1.4,No
CLEC3B,2,2,147,1.4,No
CLECL1,2,2,147,1.4,No
CLLU1,2,2,147,1.4,No
CLLU1-AS1,2,2,147,1.4,No
CLN5,2,2,147,1.4,No
CMAHP,2,2,147,1.4,No
CMAS,2,2,147,1.4,No
CMPK1,2,2,147,1.4,No
CNBP,2,2,176,1.1,Yes
CNFN,2,2,147,1.4,No
CNIH1,2,2,147,1.4,No
CNPY1,2,2,147,1.4,No
COA4,2,2,147,1.4,No
COA5,2,2,147,1.4,No
COG6,2,2,147,1.4,No
COMMD1,2,2,147,1.4,No
COMMD5,2,2,147,1.4,No
COPG2,2,2,147,1.4,No
COPS8,2,2,147,1.4,No
COPS9,2,2,147,1.4,No
COQ7,2,2,147,1.4,No
CORO1C,2,2,147,1.4,No
COX11,2,2,147,1.4,No
COX6B1,2,2,147,1.4,No
COX7A1,2,2,147,1.4,No
CPLX4,2,2,147,1.4,No
CPSF4,2,2,147,1.4,No
CPSF4L,2,2,147,1.4,No
CRACR2B,2,2,147,1.4,No
CRLF3,2,2,147,1.4,No
CRYAB,2,2,147,1.4,No
CRYGS,2,2,147,1.4,No
CRYZL1,2,2,147,1.4,No
CSKMT,2,2,147,1.4,No
CSNK1A1,2,2,147,1.4,No
CSRP1,2,2,147,1.4,No
CSRP2,2,2,147,1.4,No
CT83,2,2,147,1.4,No
CTAG2,2,2,147,1.4,No
CTAGE15,2,2,147,1.4,No
CTRL,2,2,147,1.4,No
CTXN2,2,2,147,1.4,No
CXCL10,2,2,147,1.4,No
CXCL11,2,2,147,1.4,No
CXCL13,2,2,147,1.4,No
CXCL17,2,2,147,1.4,No
CXCL6,2,2,147,1.4,No
CXCR6,2,2,147,1.4,No
CXORF38,2,2,147,1.4,No
CYB561D1,2,2,147,1.4,No
CYB5A,2,2,147,1.4,No
CYB5R2,2,2,147,1.4,No
CYBRD1,2,2,147,1.4,No
CYP51A1,2,2,147,1.4,No
CYREN,2,2,147,1.4,No
CYSTM1,2,2,147,1.4,No
DALRD3,2,2,147,1.4,No
DAP,2,2,147,1.4,No
DAPL1,2,2,147,1.4,No
DBNDD1,2,2,147,1.4,No
DBP,2,2,147,1.4,No
DCPH1,2,2,147,1.4,No
DCTN2,2,2,147,1.4,No
DCTN5,2,2,147,1.4,No
DCTN6,2,2,147,1.4,No
DCTPP1,2,2,147,1.4,No
DCUN1D3,2,2,147,1.4,No
DCXR,2,2,147,1.4,No
DDAH2,2,2,147,1.4,No
DDIT3,2,2,176,1.1,Yes
DDIT4,2,2,147,1.4,No
DDTL,2,2,147,1.4,No
DDX3Y,2,2,147,1.4,No
DECR2,2,2,147,1.4,No
DEFA5,2,2,147,1.4,No
DEFA6,2,2,147,1.4,No
DEFB113,2,2,147,1.4,No
DEFB116,2,2,147,1.4,No
DEFB132,2,2,147,1.4,No
DEFB134,2,2,147,1.4,No
DEPDC4,2,2,147,1.4,No
DERL2,2,2,147,1.4,No
DGCR6,2,2,147,1.4,No
DHDDS,2,2,147,1.4,No
DHFR2,2,2,147,1.4,No
DHRS7B,2,2,147,1.4,No
DIABLO,2,2,147,1.4,No
DIPK1A,2,2,147,1.4,No
DIRC1,2,2,147,1.4,No
DLX2,2,2,147,1.4,No
DLX5,2,2,147,1.4,No
DMAC2L,2,2,147,1.4,No
DNAAF10,2,2,147,1.4,No
DNAJB4,2,2,147,1.4,No
DNAJC5,2,2,147,1.4,No
DNAJC8,2,2,147,1.4,No
DNLZ,2,2,147,1.4,No
DOCK8-AS1,2,2,147,1.4,No
DOK4,2,2,147,1.4,No
DPCD,2,2,147,1.4,No
DPM2,2,2,147,1.4,No
DPPA5,2,2,147,1.4,No
DRC4,2,2,147,1.4,No
DRC9,2,2,147,1.4,No
DRG1,2,2,147,1.4,No
DSTN,2,2,147,1.4,No
DUSP18,2,2,147,1.4,No
DUSP7,2,2,147,1.4,No
DUX4,2,1,147,0.7,No
DYNLRB1,2,2,147,1.4,No
DYNLRB2,2,2,147,1.4,No
DYNLT1,2,2,147,1.4,No
EAPP,2,2,147,1.4,No
EBAG9,2,2,147,1.4,No
ECHS1,2,2,147,1.4,No
ECRG4,2,2,147,1.4,No
ECSCR,2,2,147,1.4,No
EDN2,2,2,147,1.4,No
EEF1AKMT4,2,2,147,1.4,No
EEF1B2,2,2,147,1.4,No
EFCAB11,2,2,147,1.4,No
EFCAB9,2,2,147,1.4,No
EFHD1,2,2,147,1.4,No
EFNA3,2,2,147,1.4,No
EFNA4,2,2,147,1.4,No
EI24,2,2,147,1.4,No
EID3,2,2,147,1.4,No
EIF2S1,2,2,147,1.4,No
EIF2S2,2,2,147,1.4,No
EIF3C,2,2,147,1.4,No
EIF3I,2,2,147,1.4,No
EIF3K,2,2,147,1.4,No
EIF5A,2,2,147,1.4,No
EIF5AL1,2,2,147,1.4,No
EIF6,2,2,147,1.4,No
ELOF1,2,2,147,1.4,No
ELP6,2,2,147,1.4,No
EMC2,2,2,147,1.4,No
EMC3,2,2,147,1.4,No
EMC9,2,2,147,1.4,No
EME2,2,2,147,1.4,No
EMG1,2,2,147,1.4,No
EMP2,2,2,147,1.4,No
EMP3,2,2,147,1.4,No
EN2,2,2,147,1.4,No
ENDOG,2,2,147,1.4,No
ENTPD5,2,1,147,0.7,No
EOLA2,2,2,147,1.4,No
EPCIP,2,2,147,1.4,No
EPGN,2,2,147,1.4,No
EPM2A,2,2,147,1.4,No
ERAS,2,2,147,1.4,No
EREG,2,2,147,1.4,No
ERH,2,2,147,1.4,No
ERLIN2,2,2,147,1.4,No
ETFRF1,2,2,147,1.4,No
EVA1B,2,2,147,1.4,No
FABP5,2,2,147,1.4,No
FABP6,2,2,147,1.4,No
FABP7,2,2,147,1.4,No
FADD,2,2,147,1.4,No
FAM107A,2,2,147,1.4,No
FAM110D,2,2,147,1.4,No
FAM162A,2,2,147,1.4,No
FAM163B,2,2,147,1.4,No
FAM167A,2,2,147,1.4,No
FAM177A1,2,2,147,1.4,No
FAM185A,2,2,147,1.4,No
FAM20B,2,2,147,1.4,No
FAM216A,2,2,147,1.4,No
FAM216B,2,2,147,1.4,No
FAM218A,2,2,147,1.4,No
FAM219A,2,2,147,1.4,No
FAM229B,2,2,147,1.4,No
FAM237A,2,2,147,1.4,No
FAM246A,2,2,147,1.4,No
FAM24B,2,2,147,1.4,No
FAM25A,2,2,147,1.4,No
FAM3C,2,2,147,1.4,No
FAM72D,2,2,147,1.4,No
FAM86B2,2,2,147,1.4,No
FAM89B,2,2,147,1.4,No
FAM90A10,2,2,147,1.4,No
FAM9C,2,2,147,1.4,No
FANCD2OS,2,2,147,1.4,No
FBXL22,2,2,147,1.4,No
FBXL9P,2,2,147,1.4,No
FBXO27,2,2,147,1.4,No
FBXO36,2,2,147,1.4,No
FBXO48,2,2,147,1.4,No
FDX1,2,2,147,1.4,No
FEV,2,2,147,1.4,Yes
FGF11,2,2,147,1.4,No
FGF18,2,2,147,1.4,No
FGF8,2,2,147,1.4,Yes
FIBIN,2,2,147,1.4,No
FIBP,2,2,147,1.4,No
FICD,2,2,147,1.4,No
FKBP11,2,2,147,1.4,No
FLYWCH2,2,2,147,1.4,No
FNDC11,2,2,147,1.4,No
FNTB,2,2,147,1.4,No
FOLH1B,2,2,147,1.4,No
FOXB1,2,2,147,1.4,No
FOXL2NB,2,2,147,1.4,No
FRA10AC1,2,2,147,1.4,No
FRAT1,2,2,147,1.4,No
FTCDNL1,2,2,147,1.4,No
FTH1,2,2,147,1.4,No
FUNDC2,2,1,147,0.7,No
FUOM,2,2,147,1.4,No
FXYD2,2,2,147,1.4,No
FXYD5,2,2,147,1.4,No
G6PC3,2,2,147,1.4,No
G6PD,2,2,147,1.4,No
GADD45G,2,2,147,1.4,No
GAMT,2,2,147,1.4,No
GAPDH,2,2,147,1.4,No
GAS1,2,2,147,1.4,No
GATC,2,2,147,1.4,No
GCSAM,2,2,147,1.4,No
GDPD1,2,2,147,1.4,No
GDPD2,2,2,147,1.4,No
GEMIN2,2,2,147,1.4,No
GEMIN6,2,2,147,1.4,No
GEMIN7,2,2,147,1.4,No
GET1,2,2,147,1.4,No
GGT2P,2,2,147,1.4,No
GINS2,2,2,147,1.4,No
GINS3,2,2,147,1.4,No
GJB1,2,2,147,1.4,No
GJC3,2,2,147,1.4,No
GJD3,2,2,147,1.4,No
GLIPR1L1,2,2,147,1.4,No
GLMP,2,2,147,1.4,No
GLRA4,2,2,147,1.4,No
GNB1,2,2,147,1.4,Yes
GNG12,2,2,147,1.4,No
GNG14,2,2,147,1.4,No
GNG7,2,2,147,1.4,No
GNPNAT1,2,2,147,1.4,No
GNPTG,2,2,147,1.4,No
GNRH2,2,2,147,1.4,No
GOLGA6L1,2,2,147,1.4,No
GOLGA8F,2,2,147,1.4,No
GOLGA8H,2,2,147,1.4,No
GOLGA8R,2,2,147,1.4,No
GON7,2,2,147,1.4,No
GPKOW,2,2,147,1.4,No
GPM6B,2,2,147,1.4,No
GPN1,2,2,147,1.4,No
GPN2,2,2,147,1.4,No
GPR22,2,2,147,1.4,No
GPR3,2,2,147,1.4,No
GPR42,2,2,147,1.4,No
GPR82,2,2,147,1.4,No
GPR88,2,2,147,1.4,No
GPX2,2,2,147,1.4,No
GRAP,2,2,147,1.4,No
GRP,2,2,147,1.4,No
GSC,2,2,147,1.4,No
GSPT1,2,2,147,1.4,No
GSTM2,2,2,147,1.4,No
GSTO2,2,2,147,1.4,No
GSTP1,2,2,176,1.1,Yes
GSTT4,2,2,147,1.4,No
GSX1,2,2,147,1.4,No
GTF2A1,2,2,147,1.4,No
GTPBP6,2,2,147,1.4,No
GUCA2B,2,2,147,1.4,No
GUK1,2,2,147,1.4,No
GYPB,2,2,147,1.4,No
H1-10,2,2,147,1.4,No
H1-3,2,2,147,1.4,Yes
H1-5,2,2,147,1.4,Yes
H2AC11,2,2,147,1.4,Yes
H2AC16,2,2,147,1.4,Yes
H2AC17,2,2,147,1.4,Yes
H2AC25,2,2,147,1.4,No
H2AL3,2,2,147,1.4,No
H2AP,2,2,147,1.4,No
H2AX,2,2,147,1.4,No
H2AZ1,2,2,147,1.4,No
H2BC12,2,2,147,1.4,Yes
H2BC5,2,2,147,1.4,Yes
H3-7,2,1,147,0.7,No
H3C1,2,2,147,1.4,Yes
H3C6,2,2,147,1.4,Yes
H3Y2,2,2,147,1.4,No
H4C3,2,2,147,1.4,No
HACL1,2,2,147,1.4,No
HAGHL,2,2,147,1.4,No
HAND2,2,2,147,1.4,No
HAUS2,2,2,147,1.4,No
HAUS4,2,2,147,1.4,No
HBM,2,2,147,1.4,No
HCCS,2,2,147,1.4,No
HDGFL3,2,2,147,1.4,No
HES3,2,2,147,1.4,No
HES5,2,2,147,1.4,No
HES6,2,2,147,1.4,No
HEY1,2,2,147,1.4,Yes
HGH1,2,1,147,0.7,No
HIGD2B,2,2,147,1.4,No
HIKESHI,2,2,147,1.4,No
HILPDA,2,2,147,1.4,No
HINT2,2,2,147,1.4,No
HLA-DRB5,2,2,147,1.4,No
HLA-E,2,2,147,1.4,No
HMGA2-AS1,2,1,147,0.7,No
HMGN2,2,2,147,1.4,No
HMHB1,2,2,147,1.4,No
HMOX1,2,2,147,1.4,No
HMX1,2,2,147,1.4,No
HNRNPA1L2,2,2,147,1.4,No
HNRNPA3,2,2,147,1.4,No
HNRNPAB,2,2,147,1.4,No
HNRNPDL,2,2,147,1.4,No
HNRNPH3,2,2,147,1.4,No
HNRNPR,2,2,147,1.4,No
HORMAD2,2,2,147,1.4,No
HOXA7,2,2,147,1.4,No
HOXB6,2,2,147,1.4,No
HOXC5,2,2,147,1.4,No
HOXD12,2,2,147,1.4,No
HPF1,2,2,147,1.4,No
HSCB,2,2,147,1.4,No
HSD17B7,2,2,147,1.4,No
HSD17B8,2,2,147,1.4,No
HSF2,2,2,147,1.4,No
HSF2BP,2,2,147,1.4,No
HSF4,2,2,147,1.4,No
HSFX4,2,2,147,1.4,No
HSPB1,2,2,147,1.4,No
HSPB3,2,2,147,1.4,No
HYCC2,2,2,147,1.4,No
IBA57,2,2,147,1.4,No
ICMT,2,2,147,1.4,No
ID2,2,2,147,1.4,No
ID4,2,2,147,1.4,No
IFI30,2,2,147,1.4,No
IFITM10,2,1,147,0.7,No
IFNA13,2,2,147,1.4,No
IFNA8,2,2,147,1.4,No
IFNK,2,2,147,1.4,No
IFT22,2,2,147,1.4,No
IGFBP2,2,2,147,1.4,No
IGFL2,2,2,147,1.4,No
IGFLR1,2,2,147,1.4,No
IGLL1,2,1,147,0.7,No
IL10,2,2,147,1.4,Yes
IL13RA1,2,2,147,1.4,No
IL17C,2,2,147,1.4,No
IL18,2,1,147,0.7,No
IL34,2,2,147,1.4,No
IL5,2,2,147,1.4,No
IL7,2,2,147,1.4,No
ILK,2,2,147,1.4,No
INAFM2,2,1,147,0.7,No
INCA1,2,2,147,1.4,No
INMT-MINDY4,2,2,147,1.4,No
IRAK1BP1,2,2,147,1.4,No
ISG20,2,2,147,1.4,No
ITM2B,2,2,147,1.4,No
ITPKA,2,2,147,1.4,No
IZUMO2,2,2,147,1.4,No
JAM3,2,2,147,1.4,No
JOSD2,2,2,147,1.4,No
JPT1,2,2,147,1.4,No
JRKL,2,2,147,1.4,No
KBTBD11,2,2,147,1.4,No
KCNE3,2,2,147,1.4,No
KCNJ5-AS1,2,2,147,1.4,No
KCNK12,2,2,147,1.4,No
KCNMB4,2,2,147,1.4,No
KCTD15,2,2,147,1.4,No
KDELR3,2,2,147,1.4,No
KHDC1L,2,2,147,1.4,No
KIZ,2,2,147,1.4,No
KLF2,2,2,147,1.4,Yes
KLF6,2,2,176,1.1,Yes
KLF9,2,2,147,1.4,No
KLHDC2,2,2,147,1.4,No
KLK1,2,2,147,1.4,No
KPNA4,2,2,147,1.4,No
KRABD1,2,2,147,1.4,No
KRABD4,2,2,147,1.4,No
KRT31,2,2,147,1.4,No
KRTAP10-11,2,2,147,1.4,No
KRTAP12-2,2,2,147,1.4,No
KRTAP12-3,2,2,147,1.4,No
KRTAP19-7,2,2,147,1.4,No
KRTAP2-4,2,2,147,1.4,No
KRTAP20-2,2,2,147,1.4,No
KRTAP20-3,2,2,147,1.4,No
KRTAP21-2,2,2,147,1.4,No
KRTAP25-1,2,2,147,1.4,No
KRTAP27-1,2,2,147,1.4,No
KRTAP29-1,2,2,147,1.4,No
KRTAP4-11,2,2,147,1.4,No
KRTAP4-2,2,2,147,1.4,No
KRTAP4-8,2,2,147,1.4,No
KRTAP4-9,2,2,147,1.4,No
KRTAP5-7,2,2,147,1.4,No
KRTAP7-1,2,2,147,1.4,No
KRTAP8-1,2,2,147,1.4,No
LACRT,2,2,147,1.4,No
LACTB2,2,2,147,1.4,No
LALBA,2,2,147,1.4,No
LAMTOR3,2,2,147,1.4,No
LAMTOR4,2,2,147,1.4,No
LANCL3,2,2,147,1.4,No
LAPTM4A,2,2,147,1.4,No
LAPTM4B,2,2,147,1.4,No
LBH,2,2,147,1.4,No
LBHD2,2,2,147,1.4,No
LBX1,2,2,147,1.4,No
LCE3C,2,2,147,1.4,No
LEAP2,2,2,147,1.4,No
LENG9,2,2,147,1.4,No
LEPROT,2,2,147,1.4,No
LEPROTL1,2,2,147,1.4,No
LHB,2,2,147,1.4,No
LHFPL4,2,2,147,1.4,No
LIME1,2,2,147,1.4,No
LINC01547,2,2,147,1.4,No
LINC01555,2,2,147,1.4,No
LINC01599,2,2,147,1.4,No
LINC01600,2,2,147,1.4,No
LINC02901,2,2,147,1.4,No
LINC02908,2,2,147,1.4,No
LINC03042,2,2,147,1.4,No
LIPT1,2,2,147,1.4,No
LITAF,2,2,147,1.4,No
LLCFC1,2,2,147,1.4,No
LMO2,2,2,147,1.4,Yes
LPCAT3,2,2,147,1.4,No
LRRC10B,2,2,147,1.4,No
LRRC55,2,2,147,1.4,No
LRRC73,2,2,147,1.4,No
LST1,2,2,147,1.4,No
LTAP1,2,2,147,1.4,No
LUC7L2,2,2,147,1.4,No
LY6G5B,2,2,147,1.4,No
LY6G5C,2,2,147,1.4,No
LY6G6D,2,2,147,1.4,No
LY6L,2,2,147,1.4,No
LY96,2,2,147,1.4,No
LYG1,2,2,147,1.4,No
LYL1,2,2,147,1.4,Yes
LYSMD1,2,2,147,1.4,No
LYSMD4,2,2,147,1.4,No
MACROH2A2,2,2,147,1.4,No
MAGEF1,2,2,147,1.4,No
MAGIX,2,2,147,1.4,No
MAGOHB,2,2,147,1.4,No
MAIP1,2,2,147,1.4,No
MANEA,2,2,147,1.4,No
MAPK12,2,2,147,1.4,No
MARCHF3,2,2,147,1.4,No
MARCHF8,2,2,147,1.4,No
MBD3L5,2,2,147,1.4,No
MBLAC1,2,2,147,1.4,No
MBOAT4,2,2,147,1.4,No
MCUR1,2,2,147,1.4,No
MEAF6,2,2,147,1.4,No
MED19,2,2,147,1.4,No
MED8,2,2,147,1.4,No
MED9,2,2,147,1.4,No
MEMO1,2,2,147,1.4,No
MESD,2,2,147,1.4,No
METTL1,2,2,147,1.4,No
METTL18,2,2,147,1.4,No
METTL23,2,2,147,1.4,No
METTL26,2,2,147,1.4,No
METTL5,2,2,147,1.4,No
MFAP3,2,2,147,1.4,No
MFSD12,2,2,147,1.4,No
MGP,2,2,147,1.4,No
MGST2,2,2,147,1.4,No
MGST3,2,2,147,1.4,No
MICA,2,2,147,1.4,No
MICOS13,2,2,147,1.4,No
MID1,2,2,147,1.4,No
MIF,2,2,147,1.4,No
MIF4GD,2,2,147,1.4,No
MINDY1,2,2,147,1.4,No
MIR3667HG,2,2,147,1.4,No
MIR662,2,2,147,1.4,No
MIRLET7A2,2,2,147,1.4,No
MITD1,2,2,147,1.4,No
MKRN2,2,2,147,1.4,No
MMAB,2,2,147,1.4,No
MMD,2,2,147,1.4,No
MMP23B,2,2,147,1.4,No
MOB3A,2,2,147,1.4,No
MOCS2,2,2,147,1.4,No
MORN2,2,2,147,1.4,No
MOSPD1,2,2,147,1.4,No
MPDU1,2,2,147,1.4,No
MPHOSPH6,2,2,147,1.4,No
MPV17L2,2,2,147,1.4,No
MPZL2,2,2,147,1.4,No
MPZL3,2,2,147,1.4,No
MRM2,2,2,147,1.4,No
MRPL13,2,2,147,1.4,No
MRPL2,2,2,147,1.4,No
MRPL20,2,2,147,1.4,No
MRPL24,2,2,147,1.4,No
MRPL36,2,2,147,1.4,No
MRPL38,2,2,147,1.4,No
MRPL39,2,2,147,1.4,No
MRPL40,2,2,147,1.4,No
MRPL53,2,2,147,1.4,No
MRPS10,2,2,147,1.4,No
MRPS17,2,2,147,1.4,No
MRPS21,2,2,147,1.4,No
MRPS22,2,2,147,1.4,No
MRPS23,2,2,147,1.4,No
MRPS27,2,2,147,1.4,No
MRRF,2,2,147,1.4,No
MSANTD4,2,2,147,1.4,No
MSGN1,2,2,147,1.4,No
MSMO1,2,2,147,1.4,No
MT1H,2,2,147,1.4,No
MT1HL1,2,2,147,1.4,No
MTARC2,2,1,147,0.7,No
MTCH1,2,2,147,1.4,No
MTHFS,2,2,147,1.4,No
MTPN,2,2,147,1.4,No
MTRNR2L1,2,2,147,1.4,No
MTX2,2,2,147,1.4,No
MUSTN1,2,2,147,1.4,No
MXD1,2,2,147,1.4,No
MXI1,2,2,147,1.4,No
MXRA7,2,2,147,1.4,No
MYCBP,2,2,147,1.4,No
MYL12A,2,2,147,1.4,No
MYL12B,2,2,147,1.4,No
MYL4,2,2,147,1.4,No
MYL6,2,2,147,1.4,No
MYL6B,2,2,147,1.4,No
MZT2A,2,2,147,1.4,No
NAA10,2,2,147,1.4,No
NAA16,2,2,147,1.4,No
NAA30,2,2,147,1.4,No
NAA60,2,2,147,1.4,No
NABP1,2,2,147,1.4,No
NAMPTP1,2,2,147,1.4,No
NANOGP8,2,1,147,0.7,No
NAP1L4,2,2,147,1.4,No
NAP1L5,2,2,147,1.4,No
NAPA,2,2,147,1.4,No
NAPG,2,2,147,1.4,No
NAT14,2,2,147,1.4,No
NAT8L,2,2,147,1.4,No
NAXE,2,2,147,1.4,No
NBPF14,2,2,147,1.4,No
NBPF20,2,2,147,1.4,No
NDP,2,2,147,1.4,No
NDRG1,2,2,147,1.4,Yes
NDUFAF4,2,2,147,1.4,No
NDUFAF6,2,2,147,1.4,No
NDUFB10,2,2,147,1.4,No
NDUFB9,2,2,147,1.4,No
NDUFS5,2,1,147,0.7,No
NEUROG1,2,2,147,1.4,No
NFKBIA,2,2,176,1.1,Yes
NGB,2,2,147,1.4,No
NINJ2,2,2,147,1.4,No
NIPSNAP1,2,2,147,1.4,No
NIPSNAP3A,2,2,147,1.4,No
NIT1,2,2,147,1.4,No
NKRF,2,2,147,1.4,No
NKX3-2,2,2,147,1.4,No
NLRP2B,2,2,147,1.4,No
NMRAL1,2,2,147,1.4,No
NOL3,2,2,147,1.4,No
NOL7,2,2,147,1.4,No
NOMO2,2,2,147,1.4,No
NONO,2,2,147,1.4,Yes
NPIPB11,2,2,147,1.4,No
NPW,2,2,147,1.4,No
NQO2,2,1,147,0.7,No
NR1I3,2,2,147,1.4,No
NR2C2AP,2,2,147,1.4,No
NR2F6,2,2,147,1.4,No
NRIP3,2,2,147,1.4,No
NRN1,2,2,147,1.4,No
NSDHL,2,2,147,1.4,No
NSG1,2,2,147,1.4,No
NUDCD3,2,2,147,1.4,No
NUDT10,2,2,147,1.4,No
NUDT15,2,2,147,1.4,No
NUDT18,2,2,147,1.4,No
NUDT19,2,2,147,1.4,No
NUDT22,2,2,147,1.4,No
NUDT4,2,2,147,1.4,No
NUP42,2,1,147,0.7,No
NUTF2,2,2,147,1.4,No
NXF2,2,2,147,1.4,No
NXF5,2,2,147,1.4,No
NXNL2,2,2,147,1.4,No
OAF,2,2,147,1.4,No
OAT,2,2,147,1.4,No
OCIAD1,2,2,147,1.4,No
OCIAD2,2,2,147,1.4,No
ODAD4,2,2,147,1.4,No
OLIG1,2,2,147,1.4,No
OPN1LW,2,2,147,1.4,No
OR1R1,2,2,147,1.4,No
OR2T35,2,2,147,1.4,No
OR4M2B,2,2,147,1.4,No
OR4N4,2,2,147,1.4,No
OR51C1,2,2,147,1.4,No
OSCP1,2,2,147,1.4,No
OSGEPL1,2,2,147,1.4,No
OSTN,2,2,147,1.4,No
OTC,2,2,147,1.4,No
OTOS,2,2,147,1.4,No
OTUD1,2,2,147,1.4,No
OVCA2,2,2,147,1.4,No
OVOL2,2,2,147,1.4,No
OVOL3,2,2,147,1.4,No
OXLD1,2,2,147,1.4,No
OXT,2,2,147,1.4,No
P2RX2,2,2,147,1.4,No
P2RY13,2,2,147,1.4,No
PA2G4,2,2,147,1.4,No
PACRGL,2,2,147,1.4,No
PAGE2,2,2,147,1.4,No
PAGE5,2,2,147,1.4,No
PAIP1,2,2,147,1.4,No
PAIP2B,2,2,147,1.4,No
PARD6G,2,2,147,1.4,No
PBLD,2,2,147,1.4,No
PBOV1,2,2,147,1.4,No
PCGF3,2,2,147,1.4,No
PCNA,2,2,147,1.4,No
PCNP,2,2,147,1.4,No
PCP4,2,2,147,1.4,No
PDAP1,2,2,147,1.4,No
PDCD2,2,2,147,1.4,No
PDCD6-AHRR,2,2,147,1.4,No
PDE6H,2,2,147,1.4,No
PDGFA,2,2,147,1.4,No
PDHB,2,2,147,1.4,No
PDIA3,2,2,147,1.4,No
PDK2,2,2,147,1.4,No
PDRG1,2,2,147,1.4,No
PELO,2,2,147,1.4,No
PEX11B,2,2,147,1.4,No
PFDN2,2,2,147,1.4,No
PFN2,2,2,147,1.4,No
PGAM4,2,2,147,1.4,No
PGF,2,2,147,1.4,No
PHB2,2,2,147,1.4,No
PHLDA1,2,2,147,1.4,No
PHOX2A,2,2,147,1.4,No
PHYKPL,2,2,147,1.4,No
PI4K2A,2,2,147,1.4,No
PIGB,2,2,147,1.4,No
PIGF,2,2,147,1.4,No
PIGH,2,2,147,1.4,No
PIGP,2,2,147,1.4,No
PIGZ,2,2,147,1.4,No
PIK3IP1,2,2,147,1.4,No
PIMREG,2,2,147,1.4,No
PIP,2,2,147,1.4,No
PIRT,2,2,147,1.4,No
PITX1,2,2,147,1.4,No
PITX2,2,2,147,1.4,No
PITX3,2,2,147,1.4,No
PLA2G2C,2,2,147,1.4,No
PLA2G2E,2,2,147,1.4,No
PLA2G2F,2,2,147,1.4,No
PLAC1,2,2,147,1.4,No
PLAC8L1,2,2,147,1.4,No
PLAC9,2,2,147,1.4,No
PLAU,2,2,147,1.4,No
PLPP2,2,2,147,1.4,No
PLSCR4,2,2,147,1.4,No
PMIS2,2,2,147,1.4,No
PMM1,2,2,147,1.4,No
PMP22,2,2,147,1.4,No
PMVK,2,2,147,1.4,No
PNMA8C,2,2,147,1.4,No
PNPLA4,2,1,147,0.7,No
PNRC1,2,2,176,1.1,Yes
POLE4,2,2,147,1.4,No
POLR1D,2,2,147,1.4,No
POLR2C,2,2,147,1.4,No
POLR2D,2,2,147,1.4,No
POLR2E,2,2,147,1.4,No
POLR3F,2,2,147,1.4,No
POLR3G,2,2,147,1.4,No
POLR3K,2,2,147,1.4,No
POMC,2,2,147,1.4,No
POTEI,2,2,147,1.4,No
POU3F1,2,1,147,0.7,No
POU3F3,2,2,147,1.4,No
POU4F1,2,2,147,1.4,No
PP2D1,2,2,147,1.4,No
PPAN,2,2,147,1.4,No
PPIAL4A,2,2,147,1.4,No
PPIC,2,2,147,1.4,No
PPIF,2,2,147,1.4,No
PPP1R14A,2,2,147,1.4,No
PPP1R8,2,2,147,1.4,No
PPP5D1P,2,2,147,1.4,No
PRAC2,2,2,147,1.4,No
PRADC1,2,2,147,1.4,No
PRAMEF16,2,2,147,1.4,No
PRAMEF7,2,2,147,1.4,No
PRDX1,2,2,147,1.4,No
PRDX3,2,2,147,1.4,No
PRDX5,2,2,147,1.4,No
PRELID1,2,2,147,1.4,No
PRICKLE4,2,2,147,1.4,No
PRKAB2,2,2,147,1.4,No
PROCA1,2,2,147,1.4,No
PROCR,2,2,147,1.4,No
PROK2,2,2,147,1.4,No
PRPF18,2,2,147,1.4,No
PRPH,2,2,147,1.4,No
PRPS1,2,2,147,1.4,No
PRR15,2,2,147,1.4,No
PRR5-ARHGAP8,2,2,147,1.4,No
PRRG1,2,2,147,1.4,No
PRSS42P,2,2,147,1.4,No
PRSS8,2,2,147,1.4,Yes
PRTFDC1,2,2,147,1.4,No
PSMA1,2,2,147,1.4,No
PSMA2,2,2,147,1.4,No
PSMA3,2,2,147,1.4,No
PSMB10,2,2,147,1.4,No
PSMB8,2,2,147,1.4,No
PSMB9,2,2,147,1.4,No
PSMD10,2,2,147,1.4,No
PSMD13,2,2,147,1.4,No
PSMD7,2,2,147,1.4,No
PSMD9,2,2,147,1.4,No
PSME2,2,2,147,1.4,No
PSTK,2,2,147,1.4,No
PTDSS1,2,2,147,1.4,No
PTGES3L-AARSD1,2,2,147,1.4,No
PTMA,2,2,147,1.4,No
PTP4A2,2,2,147,1.4,No
PTRH1,2,2,147,1.4,No
PTRH2,2,2,147,1.4,No
PUM3,2,2,147,1.4,No
PURA,2,2,147,1.4,No
PXMP2,2,2,147,1.4,No
PYCR2,2,2,147,1.4,No
PYGB,2,2,147,1.4,No
PYM1,2,2,147,1.4,No
QPCTL,2,2,147,1.4,No
RAB13,2,2,147,1.4,No
RAB18,2,2,147,1.4,No
RAB1B,2,2,147,1.4,No
RAB34,2,2,147,1.4,No
RAB38,2,2,147,1.4,No
RAB3D,2,2,147,1.4,No
RAB5A,2,2,147,1.4,No
RAB5B,2,2,147,1.4,No
RAB6A,2,2,147,1.4,No
RAB6C,2,2,147,1.4,No
RAB7A,2,2,147,1.4,No
RAB7B,2,2,147,1.4,No
RAB9A,2,2,147,1.4,No
RABAC1,2,1,147,0.7,No
RABL2A,2,2,147,1.4,No
RABL2B,2,2,147,1.4,No
RAD18,2,2,147,1.4,No
RAET1E,2,2,147,1.4,No
RALY,2,2,147,1.4,No
RAMAC,2,2,147,1.4,No
RAMP1,2,2,147,1.4,No
RANBP9,2,2,147,1.4,No
RAP2A,2,2,147,1.4,No
RAPGEF5,2,2,147,1.4,No
RASSF5,2,2,147,1.4,No
RBBP7,2,2,147,1.4,No
RBBP9,2,2,147,1.4,No
RBP7,2,2,147,1.4,No
RCAN1,2,2,147,1.4,No
REX1BD,2,2,147,1.4,No
RFFL,2,2,147,1.4,No
RFPL3S,2,2,147,1.4,No
RGPD2,2,2,147,1.4,No
RGS2,2,2,147,1.4,No
RHBDL2,2,2,147,1.4,No
RHEB,2,2,147,1.4,Yes
RHEX,2,2,147,1.4,No
RHNO1,2,2,147,1.4,No
RHOG,2,2,147,1.4,No
RHOQ,2,2,147,1.4,No
RHOV,2,2,147,1.4,No
RIBC1,2,2,147,1.4,No
RIOK2,2,2,147,1.4,Yes
RLIG1,2,2,147,1.4,No
RLN1,2,2,147,1.4,No
RMDN1,2,2,147,1.4,No
RMDN3,2,2,147,1.4,No
RMND5B,2,2,147,1.4,No
RNASE2,2,2,147,1.4,No
RNASE4,2,2,147,1.4,No
RNASEH2C,2,2,147,1.4,No
RND1,2,2,147,1.4,No
RNF113A,2,2,147,1.4,No
RNF114,2,2,147,1.4,No
RNF121,2,2,147,1.4,No
RNF122,2,2,147,1.4,No
RNF141,2,2,147,1.4,No
RNF166,2,2,147,1.4,No
RNF170,2,2,147,1.4,No
RNF181,2,2,147,1.4,No
RNF212B,2,2,147,1.4,No
RNF225,2,2,147,1.4,No
RNF39,2,2,147,1.4,No
RP9,2,2,147,1.4,No
RPA2,2,2,147,1.4,No
RPE,2,2,147,1.4,No
RPEL1,2,2,147,1.4,No
RPF1,2,2,147,1.4,No
RPL10A,2,2,147,1.4,No
RPL14,2,2,147,1.4,No
RPL22,2,2,147,1.4,Yes
RPL27A,2,2,147,1.4,No
RPL28,2,2,147,1.4,No
RPL34,2,2,147,1.4,No
RPL35,2,2,147,1.4,No
RPLP1,2,2,147,1.4,No
RPS14,2,2,147,1.4,No
RPS19,2,2,147,1.4,No
RPS19BP1,2,2,147,1.4,No
RPS25,2,2,147,1.4,No
RPS26,2,2,147,1.4,No
RPS27AP5,2,2,147,1.4,No
RPS3,2,1,147,0.7,No
RPS4Y2,2,2,147,1.4,No
RPS5,2,2,147,1.4,No
RPS8,2,2,147,1.4,No
RPUSD2,2,2,147,1.4,No
RRAGA,2,2,147,1.4,No
RRAGB,2,2,147,1.4,No
RRAS,2,2,147,1.4,Yes
RRAS2,2,2,147,1.4,Yes
RRP15,2,2,147,1.4,No
RRS1,2,2,147,1.4,No
RTL8A,2,2,147,1.4,No
RTL8B,2,2,147,1.4,No
RTN4R,2,2,147,1.4,No
RWDD1,2,2,147,1.4,No
RWDD4,2,2,147,1.4,No
S100A7A,2,2,147,1.4,No
S100B,2,2,147,1.4,No
S100Z,2,2,147,1.4,No
SAA1,2,1,147,0.7,No
SAA2-SAA4,2,2,147,1.4,No
SAP18,2,2,147,1.4,No
SAP30BP,2,2,147,1.4,No
SAYSD1,2,2,147,1.4,No
SCARB2,2,2,147,1.4,No
SCGB1D2,2,2,147,1.4,No
SCGB1D4,2,2,147,1.4,No
SCP2D1-AS1,2,2,147,1.4,No
SCRG1,2,2,147,1.4,No
SCYGR1,2,2,147,1.4,No
SCYGR5,2,2,147,1.4,No
SDF2,2,2,147,1.4,No
SDF2L1,2,2,147,1.4,No
SDHAF3,2,2,147,1.4,No
SDR16C5,2,2,147,1.4,No
SEC13,2,2,147,1.4,No
SELENOP,2,2,147,1.4,No
SELENOT,2,2,147,1.4,No
SEPSECS,2,2,147,1.4,No
SEPTIN11,2,2,147,1.4,No
SERHL2,2,2,147,1.4,No
SERPINB1,2,2,147,1.4,No
SERPINB13,2,2,147,1.4,No
SETD4,2,2,147,1.4,Yes
SF3B6,2,2,147,1.4,No
SFR1,2,2,147,1.4,No
SH3GL1,2,2,176,1.1,Yes
SIGMAR1,2,1,147,0.7,No
SILC1,2,2,147,1.4,No
SIX1,2,2,147,1.4,Yes
SLC16A3,2,2,147,1.4,No
SLC1A4,2,2,147,1.4,No
SLC25A35,2,2,147,1.4,No
SLC25A40,2,2,147,1.4,No
SLC25A6,2,1,147,0.7,No
SLC30A1,2,2,147,1.4,No
SLC35E4,2,2,147,1.4,No
SLC37A2,2,2,147,1.4,No
SLC39A13,2,2,147,1.4,No
SLC50A1,2,2,147,1.4,No
SLC60A2,2,2,147,1.4,No
SLCO1B3-SLCO1B7,2,2,147,1.4,No
SLIRP,2,2,147,1.4,No
SLN,2,2,147,1.4,No
SLPI,2,2,147,1.4,No
SMIM10,2,2,147,1.4,No
SMIM23,2,2,147,1.4,No
SMIM32,2,1,147,0.7,No
SMIM36,2,1,147,0.7,No
SMIM43,2,2,147,1.4,No
SMIM8,2,2,147,1.4,No
SMLR1,2,1,147,0.7,No
SMPDL3A,2,2,147,1.4,No
SMPX,2,2,147,1.4,No
SNF8,2,2,147,1.4,No
SNHG7,2,2,147,1.4,No
SNRPD1,2,2,147,1.4,No
SNRPD2,2,2,147,1.4,No
SNRPD3,2,2,147,1.4,No
SNRPG,2,2,147,1.4,No
SOCS1,2,2,176,1.1,Yes
SOCS2,2,2,147,1.4,Yes
SOWAHD,2,2,147,1.4,No
SOX1,2,2,147,1.4,No
SOX18,2,2,147,1.4,No
SPAAR,2,2,147,1.4,No
SPACA4,2,2,147,1.4,No
SPANXD,2,2,147,1.4,No
SPATA31D4,2,2,147,1.4,No
SPATA31F3,2,2,147,1.4,No
SPATA6L,2,2,147,1.4,No
SPATA8,2,2,147,1.4,No
SPDYE18,2,2,147,1.4,No
SPEF1,2,2,147,1.4,No
SPINK14,2,2,147,1.4,No
SPINK6,2,2,147,1.4,No
SPINK9,2,2,147,1.4,No
SPINT3,2,2,147,1.4,No
SPMIP11,2,2,147,1.4,No
SPMIP3,2,2,147,1.4,No
SPRTN,2,2,147,1.4,Yes
SPRY3,2,2,147,1.4,No
SPRYD4,2,1,147,0.7,No
SPRYD7,2,2,147,1.4,No
SPTSSB,2,2,147,1.4,No
SPX,2,2,147,1.4,No
SRA1,2,2,147,1.4,No
SRD5A1,2,2,147,1.4,No
SREK1IP1,2,2,147,1.4,No
SRP9,2,2,147,1.4,No
SRSF5,2,2,147,1.4,No
SRXN1,2,2,147,1.4,No
SSPN,2,2,147,1.4,No
SSU72L4,2,2,147,1.4,No
ST20-AS1,2,2,147,1.4,No
ST6GALNAC4,2,2,147,1.4,No
ST7-OT4,2,1,147,0.7,No
STARD3NL,2,2,147,1.4,No
STATH,2,2,147,1.4,No
STIMATE-MUSTN1,2,2,147,1.4,No
STK25,2,2,147,1.4,No
STOM,2,2,147,1.4,No
STPG3,2,2,147,1.4,No
STX10,2,2,147,1.4,No
STX16,2,2,147,1.4,No
STX17,2,2,147,1.4,No
STX6,2,2,147,1.4,No
STYX,2,2,147,1.4,No
SUB1,2,1,147,0.7,No
SURF4,2,2,147,1.4,No
SWSAP1,2,2,147,1.4,No
SYNJ2BP,2,2,147,1.4,No
SYP,2,2,147,1.4,No
SYPL1,2,2,147,1.4,No
SYS1,2,2,147,1.4,No
TAC1,2,2,147,1.4,No
TADA2B,2,2,147,1.4,No
TAF11,2,2,147,1.4,No
TAF13,2,2,147,1.4,No
TAFA5,2,2,147,1.4,No
TAPBPL,2,2,147,1.4,No
TAS2R30,2,2,147,1.4,No
TAS2R43,2,2,147,1.4,No
TAS2R46,2,2,147,1.4,No
TATDN1,2,2,147,1.4,No
TBC1D3B,2,2,147,1.4,No
TBC1D7,2,2,147,1.4,No
TBPL1,2,2,147,1.4,No
TBX1,2,2,147,1.4,No
TCAF2,2,2,147,1.4,No
TCF24,2,2,147,1.4,No
TCP11X1,2,1,147,0.7,No
TCP11X2,2,2,147,1.4,No
TENT4B,2,2,147,1.4,No
TEX12,2,2,147,1.4,No
TEX22,2,2,147,1.4,No
TFAP2C,2,2,147,1.4,No
TFDP2,2,2,147,1.4,No
TFF2,2,2,147,1.4,No
THAP1,2,2,147,1.4,No
THAP10,2,2,147,1.4,No
THAP3,2,2,147,1.4,No
THBD,2,2,147,1.4,No
THEM4,2,2,147,1.4,No
THG1L,2,2,147,1.4,No
THOC3,2,2,147,1.4,No
THYN1,2,2,147,1.4,No
TICAM2,2,2,147,1.4,No
TIGD1,2,2,147,1.4,No
TIGD2,2,2,147,1.4,No
TIGD6,2,2,147,1.4,No
TIMM17A,2,2,147,1.4,No
TIMM8B,2,2,147,1.4,No
TIRAP,2,2,147,1.4,No
TK1,2,2,147,1.4,No
TLCD1,2,2,147,1.4,No
TLCD5,2,2,147,1.4,No
TLX3,2,2,147,1.4,Yes
TM2D2,2,2,147,1.4,No
TM4SF1,2,2,147,1.4,No
TM6SF1,2,2,147,1.4,No
TMCO6,2,2,147,1.4,No
TMED10,2,2,147,1.4,No
TMED5,2,2,147,1.4,No
TMEM105,2,2,147,1.4,No
TMEM106B,2,2,147,1.4,No
TMEM116,2,2,147,1.4,No
TMEM127,2,2,147,1.4,Yes
TMEM14B,2,2,147,1.4,No
TMEM151B,2,2,147,1.4,No
TMEM158,2,2,147,1.4,No
TMEM167B,2,2,147,1.4,No
TMEM184A,2,2,147,1.4,No
TMEM184C,2,2,147,1.4,No
TMEM185A,2,2,147,1.4,No
TMEM185B,2,2,147,1.4,No
TMEM208,2,2,147,1.4,No
TMEM217,2,2,147,1.4,No
TMEM217B,2,2,147,1.4,No
TMEM220,2,2,147,1.4,No
TMEM225B,2,2,147,1.4,No
TMEM242,2,2,147,1.4,No
TMEM243,2,2,147,1.4,No
TMEM255A,2,2,147,1.4,No
TMEM256,2,2,147,1.4,No
TMEM269,2,2,147,1.4,No
TMEM271,2,2,147,1.4,No
TMEM275,2,2,147,1.4,No
TMEM278,2,2,147,1.4,No
TMEM30B,2,2,147,1.4,No
TMEM31,2,2,147,1.4,No
TMEM41A,2,2,147,1.4,No
TMEM42,2,2,147,1.4,No
TMEM50A,2,2,147,1.4,No
TMEM50B,2,1,147,0.7,No
TMEM64,2,2,147,1.4,No
TMEM65,2,2,147,1.4,No
TMEM68,2,2,147,1.4,No
TMEM88,2,2,147,1.4,No
TMEM89,2,2,147,1.4,No
TMEM95,2,2,147,1.4,No
TMEM97,2,2,147,1.4,No
TMEM9B,2,2,147,1.4,No
TMIE,2,2,147,1.4,No
TMPRSS11BNL,2,2,147,1.4,No
TNFRSF18,2,2,147,1.4,No
TNFSF12,2,2,147,1.4,No
TNFSF4,2,2,147,1.4,No
TNNI2,2,2,147,1.4,No
TNP1,2,2,147,1.4,No
TOLLIP,2,1,147,0.7,No
TOMM40,2,2,147,1.4,No
TOR1A,2,2,147,1.4,No
TP53INP2,2,2,147,1.4,No
TPM2,2,2,147,1.4,No
TRADD,2,2,147,1.4,No
TRAF4,2,2,147,1.4,No
TRAPPC14,2,1,147,0.7,No
TRAPPC3,2,2,147,1.4,No
TRAPPC4,2,2,147,1.4,No
TREX1,2,2,147,1.4,No
TRIL,2,2,147,1.4,No
TRIM13,2,2,147,1.4,No
TRIM26,2,2,147,1.4,No
TRIM29,2,2,147,1.4,No
TRIM34,2,2,147,1.4,No
TRIM39-RPP21,2,2,147,1.4,No
TRIM59,2,2,147,1.4,No
TRIM74,2,2,147,1.4,No
TRMT10B,2,2,147,1.4,No
TRMT5,2,2,147,1.4,No
TRPC5OS,2,2,147,1.4,No
TSPAN1,2,2,147,1.4,No
TSPAN3,2,2,147,1.4,No
TSPAN6,2,2,147,1.4,No
TSPYL1,2,2,147,1.4,No
TSPYL4,2,1,147,0.7,No
TTPAL,2,2,147,1.4,No
TUSC2,2,2,147,1.4,No
TVP23B,2,2,147,1.4,No
TWF1,2,2,147,1.4,No
TXLNG,2,2,147,1.4,No
TXNDC12,2,2,147,1.4,No
TXNL1,2,2,147,1.4,No
TYMS,2,2,176,1.1,Yes
UBALD2,2,2,147,1.4,No
UBE2A,2,2,147,1.4,Yes
UBE2D1,2,2,147,1.4,No
UBE2F,2,2,147,1.4,No
UBE2L3,2,2,147,1.4,No
UBE2S,2,2,147,1.4,No
UBE2Z,2,2,147,1.4,No
UBL5,2,2,147,1.4,No
UBTD1,2,2,147,1.4,No
UBXN1,2,2,147,1.4,No
UBXN6,2,2,147,1.4,No
UCN,2,2,147,1.4,No
UCN2,2,2,147,1.4,No
UEVLD,2,2,147,1.4,No
UFD1,2,2,147,1.4,No
UFM1,2,2,147,1.4,No
UGCG,2,2,147,1.4,No
UGT1A1,2,2,176,1.1,No
UGT1A3,2,2,147,1.4,No
UNG,2,2,147,1.4,No
UPRT,2,2,147,1.4,No
UQCC1,2,2,147,1.4,No
UQCC6,2,2,147,1.4,No
UQCRFS1,2,2,147,1.4,No
UQCRH,2,2,147,1.4,No
URM1,2,2,147,1.4,No
UROS,2,2,147,1.4,No
USP17L10,2,2,147,1.4,No
USP27X,2,2,147,1.4,No
UTP11,2,2,147,1.4,No
VAMP4,2,2,147,1.4,No
VAMP5,2,2,147,1.4,No
VAMP7,2,2,147,1.4,No
VAMP8,2,2,147,1.4,No
VCPKMT,2,2,147,1.4,No
VDAC2,2,2,147,1.4,No
VDAC3,2,2,147,1.4,No
VEGFA,2,2,147,1.4,Yes
VEGFB,2,2,147,1.4,Yes
VMA12,2,2,147,1.4,No
VOPP1,2,2,147,1.4,No
VPS29,2,2,147,1.4,No
VPS37B,2,2,147,1.4,No
VTI1B,2,2,176,1.1,No
WASHC1,2,2,147,1.4,No
WASHC3,2,2,147,1.4,No
WDR45B,2,2,147,1.4,No
WDR82,2,1,147,0.7,No
WFDC10A,2,2,147,1.4,No
WFDC10B,2,2,147,1.4,No
WFDC12,2,2,147,1.4,No
WFDC5,2,2,147,1.4,No
WNT7B,2,2,147,1.4,No
WSB2,2,2,147,1.4,No
YAF2,2,2,147,1.4,No
YEATS4,2,2,147,1.4,No
YIF1B,2,2,147,1.4,No
YIPF3,2,2,147,1.4,No
YJEFN3,2,2,147,1.4,No
YRDC,2,2,147,1.4,No
YTHDF1,2,2,147,1.4,No
YWHAB,2,2,147,1.4,No
YWHAZ,2,2,147,1.4,No
ZBED3,2,2,176,1.1,No
ZBTB12,2,2,147,1.4,No
ZBTB25,2,1,147,0.7,No
ZC3H8,2,2,147,1.4,No
ZCCHC10,2,2,147,1.4,No
ZCCHC13,2,2,147,1.4,No
ZCCHC18,2,2,147,1.4,No
ZDHHC22,2,2,147,1.4,No
ZDHHC24,2,2,147,1.4,No
ZFAND6,2,2,147,1.4,No
ZFY,2,2,147,1.4,No
ZMAT2,2,2,147,1.4,No
ZNF121,2,2,147,1.4,No
ZNF296,2,2,147,1.4,No
ZNF346,2,2,147,1.4,No
ZNF358,2,2,147,1.4,No
ZNF397,2,2,147,1.4,No
ZNF580,2,2,147,1.4,No
ZNF581,2,2,147,1.4,No
ZNF705A,2,2,147,1.4,No
ZNF738,2,2,147,1.4,No
ZNF740,2,2,147,1.4,No
ZNF766,2,2,147,1.4,No
ZNF812P,2,2,147,1.4,No
ZPR1,2,2,147,1.4,No
ZSCAN26,2,2,147,1.4,No
AAMDC,1,1,147,0.7,No
ACADM,1,1,147,0.7,No
ACBD7,1,1,147,0.7,No
ACER2,1,1,147,0.7,No
ACOT13,1,1,147,0.7,No
ACTL10,1,1,147,0.7,No
ACVR2A,1,1,147,0.7,Yes
ADAM3A,1,1,147,0.7,No
ADAMTSL4-AS1,1,1,147,0.7,No
ADGRE4P,1,1,147,0.7,No
ADIG,1,1,147,0.7,No
ADIRF,1,1,147,0.7,No
ADM,1,1,147,0.7,No
ADPRM,1,1,147,0.7,No
AGAP2-AS1,1,1,147,0.7,No
AGPAT1,1,1,147,0.7,No
AGR2,1,1,147,0.7,No
AHCYL1,1,1,147,0.7,No
AK6,1,1,147,0.7,No
AKAP19,1,1,147,0.7,No
AKIP1,1,1,147,0.7,No
AKTIP,1,1,147,0.7,No
ALKAL1,1,1,147,0.7,No
ALKAL2,1,1,147,0.7,No
ALKBH2,1,1,147,0.7,No
ALYREF,1,1,147,0.7,No
AMD1,1,1,147,0.7,No
AMH,1,1,147,0.7,No
ANAPC11,1,1,147,0.7,No
ANKDD1B,1,1,147,0.7,No
ANKRD20A2P,1,1,147,0.7,No
ANKRD20A4P,1,1,147,0.7,No
ANKRD20A5P,1,1,147,0.7,No
ANKRD26P1,1,1,147,0.7,No
ANKRD37,1,1,147,0.7,No
ANKRD40CL,1,1,147,0.7,No
ANKRD63,1,1,147,0.7,No
ANKRD9,1,1,147,0.7,No
ANP32D,1,1,147,0.7,No
ANXA2,1,1,147,0.7,No
ANXA8,1,1,147,0.7,No
AOX2P,1,1,147,0.7,No
AP2S1,1,1,147,0.7,No
AP3S2,1,1,147,0.7,No
APH1A,1,1,147,0.7,Yes
APLN,1,1,147,0.7,No
APOA2,1,1,147,0.7,No
APOC2,1,1,147,0.7,No
APOC4-APOC2,1,1,147,0.7,No
AREG,1,1,147,0.7,No
ARF3,1,1,147,0.7,No
ARF5,1,1,147,0.7,No
ARF6,1,1,147,0.7,No
ARL1,1,1,147,0.7,No
ARL13A,1,1,147,0.7,No
ARL6IP5,1,1,147,0.7,No
ARL6IP6,1,1,147,0.7,No
ARLNC1,1,1,147,0.7,No
ARMCX6,1,1,147,0.7,No
ARPC1A,1,1,147,0.7,No
ARPC3,1,1,147,0.7,No
ARPC5,1,1,147,0.7,No
ARPP19,1,1,147,0.7,No
ASAH2B,1,1,147,0.7,No
ASCL2,1,1,147,0.7,No
ASDURF,1,1,147,0.7,No
ASF1A,1,1,147,0.7,No
ATG12,1,1,147,0.7,No
ATOH7,1,1,147,0.7,No
ATOX1,1,1,147,0.7,No
ATP5F1C,1,1,147,0.7,No
ATP5F1D,1,1,147,0.7,No
ATP5F1EP2,1,1,147,0.7,No
ATP5MC1,1,1,147,0.7,No
ATP5MC3,1,1,147,0.7,No
ATP5MGL,1,1,147,0.7,No
ATP5MJ,1,1,147,0.7,No
ATP5PB,1,1,147,0.7,No
ATP6V0B,1,1,147,0.7,No
ATP6V0E1,1,1,147,0.7,No
ATP6V1F,1,1,147,0.7,No
ATP6V1G1,1,1,147,0.7,No
AVL9,1,1,147,0.7,No
AVPI1,1,1,147,0.7,No
AWAT1,1,1,147,0.7,No
B2M,1,1,147,0.7,Yes
B3GNT8,1,1,147,0.7,No
B9D2,1,1,147,0.7,No
BACC1,1,1,147,0.7,No
BAG2,1,1,147,0.7,No
BAGE,1,1,147,0.7,No
BAGE2,1,1,147,0.7,No
BANF1,1,1,147,0.7,No
BBLN,1,1,147,0.7,No
BCAP31,1,1,147,0.7,No
BCL2L10,1,1,147,0.7,No
BCL2L2,1,1,147,0.7,Yes
BET1,1,1,147,0.7,No
BHLHE41,1,1,147,0.7,No
BIN3,1,1,147,0.7,No
BLACE,1,1,147,0.7,No
BLOC1S1,1,1,147,0.7,No
BLOC1S2,1,1,147,0.7,No
BLOC1S6,1,1,147,0.7,No
BORCS6,1,1,147,0.7,No
BORCS8,1,1,147,0.7,No
BRI3,1,1,147,0.7,No
BTBD6,1,1,147,0.7,No
BTC,1,1,147,0.7,No
BUD31,1,1,147,0.7,No
C10ORF126,1,1,147,0.7,No
C10ORF143,1,1,147,0.7,No
C10ORF55,1,1,147,0.7,No
C11ORF21,1,1,147,0.7,No
C11ORF52,1,1,147,0.7,No
C11ORF58,1,1,147,0.7,No
C11ORF91,1,1,147,0.7,No
C11ORF96,1,1,147,0.7,No
C12ORF57,1,1,147,0.7,No
C12ORF76,1,1,147,0.7,No
C15ORF61,1,1,147,0.7,No
C15ORF62,1,1,147,0.7,No
C16ORF82,1,1,147,0.7,No
C16ORF87,1,1,147,0.7,No
C16ORF95,1,1,147,0.7,No
C17ORF58,1,1,147,0.7,No
C18ORF32,1,1,147,0.7,No
C19ORF33,1,1,147,0.7,No
C19ORF48P,1,1,147,0.7,No
C19ORF73,1,1,147,0.7,No
C1ORF122,1,1,147,0.7,No
C1ORF220,1,1,147,0.7,No
C1ORF52,1,1,147,0.7,No
C1QL1,1,1,147,0.7,No
C1QTNF5,1,1,147,0.7,No
C22ORF39,1,1,147,0.7,No
C3P1,1,1,147,0.7,No
C4A,1,1,147,0.7,No
C5ORF15,1,1,147,0.7,No
C6ORF120,1,1,147,0.7,No
C6ORF141,1,1,147,0.7,No
C8G,1,1,147,0.7,No
C8ORF17,1,1,147,0.7,No
C8ORF44,1,1,147,0.7,No
C8ORF76,1,1,147,0.7,No
C9ORF40,1,1,147,0.7,No
CALM1,1,1,147,0.7,No
CALM3,1,1,147,0.7,No
CALML4,1,1,147,0.7,No
CAPNS2,1,1,147,0.7,No
CAPZA2,1,1,147,0.7,No
CARINH,1,1,147,0.7,No
CASP6,1,1,147,0.7,No
CATSPERZ,1,1,147,0.7,No
CBR3,1,1,147,0.7,No
CBY3,1,1,147,0.7,No
CCDC107,1,1,147,0.7,No
CCDC117,1,1,147,0.7,No
CCDC127,1,1,147,0.7,No
CCDC160,1,1,147,0.7,No
CCDC25,1,1,147,0.7,No
CCDC43,1,1,147,0.7,No
CCL14,1,1,147,0.7,No
CCL17,1,1,147,0.7,No
CCL18,1,1,147,0.7,No
CCL28,1,1,147,0.7,No
CCL5,1,1,147,0.7,No
CCNE1,1,1,176,0.6,Yes
CD164L2,1,1,147,0.7,No
CD52,1,1,147,0.7,No
CD70,1,1,147,0.7,Yes
CD82,1,1,147,0.7,No
CDC37L1,1,1,147,0.7,No
CDC40,1,1,147,0.7,No
CDC42EP5,1,1,147,0.7,No
CDC42SE2,1,1,147,0.7,No
CDK1,1,1,147,0.7,No
CDKN1C,1,1,147,0.7,Yes
CDKN2A-AS1,1,1,147,0.7,No
CDKN2AIPNL,1,1,147,0.7,No
CDKN2B,1,1,176,0.6,Yes
CDNF,1,1,147,0.7,No
CDRT15P3,1,1,147,0.7,No
CDV3,1,1,147,0.7,No
CEBPD,1,1,147,0.7,No
CEBPZOS,1,1,147,0.7,No
CENPH,1,1,147,0.7,No
CENPS-CORT,1,1,147,0.7,No
CENPV,1,1,147,0.7,No
CEP15,1,1,147,0.7,No
CEP19,1,1,147,0.7,No
CEP20,1,1,147,0.7,No
CERS3,1,1,147,0.7,No
CERS5,1,1,147,0.7,No
CETN2,1,1,147,0.7,No
CETN3,1,1,147,0.7,No
CFAP141,1,1,147,0.7,No
CFAP410,1,1,147,0.7,No
CFAP73,1,1,147,0.7,No
CFAP97D2,1,1,147,0.7,No
CGB3,1,1,147,0.7,No
CHCHD10,1,1,147,0.7,No
CHKB-CPT1B,1,1,147,0.7,No
CHMP4A,1,1,147,0.7,No
CHORDC1,1,1,147,0.7,No
CHRAC1,1,1,147,0.7,No
CHRFAM7A,1,1,147,0.7,No
CHTF8,1,1,147,0.7,Yes
CHTOP,1,1,147,0.7,No
CIAO2B,1,1,147,0.7,No
CINP,1,1,147,0.7,No
CKLF,1,1,147,0.7,No
CKMT1B,1,1,147,0.7,No
CLC,1,1,147,0.7,No
CLCA3P,1,1,147,0.7,No
CLDN12,1,1,147,0.7,No
CLDN19,1,1,147,0.7,No
CLEC18A,1,1,147,0.7,No
CLEC18C,1,1,147,0.7,No
CLEC19A,1,1,147,0.7,No
CLEC20A,1,1,147,0.7,No
CLN8,1,1,147,0.7,No
CLPS,1,1,147,0.7,No
CLPSL1,1,1,147,0.7,No
CLPSL2,1,1,147,0.7,No
CLTA,1,1,147,0.7,No
CLTRN,1,1,147,0.7,No
CMC2,1,1,147,0.7,No
CMTM1,1,1,147,0.7,No
CNEP1R1,1,1,147,0.7,No
CNPY4,1,1,147,0.7,No
CNTF,1,1,147,0.7,No
COA1,1,1,147,0.7,No
COA8,1,1,147,0.7,No
COLCA1,1,1,147,0.7,No
COMMD2,1,1,147,0.7,No
COMMD3,1,1,147,0.7,No
COMMD6,1,1,147,0.7,No
COMMD7,1,1,147,0.7,No
COMMD9,1,1,147,0.7,No
COMT,1,1,147,0.7,No
COPZ1,1,1,147,0.7,No
COQ10B,1,1,147,0.7,No
COTL1,1,1,147,0.7,No
COX15,1,1,147,0.7,No
COX16,1,1,147,0.7,No
COX17,1,1,147,0.7,No
COX20,1,1,147,0.7,No
COX4I1,1,1,147,0.7,No
COX5A,1,1,147,0.7,No
COX6A1,1,1,147,0.7,No
COX6A1P2,1,1,147,0.7,No
COX6C,1,1,147,0.7,No
COX7A2,1,1,147,0.7,No
COX7C,1,1,147,0.7,No
COX8A,1,1,147,0.7,No
COX8C,1,1,147,0.7,No
COXFA4L2,1,1,147,0.7,No
COXFA4L3,1,1,147,0.7,No
CPHXL2,1,1,147,0.7,No
CPOX,1,1,147,0.7,No
CRABP2,1,1,147,0.7,No
CRB3,1,1,147,0.7,No
CRCP,1,1,147,0.7,No
CRIP1,1,1,147,0.7,No
CRIP2,1,1,147,0.7,No
CRIPT,1,1,147,0.7,No
CRYAA,1,1,147,0.7,No
CRYBA1,1,1,147,0.7,No
CSF2,1,1,147,0.7,No
CSNK2B,1,1,147,0.7,No
CST3,1,1,147,0.7,No
CST5,1,1,147,0.7,No
CST6,1,1,147,0.7,No
CT45A1,1,1,147,0.7,No
CTAGE4,1,1,147,0.7,No
CTDSP2,1,1,147,0.7,No
CTNNBIP1,1,1,147,0.7,No
CXCL8,1,1,147,0.7,No
CYB561,1,1,147,0.7,No
CYB561D2,1,1,147,0.7,No
CYB5B,1,1,147,0.7,No
CYB5D1,1,1,147,0.7,No
CYB5D2,1,1,147,0.7,No
CYBA,1,1,147,0.7,No
CYP2D7,1,1,147,0.7,No
CYP4Z2P,1,1,147,0.7,No
DBI,1,1,147,0.7,No
DCAF7,1,1,147,0.7,No
DCTD,1,1,147,0.7,No
DDA1,1,1,147,0.7,No
DDAH1,1,1,147,0.7,No
DDOST,1,1,147,0.7,No
DDX12P,1,1,147,0.7,No
DEFA3,1,1,147,0.7,No
DEFB104A,1,1,147,0.7,No
DEFB105A,1,1,147,0.7,No
DEFB110,1,1,147,0.7,No
DEFB124,1,1,147,0.7,No
DEFB136,1,1,147,0.7,No
DENND10,1,1,147,0.7,No
DGCR6L,1,1,147,0.7,No
DHFR,1,1,147,0.7,No
DHRS12,1,1,147,0.7,No
DHRS4L1,1,1,147,0.7,No
DIAPH3-AS1,1,1,147,0.7,No
DKC1,1,1,147,0.7,No
DLEU2L,1,1,147,0.7,No
DLX3,1,1,147,0.7,No
DMAC1,1,1,147,0.7,No
DMRTC1B,1,1,147,0.7,No
DNAH10OS,1,1,147,0.7,No
DNAJB14,1,1,147,0.7,No
DNAJB9,1,1,147,0.7,No
DNAJC30,1,1,147,0.7,No
DOHH,1,1,147,0.7,No
DPEP2NB,1,1,147,0.7,No
DPF2,1,1,147,0.7,No
DPH5,1,1,147,0.7,No
DPH6,1,1,147,0.7,No
DPM3,1,1,147,0.7,No
DPY30,1,1,147,0.7,No
DR1,1,1,147,0.7,No
DRAP1,1,1,147,0.7,No
DSCC1,1,1,147,0.7,No
DSCR4,1,1,147,0.7,No
DSCR8,1,1,147,0.7,No
DTD1,1,1,147,0.7,No
DUSP19,1,1,147,0.7,No
DUSP2,1,1,147,0.7,Yes
DUSP23,1,1,147,0.7,No
DUSP28,1,1,147,0.7,No
DYNLL1,1,1,147,0.7,No
DYNLL2,1,1,147,0.7,No
EAF1,1,1,147,0.7,No
ECHDC1,1,1,147,0.7,No
EDDM13,1,1,147,0.7,No
EEF1AKMT1,1,1,147,0.7,No
EEF1AKMT2,1,1,147,0.7,No
EFCAB10,1,1,147,0.7,No
EFCAB14-AS1,1,1,147,0.7,No
EHF,1,1,147,0.7,No
EHMT2-AS1,1,1,147,0.7,No
EID1,1,1,147,0.7,No
EIF1AX,1,1,147,0.7,Yes
EIF1AY,1,1,147,0.7,No
EIF1B,1,1,147,0.7,No
EIF2S3,1,1,147,0.7,No
EIF3CL,1,1,147,0.7,No
EIF4EBP1,1,1,147,0.7,No
EIF4EBP3,1,1,147,0.7,No
EIF5A2,1,1,147,0.7,No
ELMOD3,1,1,147,0.7,No
ELOB,1,1,147,0.7,No
EMP1,1,1,147,0.7,No
EMX1,1,1,147,0.7,No
ENOSF1,1,1,147,0.7,No
EOLA1,1,1,147,0.7,No
EPCIP-AS1,1,1,147,0.7,No
EPOP,1,1,147,0.7,No
ERFE,1,1,147,0.7,No
ERLN,1,1,147,0.7,No
ERVMER61-1,1,1,147,0.7,No
ETDC,1,1,147,0.7,No
ETFB,1,1,147,0.7,No
EXOC3-AS1,1,1,147,0.7,No
EXOSC1,1,1,147,0.7,No
EXOSC10-AS1,1,1,147,0.7,No
EXOSC3,1,1,147,0.7,No
EXOSC8,1,1,147,0.7,No
F3,1,1,147,0.7,No
FAAP20,1,1,147,0.7,No
FAM120A2P,1,1,147,0.7,No
FAM120AOS,1,1,147,0.7,No
FAM136A,1,1,147,0.7,No
FAM174A,1,1,147,0.7,No
FAM174B,1,1,147,0.7,No
FAM174C,1,1,147,0.7,No
FAM200A,1,1,147,0.7,No
FAM204A,1,1,147,0.7,No
FAM219B,1,1,147,0.7,No
FAM230A,1,1,147,0.7,No
FAM240B,1,1,147,0.7,No
FAM24A,1,1,147,0.7,No
FAM27E5,1,1,147,0.7,No
FAM32A,1,1,147,0.7,No
FAM3A,1,1,147,0.7,No
FAM86C1P,1,1,147,0.7,No
FAM90A26,1,1,147,0.7,No
FBXL15,1,1,147,0.7,No
FBXL3,1,1,147,0.7,No
FBXO17,1,1,147,0.7,No
FBXO4,1,1,147,0.7,No
FBXW5,1,1,147,0.7,No
FCER1G,1,1,147,0.7,No
FDFT1,1,1,147,0.7,No
FDX2,1,1,147,0.7,No
FDXR,1,1,147,0.7,No
FGF22,1,1,147,0.7,No
FGFBP3,1,1,147,0.7,No
FGFR1OP2,1,1,147,0.7,No
FHL2,1,1,147,0.7,No
FIS1,1,1,147,0.7,No
FKBP1B,1,1,147,0.7,No
FKBP2,1,1,147,0.7,No
FKBP9P1,1,1,147,0.7,No
FKBPL,1,1,147,0.7,No
FMO6P,1,1,147,0.7,No
FOXC1,1,1,147,0.7,No
FOXD1,1,1,147,0.7,No
FOXE3,1,1,147,0.7,No
FRAT2,1,1,147,0.7,No
FRG2,1,1,147,0.7,No
FTL,1,1,147,0.7,No
FXYD1,1,1,147,0.7,No
FXYD3,1,1,147,0.7,No
FXYD4,1,1,147,0.7,No
FXYD6,1,1,147,0.7,No
FXYD6-FXYD2,1,1,147,0.7,No
GADD45A,1,1,147,0.7,No
GAGE1,1,1,147,0.7,No
GAGE10,1,1,147,0.7,No
GALT,1,1,147,0.7,No
GAS8-AS1,1,1,147,0.7,No
GCA,1,1,147,0.7,No
GCHFR,1,1,147,0.7,No
GFRA4,1,1,147,0.7,No
GGNBP1,1,1,147,0.7,No
GGPS1,1,1,147,0.7,No
GHRL,1,1,147,0.7,No
GINM1,1,1,147,0.7,No
GLA,1,1,147,0.7,No
GLTPD2,1,1,147,0.7,No
GLUD1P2,1,1,147,0.7,No
GMCL2,1,1,147,0.7,No
GMFB,1,1,147,0.7,No
GNA13,1,1,147,0.7,Yes
GNB2,1,1,147,0.7,No
GNG13,1,1,147,0.7,No
GNG3,1,1,147,0.7,No
GNG4,1,1,147,0.7,No
GNG5,1,1,147,0.7,No
GNL1,1,1,147,0.7,No
GOLGA6L9,1,1,147,0.7,No
GOLGA7,1,1,147,0.7,No
GOLGA8DP,1,1,147,0.7,No
GOLGA8G,1,1,147,0.7,No
GOLGA8IP,1,1,147,0.7,No
GOLGA8Q,1,1,147,0.7,No
GORASP1,1,1,147,0.7,No
GPIHBP1,1,1,147,0.7,No
GPN3,1,1,147,0.7,No
GPR26,1,1,147,0.7,No
GPR27,1,1,147,0.7,No
GPS2,1,1,147,0.7,Yes
GPX3,1,1,147,0.7,No
GPX4,1,1,147,0.7,No
GRIFIN,1,1,147,0.7,No
GRPEL2,1,1,147,0.7,No
GSC2,1,1,147,0.7,No
GSTM1,1,1,147,0.7,No
GSTO1,1,1,147,0.7,Yes
GSTT1,1,1,147,0.7,No
GSTT2,1,1,147,0.7,No
GTF2A2,1,1,147,0.7,No
GTF2F2,1,1,147,0.7,No
GTF2H2B,1,1,147,0.7,No
GTF2H2C,1,1,147,0.7,No
GTF3A,1,1,147,0.7,No
GTSF1L,1,1,147,0.7,No
H1-1,1,1,147,0.7,No
H2AC15,1,1,147,0.7,No
H2AC20,1,1,147,0.7,No
H2AC6,1,1,147,0.7,Yes
H2AJ,1,1,147,0.7,No
H2AZ2,1,1,147,0.7,No
H2BC10,1,1,147,0.7,No
H2BC11,1,1,147,0.7,Yes
H2BC13,1,1,147,0.7,No
H2BC14,1,1,147,0.7,No
H2BC26,1,1,147,0.7,No
H2BC3,1,1,147,0.7,No
H2BC6,1,1,147,0.7,No
H2BC7,1,1,147,0.7,No
H2BC8,1,1,147,0.7,Yes
H2BK1,1,1,147,0.7,No
H3-3A,1,1,147,0.7,Yes
H3C10,1,1,147,0.7,Yes
H3C12,1,1,147,0.7,Yes
H3C7,1,1,147,0.7,Yes
H4C5,1,1,147,0.7,No
HACD4,1,1,147,0.7,No
HADH,1,1,147,0.7,No
HAUS7,1,1,147,0.7,No
HBA2,1,1,147,0.7,No
HCRT,1,1,147,0.7,No
HCST,1,1,147,0.7,No
HDAC8,1,1,147,0.7,No
HDDC2,1,1,147,0.7,No
HDDC3,1,1,147,0.7,No
HEBP1,1,1,147,0.7,No
HERC2P3,1,1,147,0.7,No
HESX1,1,1,147,0.7,No
HIBADH,1,1,147,0.7,No
HIGD1B,1,1,147,0.7,No
HINT3,1,1,147,0.7,No
HLA-DRB1,1,1,176,0.6,No
HMBS,1,1,147,0.7,No
HMGA1,1,1,147,0.7,Yes
HMGN3,1,1,147,0.7,No
HOPX,1,1,147,0.7,No
HOXB9,1,1,147,0.7,No
HOXD13,1,1,147,0.7,Yes
HPRT1,1,1,147,0.7,No
HRCT1,1,1,147,0.7,No
HRK,1,1,147,0.7,No
HSBP1,1,1,147,0.7,No
HSBP1L1,1,1,147,0.7,No
HSD17B1,1,1,147,0.7,No
HSD17B10,1,1,147,0.7,No
HSD17B11,1,1,147,0.7,No
HSD17B6,1,1,147,0.7,No
HSPA1B,1,1,147,0.7,No
HSPB9,1,1,147,0.7,No
HTATIP2,1,1,147,0.7,Yes
HTR5A-AS1,1,1,147,0.7,No
HYI,1,1,147,0.7,No
HYLS1,1,1,147,0.7,No
IAH1,1,1,147,0.7,No
IER3IP1,1,1,147,0.7,No
IFI27,1,1,147,0.7,No
IFI27L1,1,1,147,0.7,No
IFI27L2,1,1,147,0.7,No
IFITM5,1,1,147,0.7,No
IFNA10,1,1,147,0.7,No
IFNA7,1,1,147,0.7,No
IFNGR2,1,1,147,0.7,No
IFT20,1,1,147,0.7,No
IFT25,1,1,147,0.7,No
IFT74,1,1,147,0.7,No
IGBP1,1,1,147,0.7,No
IGF2BP2-AS1,1,1,147,0.7,No
IGFBP3,1,1,147,0.7,No
IGFBPL1,1,1,147,0.7,No
IGFL1,1,1,147,0.7,No
IGFL4,1,1,147,0.7,No
IGHG1,1,1,147,0.7,No
IGIP,1,1,147,0.7,No
IKBKE-AS1,1,1,147,0.7,No
IKBKG,1,1,147,0.7,No
IL15,1,1,147,0.7,No
IL17D,1,1,147,0.7,No
IL18BP,1,1,147,0.7,No
IL1F10,1,1,147,0.7,No
IMMP1L,1,1,147,0.7,No
INAFM1,1,1,147,0.7,No
ING2,1,1,147,0.7,No
INKA1,1,1,147,0.7,No
INS,1,1,147,0.7,No
INSIG2,1,1,147,0.7,No
INSM1,1,1,147,0.7,No
IQCF5,1,1,147,0.7,No
IRF7,1,1,147,0.7,No
IRX2-DT,1,1,147,0.7,No
IRX3,1,1,147,0.7,No
ISCA1,1,1,147,0.7,No
ISCA2,1,1,147,0.7,No
ISCU,1,1,147,0.7,No
ISG15,1,1,147,0.7,No
ITGB1BP1,1,1,147,0.7,No
ITGB3BP,1,1,147,0.7,No
JDP2,1,1,147,0.7,No
JKAMP,1,1,147,0.7,No
JMJD7,1,1,147,0.7,No
JOSD1,1,1,147,0.7,No
JUND,1,1,147,0.7,No
KATNBL1,1,1,147,0.7,No
KCNE5,1,1,147,0.7,No
KCTD5,1,1,147,0.7,No
KIAA1143,1,1,147,0.7,No
KLF13,1,1,147,0.7,No
KLHL35,1,1,147,0.7,No
KLK9,1,1,147,0.7,No
KLRC4-KLRK1,1,1,147,0.7,No
KLRG1,1,1,147,0.7,No
KLRG2,1,1,147,0.7,No
KLRK1,1,1,147,0.7,No
KRABD5,1,1,147,0.7,No
KRCC1,1,1,147,0.7,No
KRTAP1-1,1,1,147,0.7,No
KRTAP1-4,1,1,147,0.7,No
KRTAP10-1,1,1,147,0.7,No
KRTAP10-10,1,1,147,0.7,No
KRTAP10-2,1,1,147,0.7,No
KRTAP10-9,1,1,147,0.7,No
KRTAP2-3,1,1,147,0.7,No
KRTAP20-4,1,1,147,0.7,No
KRTAP22-1,1,1,147,0.7,No
KRTAP3-1,1,1,147,0.7,No
KRTAP3-3,1,1,147,0.7,No
KRTAP4-1,1,1,147,0.7,No
KRTAP4-16,1,1,147,0.7,No
KRTAP9-7,1,1,147,0.7,No
KRTAP9-9,1,1,147,0.7,No
KXD1,1,1,147,0.7,No
L3HYPDH,1,1,147,0.7,No
LAMTOR2,1,1,147,0.7,No
LAMTOR5,1,1,147,0.7,No
LCE3B,1,1,147,0.7,No
LDHA,1,1,147,0.7,No
LDOC1,1,1,147,0.7,No
LGALS9B,1,1,147,0.7,No
LGALSL,1,1,147,0.7,No
LIMD2,1,1,147,0.7,No
LIN7C,1,1,147,0.7,No
LINC00272,1,1,147,0.7,No
LINC00293,1,1,147,0.7,No
LINC00303,1,1,147,0.7,No
LINC00469,1,1,147,0.7,No
LINC00696,1,1,147,0.7,No
LINC00710,1,1,147,0.7,No
LINC00923,1,1,147,0.7,No
LINC00955,1,1,147,0.7,No
LINC00967,1,1,147,0.7,No
LINC01545,1,1,147,0.7,No
LINC01546,1,1,147,0.7,No
LINC01551,1,1,147,0.7,No
LINC01553,1,1,147,0.7,No
LINC01559,1,1,147,0.7,No
LINC01588,1,1,147,0.7,No
LINC01620,1,1,147,0.7,No
LINC02692,1,1,147,0.7,No
LINC02693,1,1,147,0.7,No
LINC02877,1,1,147,0.7,No
LINC02897,1,1,147,0.7,No
LINC02905,1,1,147,0.7,No
LINC02906,1,1,147,0.7,No
LINC02909,1,1,147,0.7,No
LINC02915,1,1,147,0.7,No
LINC03040,1,1,147,0.7,No
LINC03041,1,1,147,0.7,No
LINC03043,1,1,147,0.7,No
LIPT2,1,1,147,0.7,No
LOH12CR2,1,1,147,0.7,No
LRCOL1,1,1,147,0.7,No
LRP5L,1,1,147,0.7,No
LRRC24,1,1,147,0.7,No
LRRTM2,1,1,147,0.7,No
LSM1,1,1,147,0.7,No
LSM2,1,1,147,0.7,No
LSM8,1,1,147,0.7,No
LSMEM2,1,1,147,0.7,No
LTC4S,1,1,147,0.7,No
LURAP1L,1,1,147,0.7,No
LY6D,1,1,147,0.7,No
LY6G6C,1,1,147,0.7,No
LY6G6E,1,1,147,0.7,No
LY6K,1,1,147,0.7,No
LYNX1,1,1,147,0.7,No
LYPD8,1,1,147,0.7,No
LYPLA1,1,1,147,0.7,No
LYRM2,1,1,147,0.7,No
LYRM4,1,1,147,0.7,No
LYSMD3,1,1,147,0.7,No
LZIC,1,1,147,0.7,No
MAD2L2,1,1,147,0.7,Yes
MAFA,1,1,147,0.7,No
MAFF,1,1,147,0.7,No
MAFK,1,1,147,0.7,No
MAK16,1,1,147,0.7,No
MANBAL,1,1,147,0.7,No
MAP1LC3A,1,1,147,0.7,No
MAPK11,1,1,147,0.7,No
MAPRE1,1,1,147,0.7,No
MAPRE3,1,1,147,0.7,No
MARCHF9,1,1,147,0.7,No
MARCKS,1,1,147,0.7,No
MARS2,1,1,147,0.7,No
MAT2B,1,1,147,0.7,No
MBLAC2,1,1,147,0.7,No
MCCD1,1,1,147,0.7,No
MCFD2,1,1,147,0.7,No
MCRIP2,1,1,147,0.7,No
MDS2,1,1,147,0.7,Yes
MEA1,1,1,147,0.7,No
MED10,1,1,147,0.7,No
MED29,1,1,147,0.7,No
MED31,1,1,147,0.7,No
METTL2B,1,1,147,0.7,No
MGLL,1,1,147,0.7,No
MGME1,1,1,147,0.7,No
MICOS10,1,1,147,0.7,No
MID1IP1,1,1,147,0.7,No
MIR1199,1,1,147,0.7,No
MIR1261,1,1,147,0.7,No
MIR1915HG,1,1,147,0.7,No
MIR3134,1,1,147,0.7,No
MIR376A1,1,1,147,0.7,No
MIR378C,1,1,147,0.7,No
MIR379,1,1,147,0.7,No
MIR4710,1,1,147,0.7,No
MIR5090,1,1,147,0.7,No
MIR519A1,1,1,147,0.7,No
MIR519D,1,1,147,0.7,No
MIR548N,1,1,147,0.7,No
MIR646HG,1,1,147,0.7,No
MIRLET7BHG,1,1,147,0.7,No
MISP3,1,1,147,0.7,No
MLANA,1,1,147,0.7,No
MMGT1,1,1,147,0.7,No
MND1,1,1,147,0.7,No
MOB1B,1,1,147,0.7,No
MOB3B,1,1,147,0.7,Yes
MOB3C,1,1,147,0.7,No
MOBP,1,1,147,0.7,No
MPC1,1,1,147,0.7,No
MPND,1,1,147,0.7,No
MPZL1,1,1,147,0.7,No
MRFAP1L1,1,1,147,0.7,No
MRLN,1,1,147,0.7,No
MRNIP,1,1,147,0.7,No
MRPL12,1,1,147,0.7,No
MRPL14,1,1,147,0.7,No
MRPL16,1,1,147,0.7,No
MRPL17,1,1,147,0.7,No
MRPL21,1,1,147,0.7,No
MRPL23,1,1,147,0.7,No
MRPL32,1,1,147,0.7,No
MRPL33,1,1,147,0.7,No
MRPL34,1,1,147,0.7,No
MRPL43,1,1,147,0.7,No
MRPL47,1,1,147,0.7,No
MRPL48,1,1,147,0.7,No
MRPL51,1,1,147,0.7,No
MRPL52,1,1,147,0.7,No
MRPS26,1,1,147,0.7,No
MRPS33,1,1,147,0.7,No
MRPS6,1,1,147,0.7,No
MRTO4,1,1,147,0.7,No
MSC,1,1,147,0.7,No
MT1F,1,1,147,0.7,No
MT1X,1,1,147,0.7,No
MT4,1,1,147,0.7,No
MTAP,1,1,147,0.7,Yes
MTCH2,1,1,147,0.7,No
MTG1,1,1,147,0.7,No
MTIF3,1,1,147,0.7,No
MTLN,1,1,147,0.7,No
MTRFR,1,1,147,0.7,No
MTRNR2L12,1,1,147,0.7,No
MTRNR2L9,1,1,147,0.7,No
MTURN,1,1,147,0.7,No
MYMX,1,1,147,0.7,No
MZB1,1,1,147,0.7,No
NAA20,1,1,147,0.7,No
NALCN-AS1,1,1,147,0.7,No
NANOS1,1,1,147,0.7,No
NAPA-AS1,1,1,147,0.7,No
NAPB,1,1,147,0.7,No
NAT16,1,1,147,0.7,No
NCBP2,1,1,147,0.7,No
NCBP2AS2,1,1,147,0.7,No
NDUFA2,1,1,147,0.7,No
NDUFA5,1,1,147,0.7,No
NDUFAB1,1,1,147,0.7,No
NDUFAF2,1,1,147,0.7,No
NDUFB1,1,1,147,0.7,No
NDUFB6,1,1,147,0.7,No
NDUFB7,1,1,147,0.7,No
NDUFC2,1,1,147,0.7,No
NDUFS3,1,1,147,0.7,No
NDUFS8,1,1,147,0.7,No
NDUFV2,1,1,147,0.7,No
NEURL2,1,1,147,0.7,No
NEURL3,1,1,147,0.7,No
NEUROD2,1,1,147,0.7,No
NFYB,1,1,147,0.7,No
NHERF1,1,1,147,0.7,Yes
NIFK,1,1,147,0.7,No
NIPA2,1,1,147,0.7,No
NKIRAS1,1,1,147,0.7,No
NKIRAS2,1,1,147,0.7,No
NKX2-3,1,1,147,0.7,No
NKX2-5,1,1,147,0.7,No
NME1,1,1,147,0.7,No
NOP16,1,1,147,0.7,No
NOP58,1,1,147,0.7,No
NOPCHAP1,1,1,147,0.7,No
NPC2,1,1,147,0.7,No
NPIPA1,1,1,147,0.7,No
NPIPB3,1,1,147,0.7,No
NPIPB5,1,1,147,0.7,No
NPIPB8,1,1,147,0.7,No
NPY,1,1,147,0.7,No
NRG4,1,1,147,0.7,No
NRL,1,1,147,0.7,No
NRN1L,1,1,147,0.7,No
NSA2,1,1,147,0.7,No
NSF,1,1,147,0.7,No
NT5C,1,1,147,0.7,No
NTF4,1,1,147,0.7,No
NTMT1,1,1,147,0.7,No
NUBP2,1,1,147,0.7,No
NUDT21,1,1,147,0.7,No
NUP62CL,1,1,147,0.7,No
NUPR2,1,1,147,0.7,No
NXT2,1,1,147,0.7,No
OCM,1,1,147,0.7,No
OCM2,1,1,147,0.7,No
OGFOD2,1,1,147,0.7,No
OOSP3,1,1,147,0.7,No
OPN1MW,1,1,147,0.7,No
OR11H1,1,1,147,0.7,No
OR2I1,1,1,147,0.7,No
OR2T5,1,1,147,0.7,No
OR4F17,1,1,147,0.7,No
OR4F4,1,1,147,0.7,No
OR51H1,1,1,147,0.7,No
OR56B3P,1,1,147,0.7,No
ORMDL1,1,1,147,0.7,No
ORMDL2,1,1,147,0.7,No
ORMDL3,1,1,147,0.7,No
OSTC,1,1,147,0.7,No
OXSR1,1,1,147,0.7,No
P2RY11,1,1,147,0.7,No
P3R3URF,1,1,147,0.7,No
PABIR1,1,1,147,0.7,No
PAGE2B,1,1,147,0.7,No
PAM16,1,1,147,0.7,No
PAQR3,1,1,147,0.7,No
PARD6G-AS1,1,1,147,0.7,No
PATE3,1,1,147,0.7,No
PATE4,1,1,147,0.7,No
PAXX,1,1,147,0.7,No
PCP2,1,1,147,0.7,No
PCP4L1,1,1,147,0.7,No
PDCD5,1,1,147,0.7,No
PDCL3,1,1,147,0.7,No
PDF,1,1,147,0.7,No
PDIK1L,1,1,147,0.7,No
PDSS1,1,1,147,0.7,No
PDZD11,1,1,147,0.7,No
PEAK3,1,1,147,0.7,No
PET117,1,1,147,0.7,No
PF4V1,1,1,147,0.7,No
PFDN1,1,1,147,0.7,No
PFN1,1,1,147,0.7,No
PGBD3,1,1,147,0.7,No
PGGT1B,1,1,147,0.7,No
PGLYRP1,1,1,147,0.7,No
PGPEP1L,1,1,147,0.7,No
PGRMC1,1,1,147,0.7,No
PGRMC2,1,1,147,0.7,No
PHF11,1,1,147,0.7,No
PHGR1,1,1,147,0.7,No
PHLDA3,1,1,147,0.7,No
PIERCE1,1,1,147,0.7,No
PIH1D2,1,1,147,0.7,No
PIN4,1,1,147,0.7,No
PISD,1,1,147,0.7,No
PITHD1,1,1,147,0.7,No
PITPNB,1,1,147,0.7,No
PKIA,1,1,147,0.7,No
PKIG,1,1,147,0.7,No
PLA2G4B,1,1,147,0.7,No
PLD6,1,1,147,0.7,No
PLEKHF2,1,1,147,0.7,No
PLN,1,1,147,0.7,No
PLP2,1,1,147,0.7,No
PMAIP1,1,1,147,0.7,Yes
POLD4,1,1,147,0.7,No
POLE3,1,1,147,0.7,No
POLR1H,1,1,147,0.7,No
POLR2H,1,1,147,0.7,No
POLR2I,1,1,147,0.7,No
POLR2J4,1,1,147,0.7,No
POLR2K,1,1,147,0.7,No
POLR2L,1,1,147,0.7,No
POLR3H,1,1,147,0.7,No
POMZP3,1,1,147,0.7,No
POTEB2,1,1,147,0.7,No
POTEB3,1,1,147,0.7,No
PPDPF,1,1,147,0.7,No
PPIAL4G,1,1,147,0.7,No
PPIAL4H,1,1,147,0.7,No
PPIH,1,1,147,0.7,No
PPP1CB,1,1,147,0.7,Yes
PPP1R11,1,1,147,0.7,No
PPP1R16A,1,1,147,0.7,No
PPP1R1C,1,1,147,0.7,No
PPP1R27,1,1,147,0.7,No
PPP1R3B,1,1,147,0.7,No
PPP2R5A,1,1,147,0.7,No
PPP3CA,1,1,147,0.7,No
PPP4R1L,1,1,147,0.7,No
PPTC7,1,1,147,0.7,No
PRAF2,1,1,147,0.7,No
PRAMEF27,1,1,147,0.7,No
PRAMEF33,1,1,147,0.7,No
PRDX2,1,1,147,0.7,No
PRELID3A,1,1,147,0.7,No
PRKRIP1,1,1,147,0.7,No
PRNT,1,1,147,0.7,No
PRR15L,1,1,147,0.7,No
PRR3,1,1,147,0.7,No
PRR7,1,1,147,0.7,No
PRRT1B,1,1,147,0.7,No
PRSS46P,1,1,147,0.7,No
PRXL2B,1,1,147,0.7,No
PSCA,1,1,147,0.7,No
PSMA5,1,1,147,0.7,No
PSMA7,1,1,147,0.7,No
PSMB2,1,1,147,0.7,Yes
PSMB3,1,1,147,0.7,No
PSMB6,1,1,147,0.7,No
PSMG1,1,1,147,0.7,No
PSPN,1,1,147,0.7,No
PTAFR,1,1,147,0.7,No
PTGES3,1,1,147,0.7,No
PTGES3L,1,1,147,0.7,No
PTMS,1,1,147,0.7,No
PTRHD1,1,1,147,0.7,No
PTTG1,1,1,147,0.7,No
PUS3,1,1,147,0.7,No
PXT1,1,1,147,0.7,No
PYCARD-AS1,1,1,147,0.7,No
RAB11A,1,1,147,0.7,No
RAB11B,1,1,147,0.7,No
RAB14,1,1,147,0.7,No
RAB1A,1,1,147,0.7,No
RAB21,1,1,147,0.7,No
RAB22A,1,1,147,0.7,No
RAB23,1,1,147,0.7,No
RAB25,1,1,147,0.7,No
RAB26,1,1,147,0.7,No
RAB27B,1,1,147,0.7,No
RAB32,1,1,147,0.7,No
RAB33B,1,1,147,0.7,No
RAB39A,1,1,147,0.7,No
RAB3A,1,1,147,0.7,No
RAB5C,1,1,147,0.7,No
RAB5IF,1,1,147,0.7,No
RAB6D,1,1,147,0.7,No
RAC3,1,1,147,0.7,No
RAN,1,1,147,0.7,No
RANBP1,1,1,147,0.7,No
RAP1A,1,1,147,0.7,No
RAP2C,1,1,147,0.7,No
RASA4,1,1,147,0.7,No
RASA4B,1,1,147,0.7,No
RASL11B,1,1,147,0.7,No
RAX2,1,1,147,0.7,No
RBAK-RBAKDN,1,1,147,0.7,No
RBM14-RBM4,1,1,147,0.7,No
RBM23,1,1,147,0.7,No
RBM3,1,1,147,0.7,No
RBP1,1,1,147,0.7,No
RDH5,1,1,147,0.7,No
REEP5,1,1,147,0.7,No
RER1,1,1,147,0.7,No
RETN,1,1,147,0.7,No
REXO5,1,1,147,0.7,No
RFLNB,1,1,147,0.7,No
RFXAP,1,1,147,0.7,No
RHBDL1,1,1,147,0.7,No
RHOXF2,1,1,147,0.7,No
RIDA,1,1,147,0.7,No
RIIAD1,1,1,147,0.7,No
RILPL2,1,1,147,0.7,No
RITA1,1,1,147,0.7,No
RLN3,1,1,147,0.7,No
RMI2,1,1,147,0.7,Yes
RNASE1,1,1,147,0.7,No
RNF125,1,1,147,0.7,No
RNF224,1,1,147,0.7,No
RNF32-DT,1,1,147,0.7,No
RNPC3,1,1,147,0.7,No
RNU5F-1,1,1,147,0.7,No
RPA3,1,1,147,0.7,No
RPL10,1,1,147,0.7,Yes
RPL12,1,1,147,0.7,No
RPL18A,1,1,147,0.7,No
RPL26L1,1,1,147,0.7,No
RPL30,1,1,147,0.7,No
RPL31,1,1,147,0.7,No
RPL35A,1,1,147,0.7,No
RPL36A,1,1,147,0.7,No
RPL36AL,1,1,147,0.7,No
RPL39,1,1,147,0.7,No
RPL5,1,1,147,0.7,Yes
RPL7A,1,1,147,0.7,No
RPL7L1,1,1,147,0.7,No
RPP25,1,1,147,0.7,No
RPP25L,1,1,147,0.7,No
RPP38,1,1,147,0.7,No
RPP38-DT,1,1,147,0.7,No
RPRML,1,1,147,0.7,No
RPS10,1,1,147,0.7,No
RPS11,1,1,147,0.7,No
RPS15A,1,1,147,0.7,No
RPS16,1,1,147,0.7,No
RPS21,1,1,147,0.7,No
RPS23,1,1,147,0.7,No
RPS27,1,1,147,0.7,No
RPS28,1,1,147,0.7,No
RPS3A,1,1,147,0.7,No
RPS6,1,1,147,0.7,No
RPS9,1,1,147,0.7,No
RPSA2,1,1,147,0.7,No
RPUSD1,1,1,147,0.7,No
RRP36,1,1,147,0.7,No
RTL6,1,1,147,0.7,No
RTP4,1,1,147,0.7,No
RUVBL1,1,1,147,0.7,No
RWDD3,1,1,147,0.7,No
RYBP,1,1,147,0.7,Yes
S100A1,1,1,147,0.7,No
S100A11,1,1,147,0.7,No
S100A12,1,1,147,0.7,No
S100A14,1,1,147,0.7,No
S100A5,1,1,147,0.7,No
S100A7,1,1,147,0.7,No
S100G,1,1,147,0.7,No
SAMD5,1,1,147,0.7,No
SAP30,1,1,147,0.7,No
SAR1A,1,1,147,0.7,No
SARNP,1,1,147,0.7,No
SAT1,1,1,147,0.7,No
SCAND1,1,1,147,0.7,No
SCGB1D1,1,1,147,0.7,No
SCGB2A1,1,1,147,0.7,No
SCGB2A2,1,1,147,0.7,No
SCGB2B2,1,1,147,0.7,No
SCGB3A1,1,1,147,0.7,No
SCGB3A2,1,1,147,0.7,No
SCHIP1,1,1,147,0.7,No
SCN1A-AS1,1,1,147,0.7,No
SCNM1,1,1,147,0.7,No
SCO2,1,1,147,0.7,No
SCOC,1,1,147,0.7,No
SCT,1,1,147,0.7,No
SCYGR2,1,1,147,0.7,No
SCYGR3,1,1,147,0.7,No
SCYGR4,1,1,147,0.7,No
SCYGR6,1,1,147,0.7,No
SCYGR7,1,1,147,0.7,No
SCYGR8,1,1,147,0.7,No
SDHAF1,1,1,147,0.7,No
SDHD,1,1,176,0.6,Yes
SDIM1,1,1,147,0.7,No
SEC61G,1,1,147,0.7,No
SELENOF,1,1,147,0.7,No
SELENOK,1,1,147,0.7,No
SELENOS,1,1,147,0.7,No
SELENOW,1,1,147,0.7,No
SERF2,1,1,147,0.7,No
SERINC4,1,1,147,0.7,No
SERTM2,1,1,147,0.7,No
SFRP5,1,1,147,0.7,No
SFT2D2,1,1,147,0.7,No
SGCB,1,1,147,0.7,No
SH2D1A,1,1,147,0.7,Yes
SH3BGRL,1,1,147,0.7,No
SHISA8,1,1,147,0.7,No
SHISAL2B,1,1,147,0.7,No
SKA2,1,1,147,0.7,No
SLC16A11,1,1,147,0.7,No
SLC25A37,1,1,147,0.7,No
SLC31A1,1,1,147,0.7,No
SLC31A2,1,1,147,0.7,No
SLC35A1,1,1,147,0.7,No
SLC35D1,1,1,147,0.7,No
SLC35E2A,1,1,147,0.7,No
SLC39A1,1,1,147,0.7,No
SLC66A3,1,1,147,0.7,No
SLC71A3P,1,1,147,0.7,No
SLURP2,1,1,147,0.7,No
SLX1B,1,1,147,0.7,No
SMAGP,1,1,147,0.7,No
SMCO1,1,1,147,0.7,No
SMDT1,1,1,147,0.7,No
SMIM10L2B,1,1,147,0.7,No
SMIM11,1,1,147,0.7,No
SMIM12,1,1,147,0.7,No
SMIM13,1,1,147,0.7,No
SMIM14,1,1,147,0.7,No
SMIM21,1,1,147,0.7,No
SMIM28,1,1,147,0.7,No
SMIM29,1,1,147,0.7,No
SMIM3,1,1,147,0.7,No
SMIM35,1,1,147,0.7,No
SMIM39,1,1,147,0.7,No
SMIM40,1,1,147,0.7,No
SMIM41,1,1,147,0.7,No
SMIM42,1,1,147,0.7,No
SMIM44,1,1,147,0.7,No
SMIM7,1,1,147,0.7,No
SMNDC1,1,1,147,0.7,No
SMS,1,1,147,0.7,No
SNAP23,1,1,147,0.7,No
SNAPC3,1,1,147,0.7,No
SNAPC5,1,1,147,0.7,No
SNHG29,1,1,147,0.7,No
SNHG32,1,1,147,0.7,No
SNN,1,1,147,0.7,No
SNORD113-6,1,1,147,0.7,No
SNRNP27,1,1,147,0.7,No
SNRPE,1,1,147,0.7,No
SNU13,1,1,147,0.7,No
SNX12,1,1,147,0.7,No
SOD1,1,1,147,0.7,No
SOX15,1,1,147,0.7,No
SOX2,1,1,176,0.6,Yes
SOX4,1,1,147,0.7,No
SPACA6,1,1,147,0.7,No
SPAG11B,1,1,147,0.7,No
SPATA25,1,1,147,0.7,No
SPATA31A3,1,1,147,0.7,No
SPATA31A7,1,1,147,0.7,No
SPATA31C1,1,1,147,0.7,No
SPC24,1,1,147,0.7,No
SPC25,1,1,147,0.7,No
SPCS3,1,1,147,0.7,No
SPDYE2,1,1,147,0.7,No
SPEGNB,1,1,147,0.7,No
SPIN2B,1,1,147,0.7,No
SPINK1,1,1,147,0.7,No
SPINK4,1,1,147,0.7,No
SPINT2,1,1,147,0.7,No
SPMIP1,1,1,147,0.7,No
SPMIP10,1,1,147,0.7,No
SPMIP6,1,1,147,0.7,No
SPRN,1,1,147,0.7,No
SPRR1A,1,1,147,0.7,No
SPRR1B,1,1,147,0.7,No
SPRR4,1,1,147,0.7,No
SPRR5,1,1,147,0.7,No
SPRY1,1,1,147,0.7,No
SPRY2,1,1,147,0.7,No
SRR,1,1,147,0.7,No
SRRD,1,1,147,0.7,No
SRSF8,1,1,147,0.7,No
SSBP1,1,1,147,0.7,No
SSNA1,1,1,147,0.7,No
SSR2,1,1,147,0.7,No
SSR3,1,1,147,0.7,No
SSR4,1,1,147,0.7,No
SSU72L5,1,1,147,0.7,No
SSX4,1,1,147,0.7,Yes
SSX9P,1,1,147,0.7,No
ST20,1,1,147,0.7,No
ST3GAL4,1,1,147,0.7,No
STH,1,1,147,0.7,No
STMN1,1,1,147,0.7,No
STMN3,1,1,147,0.7,No
STOML2,1,1,147,0.7,No
STRIT1,1,1,147,0.7,No
STYK1,1,1,147,0.7,No
SUDS3,1,1,147,0.7,No
SUMO3,1,1,147,0.7,No
SUPT4H1,1,1,147,0.7,No
SURF2,1,1,147,0.7,No
SYAP1,1,1,147,0.7,No
SYCE1L,1,1,147,0.7,No
SYCE3,1,1,147,0.7,No
SYCN,1,1,147,0.7,No
TAF10,1,1,147,0.7,No
TAF9,1,1,147,0.7,No
TAS2R13,1,1,147,0.7,No
TAS2R20,1,1,147,0.7,No
TBC1D3G,1,1,147,0.7,No
TCEAL1,1,1,147,0.7,No
TCEAL3,1,1,147,0.7,No
TCEAL7,1,1,147,0.7,No
TCF15,1,1,147,0.7,No
TCF7,1,1,147,0.7,No
TEX261,1,1,147,0.7,No
TEX48,1,1,147,0.7,No
TEX50,1,1,147,0.7,No
TEX51,1,1,147,0.7,No
TEX52,1,1,147,0.7,No
TFCP2L1,1,1,147,0.7,No
TGIF2,1,1,147,0.7,No
TGIF2-RAB5IF,1,1,147,0.7,No
THAP6,1,1,147,0.7,No
THUMPD1,1,1,147,0.7,No
TIGD5,1,1,147,0.7,No
TIMM10,1,1,147,0.7,No
TIMM10B,1,1,147,0.7,No
TIMM13,1,1,147,0.7,No
TIMM17B,1,1,147,0.7,No
TIMM21,1,1,147,0.7,No
TIMM23,1,1,147,0.7,No
TIMMDC1,1,1,147,0.7,No
TINCR,1,1,147,0.7,No
TK2,1,1,147,0.7,No
TLCD2,1,1,147,0.7,No
TLCD3A,1,1,147,0.7,No
TMA7B,1,1,147,0.7,No
TMDD1,1,1,147,0.7,No
TMED1,1,1,147,0.7,No
TMED2,1,1,147,0.7,No
TMED3,1,1,147,0.7,No
TMED7,1,1,147,0.7,No
TMEM107,1,1,147,0.7,No
TMEM114,1,1,147,0.7,No
TMEM115,1,1,147,0.7,No
TMEM126A,1,1,147,0.7,No
TMEM128,1,1,147,0.7,No
TMEM132E-DT,1,1,147,0.7,No
TMEM140,1,1,147,0.7,No
TMEM14A,1,1,147,0.7,No
TMEM14C,1,1,147,0.7,No
TMEM165,1,1,147,0.7,No
TMEM167A,1,1,147,0.7,No
TMEM17,1,1,147,0.7,No
TMEM183BP,1,1,147,0.7,No
TMEM186,1,1,147,0.7,No
TMEM203,1,1,147,0.7,No
TMEM216,1,1,147,0.7,No
TMEM218,1,1,147,0.7,No
TMEM234,1,1,147,0.7,No
TMEM238L,1,1,147,0.7,No
TMEM254,1,1,147,0.7,No
TMEM263,1,1,147,0.7,No
TMEM276,1,1,147,0.7,No
TMEM60,1,1,147,0.7,No
TMEM69,1,1,147,0.7,No
TMEM70,1,1,147,0.7,No
TMEM78,1,1,147,0.7,No
TMEM80,1,1,147,0.7,No
TMEM91,1,1,147,0.7,No
TMPPE,1,1,147,0.7,No
TMSB10,1,1,147,0.7,No
TMSB4X,1,1,147,0.7,No
TMSB4Y,1,1,147,0.7,No
TMUB1,1,1,147,0.7,No
TMX1,1,1,147,0.7,No
TMX3,1,1,147,0.7,No
TNFAIP8L1,1,1,147,0.7,No
TNFSF10,1,1,147,0.7,No
TNFSF13,1,1,147,0.7,Yes
TNNC2,1,1,147,0.7,No
TOMM20L,1,1,147,0.7,No
TOMM22,1,1,147,0.7,No
TP53INP1,1,1,147,0.7,No
TPBG,1,1,147,0.7,No
TPPP,1,1,147,0.7,No
TPRG1L,1,1,147,0.7,No
TPRXL,1,1,147,0.7,No
TPT1,1,1,147,0.7,No
TRAM2,1,1,147,0.7,No
TRAPPC1,1,1,147,0.7,No
TRAPPC2B,1,1,147,0.7,No
TRAPPC5,1,1,147,0.7,No
TRAPPC6B,1,1,147,0.7,No
TRIM43B,1,1,147,0.7,No
TRIM49D1,1,1,147,0.7,No
TRIM61,1,1,147,0.7,No
TRIQK,1,1,147,0.7,No
TRMT112,1,1,147,0.7,No
TRMU,1,1,147,0.7,No
TRNAU1AP,1,1,147,0.7,No
TRNP1,1,1,147,0.7,No
TRUB1,1,1,147,0.7,No
TSEN15,1,1,147,0.7,No
TSEN34,1,1,147,0.7,No
TSLP,1,1,147,0.7,No
TSN,1,1,147,0.7,No
TSPAN10,1,1,147,0.7,No
TSPAN31,1,1,147,0.7,No
TSPAN4,1,1,147,0.7,No
TSPO,1,1,147,0.7,No
TSPY1,1,1,147,0.7,No
TSPY2,1,1,147,0.7,No
TSR2,1,1,147,0.7,No
TSTD3,1,1,147,0.7,No
TTC32,1,1,147,0.7,No
TTC36,1,1,147,0.7,No
TTC9,1,1,147,0.7,No
TUBB4B,1,1,147,0.7,No
TUBB6,1,1,147,0.7,No
TUFM,1,1,147,0.7,No
TUFT1,1,1,147,0.7,No
TVP23C-CDRT4,1,1,147,0.7,No
TXN2,1,1,147,0.7,No
TXNDC8,1,1,147,0.7,No
TXNDC9,1,1,147,0.7,No
TYROBP,1,1,147,0.7,No
TYW2,1,1,147,0.7,No
UBA52,1,1,147,0.7,No
UBAC2,1,1,147,0.7,No
UBE2D2,1,1,147,0.7,No
UBE2D4,1,1,147,0.7,No
UBE2E1,1,1,147,0.7,No
UBE2K,1,1,147,0.7,No
UBE2L5,1,1,147,0.7,No
UBE2L6,1,1,147,0.7,No
UBE2QL1,1,1,147,0.7,No
UBE2R2,1,1,147,0.7,No
UBE2V2,1,1,147,0.7,No
UBE2W,1,1,147,0.7,No
UBFD1,1,1,147,0.7,No
UBTD2,1,1,147,0.7,No
UCHL3,1,1,147,0.7,No
UCKL1,1,1,147,0.7,No
UFC1,1,1,147,0.7,No
UMAD1,1,1,147,0.7,No
UMODL1-AS1,1,1,147,0.7,No
UNC50,1,1,147,0.7,No
UPF3A,1,1,147,0.7,No
UQCC2,1,1,147,0.7,No
UQCRQ,1,1,147,0.7,No
URB1-AS1,1,1,147,0.7,No
URGCP-MRPS24,1,1,147,0.7,No
USP17L22,1,1,147,0.7,No
UXT,1,1,147,0.7,No
VAMP1,1,1,147,0.7,No
VAMP3,1,1,147,0.7,No
VAPB,1,1,147,0.7,No
VBP1,1,1,147,0.7,No
VCF2,1,1,147,0.7,No
VCX3A,1,1,147,0.7,No
VGLL4,1,1,147,0.7,No
VHLL,1,1,147,0.7,No
VKORC1L1,1,1,147,0.7,No
VMA21,1,1,147,0.7,No
VPREB3,1,1,147,0.7,No
VPS25,1,1,147,0.7,No
VPS4A,1,1,147,0.7,No
VSIG1,1,1,147,0.7,No
VSIG10L-AS1,1,1,147,0.7,No
WDR73,1,1,147,0.7,No
WDR83OS,1,1,147,0.7,No
WFDC13,1,1,147,0.7,No
WNT1,1,1,147,0.7,No
XBP1,1,1,147,0.7,Yes
XK,1,1,147,0.7,No
YBEY,1,1,147,0.7,No
YKT6,1,1,147,0.7,No
YWHAH-AS1,1,1,147,0.7,No
YWHAQ,1,1,147,0.7,No
ZBED5,1,1,147,0.7,No
ZBTB9,1,1,147,0.7,No
ZC2HC1A,1,1,147,0.7,No
ZCCHC9,1,1,147,0.7,No
ZFAND5,1,1,147,0.7,No
ZG16B,1,1,147,0.7,No
ZMAT5,1,1,147,0.7,No
ZNF22,1,1,147,0.7,No
ZNF300P1,1,1,147,0.7,No
ZNF321P,1,1,147,0.7,No
ZNF428,1,1,147,0.7,No
ZNF576,1,1,147,0.7,No
ZNF767P,1,1,147,0.7,No
ZNF771,1,1,147,0.7,No
ZNF787,1,1,147,0.7,No
ZNF788P,1,1,147,0.7,No
ZNF789,1,1,147,0.7,No
ZNG1B,1,1,147,0.7,No
ZNG1C,1,1,147,0.7,No
ZNG1E,1,1,147,0.7,No
ZNG1F,1,1,147,0.7,No
ZNHIT3,1,1,147,0.7,No
